"","004170","069960","037710","067830","019010","006370"
"2016-01-25",212500,123000,248500,5250,961,13950
"2016-01-26",208000,121500,248000,5250,957,14000
"2016-01-27",210000,124000,248000,5230,971,14450
"2016-01-28",213500,124000,249500,5230,971,14650
"2016-01-29",212500,128000,254000,5220,984,14800
"2016-02-01",211500,129000,254000,5160,964,14800
"2016-02-02",211500,129000,256000,5160,982,14800
"2016-02-03",212500,129500,255000,5100,970,14600
"2016-02-04",212500,130000,256500,5150,977,14850
"2016-02-05",211500,130000,256500,5430,986,14800
"2016-02-11",206500,127000,247500,5510,960,14200
"2016-02-12",200000,126000,244500,5490,934,14350
"2016-02-15",203000,127500,249000,5350,959,14400
"2016-02-16",202500,129500,249000,5360,969,14550
"2016-02-17",203000,130500,250000,5300,973,14450
"2016-02-18",212000,133500,249500,5320,960,14400
"2016-02-19",212000,132500,245500,5410,961,14400
"2016-02-22",210000,132500,244500,5420,972,14450
"2016-02-23",210500,133000,243500,5380,958,14250
"2016-02-24",204500,132500,242000,5430,953,14500
"2016-02-25",210000,136000,241000,5340,948,14500
"2016-02-26",210000,134000,241000,5360,942,14600
"2016-02-29",212500,135500,243500,5360,957,14650
"2016-03-02",210000,133500,245000,5350,967,14450
"2016-03-03",210000,139000,246000,5320,964,14450
"2016-03-04",211500,140000,247000,5390,965,14550
"2016-03-07",213500,140000,246500,5370,972,14600
"2016-03-08",230500,143000,245000,5340,965,14500
"2016-03-09",222500,143500,255500,5330,974,14500
"2016-03-10",220000,144500,257000,5300,974,14450
"2016-03-11",222000,141000,256500,5430,991,14750
"2016-03-14",218500,139000,254000,5440,1080,14750
"2016-03-15",216000,141500,253500,5450,1070,14600
"2016-03-16",214500,142500,254500,5500,1070,14600
"2016-03-17",211000,142500,253500,5450,1080,14600
"2016-03-18",209000,142500,260000,5400,1085,14550
"2016-03-21",205000,141500,263500,5400,1130,14600
"2016-03-22",205000,142500,261000,5400,1145,14600
"2016-03-23",205000,145000,261000,5410,1130,14600
"2016-03-24",206000,146500,263500,5330,1155,14550
"2016-03-25",206500,147500,264000,5440,1125,14450
"2016-03-28",209000,145000,263500,5440,1145,14500
"2016-03-29",207500,142500,265000,5470,1145,14550
"2016-03-30",205500,142000,269000,5460,1145,14250
"2016-03-31",203000,137500,266000,5460,1130,14100
"2016-04-01",203000,135500,268000,5540,1125,14000
"2016-04-04",207500,142000,264500,5710,1125,14050
"2016-04-05",204500,141500,264000,5770,1145,14150
"2016-04-06",203000,140000,263500,5830,1145,14050
"2016-04-07",204000,138000,266500,5790,1130,14050
"2016-04-08",202000,138000,260500,5760,1135,14250
"2016-04-11",201000,139500,257500,5750,1150,14250
"2016-04-12",201000,141000,260000,5860,1155,14200
"2016-04-14",202000,142000,265000,6020,1155,14000
"2016-04-15",202500,140000,267000,6040,1145,14100
"2016-04-18",200500,140000,266500,5980,1125,14200
"2016-04-19",203000,141000,262000,5930,1125,14200
"2016-04-20",201500,140500,265000,5950,1130,14100
"2016-04-21",205000,142000,264500,6000,1125,14150
"2016-04-22",209000,142500,260000,5930,1115,14200
"2016-04-25",207000,140500,260000,5900,1115,14150
"2016-04-26",206000,140500,260000,5800,1105,14150
"2016-04-27",212500,142000,259000,5860,1110,13950
"2016-04-28",210000,145000,258500,5760,1100,13900
"2016-04-29",211500,147500,262000,5720,1090,14000
"2016-05-02",207500,142000,260500,5760,1100,13950
"2016-05-03",204000,142500,261500,5740,1100,13950
"2016-05-04",207000,145000,258000,5720,1095,13850
"2016-05-09",207000,140000,256000,5740,1070,13900
"2016-05-10",206000,140000,255500,5790,1080,14000
"2016-05-11",207000,139000,260500,5830,1125,13900
"2016-05-12",204000,137000,258500,5850,1110,13900
"2016-05-13",215500,138000,263500,5840,1095,14000
"2016-05-16",216000,139000,263000,5890,1100,14050
"2016-05-17",210000,137500,262000,5800,1105,14050
"2016-05-18",213000,137000,260000,5690,1105,14050
"2016-05-19",220000,136500,265500,5690,1100,14000
"2016-05-20",220000,137000,270000,5700,1115,13900
"2016-05-23",213500,133500,271000,5710,1105,13800
"2016-05-24",212000,133000,268000,5700,1095,13450
"2016-05-25",217000,133500,264500,5730,1100,13550
"2016-05-26",209500,132000,263500,5720,1110,13800
"2016-05-27",207000,132000,263500,5730,1095,13850
"2016-05-30",205000,130500,263500,5720,1175,13850
"2016-05-31",207500,132500,264500,5640,1185,13950
"2016-06-01",203500,130000,265000,5720,1145,13900
"2016-06-02",203000,128500,263500,5670,1190,13900
"2016-06-03",202500,128500,266000,5580,1220,13850
"2016-06-07",203500,133000,269000,5530,1255,13900
"2016-06-08",205000,134500,269000,5560,1295,13950
"2016-06-09",203500,132500,270000,5680,1275,13950
"2016-06-10",203000,133000,269000,5680,1270,13900
"2016-06-13",203000,134500,261500,5610,1235,13750
"2016-06-14",204000,133000,260000,5630,1255,13650
"2016-06-15",202000,130500,260500,5630,1265,13600
"2016-06-16",200500,131500,258500,5520,1205,13600
"2016-06-17",197500,131000,259500,5520,1230,13550
"2016-06-20",198000,133000,260500,5510,1225,13850
"2016-06-21",194000,130500,259000,5470,1225,13900
"2016-06-22",193000,130500,257500,5500,1220,13900
"2016-06-23",192500,128000,257500,5490,1230,13800
"2016-06-24",186000,125000,254500,5390,1190,13450
"2016-06-27",195000,128000,254000,5350,1185,13300
"2016-06-28",191000,127000,254500,5360,1165,12950
"2016-06-29",192500,129000,258000,5320,1190,13500
"2016-06-30",195000,129000,254000,5380,1185,13350
"2016-07-01",194500,130500,259000,5380,1190,13500
"2016-07-04",194500,132000,254500,5360,1205,13300
"2016-07-05",197000,131000,256500,5350,1195,13400
"2016-07-06",192000,128000,253000,5350,1185,13300
"2016-07-07",190000,128000,252500,5320,1165,13350
"2016-07-08",191000,127500,252500,5320,1170,13400
"2016-07-11",192500,130000,251500,5280,1170,13400
"2016-07-12",192000,130000,254500,5320,1170,13500
"2016-07-13",190000,127500,256000,5320,1160,13500
"2016-07-14",190500,130500,259000,5310,1160,13550
"2016-07-15",193000,130000,256500,5290,1160,13500
"2016-07-18",191500,129500,258000,5290,1200,13500
"2016-07-19",191500,130000,255000,5280,1210,13450
"2016-07-20",191500,128000,257000,5290,1225,13400
"2016-07-21",191000,128000,255000,5250,1265,13400
"2016-07-22",189500,126000,254500,5210,1285,13400
"2016-07-25",189500,127500,252500,5140,1285,13400
"2016-07-26",188000,129000,252500,5100,1300,13300
"2016-07-27",188500,129000,251000,5130,1300,13400
"2016-07-28",188000,128000,250500,5170,1285,13450
"2016-07-29",182000,124000,249500,5190,1295,13450
"2016-08-01",182500,124000,250000,5240,1275,13400
"2016-08-02",183000,126000,248500,5190,1275,13350
"2016-08-03",180500,123500,248000,5210,1300,13300
"2016-08-04",181500,123000,251000,5270,1280,13250
"2016-08-05",182000,124000,253000,5320,1260,13250
"2016-08-08",181500,124000,252500,5360,1260,13300
"2016-08-09",184000,123000,254000,5400,1255,13300
"2016-08-10",184000,121000,252000,5380,1265,13350
"2016-08-11",184500,120000,254000,5400,1270,13250
"2016-08-12",186000,124500,255000,5420,1275,13250
"2016-08-16",188500,127500,256000,5440,1245,13350
"2016-08-17",188500,127500,258000,5400,1245,13550
"2016-08-18",186000,125000,257000,5380,1265,13750
"2016-08-19",181500,123000,257500,5290,1235,13700
"2016-08-22",178500,121500,257000,5260,1225,13750
"2016-08-23",176500,120000,255500,5280,1215,13850
"2016-08-24",179000,121500,254000,5310,1190,13950
"2016-08-25",180500,121500,256000,5290,1190,13900
"2016-08-26",196500,126000,256000,5480,1190,13650
"2016-08-29",197500,125000,255000,5440,1160,13550
"2016-08-30",199500,124000,256000,5370,1160,13450
"2016-08-31",203500,125500,263500,5340,1115,13200
"2016-09-01",199500,122500,261500,5270,1140,13200
"2016-09-02",203500,121500,262500,5300,1140,13150
"2016-09-05",205000,122500,262500,5410,1140,13200
"2016-09-06",200000,123000,259500,5440,1145,13050
"2016-09-07",200500,121500,262500,5400,1135,13150
"2016-09-08",203500,120500,260000,5550,1130,13000
"2016-09-09",196500,118000,260000,5740,1130,12950
"2016-09-12",194000,119000,256500,5400,1120,12950
"2016-09-13",193000,118000,257000,5400,1125,12900
"2016-09-19",188500,116000,257500,5640,1135,13150
"2016-09-20",189500,116000,263000,5640,1135,13150
"2016-09-21",189500,117500,262000,5580,1150,13050
"2016-09-22",187000,118500,262500,5490,1150,13200
"2016-09-23",190000,120000,261000,5580,1160,13150
"2016-09-26",188000,118500,262000,5540,1145,13250
"2016-09-27",187000,118000,260500,5750,1125,13200
"2016-09-28",188000,119000,260500,5770,1140,13150
"2016-09-29",186000,119500,260500,5840,1155,13150
"2016-09-30",181500,118500,259500,5650,1135,13200
"2016-10-04",185500,120500,259500,5730,1170,13250
"2016-10-05",187500,122500,259500,5730,1155,13300
"2016-10-06",185500,121500,259000,5650,1155,13300
"2016-10-07",185500,121000,258500,5640,1155,13150
"2016-10-10",188000,123500,258000,5610,1160,13100
"2016-10-11",186500,123000,259000,5630,1175,13100
"2016-10-12",190000,123500,259000,5610,1235,13150
"2016-10-13",189000,120500,258500,5650,1245,13100
"2016-10-14",197500,124000,255500,5780,1250,13150
"2016-10-17",197500,125500,257000,5780,1230,13200
"2016-10-18",204000,126000,255500,5780,1235,13350
"2016-10-19",203000,125000,255500,5730,1220,13400
"2016-10-20",204500,123000,255500,5680,1215,13400
"2016-10-21",197000,122500,254000,5670,1200,13500
"2016-10-24",199500,124000,253500,5660,1185,13500
"2016-10-25",187500,122500,252000,5660,1170,13500
"2016-10-26",189000,120000,251500,5610,1175,13350
"2016-10-27",189000,121000,252000,5610,1175,13400
"2016-10-28",186500,120000,251000,5530,1165,13450
"2016-10-31",186000,117500,251000,5500,1160,13250
"2016-11-01",184500,116500,252000,5500,1170,13250
"2016-11-02",183000,116000,256500,5370,1165,13200
"2016-11-03",182500,115000,255000,5400,1165,12850
"2016-11-04",181500,116500,255500,5300,1145,13000
"2016-11-07",183500,116000,255500,5400,1145,13300
"2016-11-08",186000,118000,256000,5350,1160,13200
"2016-11-09",191000,118500,254500,5270,1145,12850
"2016-11-10",191500,118500,254000,5350,1145,12900
"2016-11-11",190500,119000,255000,5390,1155,13100
"2016-11-14",190500,117500,255000,5330,1130,13150
"2016-11-15",190000,117000,256000,5340,1140,13150
"2016-11-16",187000,116500,256000,5390,1140,13250
"2016-11-17",193000,117000,254500,5400,1125,13300
"2016-11-18",191000,115500,255000,5300,1135,13300
"2016-11-21",185500,113000,255000,5270,1125,13350
"2016-11-22",185500,113500,253000,5230,1125,13400
"2016-11-23",186000,113500,251500,5210,1125,13550
"2016-11-24",182500,113000,250000,5210,1120,13400
"2016-11-25",183000,112000,245000,5230,1125,13350
"2016-11-28",181000,108500,245500,5130,1135,13350
"2016-11-29",183500,110000,245000,5100,1150,13400
"2016-11-30",180500,108000,240500,5120,1135,13500
"2016-12-01",182000,110000,238000,5070,1130,13350
"2016-12-02",176000,109000,237500,5150,1130,13400
"2016-12-05",174500,108000,236500,5110,1100,13300
"2016-12-06",175500,108000,238000,5080,1120,13250
"2016-12-07",176000,109500,237500,5090,1120,13050
"2016-12-08",182500,109500,236000,5090,1125,13100
"2016-12-09",180500,109500,236500,5090,1120,13250
"2016-12-12",179500,111000,237000,5160,1130,13400
"2016-12-13",179500,113000,241000,5230,1130,13250
"2016-12-14",178500,112500,239500,5240,1140,13300
"2016-12-15",181500,112500,244000,5250,1130,13500
"2016-12-16",178500,113500,246500,5230,1130,13550
"2016-12-19",183000,111500,241000,5260,1130,13550
"2016-12-20",183500,110500,241500,5200,1130,13550
"2016-12-21",180500,109000,242000,5210,1130,13550
"2016-12-22",176500,111000,243000,5220,1125,13550
"2016-12-23",178500,111000,242000,5220,1140,13450
"2016-12-26",177500,110000,248000,5200,1160,13600
"2016-12-27",177000,111000,248500,5210,1160,13700
"2016-12-28",176000,110500,248000,5250,1155,13800
"2016-12-29",176000,109000,248500,5260,1160,13900
"2017-01-02",172000,107000,245000,5280,1170,13950
"2017-01-03",173000,104500,245000,5270,1165,14000
"2017-01-04",171500,101000,242500,5250,1165,14050
"2017-01-05",173000,102500,241500,5270,1165,14050
"2017-01-06",172500,100500,237500,5230,1165,13950
"2017-01-09",169500,99400,237000,5250,1180,14000
"2017-01-10",168000,98500,235000,5230,1180,13950
"2017-01-11",166000,96700,236000,5200,1175,13750
"2017-01-12",167000,96600,238000,5150,1170,13900
"2017-01-13",170000,98500,237000,5180,1190,13700
"2017-01-16",173500,99600,237500,5190,1190,13750
"2017-01-17",173500,99400,237500,5150,1195,13800
"2017-01-18",178500,99600,241000,5110,1245,13900
"2017-01-19",174000,99400,240000,5100,1230,13800
"2017-01-20",177000,99000,246500,5040,1235,13850
"2017-01-23",177500,97600,244000,5040,1245,13650
"2017-01-24",178000,97300,242500,5060,1265,13700
"2017-01-25",173000,95900,244000,5070,1240,13700
"2017-01-26",176000,96200,241500,5100,1245,13650
"2017-01-31",176000,96200,242000,5100,1255,13500
"2017-02-01",172000,96000,242500,5030,1225,13500
"2017-02-02",170500,94800,243000,5050,1235,13450
"2017-02-03",170500,93400,243500,5040,1255,13350
"2017-02-06",173500,96300,242000,5040,1260,13350
"2017-02-07",178000,98000,241000,5000,1250,13350
"2017-02-08",175500,97900,244000,5020,1240,13400
"2017-02-09",173500,96500,238000,5010,1240,13350
"2017-02-10",175000,93600,240500,4970,1230,13350
"2017-02-13",180000,94300,239500,4970,1245,13350
"2017-02-14",183000,94700,239000,4980,1225,13500
"2017-02-15",187000,94300,238500,4980,1225,13600
"2017-02-16",184500,94400,237500,4980,1240,13650
"2017-02-17",182000,94500,239500,5100,1240,13600
"2017-02-20",182500,95000,240000,5100,1240,13600
"2017-02-21",187500,97600,244000,5120,1275,13800
"2017-02-22",189500,98700,244500,5110,1295,13900
"2017-02-23",198000,100000,245500,5230,1290,13900
"2017-02-24",203000,99700,247500,5220,1275,13900
"2017-02-27",198000,98900,247000,5180,1270,13850
"2017-02-28",199500,99400,247000,5220,1245,13950
"2017-03-02",193000,97800,248000,5190,1250,13750
"2017-03-03",183500,94500,245000,5140,1270,13750
"2017-03-06",180500,93500,246500,5120,1290,13650
"2017-03-07",181500,94500,246000,5120,1295,13800
"2017-03-08",181500,93800,244000,5190,1290,13700
"2017-03-09",183000,93700,242500,5150,1285,13450
"2017-03-10",181500,94900,240000,5150,1285,13400
"2017-03-13",182500,96100,240500,5130,1280,13450
"2017-03-14",182000,94700,242000,5090,1265,13550
"2017-03-15",176500,92400,242000,5090,1295,13350
"2017-03-16",179000,92100,246500,5090,1285,13150
"2017-03-17",185000,93400,247500,5190,1295,13350
"2017-03-20",181500,92000,245000,5130,1295,13200
"2017-03-21",180000,93200,251000,5090,1285,13050
"2017-03-22",178500,94000,244000,5090,1300,13050
"2017-03-23",182000,96700,244000,5080,1285,13050
"2017-03-24",186500,102000,247500,5070,1295,13150
"2017-03-27",190000,103000,247000,5070,1270,13100
"2017-03-28",188000,102000,246500,5050,1285,13350
"2017-03-29",188500,101500,245500,5230,1270,13150
"2017-03-30",187500,100500,244000,5220,1275,13100
"2017-03-31",191000,101000,246500,5210,1285,13100
"2017-04-03",198500,101500,246000,5160,1285,13050
"2017-04-04",196000,105000,245000,5160,1285,13100
"2017-04-05",194000,104500,247000,5170,1275,13100
"2017-04-06",194000,103000,245500,5190,1275,13200
"2017-04-07",200000,105000,243000,5230,1285,13250
"2017-04-10",191000,102000,241500,5170,1265,13000
"2017-04-11",189500,102500,240000,5120,1275,13150
"2017-04-12",196500,104500,245000,5090,1275,13200
"2017-04-13",198500,107000,244000,5050,1270,13150
"2017-04-14",197500,105500,242500,5080,1275,13150
"2017-04-17",203000,108000,245000,5080,1255,13250
"2017-04-18",205000,107000,245000,5090,1255,13150
"2017-04-19",204000,108000,246500,5090,1255,13350
"2017-04-20",206500,108500,247000,5100,1260,13050
"2017-04-21",208000,109500,248000,5100,1275,13300
"2017-04-24",207000,108500,248500,5030,1260,13150
"2017-04-25",205500,108000,250500,5170,1300,13150
"2017-04-26",206500,111000,257000,5180,1295,13200
"2017-04-27",203500,109500,257000,5200,1340,13150
"2017-04-28",204500,108000,256500,5210,1380,13050
"2017-05-02",205000,109500,256500,5140,1430,13200
"2017-05-04",209500,109500,259000,5200,1440,13200
"2017-05-08",213500,111500,260000,5220,1415,13050
"2017-05-10",208500,111000,254500,5230,1450,13050
"2017-05-11",220500,106000,256000,5180,1470,13050
"2017-05-12",225500,110000,253000,5180,1515,13100
"2017-05-15",229000,111000,252000,5180,1480,13250
"2017-05-16",226500,108000,250000,5200,1475,13350
"2017-05-17",233500,110500,251000,5210,1455,13150
"2017-05-18",229500,109500,247500,5220,1460,13100
"2017-05-19",232500,110000,251500,5230,1450,13200
"2017-05-22",231500,108500,249500,5210,1440,13250
"2017-05-23",225500,107000,251500,5220,1445,13250
"2017-05-24",225000,106500,250500,5200,1450,13250
"2017-05-25",225000,107000,253000,5190,1475,13200
"2017-05-26",226000,112500,253000,5200,1465,13300
"2017-05-29",225500,111500,256000,5200,1435,13300
"2017-05-30",234500,115000,264000,5210,1440,13300
"2017-05-31",243500,116000,258000,5220,1445,13250
"2017-06-01",246500,118500,260000,5220,1445,13200
"2017-06-02",247500,118000,266500,5230,1440,13200
"2017-06-05",245500,115500,263000,5240,1450,13150
"2017-06-07",251500,118000,263000,5230,1470,13150
"2017-06-08",250000,117000,262500,5280,1475,13150
"2017-06-09",248000,117000,264500,5270,1460,13150
"2017-06-12",244000,114000,262000,5260,1465,13100
"2017-06-13",246500,115500,261500,5280,1465,13050
"2017-06-14",249500,113000,258500,5260,1465,13300
"2017-06-15",247000,115000,258000,5200,1450,12900
"2017-06-16",241500,112500,257000,5250,1445,13050
"2017-06-19",237000,112000,258000,5280,1425,13050
"2017-06-20",231000,111500,258000,5280,1440,13000
"2017-06-21",230000,112000,254000,5260,1420,12950
"2017-06-22",231000,110000,255000,5230,1420,13050
"2017-06-23",233500,111000,255500,5210,1430,13100
"2017-06-26",227500,108000,255500,5220,1400,13000
"2017-06-27",237000,110000,253000,5160,1405,13100
"2017-06-28",238500,111000,253000,5130,1410,13050
"2017-06-29",234500,111500,252000,5160,1420,12950
"2017-06-30",229500,110500,249000,5140,1425,12950
"2017-07-03",239000,113000,251500,5190,1425,13100
"2017-07-04",232000,112000,250000,5170,1405,13000
"2017-07-05",232500,111000,249000,5170,1410,13100
"2017-07-06",229500,111000,247500,5170,1385,13100
"2017-07-07",230500,109500,247500,5140,1395,13050
"2017-07-10",233500,109500,246000,5130,1385,12900
"2017-07-11",235500,107000,247000,5070,1380,13100
"2017-07-12",237500,108000,247500,4990,1370,13100
"2017-07-13",238500,107000,249500,4995,1420,13000
"2017-07-14",236500,107000,249500,5030,1385,13000
"2017-07-17",232000,108000,247000,5040,1355,13000
"2017-07-18",230500,108000,248500,5040,1360,12900
"2017-07-19",231000,109500,246500,5060,1365,12850
"2017-07-20",226000,107000,245000,5080,1375,12850
"2017-07-21",225000,107000,246000,5110,1375,12850
"2017-07-24",222000,108500,249000,5140,1385,12800
"2017-07-25",225000,108000,246000,5140,1360,12700
"2017-07-26",237000,110500,244000,5120,1360,12900
"2017-07-27",235500,112000,246000,5090,1360,12800
"2017-07-28",241500,113000,246000,5020,1345,12850
"2017-07-31",238000,111000,245500,5010,1335,12700
"2017-08-01",234500,111000,247000,5030,1340,12700
"2017-08-02",231000,110000,245000,5040,1345,12750
"2017-08-03",226000,107500,241500,5060,1315,12700
"2017-08-04",228500,107000,243500,5050,1325,12750
"2017-08-07",228000,106500,245000,5050,1310,12900
"2017-08-08",224500,105000,244500,5050,1325,12700
"2017-08-09",223000,106000,246000,5190,1325,12700
"2017-08-10",225500,101000,243500,5150,1325,12400
"2017-08-11",204000,98000,243000,5130,1290,12300
"2017-08-14",198000,97300,241000,5100,1290,12500
"2017-08-16",199500,96300,244000,5210,1295,12500
"2017-08-17",198500,95300,245000,5210,1305,12100
"2017-08-18",198000,95500,247000,5280,1310,12100
"2017-08-21",193000,95100,247000,5200,1305,12250
"2017-08-22",196500,95400,247000,5210,1305,12200
"2017-08-23",194500,95300,245000,5210,1300,12350
"2017-08-24",195500,94900,244000,5230,1310,12350
"2017-08-25",195000,95200,244500,5200,1315,12300
"2017-08-28",197000,96400,247000,5200,1310,12300
"2017-08-29",195000,95800,249500,5210,1310,12250
"2017-08-30",194000,96400,250000,5210,1300,12250
"2017-08-31",193000,96600,246000,5210,1300,12250
"2017-09-01",187500,95300,247000,5240,1315,12200
"2017-09-04",186500,94300,244000,5140,1290,12200
"2017-09-05",187000,93300,252500,5250,1290,12000
"2017-09-06",182000,91700,244000,5290,1295,12000
"2017-09-07",183000,92400,245500,5250,1300,11950
"2017-09-08",180500,91000,245500,5260,1295,12050
"2017-09-11",186000,91100,241500,5270,1285,12000
"2017-09-12",185000,90800,238000,5240,1290,12050
"2017-09-13",182500,89700,237000,5200,1290,12050
"2017-09-14",180000,88500,232000,5150,1290,12000
"2017-09-15",188000,90400,229000,5150,1285,11950
"2017-09-18",188000,90900,231500,5090,1265,11900
"2017-09-19",188000,90900,239000,5060,1260,11900
"2017-09-20",184000,88900,235500,5110,1225,11850
"2017-09-21",182000,88300,231000,5050,1225,11900
"2017-09-22",182000,88000,231000,4920,1220,11900
"2017-09-25",179500,86300,223500,4925,1185,12000
"2017-09-26",188500,87300,225000,4920,1205,12050
"2017-09-27",183500,87500,225500,5020,1200,12100
"2017-09-28",191000,87300,228500,5030,1205,12100
"2017-09-29",195000,88400,234000,5070,1230,12550
"2017-10-10",192000,86400,232000,5020,1225,12150
"2017-10-11",187000,86100,232000,5010,1200,12100
"2017-10-12",188000,85700,233000,5040,1235,12100
"2017-10-13",198500,86600,231500,5020,1215,12100
"2017-10-16",212000,88200,235500,4965,1220,12100
"2017-10-17",210500,87900,235500,4950,1230,12450
"2017-10-18",208500,86700,235500,5050,1215,12450
"2017-10-19",210000,87900,235000,5070,1235,12150
"2017-10-20",211000,88100,237000,5070,1235,12250
"2017-10-23",216500,87100,236500,5070,1220,12100
"2017-10-24",214000,87500,237000,5080,1235,12500
"2017-10-25",214500,87200,236500,5100,1245,12400
"2017-10-26",225500,90700,236000,5090,1250,12350
"2017-10-27",225000,90500,234500,5120,1250,12300
"2017-10-30",233000,90900,235500,5190,1250,12250
"2017-10-31",229000,91500,239500,5150,1245,12250
"2017-11-01",222000,90300,236000,5150,1225,12150
"2017-11-02",224500,90200,233000,5100,1245,12200
"2017-11-03",228000,90900,232500,5000,1245,12200
"2017-11-06",227500,92000,228000,4955,1225,12200
"2017-11-07",246500,93700,229000,4935,1255,12200
"2017-11-08",260000,92500,229000,4970,1255,12250
"2017-11-09",253000,92000,230000,4970,1250,12300
"2017-11-10",249500,88300,230000,4975,1275,12150
"2017-11-13",246000,88100,227500,4975,1260,12150
"2017-11-14",252500,87500,227500,4965,1255,12100
"2017-11-15",251000,87800,231500,4930,1230,12050
"2017-11-16",250500,87200,230500,4925,1205,12200
"2017-11-17",259000,88200,229000,4850,1250,12250
"2017-11-20",275500,91100,229000,4915,1245,12300
"2017-11-21",269000,92100,226000,4945,1210,12050
"2017-11-22",271500,91800,228500,4940,1240,12200
"2017-11-23",262500,91000,227500,4945,1230,12200
"2017-11-24",263500,93700,227500,4960,1240,12100
"2017-11-27",276000,97200,227500,4975,1235,12000
"2017-11-28",277500,96700,228500,5030,1220,12200
"2017-11-29",277500,97000,227500,5000,1235,12350
"2017-11-30",287000,97800,233000,4945,1235,12400
"2017-12-01",284500,101500,229000,5050,1220,12450
"2017-12-04",290000,105500,229000,5060,1220,12450
"2017-12-05",294500,105500,229500,5060,1225,12350
"2017-12-06",287000,103000,228500,4975,1225,12300
"2017-12-07",281000,103500,225000,4910,1230,12300
"2017-12-08",281500,101500,226000,4850,1220,12250
"2017-12-11",278000,102000,224000,4900,1230,12150
"2017-12-12",274500,101000,222500,4830,1245,12200
"2017-12-13",289000,103000,224000,4830,1240,12100
"2017-12-14",287500,101000,222500,4915,1240,12200
"2017-12-15",299000,106000,223000,4845,1245,12100
"2017-12-18",300500,106000,228000,4895,1245,12150
"2017-12-19",292000,104500,226000,4870,1225,12000
"2017-12-20",289500,105000,227500,4865,1225,12050
"2017-12-21",281000,103500,223000,4865,1225,12050
"2017-12-22",282000,101000,225000,4905,1225,12200
"2017-12-26",290000,101500,227500,4925,1245,12350
"2017-12-27",293000,103000,228000,4910,1200,12150
"2017-12-28",300000,104500,229500,4920,1200,12050
"2018-01-02",290000,103500,230000,4880,1175,12000
"2018-01-03",287500,105000,229500,4885,1185,12000
"2018-01-04",280500,104500,232000,4875,1190,12050
"2018-01-05",288500,104000,233000,4870,1200,11900
"2018-01-08",302000,109500,232000,4870,1160,11900
"2018-01-09",310500,109000,228000,4860,1165,11950
"2018-01-10",312500,108000,228500,4860,1170,11900
"2018-01-11",311500,106000,228500,4925,1155,11900
"2018-01-12",306000,108000,229500,4870,1185,11950
"2018-01-15",301500,108000,228500,4865,1180,11900
"2018-01-16",305500,107000,228000,4890,1185,11850
"2018-01-17",322000,109500,230000,4865,1185,11900
"2018-01-18",321000,110000,230500,4855,1190,11900
"2018-01-19",323000,110000,231000,4885,1165,11850
"2018-01-22",320000,110500,231000,4860,1175,11800
"2018-01-23",318500,108500,231000,4880,1175,11800
"2018-01-24",317500,105500,236500,4875,1185,11900
"2018-01-25",310000,104000,239500,4935,1185,11950
"2018-01-26",340500,105500,239500,4940,1210,11950
"2018-01-29",331000,104000,242000,4935,1255,11950
"2018-01-30",331500,103500,243000,4910,1280,11900
"2018-01-31",343000,104000,243000,4850,1285,11900
"2018-02-01",358000,103500,243500,4865,1290,11800
"2018-02-02",357500,101500,240500,4845,1290,11800
"2018-02-05",341500,99900,241000,4810,1260,11750
"2018-02-06",347500,98900,241000,4690,1250,11550
"2018-02-07",326500,99800,235000,4585,1245,11400
"2018-02-08",325500,98100,233500,4615,1235,11450
"2018-02-09",317000,91500,230000,4520,1235,11450
"2018-02-12",322000,91200,231500,4505,1250,11350
"2018-02-13",312000,90900,227500,4645,1250,11400
"2018-02-14",309500,91600,226500,4555,1265,11400
"2018-02-19",324500,90900,228000,4570,1245,11000
"2018-02-20",317000,91600,225000,4560,1250,11050
"2018-02-21",323000,92700,226500,4465,1240,10950
"2018-02-22",327000,91600,225000,4495,1245,10800
"2018-02-23",335500,92700,226000,4500,1235,10800
"2018-02-26",344000,92400,225500,4595,1235,10700
"2018-02-27",334000,91900,222000,4505,1235,10600
"2018-02-28",343000,91400,223000,4515,1235,10500
"2018-03-02",331500,90700,221000,4450,1230,10350
"2018-03-05",325500,90300,216500,4365,1230,10200
"2018-03-06",338500,90000,218500,4340,1215,10300
"2018-03-07",331000,90000,215500,4255,1220,10050
"2018-03-08",325000,91100,216500,4295,1210,10050
"2018-03-09",343000,94600,221000,4300,1215,10150
"2018-03-12",337500,95700,229500,4300,1265,10200
"2018-03-13",325500,93500,229000,4310,1275,10150
"2018-03-14",321500,95300,227500,4310,1250,10350
"2018-03-15",329500,95900,227000,4300,1240,10450
"2018-03-16",331500,95600,227500,4305,1295,10400
"2018-03-19",322000,96900,226500,4300,1340,10050
"2018-03-20",323000,96700,225000,4310,1305,10100
"2018-03-21",331500,96900,226000,4300,1335,10150
"2018-03-22",347000,95800,226500,4290,1315,10200
"2018-03-23",336500,94900,220500,4245,1330,10000
"2018-03-26",344000,92800,223500,4195,1335,10100
"2018-03-27",353000,92800,222000,4205,1325,9950
"2018-03-28",343500,90600,220500,4200,1325,9930
"2018-03-29",348500,90500,221000,4200,1310,9960
"2018-03-30",357500,92600,223000,4175,1280,10000
"2018-04-02",383500,93300,225000,4270,1270,9950
"2018-04-03",378500,93400,227000,4250,1280,10050
"2018-04-04",370000,92000,228500,4270,1275,10050
"2018-04-05",366500,90900,228500,4320,1280,10200
"2018-04-06",377500,90500,232500,4240,1265,10250
"2018-04-09",384500,91400,231000,4240,1255,10250
"2018-04-10",399000,91700,228000,4260,1255,10050
"2018-04-11",390500,90900,228000,4240,1250,10100
"2018-04-12",399500,90800,232000,4235,1215,10200
"2018-04-13",398000,90200,232500,4270,1240,10200
"2018-04-16",396500,89500,233500,4270,1265,10000
"2018-04-17",396000,89500,236500,4330,1280,9970
"2018-04-18",407500,90800,237000,4330,1305,10000
"2018-04-19",389000,90300,237500,4315,1295,10050
"2018-04-20",395000,91200,236500,4350,1320,10050
"2018-04-23",387500,90400,234500,4340,1335,9980
"2018-04-24",387500,90900,234000,4375,1340,10000
"2018-04-25",396500,97200,233000,4390,1330,10000
"2018-04-26",396500,100500,232500,4450,1385,9990
"2018-04-27",404500,101500,229500,4440,1430,10150
"2018-04-30",417500,103500,229000,4430,1400,10150
"2018-05-02",417500,102500,232000,4430,1360,10100
"2018-05-03",400000,98800,232000,4400,1310,10100
"2018-05-04",398000,98300,231000,4325,1360,10050
"2018-05-08",401500,103500,234500,4415,1330,9990
"2018-05-09",394500,102000,232500,4520,1345,9940
"2018-05-10",421000,102500,231500,4400,1350,9930
"2018-05-11",428000,109500,232500,4490,1405,9980
"2018-05-14",428000,109500,233000,4500,1445,9830
"2018-05-15",438500,108500,233000,4515,1440,9860
"2018-05-16",447500,107500,234000,4350,1430,9610
"2018-05-17",449000,108000,233500,4385,1430,9450
"2018-05-18",439500,109000,231500,4360,1430,9510
"2018-05-21",442500,107000,233500,4395,1410,9500
"2018-05-23",445000,107000,234000,4395,1405,9530
"2018-05-24",465500,106500,236000,4405,1390,9690
"2018-05-25",439000,104000,233000,4395,1390,9690
"2018-05-28",439000,107500,240000,4430,1420,9930
"2018-05-29",459500,108500,231500,4420,1395,9990
"2018-05-30",451500,106500,230500,4385,1410,10150
"2018-05-31",439000,112500,232000,4470,1460,10100
"2018-06-01",445000,115500,232000,4415,1435,10000
"2018-06-04",435500,116000,233000,4480,1435,10100
"2018-06-05",440000,117500,237500,4500,1425,9950
"2018-06-07",426500,119000,237000,4505,1420,9900
"2018-06-08",415500,117000,236000,4505,1450,9750
"2018-06-11",430500,119500,237500,4530,1455,9690
"2018-06-12",431500,119500,241000,4590,1475,9820
"2018-06-14",417000,115000,245500,4530,1460,9840
"2018-06-15",418500,117000,242000,4470,1450,9860
"2018-06-18",392000,114000,237500,4410,1390,9840
"2018-06-19",382500,109000,241000,4365,1390,9850
"2018-06-20",398000,111000,241000,4330,1420,9820
"2018-06-21",389000,109500,239000,4330,1425,9730
"2018-06-22",391500,111000,234500,4350,1420,9680
"2018-06-25",419500,114500,232500,4330,1415,9760
"2018-06-26",397500,115500,228000,4305,1415,9700
"2018-06-27",402000,111500,226500,4240,1410,9650
"2018-06-28",401000,111000,226500,4280,1390,9710
"2018-06-29",401500,115500,226000,4315,1415,9700
"2018-07-02",387500,111500,222500,4270,1400,9650
"2018-07-03",358500,107000,222000,4245,1400,9700
"2018-07-04",353500,106000,221000,4250,1385,9760
"2018-07-05",358000,105500,220500,4410,1385,9660
"2018-07-06",360500,106000,222000,4360,1380,9830
"2018-07-09",331000,103500,220500,4175,1375,9900
"2018-07-10",341000,104000,221500,4220,1385,10050
"2018-07-11",330000,105000,222500,4210,1385,10050
"2018-07-12",329000,103000,225500,4200,1385,10050
"2018-07-13",331000,101000,224000,4235,1370,10100
"2018-07-16",314000,99400,224500,4205,1370,10000
"2018-07-17",320000,100000,222500,4190,1415,9920
"2018-07-18",320500,98800,224000,4190,1395,9990
"2018-07-19",308000,96500,219500,4195,1425,9900
"2018-07-20",303500,96200,219500,4175,1430,10000
"2018-07-23",305500,94900,214000,4190,1420,9900
"2018-07-24",323500,96700,213000,4150,1360,9780
"2018-07-25",324500,95200,212000,4125,1330,9630
"2018-07-26",319000,96800,213500,4145,1345,9900
"2018-07-27",334000,97900,210000,4150,1375,9800
"2018-07-30",326000,96600,206500,4120,1370,9940
"2018-07-31",332000,98400,207000,4160,1380,9940
"2018-08-01",346500,98200,210000,4190,1385,9930
"2018-08-02",338500,97300,207500,4230,1395,9960
"2018-08-03",342000,100500,209500,4230,1395,9750
"2018-08-06",337000,101500,211000,4250,1390,9870
"2018-08-07",322000,98700,211000,4250,1380,9860
"2018-08-08",321000,98200,211000,4205,1365,9860
"2018-08-09",310000,98200,213000,4215,1365,9900
"2018-08-10",310000,100000,211500,4220,1385,9940
"2018-08-13",300500,96500,209500,4200,1375,9910
"2018-08-14",298000,97900,208000,4200,1380,9960
"2018-08-16",291000,96000,206500,4145,1390,9820
"2018-08-17",296500,96000,205000,4100,1385,9990
"2018-08-20",280500,95600,206000,4070,1400,9860
"2018-08-21",283000,97300,207500,4095,1405,9860
"2018-08-22",284000,95800,208500,4080,1415,9950
"2018-08-23",310000,99600,210000,4070,1415,9980
"2018-08-24",313500,99200,209000,4075,1410,9710
"2018-08-27",305500,98300,207000,4045,1410,9700
"2018-08-28",316000,99500,207500,4090,1415,9640
"2018-08-29",316000,98500,205000,4150,1435,9580
"2018-08-30",317500,97500,209000,4085,1465,9600
"2018-08-31",324500,99600,210000,4060,1470,9540
"2018-09-03",322500,97500,208000,4060,1455,9420
"2018-09-04",326500,98300,206500,3975,1465,9400
"2018-09-05",322500,95700,205000,4030,1440,9350
"2018-09-06",316500,96700,204000,3965,1440,9350
"2018-09-07",320500,97400,204000,3965,1420,9420
"2018-09-10",310000,96200,207000,3950,1425,9430
"2018-09-11",309000,96500,207000,3950,1425,9420
"2018-09-12",319500,97100,207500,3950,1420,9440
"2018-09-13",338000,98200,207000,3990,1445,9410
"2018-09-14",348500,98700,206500,4000,1445,9370
"2018-09-17",341500,96700,209000,3980,1430,9300
"2018-09-18",361000,99300,210500,3975,1435,9330
"2018-09-19",357000,99100,208000,3890,1430,9300
"2018-09-20",349500,97900,205000,3890,1425,9150
"2018-09-21",347500,96700,205500,3900,1430,9260
"2018-09-27",359000,99400,209000,3990,1460,9280
"2018-09-28",362500,99400,207000,3995,1475,9200
"2018-10-01",363500,100000,207000,3970,1495,9200
"2018-10-02",347500,99200,207500,3925,1505,9390
"2018-10-04",303500,94200,206000,3810,1505,9230
"2018-10-05",312000,95800,207500,3900,1475,9240
"2018-10-08",301000,93800,206500,3880,1495,9140
"2018-10-10",295500,93400,202500,3730,1475,9200
"2018-10-11",288000,88100,196000,3465,1440,8950
"2018-10-12",296000,91000,190000,3420,1430,8860
"2018-10-15",282500,90200,190000,3515,1425,8900
"2018-10-16",289000,90900,188000,3625,1425,8970
"2018-10-17",290000,93000,188500,3660,1420,8970
"2018-10-18",286000,92700,187000,3735,1420,9000
"2018-10-19",278500,92400,185000,3700,1415,9060
"2018-10-22",290500,93700,183500,3675,1430,9060
"2018-10-23",275500,91500,178500,3615,1420,9070
"2018-10-24",274000,92400,178000,3545,1420,9080
"2018-10-25",269500,91200,173500,3500,1385,8950
"2018-10-26",254500,87700,169000,3495,1370,8950
"2018-10-29",252000,87000,167000,3295,1355,8870
"2018-10-30",255500,84200,167500,3235,1380,8920
"2018-10-31",258500,86700,167500,3325,1440,8900
"2018-11-01",263500,86000,172000,3420,1440,8900
"2018-11-02",275500,87700,173500,3525,1475,8880
"2018-11-05",267000,86200,173000,3470,1490,9000
"2018-11-06",270000,86700,173000,3535,1490,9010
"2018-11-07",262500,86300,174500,3465,1500,9000
"2018-11-08",259500,87000,179000,3520,1530,8870
"2018-11-09",264000,87400,179500,3555,1580,8930
"2018-11-12",254500,87500,179500,3460,1660,8830
"2018-11-13",252500,86200,179500,3510,1660,8810
"2018-11-14",254000,85000,177000,3515,1720,8810
"2018-11-15",280500,90900,176000,3490,1720,8910
"2018-11-16",279000,89800,178000,3600,1740,8970
"2018-11-19",290000,92000,178000,3615,1725,9090
"2018-11-20",288000,91900,174000,3570,1755,8960
"2018-11-21",286000,92100,174000,3560,1770,8900
"2018-11-22",286000,91500,173500,3545,1750,8820
"2018-11-23",299000,91500,174500,3475,1725,8760
"2018-11-26",303000,92500,179000,3485,1680,8800
"2018-11-27",297500,91700,179000,3535,1700,8970
"2018-11-28",289000,91500,182000,3550,1770,9000
"2018-11-29",284000,93400,182500,3560,1770,8980
"2018-11-30",291000,93900,174000,3560,1765,8890
"2018-12-03",294000,93500,176000,3570,1785,8870
"2018-12-04",287500,93300,175500,3540,1785,8760
"2018-12-05",284000,92000,179500,3495,1790,8820
"2018-12-06",266500,92000,179500,3470,1755,8820
"2018-12-07",268000,91500,179000,3485,1755,8820
"2018-12-10",269500,91600,181000,3365,1805,8870
"2018-12-11",263500,93200,179500,3400,1780,8950
"2018-12-12",267500,94500,183000,3390,1785,8960
"2018-12-13",260500,94300,183000,3390,1825,9000
"2018-12-14",256500,94000,185000,3530,1800,8910
"2018-12-17",263500,94200,181500,3450,1930,9100
"2018-12-18",263000,95100,179500,3465,1885,9190
"2018-12-19",262500,94500,179500,3390,1860,9090
"2018-12-20",256500,94400,178000,3385,1880,9150
"2018-12-21",255500,91600,181000,3400,1850,8840
"2018-12-24",251000,91400,180000,3390,1810,8750
"2018-12-26",246500,89800,175500,3380,1800,9000
"2018-12-27",254000,90200,180000,3375,1800,9080
"2018-12-28",256000,90400,180000,3435,1770,8800
"2019-01-02",248000,87700,177500,3400,1760,8960
"2019-01-03",241000,87500,178000,3315,1740,9060
"2019-01-04",239500,88200,177500,3270,1760,8800
"2019-01-07",240500,88400,179000,3280,1765,8880
"2019-01-08",236500,87100,178000,3250,1740,8880
"2019-01-09",240500,88400,178500,3330,1775,8930
"2019-01-10",241000,88600,179000,3295,1785,8890
"2019-01-11",245000,89900,179500,3375,1850,8770
"2019-01-14",253500,90400,195000,3370,1965,8740
"2019-01-15",256000,91100,196000,3380,1970,8700
"2019-01-16",250000,89400,194000,3380,1965,10450
"2019-01-17",242000,90900,198500,3360,1940,10150
"2019-01-18",250500,91800,199500,3485,1960,9810
"2019-01-21",249000,92600,198000,3490,1920,10000
"2019-01-22",252000,92800,198500,3495,1925,9980
"2019-01-23",265000,93300,201500,3545,1940,10150
"2019-01-24",265500,93500,201500,3670,1930,9950
"2019-01-25",273500,93600,202500,3670,1910,11500
"2019-01-28",274500,95700,200000,3590,1845,12500
"2019-01-29",274000,95100,200500,3690,1845,12200
"2019-01-30",266000,94100,199500,3800,1845,12000
"2019-01-31",264500,95600,199000,3835,1870,12000
"2019-02-01",272000,95500,204500,3810,1870,11850
"2019-02-07",265500,95900,204000,3840,1845,11400
"2019-02-08",257000,91800,203000,3785,1970,11450
"2019-02-11",251500,91100,203500,3905,2025,11450
"2019-02-12",256500,92400,205000,3985,2175,11650
"2019-02-13",254500,92800,205000,4135,2130,11500
"2019-02-14",255000,95200,205000,4140,2095,11200
"2019-02-15",266000,94100,205500,3940,2150,10550
"2019-02-18",270000,95000,203500,3875,2190,10300
"2019-02-19",271000,95500,204500,3805,2150,10400
"2019-02-20",284000,96400,208000,3965,2160,10250
"2019-02-21",283500,96300,205500,3910,2195,10200
"2019-02-22",285000,97600,203000,4000,2220,9890
"2019-02-25",290000,97500,201500,4005,2170,9020
"2019-02-26",293000,96700,201500,3980,2130,9050
"2019-02-27",293000,97100,199000,3960,2140,9170
"2019-02-28",285500,96800,199000,3945,1990,8550
"2019-03-04",288500,98300,199000,3975,2060,8750
"2019-03-05",290000,98000,200500,3985,2020,8860
"2019-03-06",283000,98000,200500,3970,2025,8790
"2019-03-07",283500,98400,198500,3940,2025,8750
"2019-03-08",289000,96800,197000,3945,2030,8810
"2019-03-11",296500,97400,193500,3920,2030,8630
"2019-03-12",289500,100000,194500,3905,2045,8620
"2019-03-13",289000,101500,196500,3985,2140,8630
"2019-03-14",292500,100000,197000,3930,2140,8670
"2019-03-15",300000,103500,197000,3910,2120,8550
"2019-03-18",323000,104500,196500,3890,2115,8600
"2019-03-19",328500,104000,195000,4020,2120,8540
"2019-03-20",329500,106000,194500,4020,2125,8460
"2019-03-21",319500,104500,191500,4140,2070,8280
"2019-03-22",326000,104500,190000,4135,2070,8120
"2019-03-25",316500,101000,190000,4040,2055,7880
"2019-03-26",332000,102000,189500,4005,1995,8040
"2019-03-27",333000,100000,188000,4000,2010,7950
"2019-03-28",331000,98800,189000,3940,2020,7740
"2019-03-29",337500,101000,185000,3920,2025,7760
"2019-04-01",326000,101500,187000,3865,2015,7840
"2019-04-02",318000,101500,184500,3830,2015,7980
"2019-04-03",318500,101500,183500,3770,1990,7980
"2019-04-04",321000,100000,184000,3805,1995,7910
"2019-04-05",322000,99700,185500,3860,1910,7910
"2019-04-08",321500,99500,188000,3830,1910,7870
"2019-04-09",330500,99600,191000,3825,2000,7780
"2019-04-10",329000,99900,191500,3790,2135,7830
"2019-04-11",321500,97900,192500,3910,2135,7810
"2019-04-12",322500,99300,193000,3900,2130,7800
"2019-04-15",325000,99900,195000,3910,2070,7740
"2019-04-16",321500,100000,195000,3890,2070,7700
"2019-04-17",315000,99000,194000,3935,2085,7700
"2019-04-18",315500,98000,192500,3985,2065,7460
"2019-04-19",315500,97900,193500,4015,2080,7340
"2019-04-22",317500,96600,197500,3960,2080,7330
"2019-04-23",324000,99400,200000,3920,2080,7140
"2019-04-24",320500,99300,197500,3920,2080,7220
"2019-04-25",321500,98600,195000,3880,2085,7160
"2019-04-26",319000,98400,197000,3875,2090,7200
"2019-04-29",329500,100000,195500,3850,2090,7160
"2019-04-30",340000,101500,197500,3850,2090,7100
"2019-05-02",341000,102500,196000,3830,2090,7190
"2019-05-03",336000,99800,197000,3830,2090,7200
"2019-05-07",324500,98100,196500,3805,2090,7110
"2019-05-08",326000,98100,194500,3760,2090,7110
"2019-05-09",307000,95100,192000,3730,2090,6990
"2019-05-10",321000,94900,192000,3710,2090,7000
"2019-05-13",312000,91200,188000,3670,2090,6850
"2019-05-14",323000,89900,189000,3765,2090,6820
"2019-05-15",305500,89400,193000,3835,1985,6820
"2019-05-16",297000,86700,193000,3840,1900,6900
"2019-05-17",294000,86500,192500,3835,2200,6960
"2019-05-20",300000,86100,194000,3835,2140,6910
"2019-05-21",296500,86000,191500,3795,2315,6960
"2019-05-22",299000,86200,189500,3770,2280,6890
"2019-05-23",288500,85500,193000,3700,2385,6870
"2019-05-24",290000,85500,190500,3680,2240,6890
"2019-05-27",290500,85400,185000,3655,2285,6850
"2019-05-28",291000,85100,185500,3655,2360,6770
"2019-05-29",298000,84900,180500,3695,2290,6700
"2019-05-30",292000,84600,181000,3670,2305,6700
"2019-05-31",298000,84600,180500,3685,2270,6690
"2019-06-03",300500,84100,178500,3740,2345,6710
"2019-06-04",294500,84500,178500,3730,2285,6750
"2019-06-05",295500,84100,179500,3760,2350,6780
"2019-06-07",293500,84400,183000,3820,2395,6720
"2019-06-10",296000,84200,183500,3850,2390,6900
"2019-06-11",300500,85000,183000,3910,2435,7120
"2019-06-12",308500,84500,182000,3915,2390,7170
"2019-06-13",303500,84500,181500,3910,2370,7100
"2019-06-14",297500,83500,189000,3805,2390,7260
"2019-06-17",299000,83500,189500,3900,2365,7260
"2019-06-18",297500,84100,184500,3870,2375,7070
"2019-06-19",310000,85100,184000,3875,2375,7100
"2019-06-20",312000,84800,186000,3895,2370,7230
"2019-06-21",299500,84100,185500,3930,2315,7130
"2019-06-24",302500,83700,185000,3895,2280,7000
"2019-06-25",299000,83800,184000,3835,2225,7000
"2019-06-26",299000,82600,184000,3795,2220,6970
"2019-06-27",303500,83400,183000,3805,2260,6950
"2019-06-28",301000,82700,183500,3925,2240,6900
"2019-07-01",306500,83200,184000,3955,2240,6970
"2019-07-02",294500,82100,185000,3940,2275,6890
"2019-07-03",291500,80700,181000,3930,2235,6870
"2019-07-04",286000,80800,176000,3890,2235,6840
"2019-07-05",287000,80900,177000,3840,2235,6810
"2019-07-08",281500,79400,175000,3810,2155,6610
"2019-07-09",271000,79000,172000,3860,2160,6570
"2019-07-10",270000,78800,173500,3835,2180,6560
"2019-07-11",269000,79600,173500,3840,2240,6530
"2019-07-12",273500,81300,172000,3850,2245,6540
"2019-07-15",271500,79300,173000,3890,2230,6510
"2019-07-16",274500,80400,174500,3855,2230,6400
"2019-07-17",271500,79300,176000,3925,2205,6400
"2019-07-18",269000,78000,172500,3910,2200,6330
"2019-07-19",273500,78700,175500,3900,2200,6280
"2019-07-22",278500,78700,176000,3790,2195,6270
"2019-07-23",278500,79400,175500,3715,2195,6220
"2019-07-24",275000,77700,175000,3700,2200,6130
"2019-07-25",275500,77000,174000,3700,2140,6020
"2019-07-26",270000,75800,173000,3705,2115,5860
"2019-07-29",259500,74800,166000,3580,1990,5680
"2019-07-30",259000,75300,168000,3700,2000,5760
"2019-07-31",253500,74100,173500,3705,2020,5720
"2019-08-01",260000,74100,173000,3705,1995,5720
"2019-08-02",255500,72900,173000,3650,1995,5680
"2019-08-05",240500,71100,170500,3600,1895,5340
"2019-08-06",233500,70400,166000,3575,1860,5280
"2019-08-07",226500,69300,166000,3575,1875,5280
"2019-08-08",232000,71100,166000,3575,1870,5400
"2019-08-09",226500,70900,164500,3570,1865,5520
"2019-08-12",230000,70000,162500,3570,1855,5660
"2019-08-13",224500,70500,160500,3555,1875,5630
"2019-08-14",221500,70100,160500,3515,1945,5640
"2019-08-16",216500,69200,157500,3490,2000,5570
"2019-08-19",220500,71100,160000,3445,1975,5550
"2019-08-20",224000,71200,162000,3425,1950,5550
"2019-08-21",221500,70600,163000,3420,1940,5610
"2019-08-22",226000,71400,163000,3445,1935,5600
"2019-08-23",226000,70900,165000,3425,1910,5500
"2019-08-26",219500,69400,165000,3420,1815,5330
"2019-08-27",224500,68700,168500,3415,1820,5440
"2019-08-28",223000,71000,168000,3415,1810,5500
"2019-08-29",232000,75400,168000,3410,1810,5380
"2019-08-30",231000,78000,168000,3410,1835,5500
"2019-09-02",236500,76500,168500,3400,1810,5530
"2019-09-03",249000,76900,171000,3400,1805,5480
"2019-09-04",255000,77600,170000,3390,1865,5450
"2019-09-05",243000,75300,169000,3395,1915,5500
"2019-09-06",241000,75100,169000,3390,1915,5460
"2019-09-09",252500,77100,169500,3390,1915,5470
"2019-09-10",247000,76200,169500,3360,1940,5450
"2019-09-11",258000,79300,168000,3395,1940,5460
"2019-09-16",257000,78200,170500,3395,1910,5450
"2019-09-17",257000,79200,174000,3415,1945,5460
"2019-09-18",257000,78900,171500,3435,1940,5430
"2019-09-19",253500,78700,171000,3475,1910,5480
"2019-09-20",261500,79000,171000,3490,1925,5490
"2019-09-23",262000,78200,171000,3460,1885,6060
"2019-09-24",267500,78000,170000,3400,1890,5980
"2019-09-25",259000,78900,169000,3380,1865,5880
"2019-09-26",262000,77400,173000,3380,1910,5740
"2019-09-27",262000,76500,171500,3400,1880,5850
"2019-09-30",262500,78100,171500,3370,1880,5940
"2019-10-01",257000,77600,172000,3375,1900,6120
"2019-10-02",250000,75800,171000,3390,1915,6000
"2019-10-04",247000,75000,169500,3400,1920,5820
"2019-10-07",240000,75200,171000,3360,1895,5830
"2019-10-08",246500,76500,173000,3380,1900,5790
"2019-10-10",245000,74700,174500,3380,1850,5780
"2019-10-11",245500,75700,176500,3380,1850,5890
"2019-10-14",247000,76000,174000,3400,1810,6080
"2019-10-15",245500,75500,172500,3395,1810,6090
"2019-10-16",246500,77300,172500,3380,1805,5950
"2019-10-17",243500,76300,169000,3380,1815,5820
"2019-10-18",244000,79100,168500,3380,1810,5850
"2019-10-21",242000,78600,169000,3375,1770,5800
"2019-10-22",238000,77600,169000,3375,1735,5780
"2019-10-23",237000,77000,169000,3380,1760,5690
"2019-10-24",231500,76100,167000,3370,1755,5610
"2019-10-25",237000,76000,167000,3380,1775,5640
"2019-10-28",229500,76000,170500,3375,1770,5630
"2019-10-29",233500,75800,170500,3370,1725,5650
"2019-10-30",239500,74600,170000,3370,1750,5620
"2019-10-31",236000,73900,169500,3370,1760,5570
"2019-11-01",235500,73500,173000,3370,1770,5580
"2019-11-04",240000,75700,174000,3350,1805,5600
"2019-11-05",240000,75400,177000,3355,1825,5590
"2019-11-06",256500,78300,178000,3360,1800,5590
"2019-11-07",256000,78200,176500,3355,1840,5590
"2019-11-08",254000,77400,175000,3360,1880,5610
"2019-11-11",254000,76400,177000,3355,1870,5630
"2019-11-12",259500,75600,176500,3405,1820,5640
"2019-11-13",265000,78500,174500,3385,1810,5770
"2019-11-14",265500,78800,175500,3380,1820,5900
"2019-11-15",269000,78700,175500,3420,1815,5850
"2019-11-18",269000,78900,175000,3380,1810,5860
"2019-11-19",267500,79400,174000,3380,1775,5840
"2019-11-20",263500,78500,170000,3355,1775,5880
"2019-11-21",262000,76900,168500,3355,1740,5850
"2019-11-22",262000,79600,170000,3310,1750,5720
"2019-11-25",266500,82500,170000,3320,1695,5900
"2019-11-26",269500,82500,171000,3315,1695,5880
"2019-11-27",267000,81400,171500,3310,1695,5890
"2019-11-28",283000,84000,172000,3335,1685,5900
"2019-11-29",281500,83200,170500,3325,1680,5910
"2019-12-02",283500,82000,173000,3315,1690,5910
"2019-12-03",282000,81900,169500,3285,1680,5910
"2019-12-04",280500,80500,168000,3275,1680,5900
"2019-12-05",278000,81400,166500,3275,1665,5860
"2019-12-06",285500,82000,169000,3245,1665,5840
"2019-12-09",284500,83600,168000,3275,1670,5810
"2019-12-10",287500,82300,166000,3210,1655,5810
"2019-12-11",287000,82600,168000,3175,1645,5920
"2019-12-12",294500,84000,170000,3250,1675,6010
"2019-12-13",291500,83700,167500,3240,1680,5960
"2019-12-16",285500,82500,169000,3205,1680,6020
"2019-12-17",292000,82600,170500,3260,1665,6040
"2019-12-18",287000,82500,169000,3285,1670,6080
"2019-12-19",290500,82800,167500,3285,1675,5990
"2019-12-20",287000,82500,168500,3280,1675,5920
"2019-12-23",285500,82400,165000,3280,1675,6000
"2019-12-24",277500,81700,165000,3235,1680,6020
"2019-12-26",277500,81800,164500,3225,1690,5990
"2019-12-27",281000,81700,164500,3235,1690,5910
"2019-12-30",289000,83100,164000,3260,1685,5990
"2020-01-02",292500,85900,166000,3250,1755,5930
"2020-01-03",292500,85600,168500,3225,1815,5940
"2020-01-06",290000,84000,169000,3180,1775,5990
"2020-01-07",305000,88900,170000,3170,1785,6050
"2020-01-08",306500,87300,168500,3170,1750,5810
"2020-01-09",314500,87700,170000,3165,1800,5920
"2020-01-10",312500,87700,170000,3165,1790,6040
"2020-01-13",324000,90000,171000,3145,1760,5890
"2020-01-14",321500,89900,170500,3150,1765,5910
"2020-01-15",323500,89800,171000,3170,1900,5950
"2020-01-16",322000,89000,170000,3135,1870,6220
"2020-01-17",320500,88400,171000,3150,1870,6270
"2020-01-20",309000,86500,170500,3105,1855,6300
"2020-01-21",302500,84600,171000,3110,1835,6310
"2020-01-22",315500,88600,170000,3100,1820,6300
"2020-01-23",306500,87500,169500,3100,1820,6290
"2020-01-28",269500,78200,164500,3065,1765,6130
"2020-01-29",278500,79300,167000,2995,1765,5980
"2020-01-30",266000,79200,165000,2930,1730,5980
"2020-01-31",267000,78000,163500,2880,1730,6100
"2020-02-03",269000,78200,161500,2820,1720,6030
"2020-02-04",273000,78300,163500,2845,1720,6080
"2020-02-05",272500,77600,164500,2855,1730,6180
"2020-02-06",287000,81200,166000,2865,1760,6210
"2020-02-07",281500,81400,166000,2860,1765,6150
"2020-02-10",279500,80200,165500,2865,1790,6730
"2020-02-11",283500,79900,165500,2880,1810,6660
"2020-02-12",300000,82000,166000,2880,1810,6560
"2020-02-13",293000,81100,164000,2860,1810,6680
"2020-02-14",293000,79200,168000,2850,1815,6540
"2020-02-17",296500,80000,168500,2815,1800,6650
"2020-02-18",289000,78500,166000,2825,1750,6640
"2020-02-19",282500,78600,164500,2800,1720,6550
"2020-02-20",270000,74500,163500,2800,1690,6580
"2020-02-21",264000,72500,160500,2800,1680,6500
"2020-02-24",244500,68800,154000,2800,1630,6540
"2020-02-25",254500,70200,156500,2800,1670,6540
"2020-02-26",254000,70800,156000,2785,1650,6380
"2020-02-27",249000,71300,157000,2720,1620,6380
"2020-02-28",236000,70900,148000,2645,1560,6170
"2020-03-02",243000,70000,152500,2520,1610,6070
"2020-03-03",241500,70000,154500,2500,1600,6090
"2020-03-04",253000,71500,155500,2530,1645,6190
"2020-03-05",264500,73300,157000,2550,1685,6440
"2020-03-06",258000,70800,154000,2480,1645,6360
"2020-03-09",253500,69100,148500,2345,1550,6230
"2020-03-10",258000,70800,152000,2300,1470,6090
"2020-03-11",251000,69800,152000,2290,1400,6100
"2020-03-12",241500,67300,149000,2095,1315,5850
"2020-03-13",227000,62500,141500,2000,1270,5220
"2020-03-16",218500,64800,140500,1945,1165,5240
"2020-03-17",237500,66800,137000,1865,1160,5100
"2020-03-18",226000,64700,134000,1880,1105,5040
"2020-03-19",204000,60300,119500,1750,913,4780
"2020-03-20",224000,60800,119500,1900,949,4450
"2020-03-23",206500,53000,119000,1745,860,4160
"2020-03-24",220500,55400,122500,1770,920,4185
"2020-03-25",238000,57900,123000,1850,977,4425
"2020-03-26",232500,58400,122000,1880,1075,4700
"2020-03-27",224500,56800,125500,1970,1095,4970
"2020-03-30",215000,56900,130000,2025,1100,5380
"2020-03-31",217500,58800,133000,2135,1145,5120
"2020-04-01",210000,56300,133500,2130,1165,5080
"2020-04-02",208500,57200,134500,2110,1160,5140
"2020-04-03",208500,58000,135500,2150,1170,5140
"2020-04-06",221000,62000,140500,2155,1210,5100
"2020-04-07",228500,62900,143500,2200,1260,5130
"2020-04-08",231000,63100,144500,2200,1330,5080
"2020-04-09",237000,64000,144500,2320,1355,5090
"2020-04-10",241000,64400,144500,2320,1320,5200
"2020-04-13",232500,62900,140500,2230,1250,5220
"2020-04-14",233000,63700,141000,2255,1295,5200
"2020-04-16",233500,63500,142500,2230,1345,5120
"2020-04-17",252500,65900,142500,2295,1365,5180
"2020-04-20",255000,67700,144500,2310,1365,5280
"2020-04-21",259500,66300,142000,2275,1295,5300
"2020-04-22",252000,68200,140000,2245,1315,5190
"2020-04-23",250500,69400,140000,2300,1325,5300
"2020-04-24",243500,67500,140000,2275,1320,5160
"2020-04-27",255500,70600,142500,2320,1380,5250
"2020-04-28",263500,75200,142500,2310,1350,5260
"2020-04-29",265000,72700,146500,2300,1390,5230
"2020-05-04",264500,70900,145500,2340,1510,5220
"2020-05-06",264500,71300,146500,2375,1510,5270
"2020-05-07",259500,70900,148000,2425,1595,5270
"2020-05-08",253500,70800,146500,2460,1580,5270
"2020-05-11",243500,68300,148500,2445,1535,5280
"2020-05-12",244000,67100,149000,2430,1535,5260
"2020-05-13",239000,66300,147500,2350,1535,5270
"2020-05-14",238000,64900,146500,2340,1500,5200
"2020-05-15",233500,65100,146000,2335,1515,5250
"2020-05-18",242500,66600,146000,2385,1510,5210
"2020-05-19",255500,69500,145000,2430,1510,5180
"2020-05-20",249500,68900,144500,2435,1580,5190
"2020-05-21",248000,68500,143500,2425,1575,5200
"2020-05-22",242500,66400,143000,2360,1550,5190
"2020-05-25",238500,65600,142500,2355,1535,5240
"2020-05-26",240500,66100,142500,2385,1550,5200
"2020-05-27",248500,65400,142500,2425,1550,5160
"2020-05-28",242500,64800,142000,2415,1520,5050
"2020-05-29",245000,64000,142000,2400,1470,4995
"2020-06-01",245500,64500,142500,2450,1520,4910
"2020-06-02",250500,65100,143000,2460,1515,4900
"2020-06-03",254000,66000,143000,2495,1535,4920
"2020-06-04",251000,65800,146000,2510,1535,4900
"2020-06-05",252500,66100,145000,2525,1525,4915
"2020-06-08",251000,65600,143000,2505,1490,4920
"2020-06-09",247500,65400,145500,2495,1485,4965
"2020-06-10",248500,64900,146500,2500,1475,4950
"2020-06-11",242500,63300,142500,2490,1455,4960
"2020-06-12",231000,61400,139500,2425,1425,4910
"2020-06-15",216000,58300,134500,2335,1355,4890
"2020-06-16",222000,60400,136500,2350,1420,4880
"2020-06-17",216500,58900,135000,2350,1420,4835
"2020-06-18",217500,58600,135000,2350,1435,4770
"2020-06-19",220500,59200,137500,2320,1475,4735
"2020-06-22",216500,58700,137000,2315,1455,4730
"2020-06-23",212000,58000,134000,2290,1440,4615
"2020-06-24",209500,58100,133500,2205,1440,4610
"2020-06-25",206000,56300,131500,2080,1435,4630
"2020-06-26",214000,56500,133500,2120,1460,4615
"2020-06-29",206500,54600,131500,2080,1430,4615
"2020-06-30",220500,56300,136500,2130,1425,4620
"2020-07-01",214000,57200,136500,2160,1440,4625
"2020-07-02",215500,59300,137500,2180,1420,4630
"2020-07-03",221500,61100,140000,2180,1445,4645
"2020-07-06",221500,63000,139500,2155,1440,4660
"2020-07-07",218000,61800,143000,2180,1440,4640
"2020-07-08",217500,61400,143000,2195,1450,4750
"2020-07-09",211000,60700,141000,2210,1460,4800
"2020-07-10",207500,58700,135500,2175,1470,4685
"2020-07-13",210000,59500,139500,2140,1535,4800
"2020-07-14",208500,59900,138500,2100,1520,4705
"2020-07-15",210000,59800,139000,2130,1485,4770
"2020-07-16",217000,61200,138000,2155,1485,4780
"2020-07-17",215500,60500,138500,2200,1465,4725
"2020-07-20",214500,60400,136500,2180,1465,4725
"2020-07-21",216000,60800,139000,2235,1470,4720
"2020-07-22",213500,60800,138500,2200,1560,4820
"2020-07-23",209500,59700,138000,2155,1600,4810
"2020-07-24",208000,59800,136000,2175,1570,4900
"2020-07-27",209000,59500,135000,2175,1590,4895
"2020-07-28",209500,59600,135000,2185,1610,4900
"2020-07-29",208500,59300,137000,2195,1565,4900
"2020-07-30",213500,60900,139500,2205,1535,5030
"2020-07-31",209000,59700,138000,2210,1545,5410
"2020-08-03",206000,58500,138500,2185,1640,5250
"2020-08-04",206500,59400,137500,2205,1645,5190
"2020-08-05",205000,58900,138500,2230,1670,5230
"2020-08-06",206000,59600,139000,2245,1670,5580
"2020-08-07",207000,60200,139000,2225,1665,5600
"2020-08-10",209000,61600,138000,2200,1670,5600
"2020-08-11",212000,62500,139000,2255,1650,5610
"2020-08-12",220500,64800,149000,2185,1640,5660
"2020-08-13",222500,62700,149000,2200,1705,5780
"2020-08-14",230000,63400,149000,2370,1645,5810
"2020-08-18",210000,59900,146500,2315,1550,5750
"2020-08-19",211500,60300,146000,2505,1530,5850
"2020-08-20",205000,58300,142500,2385,1435,5810
"2020-08-21",206000,57700,143000,2435,1440,5620
"2020-08-24",205500,56500,144000,2485,1445,5660
"2020-08-25",207000,57400,145000,2585,1460,5840
"2020-08-26",204500,56600,145500,2475,1420,5840
"2020-08-27",200500,54600,141000,2455,1375,5820
"2020-08-28",205500,55700,141000,2510,1390,5820
"2020-08-31",203000,53700,144500,2485,1410,6050
"2020-09-01",204000,54900,143500,2480,1425,6280
"2020-09-02",213500,56500,146500,2505,1450,6360
"2020-09-03",213500,56500,146500,2510,1465,6450
"2020-09-04",207500,55800,146000,2505,1445,6190
"2020-09-07",214500,56300,149000,2555,1460,6300
"2020-09-08",211500,56400,148000,2505,1440,6310
"2020-09-09",207000,56000,147500,2450,1445,6340
"2020-09-10",206000,56400,152000,2450,1450,6410
"2020-09-11",209000,56300,152000,2450,1440,6490
"2020-09-14",215500,57200,154000,2460,1460,6490
"2020-09-15",216500,57400,154000,2660,1455,6530
"2020-09-16",218000,57700,154000,2600,1450,6970
"2020-09-17",218500,57000,153000,2550,1440,6990
"2020-09-18",215500,56800,153500,2650,1480,7650
"2020-09-21",211500,57200,149500,2490,1510,8120
"2020-09-22",208500,55700,150000,2375,1485,7360
"2020-09-23",207500,54800,146000,2420,1500,7290
"2020-09-24",202500,53300,143500,2410,1400,7210
"2020-09-25",204000,53900,144500,2460,1420,7250
"2020-09-28",208500,55600,149000,2535,1500,7350
"2020-09-29",212500,56300,157000,2880,1510,7570
"2020-10-05",213000,56900,160000,2940,1540,8020
"2020-10-06",210000,57000,156000,3010,1560,8070
"2020-10-07",208000,57000,167000,3085,1525,8100
"2020-10-08",208000,57100,177000,3225,1530,8120
"2020-10-12",219500,59100,176000,3425,1530,8230
"2020-10-13",218500,60800,169500,3290,1535,8220
"2020-10-14",214500,59400,166000,3320,1520,8120
"2020-10-15",211500,59100,162500,3330,1505,7950
"2020-10-16",215000,61900,164000,3190,1505,8130
"2020-10-19",225000,66400,162000,3055,1490,8150
"2020-10-20",220000,65900,161000,3005,1505,8120
"2020-10-21",225500,67500,161000,2930,1500,8010
"2020-10-22",223000,67800,159500,2950,1480,8150
"2020-10-23",223500,66300,157000,2870,1500,8210
"2020-10-26",218000,64500,155000,2735,1490,8920
"2020-10-27",212000,61300,154000,2800,1485,9190
"2020-10-28",213000,62400,155500,2825,1480,9570
"2020-10-29",210500,61000,154000,2795,1480,8900
"2020-10-30",207500,59200,154000,2700,1480,8900
"2020-11-02",209000,61500,154000,2795,1505,8810
"2020-11-03",211000,62100,156500,2790,1510,8970
"2020-11-04",212000,60900,155000,2770,1510,9110
"2020-11-05",213500,61600,156000,2760,1530,9090
"2020-11-06",213000,62700,156000,2860,1520,9130
"2020-11-09",216000,63500,157000,2895,1555,9400
"2020-11-10",228000,66600,158000,2955,1560,9480
"2020-11-11",231500,68600,160000,3020,1555,9570
"2020-11-12",229000,70500,159000,3020,1570,9490
"2020-11-13",230000,69900,158500,3030,1550,9320
"2020-11-16",237000,70200,158500,2920,1550,9360
"2020-11-17",237000,72400,158500,2945,1540,9640
"2020-11-18",229500,70400,158000,2975,1535,10050
"2020-11-19",229000,71300,155500,2935,1540,11150
"2020-11-20",232000,71900,154000,2940,1545,10650
"2020-11-23",233500,71400,154500,2920,1560,12050
"2020-11-24",236000,71800,156500,2910,1565,12150
"2020-11-25",233500,71400,154000,2910,1540,12100
"2020-11-26",230500,70700,150500,2905,1550,11000
"2020-11-27",230500,70900,151500,2880,1550,11300
"2020-11-30",230500,70900,150000,2850,1550,11150
"2020-12-01",231000,71300,149500,2855,1560,11250
"2020-12-02",235000,75200,153500,2885,1540,11300
"2020-12-03",238000,75200,153500,2880,1550,11250
"2020-12-04",235500,74600,148000,2840,1540,11100
"2020-12-07",231500,72100,149000,2805,1540,11150
"2020-12-08",233000,71700,149000,2775,1540,11200
"2020-12-09",245000,73100,151000,2820,1575,11250
"2020-12-10",243000,72700,156500,2950,1580,10800
"2020-12-11",253000,73300,160500,2950,1630,11100
"2020-12-14",243000,71000,156000,2895,1665,10900
"2020-12-15",240000,71000,155000,2885,1675,10250
"2020-12-16",240000,70800,155000,3170,1690,10200
"2020-12-17",238000,70300,155500,3150,1685,9810
"2020-12-18",240000,70600,157000,3115,1660,9820
"2020-12-21",238000,70400,156000,3005,1735,10150
"2020-12-22",233000,70100,153500,2960,1670,9820
"2020-12-23",231500,69700,153500,2820,1700,9730
"2020-12-24",236000,70500,154000,2855,1780,9540
"2020-12-28",233000,70700,153500,2850,1800,8510
"2020-12-29",234500,70800,152000,2905,1855,8740
"2020-12-30",239500,71400,153000,2945,1870,9140
"2021-01-04",238500,72000,153500,2930,1835,8890
"2021-01-05",239500,74000,153500,2935,1855,8680
"2021-01-06",237000,73000,154000,2910,1860,8760
"2021-01-07",240000,74700,154000,2985,1850,8980
"2021-01-08",247500,79000,156000,3020,1840,9070
"2021-01-11",243000,77700,156000,3075,1810,8890
"2021-01-12",255000,80400,157500,3190,1815,8620
"2021-01-13",254000,80500,159000,3190,1815,8960
"2021-01-14",254000,80000,158000,3155,1865,8570
"2021-01-15",247500,79000,158000,3145,1870,8560
"2021-01-18",239000,77100,155500,3095,1810,8500
"2021-01-19",243500,79600,157000,3100,1835,8590
"2021-01-20",243500,79700,157000,3190,1855,8500
"2021-01-21",249500,80600,156500,3235,1910,8380
"2021-01-22",251000,83100,158500,3220,1895,8300
