"","210980","034830","123890","034810","007680","056730","005110"
"2016-01-25",42224,3195,NA,16500,NA,7725,3580
"2016-01-26",42557,3100,NA,16250,NA,7686,3412
"2016-01-27",42757,3145,NA,16350,NA,6960,3306
"2016-01-28",42024,3175,NA,16900,NA,6979,3333
"2016-01-29",43424,3135,NA,16800,NA,7763,3255
"2016-02-01",42357,3160,NA,16700,NA,8509,3216
"2016-02-02",42624,3170,NA,16700,NA,9044,3224
"2016-02-03",41957,3180,NA,16100,NA,8069,3024
"2016-02-04",42424,3470,NA,16100,NA,7993,3130
"2016-02-05",41690,3395,NA,16050,NA,7763,3236
"2016-02-11",40689,3230,NA,15150,NA,7304,3001
"2016-02-12",38088,3205,NA,14250,NA,7304,2738
"2016-02-15",39155,3480,NA,14550,NA,7189,3181
"2016-02-16",39155,3465,NA,14950,NA,7113,3181
"2016-02-17",39089,3395,NA,14750,NA,7954,3048
"2016-02-18",39022,3395,NA,14950,NA,7438,3185
"2016-02-19",38822,3475,NA,15000,NA,7399,3232
"2016-02-22",39889,3770,NA,15100,NA,7285,3239
"2016-02-23",41156,3735,NA,15200,NA,7343,3126
"2016-02-24",42691,3725,NA,15300,NA,7247,3142
"2016-02-25",42357,3655,NA,15200,NA,7037,3330
"2016-02-26",42691,3750,NA,15050,NA,7037,3326
"2016-02-29",42424,3695,NA,15550,NA,7152,3326
"2016-03-02",43158,3790,NA,16150,NA,7075,3404
"2016-03-03",42424,3780,NA,16800,NA,7075,3369
"2016-03-04",42357,3690,NA,17100,NA,7075,3459
"2016-03-07",42490,3635,NA,17100,NA,6998,3435
"2016-03-08",42157,3670,NA,16900,NA,6807,3525
"2016-03-09",43825,3525,NA,17050,NA,6826,3576
"2016-03-10",43891,3660,NA,17150,NA,7017,3588
"2016-03-11",43024,3700,NA,16950,NA,6846,3651
"2016-03-14",42157,3550,NA,17050,NA,7056,3588
"2016-03-15",42157,3550,NA,16750,NA,7304,3553
"2016-03-16",41957,3605,NA,16500,NA,7553,3619
"2016-03-17",41290,3625,NA,16800,NA,8184,3619
"2016-03-18",41156,3635,NA,17600,NA,8452,3612
"2016-03-21",41223,3520,NA,17550,NA,8222,3568
"2016-03-22",39689,3410,NA,17300,NA,7821,3568
"2016-03-23",40089,3435,NA,17900,NA,7534,3541
"2016-03-24",39489,3445,NA,17900,NA,7763,3345
"2016-03-25",39289,3620,NA,17250,NA,7572,3486
"2016-03-28",39022,3565,NA,16750,NA,7399,3498
"2016-03-29",38622,3575,NA,16800,NA,7572,3502
"2016-03-30",38355,3525,NA,16600,NA,7419,3502
"2016-03-31",38221,3470,NA,16650,NA,7247,3490
"2016-04-01",37488,3375,NA,16350,NA,7247,3431
"2016-04-04",39155,3350,NA,16100,NA,7189,3388
"2016-04-05",38088,3320,NA,16050,NA,7017,3392
"2016-04-06",37554,3265,NA,16000,NA,6903,3388
"2016-04-07",36487,3395,NA,16500,NA,6846,3326
"2016-04-08",38021,3340,NA,16500,NA,7056,3310
"2016-04-11",36621,3410,NA,16500,NA,6960,3565
"2016-04-12",35620,3345,NA,16350,NA,7037,3584
"2016-04-14",35620,3295,NA,16600,NA,7056,3941
"2016-04-15",35887,3335,NA,16550,NA,6922,3815
"2016-04-18",35620,3365,NA,16500,NA,6884,3251
"2016-04-19",36687,3330,NA,16500,NA,6788,3314
"2016-04-20",36020,3315,NA,19150,NA,6769,3341
"2016-04-21",37354,3335,NA,18750,NA,6979,3408
"2016-04-22",36821,3300,NA,20100,NA,7247,3702
"2016-04-25",37221,3265,NA,19950,NA,7247,3706
"2016-04-26",36754,3270,NA,19200,NA,7133,3612
"2016-04-27",36754,3240,NA,18850,NA,7113,3612
"2016-04-28",38088,3220,NA,18850,NA,7591,3635
"2016-04-29",38221,3510,NA,19100,NA,7782,3631
"2016-05-02",37221,3515,NA,19500,NA,6846,3760
"2016-05-03",36821,3485,NA,19300,NA,6807,3741
"2016-05-04",36554,3530,NA,18300,NA,6578,3764
"2016-05-09",36687,3580,NA,18300,NA,5947,3737
"2016-05-10",37621,3520,NA,18500,NA,6196,3713
"2016-05-11",37688,3500,NA,18750,NA,6004,3870
"2016-05-12",37688,3505,NA,19000,NA,6310,3972
"2016-05-13",37821,3500,NA,19800,NA,6425,4223
"2016-05-16",37754,3520,NA,20300,NA,6310,5327
"2016-05-17",38088,3550,NA,20700,NA,6023,4849
"2016-05-18",37955,3510,NA,20400,NA,5813,5507
"2016-05-19",37354,3575,NA,19700,NA,5431,5617
"2016-05-20",37221,3500,NA,19850,NA,5660,5562
"2016-05-23",36821,3655,NA,19600,NA,5622,5515
"2016-05-24",36420,3630,NA,18800,NA,5315,5100
"2016-05-25",37421,3695,NA,19200,NA,5105,4230
"2016-05-26",37754,3550,NA,19050,NA,5201,4513
"2016-05-27",38088,3605,NA,20050,NA,5354,4246
"2016-05-30",37754,3515,NA,20150,NA,5870,3690
"2016-05-31",38155,3650,NA,20650,NA,5851,3670
"2016-06-01",37554,3605,NA,20800,NA,5928,3635
"2016-06-02",37154,3550,NA,20800,NA,5909,3537
"2016-06-03",37288,3485,NA,21250,NA,5583,3467
"2016-06-07",38021,3490,NA,21650,NA,5507,3478
"2016-06-08",38955,3480,NA,21500,NA,5373,3337
"2016-06-09",38822,3595,NA,20750,NA,5182,3365
"2016-06-10",39689,3695,NA,20600,NA,5909,3427
"2016-06-13",40156,3700,NA,20950,NA,6387,3416
"2016-06-14",39756,3920,NA,22200,NA,6960,3565
"2016-06-15",39155,3950,NA,21650,NA,6501,3690
"2016-06-16",39155,4020,NA,21000,NA,6348,3455
"2016-06-17",37955,3895,NA,20350,NA,6080,3459
"2016-06-20",38221,3870,NA,20700,NA,6080,3533
"2016-06-21",37354,3905,NA,20700,NA,6119,3443
"2016-06-22",37754,3960,NA,21000,NA,5851,3486
"2016-06-23",36954,3970,NA,20850,NA,5756,3392
"2016-06-24",34953,3845,NA,17450,NA,5641,3153
"2016-06-27",34753,3845,NA,17050,NA,5602,3263
"2016-06-28",35420,3795,NA,17000,NA,5583,3353
"2016-06-29",36154,3805,NA,17250,NA,5909,3396
"2016-06-30",36821,3730,NA,16950,NA,5870,3380
"2016-07-01",37554,3730,NA,17100,NA,5737,3572
"2016-07-04",38088,3770,NA,17050,NA,5583,3674
"2016-07-05",37754,3800,NA,17100,NA,5813,3670
"2016-07-06",36154,3825,NA,16700,NA,5718,3604
"2016-07-07",36020,3780,NA,16950,NA,5756,3545
"2016-07-08",35086,3780,NA,16700,NA,5622,3580
"2016-07-11",34753,3740,NA,16550,NA,5488,3619
"2016-07-12",35220,3675,NA,16850,NA,5411,3682
"2016-07-13",35220,3550,6590,16950,NA,5354,3690
"2016-07-14",34686,3550,6899,16800,NA,5315,3655
"2016-07-15",34152,3465,6796,16900,NA,5411,3604
"2016-07-18",33485,3385,6776,16800,NA,5774,3651
"2016-07-19",33252,3410,6968,16600,NA,5870,3623
"2016-07-20",33185,3410,6899,16650,NA,5909,3604
"2016-07-21",32685,3385,6803,16700,NA,5527,3655
"2016-07-22",33686,3350,6796,16600,NA,5392,3760
"2016-07-25",33752,3390,6487,16700,NA,5564,3862
"2016-07-26",33085,3350,6171,16700,NA,5583,3811
"2016-07-27",32985,3290,6226,16600,NA,5450,3753
"2016-07-28",33886,3375,6330,16950,NA,5392,3917
"2016-07-29",33619,3345,6232,16700,NA,5315,3839
"2016-08-01",34419,3300,5938,16850,NA,5067,3854
"2016-08-02",34820,3295,6205,16700,NA,5143,4113
"2016-08-03",33686,3230,6096,16400,NA,5411,4074
"2016-08-04",33819,3235,6330,16450,NA,5392,4191
"2016-08-05",33552,3280,6453,16500,NA,5239,4191
"2016-08-08",33352,3275,6343,16400,NA,5239,3972
"2016-08-09",33252,3285,6268,16400,NA,5105,4074
"2016-08-10",33119,3300,6123,16600,NA,4895,4035
"2016-08-11",33552,3345,6123,16450,NA,4800,4027
"2016-08-12",33419,3305,6185,16800,NA,4856,4058
"2016-08-16",33185,3275,6157,16750,NA,4800,4074
"2016-08-17",32852,3190,6117,16500,NA,4837,4027
"2016-08-18",32952,3065,5966,16400,NA,4819,4113
"2016-08-19",32918,3155,5869,16300,NA,4800,4160
"2016-08-22",32685,3110,6041,16000,NA,4800,4136
"2016-08-23",32351,3110,6179,16100,NA,4704,4136
"2016-08-24",32885,3050,6185,16000,NA,4742,4285
"2016-08-25",33152,3040,6157,15950,NA,4856,4215
"2016-08-26",32852,3050,6090,15900,NA,5354,4246
"2016-08-29",32418,2915,5972,15250,NA,5143,4403
"2016-08-30",33185,2895,5801,15300,NA,5048,4646
"2016-08-31",32885,2915,5697,15200,NA,4742,4669
"2016-09-01",33219,2890,5519,15050,NA,4742,4536
"2016-09-02",33552,2935,5519,15150,NA,4723,4724
"2016-09-05",33419,2990,5492,15350,NA,4436,4693
"2016-09-06",33119,2955,5431,15450,NA,4474,4685
"2016-09-07",32885,2925,5402,15150,NA,4187,4787
"2016-09-08",32518,2925,5451,14750,NA,3423,4896
"2016-09-09",32285,2980,5306,14600,NA,3900,4818
"2016-09-12",32418,2915,5197,14500,NA,3844,4466
"2016-09-13",32418,2915,5306,14450,NA,3825,4520
"2016-09-19",32151,2960,5471,14700,NA,4016,5695
"2016-09-20",32351,3170,5780,15050,NA,4130,5476
"2016-09-21",32151,3190,5828,14800,NA,3958,5257
"2016-09-22",32151,3175,5732,14900,NA,4054,5084
"2016-09-23",32652,3175,5869,15050,NA,3977,5037
"2016-09-26",32718,3220,5999,15200,NA,3920,5022
"2016-09-27",32552,3200,6130,15050,NA,3939,5053
"2016-09-28",32585,3200,6171,14800,NA,3813,4998
"2016-09-29",32285,3190,6240,14700,NA,3755,4701
"2016-09-30",31551,3150,6144,14800,NA,3649,4567
"2016-10-04",31651,3295,6315,15050,NA,3568,4552
"2016-10-05",31017,3250,6315,15100,NA,3557,4520
"2016-10-06",30784,3265,6240,15150,NA,3534,4544
"2016-10-07",29283,3300,6082,15150,NA,3748,4332
"2016-10-10",28883,3270,6308,15200,NA,3813,4340
"2016-10-11",29083,3240,6364,15600,NA,3671,4238
"2016-10-12",29250,3200,6308,15600,NA,2957,4238
"2016-10-13",29216,3150,6240,15350,NA,2957,4442
"2016-10-14",29450,3180,6179,15300,NA,2934,4277
"2016-10-17",28916,3110,5972,15000,NA,2884,4324
"2016-10-18",28549,3145,5856,14800,NA,2723,4371
"2016-10-19",27682,3210,5835,14750,NA,2612,4473
"2016-10-20",27182,3150,5869,14700,NA,2570,4505
"2016-10-21",26682,3250,5732,14750,NA,2635,4520
"2016-10-24",28149,3185,5732,14500,NA,2539,4481
"2016-10-25",30050,3180,5684,14350,NA,2440,4332
"2016-10-26",30217,3040,5402,14200,NA,2383,3839
"2016-10-27",30484,3020,5389,14400,NA,2394,3839
"2016-10-28",30684,2990,5546,14250,NA,2390,3745
"2016-10-31",30817,2940,5321,13700,NA,2215,3518
"2016-11-01",30751,2980,5321,13900,NA,2234,3561
"2016-11-02",30350,2890,5183,13300,NA,2188,3369
"2016-11-03",30317,2985,5526,13150,NA,2245,3384
"2016-11-04",29983,2950,5499,13100,NA,2180,3306
"2016-11-07",30317,2960,5471,13400,NA,2275,3549
"2016-11-08",30517,2970,5554,13700,NA,2390,3545
"2016-11-09",30450,2880,5526,13000,NA,2314,3212
"2016-11-10",30350,2955,5739,13400,NA,2371,3474
"2016-11-11",30550,3085,5925,13300,NA,2383,3553
"2016-11-14",30517,3120,5877,13550,NA,2512,3498
"2016-11-15",30350,3055,5938,13500,NA,2512,3525
"2016-11-16",29883,3155,6048,14200,NA,2512,3619
"2016-11-17",29750,3145,5966,14100,NA,2512,3686
"2016-11-18",28816,3150,5877,13900,NA,2512,3643
"2016-11-21",28349,3120,5931,13350,NA,2512,3525
"2016-11-22",28049,3090,5897,13200,NA,2512,3596
"2016-11-23",27816,3135,5828,12850,NA,2512,3518
"2016-11-24",26948,3030,5746,12800,NA,2512,3627
"2016-11-25",27215,2950,5594,12850,NA,2512,3737
"2016-11-28",28516,2955,5677,12950,NA,2512,3901
"2016-11-29",30150,2960,5739,12950,NA,2512,3792
"2016-11-30",30851,2965,5877,13050,NA,2512,3815
"2016-12-01",31184,2920,5883,12850,NA,2512,3862
"2016-12-02",31318,2900,5766,12800,NA,2512,3823
"2016-12-05",31284,2820,5712,12500,NA,2512,3592
"2016-12-06",31017,2805,5739,12600,NA,2512,3623
"2016-12-07",30984,2865,5945,12700,NA,2512,3784
"2016-12-08",30617,2860,5938,12850,NA,2512,3694
"2016-12-09",30384,2815,5904,12900,NA,2512,3898
"2016-12-12",30684,2850,5979,13450,NA,2512,4599
"2016-12-13",30150,2840,5986,13650,NA,2512,4599
"2016-12-14",31184,2840,6007,13450,NA,2512,4614
"2016-12-15",30917,2855,6048,13550,NA,2512,4661
"2016-12-16",30917,2875,6123,13450,NA,2516,4607
"2016-12-19",30717,2885,6151,13300,NA,2180,4779
"2016-12-20",30150,2880,6035,13600,NA,2084,4701
"2016-12-21",30117,2845,6110,13450,NA,2211,4693
"2016-12-22",29950,2800,6110,13150,NA,2211,4826
"2016-12-23",29883,2830,6082,13250,NA,2211,4920
"2016-12-26",29283,2835,6138,13400,NA,2211,4356
"2016-12-27",29150,2880,6274,13400,NA,2211,4489
"2016-12-28",29583,2865,6274,13650,NA,2211,4701
"2016-12-29",29450,2855,6267,13750,NA,2211,4638
"2017-01-02",29683,2815,6146,14250,NA,2211,4779
"2017-01-03",29283,2825,6033,14350,NA,2211,4834
"2017-01-04",28516,2790,6040,14800,NA,2211,4857
"2017-01-05",28316,2775,6176,14500,NA,2211,4818
"2017-01-06",27782,2805,6282,14500,NA,2211,4975
"2017-01-09",27549,2785,6320,14050,NA,2211,4967
"2017-01-10",27916,2765,6313,14050,NA,2211,4881
"2017-01-11",28216,2765,6237,14200,NA,2211,4646
"2017-01-12",27749,2760,6274,14100,NA,2211,4340
"2017-01-13",27749,2775,6290,14100,NA,2400,4309
"2017-01-16",27615,2760,6282,13900,NA,2302,4199
"2017-01-17",27615,2740,6259,13850,NA,2141,4058
"2017-01-18",27482,2740,6244,14550,NA,1971,4027
"2017-01-19",27149,2725,6230,14450,NA,2064,3713
"2017-01-20",28116,2700,6206,14450,NA,2172,3686
"2017-01-23",27249,2640,6388,14300,NA,2208,3424
"2017-01-24",27082,2725,6380,14100,NA,2240,3525
"2017-01-25",26782,2800,6274,14100,NA,2285,3322
"2017-01-26",26315,2800,6191,14200,NA,2266,3333
"2017-01-31",26415,2775,6222,14000,NA,2264,3063
"2017-02-01",26848,2815,6123,14150,NA,2222,3036
"2017-02-02",27182,2805,6002,14000,NA,2268,2127
"2017-02-03",27282,2815,6078,13700,NA,2270,1496
"2017-02-06",26882,2825,6026,13600,NA,2321,1500
"2017-02-07",26615,2835,6018,13600,NA,2309,1430
"2017-02-08",26048,2820,5934,13400,NA,2520,1504
"2017-02-09",26015,2855,6297,13350,NA,2621,1485
"2017-02-10",26582,2885,6327,13550,NA,2793,1434
"2017-02-13",25981,3025,6327,13600,NA,2846,1489
"2017-02-14",25881,3015,6342,13600,NA,3019,1504
"2017-02-15",25881,3070,6448,13700,NA,2909,1692
"2017-02-16",25915,3085,6304,13500,NA,2750,1692
"2017-02-17",25881,3090,6365,13600,NA,2789,1708
"2017-02-20",25448,3070,6365,13800,NA,2841,1649
"2017-02-21",25915,3070,6501,13800,NA,2918,1630
"2017-02-22",25915,3075,6471,13650,NA,3048,1673
"2017-02-23",26548,3165,6720,13700,NA,3144,1630
"2017-02-24",26815,3165,6720,13700,NA,3158,1594
"2017-02-27",26548,3160,6796,13700,NA,3201,1626
"2017-02-28",26515,3165,6766,13700,NA,3115,1622
"2017-03-02",26682,3120,6705,13700,NA,3081,1583
"2017-03-03",26315,3115,6749,13400,NA,3105,1543
"2017-03-06",25881,3175,6841,13450,NA,3091,1637
"2017-03-07",26315,3180,6720,13450,NA,3110,1590
"2017-03-08",26381,3230,6788,13600,NA,3048,1594
"2017-03-09",26381,3225,6645,13900,NA,3120,1563
"2017-03-10",26381,3250,6984,13900,NA,3110,1614
"2017-03-13",26315,3210,6931,13800,NA,3096,1606
"2017-03-14",25915,3190,6901,13750,NA,3048,1692
"2017-03-15",25681,3060,6758,13550,NA,3062,1622
"2017-03-16",25748,3060,6689,13550,NA,2995,1606
"2017-03-17",25881,3065,6637,13600,NA,2928,1583
"2017-03-20",25814,3040,6508,13400,NA,2947,1567
"2017-03-21",25748,3040,6417,13250,NA,3014,1539
"2017-03-22",25548,3050,6478,13150,NA,3005,1583
"2017-03-23",25681,3030,6365,13100,NA,3038,1532
"2017-03-24",26015,3035,6388,13200,NA,3024,1496
"2017-03-27",27315,3025,6554,13100,NA,3009,1461
"2017-03-28",27048,3030,6441,13150,NA,2976,1485
"2017-03-29",27582,3130,6455,13100,NA,2961,1465
"2017-03-30",27916,3125,6508,13150,NA,2961,1426
"2017-03-31",29183,3115,6494,13250,NA,2952,1485
"2017-04-03",29850,3115,6485,13300,NA,2861,1508
"2017-04-04",29350,3145,6554,13300,NA,2865,1449
"2017-04-05",28783,3210,6538,13200,NA,2856,1457
"2017-04-06",29750,3170,6494,13200,NA,2832,1434
"2017-04-07",28900,3150,6455,13300,NA,2784,1426
"2017-04-10",28050,3105,6448,12950,NA,2592,1351
"2017-04-11",27950,3045,6463,13050,NA,2544,1379
"2017-04-12",28000,3025,6380,12900,NA,2597,1375
"2017-04-13",28450,3060,6516,13050,NA,2779,1410
"2017-04-14",28050,3010,6417,12850,NA,2765,1371
"2017-04-17",28100,3060,6592,12900,NA,2918,1410
"2017-04-18",28100,3150,6546,13100,NA,2952,1406
"2017-04-19",27900,3110,6524,13300,NA,2952,1410
"2017-04-20",28250,3075,6508,13300,NA,2933,1387
"2017-04-21",28150,3055,6508,13600,NA,2861,1387
"2017-04-24",28050,3080,6395,13550,NA,2832,1328
"2017-04-25",28000,3060,6425,13800,NA,2774,1355
"2017-04-26",27900,3100,6516,14100,NA,2683,1375
"2017-04-27",27850,3140,6546,14000,NA,2798,1363
"2017-04-28",27600,3165,6599,14000,NA,3043,1347
"2017-05-02",27150,3145,6562,13900,NA,2923,1332
"2017-05-04",27050,3155,6705,13950,NA,2832,1351
"2017-05-08",27200,3165,6705,13950,NA,2837,1347
"2017-05-10",26900,3230,6742,13900,NA,2769,1347
"2017-05-11",27100,3320,6735,13800,NA,2774,1347
"2017-05-12",26750,3320,6825,13650,NA,2731,1336
"2017-05-15",27300,3345,6916,13750,NA,2688,1328
"2017-05-16",28850,3245,7000,13800,NA,2712,1300
"2017-05-17",29300,3390,7097,13700,NA,2664,1394
"2017-05-18",31050,3395,7045,13650,NA,2587,1363
"2017-05-19",31050,3405,6924,13850,NA,2506,1406
"2017-05-22",31050,3490,6991,13900,NA,2486,1394
"2017-05-23",30700,3535,7007,13950,NA,2520,1383
"2017-05-24",31500,3540,7029,13900,NA,2683,1398
"2017-05-25",31400,3545,7007,13650,NA,2640,1434
"2017-05-26",31250,3600,7037,13500,NA,2621,1410
"2017-05-29",32200,3495,7045,13600,NA,2496,1379
"2017-05-30",31350,3535,7037,13600,NA,2510,1441
"2017-05-31",30300,3575,7060,13650,NA,2544,1508
"2017-06-01",30500,3555,7052,13650,NA,2501,1473
"2017-06-02",30900,3590,7211,13700,NA,2530,1449
"2017-06-05",30400,3580,7233,13800,NA,2530,1422
"2017-06-07",30200,3475,7082,13950,NA,2458,1430
"2017-06-08",30450,3485,7157,13800,NA,2530,1414
"2017-06-09",32000,3520,7090,13750,NA,2621,1445
"2017-06-12",31700,3520,6909,13900,NA,2870,1449
"2017-06-13",31300,3655,7174,13950,NA,2971,1492
"2017-06-14",31450,3580,7143,13950,NA,3014,1469
"2017-06-15",31450,3570,7135,13900,NA,2966,1438
"2017-06-16",34000,3515,7045,13850,NA,3009,1441
"2017-06-19",34500,3560,7082,13750,NA,3081,1418
"2017-06-20",34800,3565,7105,13550,NA,3096,1367
"2017-06-21",35650,3400,7037,13450,NA,3053,1355
"2017-06-22",35000,3320,6977,13400,NA,2961,1351
"2017-06-23",34950,3375,6977,13450,NA,3053,1371
"2017-06-26",34950,3275,6984,13300,NA,2904,1336
"2017-06-27",34100,3180,6841,13400,NA,2880,1328
"2017-06-28",34100,3220,6825,13300,NA,2817,1308
"2017-06-29",34000,3270,6909,13300,NA,2918,1308
"2017-06-30",34800,3280,6961,13300,NA,2961,1285
"2017-07-03",34250,3265,6953,13450,NA,2846,1261
"2017-07-04",33750,3215,6961,13500,NA,2942,1269
"2017-07-05",34250,3330,7022,13350,NA,2942,1281
"2017-07-06",34700,3395,7165,13400,NA,2817,1297
"2017-07-07",35450,3400,7074,13350,NA,2741,1281
"2017-07-10",35050,3335,7022,13300,NA,2789,1277
"2017-07-11",35150,3430,7060,13200,NA,2832,1332
"2017-07-12",34750,3370,6953,13150,NA,3029,1285
"2017-07-13",36000,3400,7067,13050,NA,3091,1234
"2017-07-14",35800,3445,7135,13150,NA,3336,1210
"2017-07-17",35250,3525,7361,13200,NA,3317,1214
"2017-07-18",35500,3635,7589,13200,NA,3317,1214
"2017-07-19",35200,3695,7505,13200,NA,3168,1261
"2017-07-20",34850,3710,7701,13350,NA,2981,1253
"2017-07-21",34800,3700,7701,13200,NA,3000,1253
"2017-07-24",34600,3660,7852,13200,NA,3211,1230
"2017-07-25",34600,3615,7589,13200,NA,3240,1222
"2017-07-26",34500,3690,7740,13150,NA,3072,1210
"2017-07-27",34400,3695,7815,13050,NA,3057,1191
"2017-07-28",34200,3625,7701,13000,NA,3009,1152
"2017-07-31",34250,3615,7777,13000,NA,2913,1112
"2017-08-01",35100,3650,7852,12950,NA,2933,1132
"2017-08-02",34900,3580,7701,13050,NA,2966,1159
"2017-08-03",33250,3380,7045,12750,NA,2985,1120
"2017-08-04",33500,3395,7029,12700,NA,2909,1191
"2017-08-07",33400,3310,6961,12850,NA,2966,1206
"2017-08-08",33500,3480,7037,12900,NA,3029,1203
"2017-08-09",33000,3360,6773,12850,NA,2961,1163
"2017-08-10",33600,3420,6856,12700,NA,2909,1159
"2017-08-11",32950,3400,6735,12400,NA,2971,1402
"2017-08-14",32850,3400,6728,12100,NA,2899,1387
"2017-08-16",32600,3400,6698,12150,NA,2923,1351
"2017-08-17",32000,3500,6720,12050,NA,2841,1387
"2017-08-18",31800,3485,6856,12300,NA,2726,1332
"2017-08-21",31250,3480,6682,12250,NA,2371,1355
"2017-08-22",30200,3495,6818,12250,NA,3038,1332
"2017-08-23",30150,3575,6856,12650,NA,3595,1297
"2017-08-24",29550,3450,6796,12450,NA,3499,1316
"2017-08-25",28950,3505,6780,12650,NA,3254,1371
"2017-08-28",29300,3495,6735,12900,NA,3350,1336
"2017-08-29",29300,3505,6742,12850,NA,3355,1300
"2017-08-30",29750,3440,6749,12700,NA,3461,1328
"2017-08-31",29850,3395,7007,12700,NA,3566,1320
"2017-09-01",30450,3425,6909,12500,NA,3437,1320
"2017-09-04",29650,3355,6796,12200,NA,3269,1246
"2017-09-05",30100,3265,6803,12250,NA,2928,1214
"2017-09-06",29700,3155,6705,12300,NA,2971,1218
"2017-09-07",30000,3235,6689,12300,NA,2784,1226
"2017-09-08",29800,3230,6645,12300,NA,3341,1206
"2017-09-11",29600,3180,6516,12350,NA,3201,1226
"2017-09-12",29350,3160,6531,12300,NA,3336,1210
"2017-09-13",30000,3190,6667,12100,NA,3369,1167
"2017-09-14",30600,3165,6501,12150,NA,3485,1199
"2017-09-15",28350,3155,6485,12250,NA,3494,1230
"2017-09-18",27400,3175,6494,12250,NA,3408,1222
"2017-09-19",27900,3170,6395,12200,NA,3588,1195
"2017-09-20",27050,3120,6274,12200,NA,3323,1175
"2017-09-21",27200,3150,6313,12100,NA,3302,1167
"2017-09-22",26550,3180,6154,11750,NA,3196,1120
"2017-09-25",26000,3210,6055,11200,NA,3397,1062
"2017-09-26",25750,3200,6048,11200,NA,3312,1065
"2017-09-27",26700,3175,5988,11550,NA,3259,1081
"2017-09-28",28150,3290,6026,11500,NA,3180,1069
"2017-09-29",28200,3310,6313,11650,NA,3185,1109
"2017-10-10",28300,3270,6365,11750,NA,3004,1089
"2017-10-11",28250,3380,6297,11900,NA,2994,1120
"2017-10-12",27500,3420,6342,12000,NA,2866,1105
"2017-10-13",27050,3415,6403,11950,NA,2643,1101
"2017-10-16",26950,3360,6327,11950,NA,2585,1089
"2017-10-17",27600,3405,6342,11900,NA,2463,1069
"2017-10-18",27750,3335,6327,11600,NA,2580,1038
"2017-10-19",28150,3330,6342,11650,NA,2601,1058
"2017-10-20",29200,3385,6463,11650,NA,2681,1089
"2017-10-23",29500,3370,6342,11700,NA,2633,1097
"2017-10-24",29900,3330,6350,11750,NA,2543,1124
"2017-10-25",29900,3310,6350,11800,NA,2553,1124
"2017-10-26",30200,3255,6320,11850,NA,2516,1132
"2017-10-27",30350,3290,6388,12250,NA,2431,1132
"2017-10-30",30100,3300,6334,12350,NA,2346,1116
"2017-10-31",30100,3320,6373,12300,NA,2500,1124
"2017-11-01",29500,3305,6471,12300,NA,2314,1120
"2017-11-02",30050,3330,6645,12200,NA,2267,1148
"2017-11-03",29000,3340,6576,12050,NA,2261,1163
"2017-11-06",29250,3315,6569,12150,NA,2229,1152
"2017-11-07",29850,3360,6621,12250,NA,2293,1136
"2017-11-08",30000,3530,6766,12150,NA,2320,1136
"2017-11-09",29950,3460,6796,12150,NA,2293,1191
"2017-11-10",30000,3410,6621,12250,NA,2298,1222
"2017-11-13",30050,3340,6463,12300,NA,2373,1203
"2017-11-14",30250,3280,6327,12750,NA,2383,1187
"2017-11-15",29650,3220,6327,12500,NA,2336,1206
"2017-11-16",29650,3210,6327,12400,NA,2330,1328
"2017-11-17",29850,3250,6290,12500,NA,2399,1340
"2017-11-20",30000,3270,6206,12650,NA,2394,1347
"2017-11-21",29950,3280,6252,12400,NA,2468,1351
"2017-11-22",29600,3245,6154,12450,NA,2527,1367
"2017-11-23",30400,3245,6176,12500,NA,2505,1344
"2017-11-24",31200,3310,6146,12500,NA,2590,1387
"2017-11-27",30950,3285,6100,12300,NA,2697,1308
"2017-11-28",31450,3410,6199,12300,NA,3111,1265
"2017-11-29",31400,3370,6237,12200,NA,3132,1265
"2017-11-30",31500,3430,6230,12100,NA,2819,1238
"2017-12-01",31300,3430,6176,12200,13300,2612,1293
"2017-12-04",31600,3375,6267,12250,12000,3063,1277
"2017-12-05",32400,3335,6282,12300,11800,2914,1367
"2017-12-06",32650,3305,6282,12300,11550,3339,1359
"2017-12-07",32350,3230,6026,11950,11000,3238,1434
"2017-12-08",32850,3195,6026,12050,11000,2999,1363
"2017-12-11",32900,3175,5934,12150,11050,2803,1351
"2017-12-12",32750,3215,5927,12300,10950,2654,1391
"2017-12-13",32550,3160,5867,12300,10700,2739,1379
"2017-12-14",31900,3170,5958,12200,10700,2898,1391
"2017-12-15",32700,3170,5988,12250,10800,3058,1441
"2017-12-18",32900,3175,6100,12200,10550,3971,1430
"2017-12-19",32450,3175,6048,12200,10800,3705,1379
"2017-12-20",32150,3175,6116,12200,10700,3217,1351
"2017-12-21",32450,3175,6116,12100,10250,2792,1293
"2017-12-22",32200,3190,6169,12100,10600,2813,1300
"2017-12-26",31450,3205,6116,12100,10900,2813,1281
"2017-12-27",32000,3165,6074,12150,10750,2925,1289
"2017-12-28",33650,3130,6124,12250,10700,2654,1336
"2018-01-02",34700,3155,6050,12250,10800,2904,1351
"2018-01-03",34500,3155,5959,12300,10600,3774,1402
"2018-01-04",33600,3180,5842,12400,10750,3636,1367
"2018-01-05",33700,3185,5900,13800,11600,3652,1375
"2018-01-08",31600,3225,5859,14000,11650,4034,1363
"2018-01-09",32050,3190,5884,14000,11500,3907,1316
"2018-01-10",31350,3180,5851,15650,11350,4034,1324
"2018-01-11",31300,3190,5950,15600,11400,2951,1355
"2018-01-12",31850,3150,5867,16300,11050,2973,1320
"2018-01-15",32350,3265,5884,16700,10900,3291,1312
"2018-01-16",32400,3265,5908,16500,10950,3142,1316
"2018-01-17",31750,3240,5876,16450,10900,3418,1383
"2018-01-18",32100,3225,5867,16250,10850,3270,1379
"2018-01-19",31650,3250,5900,15800,11600,3217,1402
"2018-01-22",30950,3250,5867,15700,11750,3355,1383
"2018-01-23",31750,3245,5842,15800,11950,3387,1430
"2018-01-24",32200,3200,5817,16750,12400,3397,1426
"2018-01-25",32100,3205,5851,16800,12400,3233,1434
"2018-01-26",31900,3240,5900,16750,12450,3392,1508
"2018-01-29",32850,3310,6223,16500,12800,3302,1512
"2018-01-30",32950,3275,6215,16200,12700,3318,1543
"2018-01-31",33150,3290,6182,16250,12750,3265,1489
"2018-02-01",33800,3275,6191,16300,12650,3355,1524
"2018-02-02",33550,3210,6124,15600,12300,3265,1555
"2018-02-05",32600,3170,6009,14900,11800,3169,1524
"2018-02-06",32700,3045,5842,14600,11950,2999,1441
"2018-02-07",31150,2910,5693,14500,11600,2893,1371
"2018-02-08",31300,3000,5685,14550,11650,2962,1375
"2018-02-09",31250,2925,5767,14500,11600,2835,1418
"2018-02-12",30950,2960,5619,14550,11600,2941,1418
"2018-02-13",29600,2915,5652,14400,11650,2866,1434
"2018-02-14",28700,2955,5668,14500,11850,2882,1434
"2018-02-19",29150,3035,5751,14750,11950,2951,1441
"2018-02-20",29100,3030,5743,14750,12050,3095,1504
"2018-02-21",29100,3040,5718,14750,11800,3164,1551
"2018-02-22",29100,3005,5652,14650,11800,3084,1528
"2018-02-23",29600,3000,5660,14550,12200,3052,1489
"2018-02-26",29450,3045,5668,14700,12450,3100,1504
"2018-02-27",30050,3025,5660,14700,13100,2994,1528
"2018-02-28",30450,2950,5635,14500,13150,2840,1496
"2018-03-02",29900,2950,5553,14550,13500,2866,1496
"2018-03-05",29150,2910,5494,15300,13450,2728,1434
"2018-03-06",30100,2915,5444,15700,13100,2760,1438
"2018-03-07",29800,2900,5370,15600,12350,2606,1453
"2018-03-08",29800,2900,5312,15900,12650,2590,1461
"2018-03-09",29650,2975,5387,15800,12550,2527,1489
"2018-03-12",30600,2985,5452,15750,12900,2553,1500
"2018-03-13",30400,3005,5436,15600,13100,2452,1504
"2018-03-14",30550,2965,5321,15350,13050,2463,1489
"2018-03-15",30700,2980,5329,15300,13200,2463,1492
"2018-03-16",30400,2975,5337,15400,13500,2574,1516
"2018-03-19",29500,2940,5337,15200,13600,2521,1461
"2018-03-20",29400,2920,5246,15450,13350,2484,1504
"2018-03-21",28550,2910,5220,15500,12900,2447,1473
"2018-03-22",28150,2960,5196,15350,12400,2452,1453
"2018-03-23",27450,2890,5038,14600,12400,2293,1383
"2018-03-26",27300,2955,5063,14600,12350,2378,1434
"2018-03-27",28300,2965,5063,14850,12500,2336,1477
"2018-03-28",27950,2960,4989,14600,11950,2272,1485
"2018-03-29",28900,3005,4964,14300,11950,2283,1489
"2018-03-30",28900,2975,5063,14300,12050,2314,1622
"2018-04-02",29050,2955,5014,14350,12100,2229,1661
"2018-04-03",28950,2925,5080,14850,11950,2219,1688
"2018-04-04",28850,2905,4989,14800,12150,2182,1861
"2018-04-05",29150,2925,5014,14700,12450,2155,1841
"2018-04-06",29100,2920,5006,14800,12100,2070,1947
"2018-04-09",29200,2950,4989,14700,11800,2192,1966
"2018-04-10",28400,2960,4947,14750,11500,2229,1927
"2018-04-11",28500,2925,5038,15150,11400,2389,2013
"2018-04-12",27950,2955,4939,15300,11250,2532,2021
"2018-04-13",28000,2940,4848,15200,11400,2527,2166
"2018-04-16",28200,2920,4856,14950,11200,2553,2624
"2018-04-17",27800,2910,4782,15100,11050,2574,2628
"2018-04-18",28150,2920,4806,15100,11150,2601,2331
"2018-04-19",28150,2995,4915,15100,11700,2776,2452
"2018-04-20",28950,3025,4923,15050,11400,2792,2452
"2018-04-23",29650,2995,4947,14950,12300,2713,2389
"2018-04-24",29650,3045,5055,15000,12300,3111,2323
"2018-04-25",29150,3040,5287,15800,11950,3174,2272
"2018-04-26",29000,3030,5105,15800,11700,3063,2225
"2018-04-27",29500,3035,5105,15750,11800,3031,2358
"2018-04-30",29600,3080,5138,16000,11650,3158,2205
"2018-05-02",30850,3115,5279,16200,12300,3100,2060
"2018-05-03",30650,3060,5147,16150,12150,2930,2017
"2018-05-04",31450,3145,5080,16350,12350,2750,1974
"2018-05-08",30450,3090,5055,16350,12350,2490,1974
"2018-05-09",30300,3020,5038,16600,11750,2548,1998
"2018-05-10",30800,3050,5080,17400,11650,2707,2029
"2018-05-11",31400,3085,5097,17500,11700,2638,2053
"2018-05-14",31650,3115,5212,17900,12400,2564,2009
"2018-05-15",31500,3095,5188,17350,14050,2681,2025
"2018-05-16",31550,3055,5080,16700,14400,2405,1833
"2018-05-17",30900,3075,4989,16800,14200,2436,1915
"2018-05-18",30400,3010,4931,17000,14300,2468,1982
"2018-05-21",29950,2995,4947,17300,14050,2553,2166
"2018-05-23",30000,2950,4897,17200,13550,2612,2092
"2018-05-24",30200,2950,4856,17000,13100,2675,2029
"2018-05-25",30100,2895,4748,16200,12700,2649,2107
"2018-05-28",32400,2925,4657,16000,13700,2665,2276
"2018-05-29",32150,2890,4582,15900,13200,2548,2194
"2018-05-30",31700,2895,4491,15300,13400,2474,2335
"2018-05-31",32600,2920,4400,15250,13050,2357,2229
"2018-06-01",32550,2880,4442,15550,12900,2277,2198
"2018-06-04",32650,2870,4508,15150,12550,2283,2092
"2018-06-05",32850,2930,4425,15300,12500,2415,2076
"2018-06-07",32700,2915,4376,15150,12600,2341,2350
"2018-06-08",32600,2940,4467,15300,12850,2421,2440
"2018-06-11",32500,2955,4467,15400,12800,2272,2366
"2018-06-12",32650,2935,4508,14950,12900,2330,2276
"2018-06-14",32900,2930,4350,14800,12550,2219,2288
"2018-06-15",32400,2870,4326,14850,12350,2261,2190
"2018-06-18",32400,2775,4185,14200,11750,2224,1865
"2018-06-19",32200,2715,4106,13700,11500,2118,1876
"2018-06-20",32300,2805,4127,13750,11650,2155,2025
"2018-06-21",30900,2770,4056,13700,11650,2118,1974
"2018-06-22",31400,2775,4144,13700,11850,2272,1904
"2018-06-25",31600,2790,4301,13700,11950,2357,1790
"2018-06-26",31800,2750,4235,14000,12400,2293,1673
"2018-06-27",31200,2750,4210,14150,12100,2596,1626
"2018-06-28",31000,2710,4131,13900,11950,2436,1739
"2018-06-29",31000,2715,4123,14000,12150,2484,1579
"2018-07-02",30800,2630,4202,13600,12000,2336,1477
"2018-07-03",30900,2595,4243,13600,11600,2394,1536
"2018-07-04",31200,2635,4309,13600,11400,2490,1536
"2018-07-05",31900,2625,4115,13550,11050,2559,1457
"2018-07-06",32500,2715,4350,13800,11500,2723,1500
"2018-07-09",32700,2755,4350,13600,11750,2829,1453
"2018-07-10",32900,2790,4376,13900,11950,2516,1485
"2018-07-11",32600,2795,4400,13950,12250,2479,1508
"2018-07-12",33050,2830,4433,14100,12100,2436,1524
"2018-07-13",33100,2810,4376,14350,12350,2389,1508
"2018-07-16",32700,2775,4326,14150,12300,2346,1496
"2018-07-17",32750,2780,4318,14300,12250,2436,1555
"2018-07-18",33000,2785,4376,14350,11550,2490,1524
"2018-07-19",32450,2750,4318,14200,11750,2421,1485
"2018-07-20",31900,2700,4326,13900,11800,2346,1465
"2018-07-23",31800,2680,4301,13900,11700,2245,1379
"2018-07-24",31850,2790,4384,13900,11500,2229,1430
"2018-07-25",31500,2810,4433,13350,11450,2229,1414
"2018-07-26",31750,2840,4475,13450,11450,2219,1449
"2018-07-27",32100,2860,4459,13600,11550,2229,1465
"2018-07-30",32600,2880,4525,13500,11550,2208,1461
"2018-07-31",33000,2875,4566,13550,11650,2198,1457
"2018-08-01",33050,2915,4533,13950,12400,2251,1496
"2018-08-02",33000,2880,4525,14000,12050,2235,1461
"2018-08-03",33000,2895,4558,14100,12500,2272,1508
"2018-08-06",33050,2905,4591,13900,12200,2283,1536
"2018-08-07",32300,2910,4641,14150,12000,2272,1516
"2018-08-08",32750,2915,4641,14700,12000,2224,1492
"2018-08-09",32900,2900,4600,14600,12550,2272,1598
"2018-08-10",32350,2905,4525,14500,12450,2229,1508
"2018-08-13",32050,2840,4417,13900,12400,2134,1438
"2018-08-14",32350,2935,4517,13900,12400,2261,1418
"2018-08-16",32300,2950,4475,13900,12400,2229,1422
"2018-08-17",32350,2955,4475,13800,12150,2208,1465
"2018-08-20",32200,2975,4508,13450,12200,2293,1469
"2018-08-21",32450,2935,4433,13700,12100,2421,1473
"2018-08-22",32200,2885,4425,13550,12100,2500,1473
"2018-08-23",32250,2865,4417,13500,11900,2516,1469
"2018-08-24",32200,2810,4425,13550,11950,2628,1449
"2018-08-27",32400,2845,4433,13700,11950,2633,1422
"2018-08-28",32550,2895,4467,13450,11900,2612,1426
"2018-08-29",32500,2900,4483,13650,12000,2410,1402
"2018-08-30",31900,2870,4500,13400,12400,2405,1406
"2018-08-31",31650,2880,4483,13600,12500,2442,1418
"2018-09-03",31050,2825,4483,13600,12900,2659,1387
"2018-09-04",31050,2830,4467,13700,13150,2824,1387
"2018-09-05",30700,2830,4475,13550,12950,2643,1394
"2018-09-06",30950,2805,4425,13500,13100,2606,1406
"2018-09-07",30300,2835,4359,13550,13150,2638,1473
"2018-09-10",30700,2860,4359,13050,13350,2702,1496
"2018-09-11",31350,2865,4392,13150,13150,2649,1492
"2018-09-12",31300,2870,4442,13400,13250,2718,1473
"2018-09-13",31450,2950,4525,13400,13350,2702,1543
"2018-09-14",31750,2910,4715,13300,13300,2622,1520
"2018-09-17",32000,2870,4691,13250,13200,2797,1504
"2018-09-18",31200,2845,4691,13100,13100,2734,1524
"2018-09-19",32100,2810,4616,13300,13100,2670,1536
"2018-09-20",32400,2865,4723,13250,12900,2564,1481
"2018-09-21",33250,2865,4723,13250,13150,2612,1500
"2018-09-27",34600,2815,4566,13000,13300,2728,1496
"2018-09-28",34600,2790,4624,12950,13450,2771,1430
"2018-10-01",36650,2780,4641,12750,13850,2760,1430
"2018-10-02",37400,2765,4582,12700,13500,2606,1398
"2018-10-04",36400,2740,4491,12500,13950,2590,1418
"2018-10-05",35550,2690,4491,12200,13600,2601,1391
"2018-10-08",34450,2670,4500,12050,13200,2500,1391
"2018-10-10",33150,2610,4368,11950,12500,2410,1281
"2018-10-11",32850,2490,4102,10950,11700,2357,1206
"2018-10-12",33700,2525,4160,11300,12150,2447,1199
"2018-10-15",33850,2485,4144,11450,12200,2304,1152
"2018-10-16",33800,2480,4127,11700,12250,2383,1179
"2018-10-17",33700,2505,4127,11850,12250,2352,1199
"2018-10-18",32700,2530,4019,11650,12350,2336,1191
"2018-10-19",31650,2540,4019,12050,12350,2330,1183
"2018-10-22",31650,2500,4027,11950,11950,2314,1183
"2018-10-23",31650,2410,3899,11400,11950,2192,1132
"2018-10-24",31450,2375,3803,11450,12000,2219,1065
"2018-10-25",31000,2370,3696,11100,12100,2113,1042
"2018-10-26",30350,2300,3563,10750,11650,1991,999
"2018-10-29",29600,2280,3468,10200,11000,1815,928
"2018-10-30",30250,2305,3563,9950,11200,1842,979
"2018-10-31",30600,2345,3600,10050,11500,1863,995
"2018-11-01",30750,2360,3555,10000,11700,1815,1293
"2018-11-02",31350,2470,3675,10550,11900,1938,1332
"2018-11-05",30300,2475,3571,10600,11850,1975,1375
"2018-11-06",30550,2525,3580,10800,11600,1943,1304
"2018-11-07",29150,2500,3514,11050,11650,1959,1273
"2018-11-08",29300,2525,3568,11800,11750,1996,1316
"2018-11-09",29200,2565,3580,11850,11650,1959,1324
"2018-11-12",29400,2565,3530,11800,11650,1868,1289
"2018-11-13",28400,2550,3568,11750,11450,1831,1375
"2018-11-14",28250,2525,3559,11600,11700,1831,1430
"2018-11-15",26850,2575,3688,11800,11400,1826,1461
"2018-11-16",27100,2580,3688,11450,11450,2054,1481
"2018-11-19",26900,2590,3746,11100,12450,2139,1524
"2018-11-20",26150,2575,3741,11250,12000,2176,1543
"2018-11-21",25650,2505,3746,11150,12050,2229,1465
"2018-11-22",25100,2500,3712,11100,11750,2293,1477
"2018-11-23",23950,2490,3741,11050,11600,2622,1383
"2018-11-26",25200,2510,3787,10900,11700,2622,1414
"2018-11-27",26150,2510,3795,11050,11800,2399,1418
"2018-11-28",27200,2525,3899,10900,11750,2500,1383
"2018-11-29",27450,2535,3928,11100,12250,2633,1391
"2018-11-30",28550,2530,3858,10900,12250,2697,1359
"2018-12-03",28500,2550,3907,10950,12350,2654,1449
"2018-12-04",27850,2545,3878,11100,12450,2681,1465
"2018-12-05",27100,2550,3878,11200,12100,2585,1536
"2018-12-06",28000,2530,3841,11350,11950,2548,1677
"2018-12-07",28100,2520,3808,11000,12050,2537,1492
"2018-12-10",27650,2485,3771,10600,11700,2447,1387
"2018-12-11",27500,2475,3738,10150,11300,2622,1410
"2018-12-12",28300,2515,3787,10300,11850,2585,1438
"2018-12-13",27900,2530,3771,10550,11850,2574,1469
"2018-12-14",27000,2645,3795,10800,11450,2389,1406
"2018-12-17",27400,2725,4090,10650,11750,2346,1449
"2018-12-18",26900,2800,4040,10450,11450,2352,1441
"2018-12-19",27250,2785,4098,10750,11550,2357,1528
"2018-12-20",26950,2830,4102,10450,11550,2293,1465
"2018-12-21",26700,2805,4131,10450,11450,2336,1434
"2018-12-24",26600,2805,4152,10400,11550,2543,1402
"2018-12-26",26050,2815,4123,10200,11400,2336,1383
"2018-12-27",27200,2760,3977,10300,11400,2426,1387
"2018-12-28",26750,2700,4004,10450,11500,2553,1422
"2019-01-02",27200,2565,3941,10250,11400,2622,1434
"2019-01-03",26150,2535,3954,10150,11250,2601,1379
"2019-01-04",26200,2510,3904,10250,11050,2596,1387
"2019-01-07",26250,2530,3900,10300,11300,2782,1422
"2019-01-08",26700,2550,3873,10300,11100,2808,1492
"2019-01-09",26650,2560,3954,10500,11200,2819,1524
"2019-01-10",26950,2540,3927,10550,11400,3158,1477
"2019-01-11",27450,2600,3923,11250,11500,3084,1508
"2019-01-14",27800,2540,3868,11500,11350,3132,1492
"2019-01-15",27850,2580,3886,11500,11500,3344,1496
"2019-01-16",28300,2590,3895,11250,11800,2707,1586
"2019-01-17",27650,2595,3941,11150,11550,2697,1555
"2019-01-18",29350,2610,3964,11200,11550,2707,1559
"2019-01-21",29000,2600,3950,11150,11600,2941,1559
"2019-01-22",28900,2635,3936,11300,11500,2973,1508
"2019-01-23",28950,2615,3954,11200,11450,2999,1504
"2019-01-24",29500,2615,3973,11300,11350,3004,1598
"2019-01-25",29400,2620,4041,11400,11200,2898,1630
"2019-01-28",29200,2620,4004,11400,11250,2813,1598
"2019-01-29",29100,2620,3968,11450,11000,2771,1575
"2019-01-30",29000,2625,3945,11400,11150,2760,1614
"2019-01-31",29600,2640,4036,11450,11250,2622,1594
"2019-02-01",29550,2625,4064,11550,11400,2309,1661
"2019-02-07",30550,2635,4068,11350,11900,1619,1716
"2019-02-08",30500,2600,4050,11350,12050,1550,1735
"2019-02-11",30300,2585,4027,11000,11700,1550,1884
"2019-02-12",30350,2575,4004,11250,11850,1550,1872
"2019-02-13",30400,2625,4000,11200,12100,1550,1853
"2019-02-14",30200,2595,4004,11300,12200,1550,1771
"2019-02-15",29750,2585,4018,11300,12700,1550,1782
"2019-02-18",30100,2610,4004,11550,12700,1550,1724
"2019-02-19",29900,2605,4014,11750,12500,1550,2241
"2019-02-20",30500,2600,4000,12000,12850,1550,2718
"2019-02-21",30150,2590,3986,12000,12900,1550,2742
"2019-02-22",30300,2595,3986,11800,12700,1550,2887
"2019-02-25",30600,2580,4014,11800,13000,1550,2863
"2019-02-26",30300,2590,3982,11700,13050,1550,2863
"2019-02-27",30050,2575,3918,11850,13150,1550,3243
"2019-02-28",30050,2540,3895,11450,12850,1550,2507
"2019-03-04",29850,2555,3891,11500,14000,1550,2382
"2019-03-05",29700,2525,3868,11500,14000,1550,2777
"2019-03-06",30000,2535,3818,11600,13850,1550,2585
"2019-03-07",29950,2520,3841,11450,13900,1550,2303
"2019-03-08",30000,2490,3813,11600,13550,1550,2217
"2019-03-11",30000,2550,3841,11550,13950,1550,2201
"2019-03-12",30350,2560,3782,11600,14000,1550,2346
"2019-03-13",31000,2560,3813,11550,14200,1550,2237
"2019-03-14",31450,2610,3859,11550,14200,1550,2311
"2019-03-15",31800,2600,3873,11450,14000,1550,2111
"2019-03-18",31850,2595,3841,11500,14050,1550,2260
"2019-03-19",31500,2575,3813,11450,14150,1550,2362
"2019-03-20",31550,2610,3813,11450,14400,1550,2323
"2019-03-21",31750,2685,3954,11250,14150,1550,2284
"2019-03-22",31200,2630,3964,11250,14150,1550,2221
"2019-03-25",30600,2595,3886,11200,14150,1550,2421
"2019-03-26",30600,2610,3854,10950,14300,1550,2472
"2019-03-27",30650,2620,3836,10900,13950,1550,2440
"2019-03-28",30650,2625,3782,11000,13900,1550,2386
"2019-03-29",30500,2600,3804,11150,13900,1550,3048
"2019-04-01",29850,2620,3800,11100,13700,1550,3118
"2019-04-02",29500,2655,3818,11300,13500,1550,3200
"2019-04-03",29650,2660,3841,11500,13350,1550,3220
"2019-04-04",29650,2670,3859,11500,13350,1550,3173
"2019-04-05",29200,2635,3813,11400,13350,1550,3181
"2019-04-08",29250,2660,3791,11150,13700,1550,3118
"2019-04-09",29500,2695,3813,11350,13800,1550,3071
"2019-04-10",29650,2695,3827,11350,13600,1550,3142
"2019-04-11",29600,2715,3850,11400,13150,1550,3161
"2019-04-12",29650,2705,3818,12000,13300,1550,2946
"2019-04-15",30000,2725,3832,12200,13350,1550,2859
"2019-04-16",30200,2740,3845,12250,13150,1550,2977
"2019-04-17",30900,2740,3909,12250,13250,1550,2769
"2019-04-18",30550,2680,3886,12100,13100,1550,2742
"2019-04-19",29500,2610,3850,11900,13400,1550,2758
"2019-04-22",29900,2665,3850,11950,13300,1550,2824
"2019-04-23",30850,2665,3841,11700,13300,1550,2883
"2019-04-24",30200,2670,3832,11650,13400,1550,2824
"2019-04-25",30000,2650,3891,11550,13400,1550,2836
"2019-04-26",29500,2605,3859,11300,13400,1550,2863
"2019-04-29",29500,2585,3854,11350,13400,1550,2718
"2019-04-30",29500,2605,3859,11300,13400,1550,2703
"2019-05-02",30100,2590,3850,11500,13800,1550,2703
"2019-05-03",29950,2570,3836,11550,14050,1550,2715
"2019-05-07",30000,2555,3822,11450,14200,1550,2652
"2019-05-08",30350,2555,3818,11450,15300,1550,2589
"2019-05-09",30050,2560,3832,11350,15300,1550,2448
"2019-05-10",30000,2535,3841,11200,15200,1550,2444
"2019-05-13",29400,2465,3800,11300,15400,1550,2413
"2019-05-14",30150,2435,3763,11250,15750,1550,2421
"2019-05-15",29800,2445,3786,11250,16000,1550,2472
"2019-05-16",29600,2405,3786,11000,16050,1550,2452
"2019-05-17",29500,2360,3713,11000,16450,1550,2530
"2019-05-20",29250,2355,3627,11000,16500,1550,2448
"2019-05-21",28950,2385,3581,11050,16400,1550,2456
"2019-05-22",28550,2380,3577,10850,16650,1550,2440
"2019-05-23",28300,2360,3572,10900,17050,1550,2248
"2019-05-24",27700,2305,3613,10700,17800,1550,2225
"2019-05-27",27350,2315,3631,10950,18150,1550,2276
"2019-05-28",29050,2280,3613,10950,19500,1550,2335
"2019-05-29",29650,2310,3540,11150,19600,1550,2303
"2019-05-30",29900,2300,3513,11150,21350,1550,2272
"2019-05-31",29550,2325,3613,11250,18800,1550,2319
"2019-06-03",29100,2360,3759,11150,17150,1550,2295
"2019-06-04",29100,2385,3731,11100,15700,1550,2331
"2019-06-05",28750,2380,3750,11150,14250,1550,2401
"2019-06-07",28250,2395,3786,11250,14000,1550,2530
"2019-06-10",28250,2345,3854,11300,14600,1550,2546
"2019-06-11",28550,2405,3891,11300,14500,1550,2668
"2019-06-12",28550,2410,3891,11250,14200,1550,2671
"2019-06-13",28800,2495,3909,11200,14100,1550,2832
"2019-06-14",28700,2465,3891,11100,14550,1550,2867
"2019-06-17",28200,2365,3822,10950,14700,1550,2769
"2019-06-18",27450,2345,3795,11150,14400,1550,2687
"2019-06-19",27400,2370,3763,11100,14350,1550,2848
"2019-06-20",27950,2370,3772,11050,14200,1550,2856
"2019-06-21",27700,2390,3722,11100,14200,1550,2765
"2019-06-24",27600,2405,3832,11100,13700,1550,2985
"2019-06-25",27250,2365,3800,11000,13100,1550,2867
"2019-06-26",27150,2360,3804,11150,12950,1550,2805
"2019-06-27",27550,2365,3804,11100,13000,1550,2726
"2019-06-28",28050,2355,3782,11150,13100,1550,2703
"2019-07-01",28050,2335,3768,11000,12700,1550,2836
"2019-07-02",27550,2335,3768,11150,13050,1550,2899
"2019-07-03",27300,2295,3709,10900,13050,1550,2707
"2019-07-04",27400,2310,3686,11150,12900,1550,2613
"2019-07-05",26200,2290,3686,11050,12700,1550,2781
"2019-07-08",26000,2250,3640,10850,12300,1550,2523
"2019-07-09",25500,2245,3636,10800,12500,1550,2444
"2019-07-10",25200,2210,3609,10750,12650,1550,2436
"2019-07-11",25100,2190,3640,10900,12650,1550,2656
"2019-07-12",24500,2210,3636,10850,12750,1550,2628
"2019-07-15",24800,2210,3631,10750,12750,1550,2703
"2019-07-16",25200,2210,3631,10800,12650,1550,2691
"2019-07-17",25500,2180,3609,10600,13950,1550,2499
"2019-07-18",26250,2220,3622,10600,13700,1550,2413
"2019-07-19",26150,2190,3654,10650,12650,1550,2448
"2019-07-22",26200,2195,3631,10700,13300,1550,2448
"2019-07-23",25700,2160,3613,10700,14000,1550,2433
"2019-07-24",26150,2195,3613,10650,13850,1550,2354
"2019-07-25",26250,2145,3586,10500,13850,1550,2288
"2019-07-26",26650,2230,3545,10350,13700,1550,2213
"2019-07-29",25850,2205,3431,9880,12550,1550,2029
"2019-07-30",25500,2190,3445,10000,12350,1550,2100
"2019-07-31",25350,2190,3431,10000,13000,1550,2194
"2019-08-01",25150,2190,3531,9990,12750,1550,2127
"2019-08-02",25300,2180,3518,9980,12450,1550,2115
"2019-08-05",24650,2095,3345,9760,11050,1550,1861
"2019-08-06",24900,2095,3272,9170,10950,1550,1806
"2019-08-07",24500,2035,3290,9180,11550,1550,1935
"2019-08-08",24500,2110,3336,9340,11650,1550,2068
"2019-08-09",24700,2115,3322,9290,12050,1550,2111
"2019-08-12",23850,2100,3276,9210,12800,1550,2158
"2019-08-13",24700,2100,3276,9210,12250,1550,2217
"2019-08-14",25450,2095,3281,9180,12300,1550,2327
"2019-08-16",26200,2050,3094,9230,12100,1550,2245
"2019-08-19",27000,2110,3076,9360,12000,1550,2327
"2019-08-20",27400,2100,3113,9580,12400,1550,2323
"2019-08-21",27500,2080,3094,9610,12400,1550,2272
"2019-08-22",27900,2080,3113,9640,12350,1550,2229
"2019-08-23",27900,2070,3081,9600,12050,1550,2154
"2019-08-26",27900,2065,3053,9440,11500,1550,2072
"2019-08-27",27500,2035,3026,9450,12400,1550,2088
"2019-08-28",27400,2085,3035,9440,12350,1550,2139
"2019-08-29",27450,2080,3031,9460,12450,1550,2139
"2019-08-30",27500,2120,3090,9530,12250,1550,2194
"2019-09-02",27150,2105,3081,9580,12050,1550,2233
"2019-09-03",26650,2095,3067,9630,12250,1550,2186
"2019-09-04",26600,2100,3044,9630,12250,1550,2186
"2019-09-05",27050,2130,3099,9630,12150,1550,2182
"2019-09-06",27400,2130,3072,9680,12900,1550,2178
"2019-09-09",27350,2115,3053,9650,12550,1550,2178
"2019-09-10",27350,2120,3090,9620,12500,1550,2323
"2019-09-11",27450,2130,3094,9600,12550,1550,2339
"2019-09-16",27600,2140,3108,9630,13200,1550,3032
"2019-09-17",27600,2140,3113,9620,13250,1550,2899
"2019-09-18",28650,2135,3117,9650,13250,1550,3322
"2019-09-19",28850,2130,3117,9680,13100,1550,3322
"2019-09-20",28950,2130,3081,9810,13000,1550,3494
"2019-09-23",28600,2145,3108,9870,12750,1550,3447
"2019-09-24",28500,2120,3126,9780,12850,1550,3380
"2019-09-25",27550,2085,3085,9620,12500,1550,3142
"2019-09-26",27150,2105,3085,9600,12350,1550,3232
"2019-09-27",27050,2095,3058,9570,12200,1550,3149
"2019-09-30",27650,2090,3072,9570,11950,1550,3126
"2019-10-01",28100,2085,3090,9570,12000,1550,3185
"2019-10-02",28400,2060,3067,9570,11550,1550,3306
"2019-10-04",28050,2070,3058,9530,11250,1550,3212
"2019-10-07",27850,2090,3081,9500,10900,1550,2581
"2019-10-08",27600,2085,3067,9500,11400,1550,2597
"2019-10-10",27650,2090,3081,9510,11250,1550,2581
"2019-10-11",27550,2140,3099,9510,11300,1550,2597
"2019-10-14",27650,2150,3094,9500,11350,1550,2691
"2019-10-15",27750,2150,3090,9590,11450,1550,2734
"2019-10-16",27400,2150,3094,9600,11600,1550,2758
"2019-10-17",27400,2130,3076,9580,11600,1550,2664
"2019-10-18",27400,2165,3113,9590,11500,1550,2734
"2019-10-21",27350,2165,3094,9590,11500,1550,2574
"2019-10-22",27150,2155,3085,9600,11350,1550,2758
"2019-10-23",27300,2150,3081,9620,11000,1550,2597
"2019-10-24",27800,2155,3094,9700,11200,1550,2644
"2019-10-25",28150,2140,3090,10100,10950,1550,2577
"2019-10-28",28800,2135,3113,10500,10850,1550,2597
"2019-10-29",28850,2135,3099,10600,10900,1550,2664
"2019-10-30",29350,2150,3103,10500,11700,1550,2597
"2019-10-31",28950,2210,3099,10800,12050,1550,2640
"2019-11-01",29100,2235,3103,10550,12100,1550,2703
"2019-11-04",29300,2240,3113,10500,12350,1550,2715
"2019-11-05",29150,2225,3126,10600,12300,1550,2695
"2019-11-06",29400,2185,3140,10500,12300,1550,2832
"2019-11-07",29700,2185,3167,10550,12200,1550,2738
"2019-11-08",29900,2180,3208,10400,12100,1550,2824
"2019-11-11",30100,2180,3194,10300,11950,1550,2722
"2019-11-12",30250,2180,3167,10300,12350,1550,2711
"2019-11-13",30050,2185,3172,10400,12450,1550,2726
"2019-11-14",29850,2190,3204,10400,12350,1550,2801
"2019-11-15",30150,2175,3245,10250,12100,1550,2734
"2019-11-18",30200,2135,3235,10050,12100,1550,2805
"2019-11-19",30300,2170,3226,9980,11950,1550,2675
"2019-11-20",30150,2150,3213,9960,11900,1550,2350
"2019-11-21",30050,2120,3204,9860,11500,1550,2303
"2019-11-22",30200,2120,3167,9970,11400,1550,2284
"2019-11-25",30200,2165,3185,10500,11650,1550,2315
"2019-11-26",30600,2160,3208,10500,11650,1550,2366
"2019-11-27",30300,2170,3226,10500,11450,1550,2311
"2019-11-28",30000,2145,3249,10600,11550,1550,2280
"2019-11-29",29550,2155,3226,12350,11350,1550,2284
"2019-12-02",29650,2145,3199,12900,11350,1550,2170
"2019-12-03",29500,2120,3167,12600,11300,1550,2256
"2019-12-04",29150,2120,3149,11750,11250,1550,2115
"2019-12-05",29000,2130,3135,11100,11500,1550,2076
"2019-12-06",29150,2125,3113,11200,11750,1550,2135
"2019-12-09",28850,2170,3076,11800,11800,1550,2162
"2019-12-10",28850,2200,3058,11650,11500,1550,2162
"2019-12-11",28950,2200,3067,10800,11500,1550,2190
"2019-12-12",29100,2205,3131,10600,11550,1550,2252
"2019-12-13",28750,2220,3286,10700,11500,1550,2241
"2019-12-16",28800,2215,3417,10550,11550,1550,2272
"2019-12-17",29050,2235,3477,10350,11450,1550,2119
"2019-12-18",29050,2240,3481,10450,11450,1550,2209
"2019-12-19",29100,2225,3536,10350,11350,1550,2154
"2019-12-20",29300,2230,3627,10100,11300,1550,2241
"2019-12-23",29150,2205,3627,9980,11250,1550,2135
"2019-12-24",29050,2185,3586,9800,11300,1550,2053
"2019-12-26",29000,2200,3645,9900,11350,1550,2088
"2019-12-27",29200,2125,3385,9960,11200,1550,2115
"2019-12-30",29100,2100,3370,10200,11200,1550,2123
"2020-01-02",29150,2085,3340,10250,11050,1550,2135
"2020-01-03",29350,2050,3265,10250,11100,1550,2139
"2020-01-06",29100,2030,3195,10200,10800,1550,2017
"2020-01-07",29000,2045,3190,10150,10750,1550,2017
"2020-01-08",28450,2010,3085,9820,10250,1550,1857
"2020-01-09",28450,2040,3060,9980,10950,1550,2076
"2020-01-10",29150,2040,3065,10150,11000,1550,2123
"2020-01-13",29400,2040,3080,10150,11100,1550,2154
"2020-01-14",29350,2045,3070,10250,11150,1550,2150
"2020-01-15",29450,2050,3055,10200,11000,1550,2636
"2020-01-16",29300,2025,3050,10100,11050,1550,2652
"2020-01-17",29300,2035,3020,10100,11150,1550,2597
"2020-01-20",29150,2030,2995,10050,11200,1550,2499
"2020-01-21",28950,2035,3005,9990,11150,1550,2574
"2020-01-22",28950,2030,3005,10150,11250,1550,2527
"2020-01-23",28450,2035,2995,10100,11350,1550,2401
"2020-01-28",27550,2010,2920,9940,11050,1550,2280
"2020-01-29",27200,2020,2990,9850,10950,1550,2327
"2020-01-30",26700,2020,2950,9800,10900,1550,2225
"2020-01-31",27200,2005,2940,9540,11250,1550,2217
"2020-02-03",27850,2010,2915,9550,11550,1550,2233
"2020-02-04",27800,2010,2900,9670,11950,1550,2327
"2020-02-05",28250,2010,2915,9670,12400,1550,2323
"2020-02-06",27900,1995,2920,9790,12500,1550,2382
"2020-02-07",27600,2000,2920,9680,12400,1550,2464
"2020-02-10",28350,1980,2900,9690,13400,1550,2519
"2020-02-11",30050,1995,2915,9750,13300,1550,2358
"2020-02-12",29300,1955,2885,9740,14700,1550,2413
"2020-02-13",29700,2010,2885,9680,14800,1550,2342
"2020-02-14",29350,2010,2820,9810,15350,1550,2370
"2020-02-17",29350,2005,2855,9890,15300,1550,2319
"2020-02-18",29700,2000,2820,9870,16650,1550,2264
"2020-02-19",29650,2045,2815,9920,17300,1550,2295
"2020-02-20",29500,1995,2815,9750,18150,1550,2268
"2020-02-21",29500,1995,2780,9690,12750,1550,2201
"2020-02-24",28950,1965,2650,9440,10350,1550,2080
"2020-02-25",29700,2000,2680,9500,10600,1550,2143
"2020-02-26",28800,1965,2650,9480,10250,1550,2131
"2020-02-27",28800,1965,2605,9270,10200,1550,2045
"2020-02-28",27700,1920,2490,8910,10250,1550,1880
"2020-03-02",27100,1955,2515,8870,10100,1550,1923
"2020-03-03",26400,1945,2455,8950,9900,1550,1908
"2020-03-04",27100,1955,2490,8950,10100,1550,1998
"2020-03-05",28050,1965,2565,9180,10150,1550,2053
"2020-03-06",27850,1945,2515,9060,10650,1550,2053
"2020-03-09",27800,1945,2390,8780,10300,1550,1904
"2020-03-10",27800,1900,2390,8580,10200,1550,1908
"2020-03-11",27650,1900,2305,8360,9970,1550,1810
"2020-03-12",25950,1790,2240,7830,9240,1550,1622
"2020-03-13",25000,1705,2050,7210,7510,1550,1430
"2020-03-16",24800,1675,1960,7090,7110,1550,1332
"2020-03-17",24150,1675,1885,6930,7270,1550,1347
"2020-03-18",23750,1635,1850,6900,6810,1550,1253
"2020-03-19",20450,1535,1510,6240,6460,1550,1003
"2020-03-20",21750,1560,1510,6690,6510,1550,1065
"2020-03-23",20700,1460,1400,6260,6230,1550,1054
"2020-03-24",21500,1545,1520,6740,6560,1550,1136
"2020-03-25",22550,1540,1700,6990,6820,1550,1199
"2020-03-26",21950,1600,1800,7150,6720,1550,1253
"2020-03-27",22900,1585,1885,7240,6870,1550,1285
"2020-03-30",23450,1640,1905,7320,7780,1550,1340
"2020-03-31",25100,1645,1965,7950,8370,1550,1653
"2020-04-01",25100,1615,1900,8070,8970,1550,1626
"2020-04-02",25300,1630,1905,8670,9480,1550,1669
"2020-04-03",25900,1630,1935,8420,9420,1550,1649
"2020-04-06",26000,1685,1980,8390,9740,1550,1727
"2020-04-07",25950,1735,2095,8290,9530,1550,1771
"2020-04-08",26550,1740,2100,8410,9330,1550,1763
"2020-04-09",26400,1780,2270,8340,9100,1550,1798
"2020-04-10",27300,1770,2370,8370,9800,1550,1727
"2020-04-13",26300,1745,2250,8330,11000,1550,1633
"2020-04-14",27550,1750,2295,8510,10900,1550,1747
"2020-04-16",24600,1720,2265,8450,11450,1550,2064
"2020-04-17",24200,1745,2275,8550,12100,1550,1959
"2020-04-20",23850,1780,2235,8710,12100,1550,2017
"2020-04-21",22850,1755,2190,8730,12050,1550,1978
"2020-04-22",23300,1710,2170,8670,10400,1550,2013
"2020-04-23",23350,1760,2245,8680,9440,1550,1966
"2020-04-24",22900,1745,2230,8560,8630,1550,1966
"2020-04-27",23000,1740,2255,8610,8750,1550,2002
"2020-04-28",23000,1790,2345,8610,8630,1550,1939
"2020-04-29",24450,1880,2415,8840,8620,1550,1912
"2020-05-04",24350,1835,2415,8860,8630,1550,1923
"2020-05-06",25000,1830,2425,9650,8950,1550,2056
"2020-05-07",24950,1830,2435,12500,8960,1550,2068
"2020-05-08",25000,1835,2445,12050,9040,1550,2162
"2020-05-11",26250,1830,2410,12250,8850,1550,2009
"2020-05-12",25950,1805,2370,11650,8800,1550,2049
"2020-05-13",25950,1795,2340,11500,8730,1550,2037
"2020-05-14",25450,1815,2325,12000,8680,1550,1994
"2020-05-15",24750,1850,2445,11950,8790,1550,1951
"2020-05-18",24700,1835,2405,11600,8700,1550,1904
"2020-05-19",24800,1845,2440,11450,8790,1550,1966
"2020-05-20",24650,1860,2565,11500,8950,1550,2021
"2020-05-21",25300,1890,2700,11450,9450,1550,2017
"2020-05-22",25000,1855,2630,11150,9010,1550,2002
"2020-05-25",24550,1860,2660,11150,9200,1550,1974
"2020-05-26",24400,1870,2810,11150,9120,1550,2037
"2020-05-27",24750,1885,2745,11500,9210,1550,2025
"2020-05-28",24600,1855,2750,11450,9090,1550,1955
"2020-05-29",25950,1855,2655,11100,9020,1550,1939
"2020-06-01",25650,1885,2755,11350,9040,1550,1998
"2020-06-02",25950,1885,2810,11600,9150,1550,2053
"2020-06-03",25600,1910,2920,11800,9310,1550,2060
"2020-06-04",25750,1905,2920,11800,9300,1550,2049
"2020-06-05",26850,1905,2940,11800,9460,1550,2096
"2020-06-08",26950,1905,2940,11700,9510,1550,1998
"2020-06-09",26600,1880,2980,11850,9370,1550,1912
"2020-06-10",27500,1885,2940,11800,9280,1550,1853
"2020-06-11",26650,1860,2990,11850,9080,1550,1841
"2020-06-12",27000,1800,2960,11300,8790,1550,1829
"2020-06-15",26100,1710,2930,10400,8180,1550,1614
"2020-06-16",27100,1790,3020,10900,8710,1550,1763
"2020-06-17",27900,1775,2960,10750,8660,1550,1614
"2020-06-18",28950,1805,2950,11250,8650,1550,1618
"2020-06-19",29400,1795,2920,13000,8700,1550,1700
"2020-06-22",29000,1770,2890,13150,8690,1550,1630
"2020-06-23",28900,1780,2955,13000,8660,1550,1598
"2020-06-24",28600,1770,2940,13450,8630,1550,1782
"2020-06-25",28700,1735,2880,12650,8700,1550,1696
"2020-06-26",28250,1720,2900,12500,8710,1550,1665
"2020-06-29",27450,1700,2770,12450,8530,1550,1641
"2020-06-30",26900,1700,2805,13200,8580,1550,1657
"2020-07-01",27950,1705,2830,12700,8530,1550,1712
"2020-07-02",27600,1750,2845,13500,8590,1550,1767
"2020-07-03",27200,1745,2875,13850,8590,1550,1841
"2020-07-06",27150,1765,2855,13250,8880,1550,1814
"2020-07-07",26800,1750,2845,12750,8990,1550,1755
"2020-07-08",26500,1755,2840,13050,9010,1550,1759
"2020-07-09",27800,1755,2810,13000,9010,1550,1727
"2020-07-10",26900,1725,2735,13200,8780,1550,1743
"2020-07-13",27050,1725,2750,12350,8770,1550,1731
"2020-07-14",27050,1735,2845,12350,8750,1550,1731
"2020-07-15",27250,1750,2835,12150,8680,1550,1763
"2020-07-16",31900,1750,2845,12250,8480,1550,1743
"2020-07-17",31950,1760,2945,12600,8540,1550,1786
"2020-07-20",32900,1770,2890,12250,8550,1550,1778
"2020-07-21",35600,1775,2895,12200,8540,1550,1837
"2020-07-22",35000,1775,2875,12200,8530,1550,1798
"2020-07-23",33900,1755,2825,12300,8520,1550,1579
"2020-07-24",32850,1745,2795,12300,8550,1550,1473
"2020-07-27",34900,1735,2820,12550,9320,1550,1477
"2020-07-28",33750,1720,2820,12550,9160,1550,1465
"2020-07-29",34900,1720,2810,12450,10350,1550,1477
"2020-07-30",34800,1720,2825,12400,9750,1550,1496
"2020-07-31",33450,1715,2800,12450,10050,1550,1481
"2020-08-03",33050,1745,2980,12350,10700,1550,1481
"2020-08-04",34000,1775,3225,12600,10750,1550,1481
"2020-08-05",33750,1765,3185,12450,10550,1550,1453
"2020-08-06",34800,1755,3160,12300,10150,1550,1465
"2020-08-07",34300,1745,3070,12150,10100,1550,1510
"2020-08-10",36350,1745,3120,12100,10100,1550,1450
"2020-08-11",36200,1755,3090,12100,9980,1550,1455
"2020-08-12",35350,1760,3105,11700,9770,1550,1435
"2020-08-13",34600,1740,3165,11700,9980,1550,1445
"2020-08-14",36500,1775,3395,11400,9800,1550,1435
"2020-08-18",34100,1725,3230,10450,8810,1550,1280
"2020-08-19",36250,1735,3330,10700,8880,1550,1270
"2020-08-20",34150,1690,3215,9990,8580,1550,1220
"2020-08-21",34300,1720,3285,10150,8640,1550,1245
"2020-08-24",35300,1675,3345,10050,8600,1550,1310
"2020-08-25",36400,1700,3500,10350,8790,1550,1285
"2020-08-26",40250,1690,3460,10500,8760,1550,1280
"2020-08-27",40350,1695,3435,10350,8570,1550,1235
"2020-08-28",41750,1685,3480,10900,8650,1550,1220
"2020-08-31",41350,1695,3570,11200,8690,1550,1225
"2020-09-01",40550,1730,3670,10850,8740,1550,1205
"2020-09-02",40100,1870,3750,11100,8700,1550,1200
"2020-09-03",43150,1830,3655,11250,8930,1550,1205
"2020-09-04",49350,1855,3575,11150,8800,1550,1205
"2020-09-07",53100,1895,3595,11150,8920,1550,1200
"2020-09-08",49700,1855,3540,11350,8800,1550,1195
"2020-09-09",48400,1860,3650,11400,8840,1550,1160
"2020-09-10",48200,1875,3675,11300,8870,1550,1110
"2020-09-11",48500,1865,3695,11200,8940,1550,1080
"2020-09-14",46350,1865,3695,10950,9730,1550,1140
"2020-09-15",47500,1860,3705,11050,10150,1550,1120
"2020-09-16",49500,1855,3660,10850,10150,1550,1455
"2020-09-17",48000,1840,3645,10750,10450,1550,1400
"2020-09-18",46950,1835,3685,10950,10550,1550,1535
"2020-09-21",45150,1810,3615,10550,10600,1550,1370
"2020-09-22",43400,1790,3515,10550,10600,1550,1305
"2020-09-23",43650,1770,3470,10500,10700,1550,1255
"2020-09-24",40750,1735,3485,10300,10850,1550,1315
"2020-09-25",40450,1735,3500,10250,10400,1550,1430
"2020-09-28",41500,1740,3560,10350,10850,1550,1350
"2020-09-29",41400,1760,3650,10550,11050,1550,1350
"2020-10-05",43800,1785,3645,10550,11400,1550,1165
"2020-10-06",44000,1775,3665,10700,11450,1550,1145
"2020-10-07",43650,1780,3660,10500,11800,1550,1160
"2020-10-08",47650,1790,3670,10450,12350,1550,1165
"2020-10-12",48000,1785,3720,10400,12150,1550,1190
"2020-10-13",47400,1785,3745,10700,12600,1550,1185
"2020-10-14",46300,1775,3740,10600,12750,1550,1165
"2020-10-15",45150,1765,3750,10700,10700,1550,1145
"2020-10-16",45050,1755,3745,10550,9220,1550,1120
"2020-10-19",43400,1805,3870,10400,9150,1550,1120
"2020-10-20",44200,1815,3845,10600,9070,1550,1095
"2020-10-21",45350,1835,3860,10600,9170,1550,1105
"2020-10-22",43900,1895,4010,10750,9070,1550,1085
"2020-10-23",44300,1870,3900,10900,9020,1550,1090
"2020-10-26",42000,1820,3750,10800,8820,1550,1050
"2020-10-27",42500,1835,3740,10400,8960,1550,1035
"2020-10-28",43050,1845,3790,10500,9170,1550,1070
"2020-10-29",42450,1815,3760,10250,9060,1550,1050
"2020-10-30",40750,1795,3685,10100,8890,1550,1035
"2020-11-02",43650,1825,3725,10200,8910,1550,1040
"2020-11-03",43200,1835,3750,10300,8960,1550,1110
"2020-11-04",40400,1825,3755,10300,8880,1550,1170
"2020-11-05",42700,1825,3750,10300,8980,1550,1100
"2020-11-06",42350,1815,3715,10600,8940,1550,1090
"2020-11-09",45800,1810,3710,10600,9090,1550,1105
"2020-11-10",44450,1850,3740,10800,9090,1550,1115
"2020-11-11",43450,1855,3755,10800,9110,1550,1170
"2020-11-12",42800,1880,3795,11050,9070,1550,1185
"2020-11-13",43400,1850,3795,11050,9180,1550,1175
"2020-11-16",43750,1850,3920,10850,9240,1550,1145
"2020-11-17",43500,1910,4095,10750,9200,1550,1145
"2020-11-18",44350,1895,4040,10800,9180,1550,1135
"2020-11-19",43600,1880,3945,10900,9170,1550,1130
"2020-11-20",43150,1885,3965,10800,9180,1550,1140
"2020-11-23",43100,1895,4065,10850,9190,1550,1240
"2020-11-24",46350,1895,4060,11100,9110,1550,1250
"2020-11-25",45400,1875,4000,10950,9050,1550,1275
"2020-11-26",45600,1845,3910,11000,9140,1550,1260
"2020-11-27",45150,1855,3975,11100,9170,1550,1340
"2020-11-30",45050,1845,3960,11750,9180,1550,1345
"2020-12-01",44250,1845,3945,11750,9180,1550,1355
"2020-12-02",42950,1860,4040,11700,9120,1550,1340
"2020-12-03",42950,1870,4005,11900,9190,1550,1360
"2020-12-04",43150,1950,4045,12100,9150,1550,1340
"2020-12-07",41750,1955,4005,12000,9280,1550,1390
"2020-12-08",41200,1910,4005,11700,9250,1550,1370
"2020-12-09",41400,1930,4035,11800,9690,1550,1400
"2020-12-10",41850,1940,4085,11850,10100,1550,1390
"2020-12-11",41850,2045,4170,12050,9750,1550,1395
"2020-12-14",41650,2095,4210,11950,9850,1550,1415
"2020-12-15",41000,2090,4195,11900,9990,1550,1395
"2020-12-16",43250,2070,4170,12350,10000,1550,1375
"2020-12-17",43350,2075,4310,12750,9870,1550,1290
"2020-12-18",42750,2200,4305,12500,9730,1550,1340
"2020-12-21",43650,2175,4395,12600,9540,1550,1345
"2020-12-22",42550,2075,4255,12200,9500,1550,1455
"2020-12-23",42150,2055,4250,12200,9430,1550,1410
"2020-12-24",42450,2085,4240,12200,9480,1550,1455
"2020-12-28",43000,2090,4165,12100,9630,1550,1450
"2020-12-29",43150,2015,3975,12050,9690,1550,1455
"2020-12-30",43150,2020,3940,12200,9560,1550,1480
"2021-01-04",44100,2045,3850,12050,9440,1550,1405
"2021-01-05",46750,2110,3900,12000,9650,1550,1430
"2021-01-06",45550,2055,3980,12100,9730,1550,1490
"2021-01-07",49250,2090,4110,12200,9980,1550,1510
"2021-01-08",48250,2070,4090,12000,9780,1550,1655
"2021-01-11",46500,1990,3915,11650,9530,1550,1625
"2021-01-12",45500,2030,3880,11750,9630,1550,1700
"2021-01-13",45800,2030,3885,12250,9820,1550,1535
"2021-01-14",46450,2055,3905,12350,9810,1550,1535
"2021-01-15",45100,2020,3900,12350,9750,1550,1525
"2021-01-18",43100,1990,3910,12050,9530,1550,1580
"2021-01-19",44300,2010,3940,12000,9860,1550,1585
"2021-01-20",46850,2055,3970,12400,10050,1550,1560
"2021-01-21",46100,2030,4010,12450,9870,1550,1550
"2021-01-22",45050,2005,3980,12300,9940,1550,1580
