"","047050","001120","011760","001250","011810"
"2016-01-25",13950,28500,22700,3363,39457
"2016-01-26",13750,29100,22400,3342,37755
"2016-01-27",15350,30150,23150,3346,36600
"2016-01-28",15350,30700,23300,3395,37208
"2016-01-29",15400,30900,24450,3427,36964
"2016-02-01",15050,30400,24050,3392,36843
"2016-02-02",14850,31600,23100,3378,37208
"2016-02-03",15400,31150,22100,3303,36721
"2016-02-04",16000,32950,23700,3349,36600
"2016-02-05",16400,32850,23400,3395,36478
"2016-02-11",16000,31950,22400,3324,35870
"2016-02-12",18100,31800,21550,3228,34715
"2016-02-15",18600,34050,22900,3264,35080
"2016-02-16",19750,33850,23500,3339,35992
"2016-02-17",19550,33450,22900,3331,37086
"2016-02-18",20650,34550,23300,3367,36904
"2016-02-19",19750,34300,22250,3378,38423
"2016-02-22",19350,33950,21700,3417,38423
"2016-02-23",19250,34200,21150,3413,37025
"2016-02-24",19000,33700,20400,3406,36600
"2016-02-25",19050,33300,20450,3406,36660
"2016-02-26",18750,33350,20000,3395,36356
"2016-02-29",19050,33200,20500,3367,37086
"2016-03-02",20000,34600,21300,3371,37147
"2016-03-03",19950,35050,21150,3388,37694
"2016-03-04",20650,36500,20950,3545,38059
"2016-03-07",21750,37400,22200,3641,38606
"2016-03-08",21450,36650,21700,3605,38788
"2016-03-09",20450,35700,21300,3605,37755
"2016-03-10",21450,35800,22350,3619,37694
"2016-03-11",20800,35750,22500,3634,37755
"2016-03-14",21200,34700,22900,3577,38241
"2016-03-15",22350,35150,22300,3570,38606
"2016-03-16",21200,33550,22050,3463,38545
"2016-03-17",22500,35550,22900,3491,38667
"2016-03-18",23400,36350,23050,3438,40126
"2016-03-21",22350,36350,22800,3438,39883
"2016-03-22",22900,35850,23200,3491,39518
"2016-03-23",22500,36350,23100,3769,38971
"2016-03-24",21600,35350,23700,4089,39214
"2016-03-25",21100,34650,23050,4195,39335
"2016-03-28",21500,34600,22400,4224,39761
"2016-03-29",21550,34350,22750,3328,38971
"2016-03-30",21200,35350,22900,3186,38971
"2016-03-31",21600,35800,23000,3136,39153
"2016-04-01",21450,34950,22800,2990,38545
"2016-04-04",20200,33300,25000,2969,38180
"2016-04-05",21400,33500,25950,3011,38180
"2016-04-06",22800,35250,26400,3022,38180
"2016-04-07",22600,35450,26150,3047,39518
"2016-04-08",23200,35000,26100,3015,38484
"2016-04-11",23100,35850,25200,3022,38119
"2016-04-12",24100,36700,27350,3079,38059
"2016-04-14",23800,37850,27000,3115,38302
"2016-04-15",24150,37300,26300,3147,37694
"2016-04-18",23250,37000,26350,3175,37390
"2016-04-19",23500,36850,26000,3500,37572
"2016-04-20",23400,36600,26850,3305,37572
"2016-04-21",24250,37050,26850,3395,37086
"2016-04-22",23500,36900,27450,3410,36600
"2016-04-25",23500,36100,27900,3360,35201
"2016-04-26",23600,36050,27000,3350,34654
"2016-04-27",23600,36200,27150,3310,34046
"2016-04-28",23950,37000,27400,3310,33499
"2016-04-29",24850,37900,26650,3330,31128
"2016-05-02",23750,36300,26500,3265,27237
"2016-05-03",23950,36750,25900,3270,27906
"2016-05-04",22650,35350,25950,3190,27480
"2016-05-09",22400,35150,24200,3050,27602
"2016-05-10",23150,35200,25200,3100,27541
"2016-05-11",23150,35900,25100,3145,27480
"2016-05-12",24000,36300,25400,3140,27480
"2016-05-13",23800,36050,25300,3070,27298
"2016-05-16",23200,35750,24400,3035,26507
"2016-05-17",23700,36000,24700,3090,25535
"2016-05-18",24050,36800,24700,2950,25535
"2016-05-19",23300,36750,24500,2940,25535
"2016-05-20",23150,37550,25550,2975,25535
"2016-05-23",23150,37400,25050,2935,25291
"2016-05-24",22700,37450,25800,2965,23589
"2016-05-25",23150,38650,26150,2960,18908
"2016-05-26",23350,38750,26550,2890,14287
"2016-05-27",23350,39150,26400,2850,15078
"2016-05-30",23700,38700,26000,2790,16111
"2016-05-31",23600,38400,26300,2805,20914
"2016-06-01",24350,38350,25800,2990,27176
"2016-06-02",23900,37650,26850,2930,35323
"2016-06-03",23650,37750,27500,2875,34289
"2016-06-07",24250,39200,27600,2945,37268
"2016-06-08",24450,39550,27300,2985,36478
"2016-06-09",24650,38750,26500,2895,32587
"2016-06-10",26800,39650,26600,2990,35384
"2016-06-13",26500,39050,25950,2910,36478
"2016-06-14",24950,37850,25300,2875,34776
"2016-06-15",25800,37850,24450,2870,33013
"2016-06-16",25050,36650,24000,2795,29122
"2016-06-17",24750,37250,24700,2855,28088
"2016-06-20",25700,38200,24700,2850,29122
"2016-06-21",25100,38800,24250,2835,29000
"2016-06-22",25550,38750,24200,2570,29061
"2016-06-23",24800,38900,23800,2490,29000
"2016-06-24",23350,37000,23150,2245,27237
"2016-06-27",23550,36750,23150,2245,27115
"2016-06-28",24100,37650,22800,2265,28149
"2016-06-29",24500,37850,22950,2355,28453
"2016-06-30",25000,37650,23100,2375,27966
"2016-07-01",24000,36900,23250,2410,28878
"2016-07-04",24150,36900,23100,2420,28878
"2016-07-05",23900,36650,23000,2435,29426
"2016-07-06",23850,36650,22350,2385,38180
"2016-07-07",24450,37850,22650,2450,36113
"2016-07-08",23150,37150,21950,2440,34046
"2016-07-11",23450,37950,22150,2435,32526
"2016-07-12",23300,37900,22400,2475,37390
"2016-07-13",23700,37950,22600,2480,35201
"2016-07-14",23600,37550,22200,2490,34593
"2016-07-15",23450,37900,22650,2475,34046
"2016-07-18",23200,37700,22950,2510,35201
"2016-07-19",22850,37400,22800,2505,34593
"2016-07-20",22300,36850,22500,2480,34046
"2016-07-21",22350,36900,22850,2460,35019
"2016-07-22",22550,36850,23250,2475,30398
"2016-07-25",22150,36500,23000,2465,29365
"2016-07-26",22050,36900,23200,2475,27723
"2016-07-27",22150,37950,23200,2455,28453
"2016-07-28",22050,36600,23700,2465,28210
"2016-07-29",21350,36450,23400,2455,29608
"2016-08-01",22700,36800,23300,2450,29851
"2016-08-02",22450,35700,22950,2560,28574
"2016-08-03",21300,35300,22350,2510,29669
"2016-08-04",21550,34650,22450,2505,29851
"2016-08-05",21600,35650,22300,2520,30459
"2016-08-08",21500,35300,21450,2495,29182
"2016-08-09",22150,35150,21900,2485,29547
"2016-08-10",22150,35400,21650,2500,29851
"2016-08-11",22350,34800,21100,2565,30277
"2016-08-12",23050,35000,21650,2555,29304
"2016-08-16",22850,35000,21550,2555,28939
"2016-08-17",23350,35150,21050,2870,25717
"2016-08-18",23200,35150,21400,2940,25352
"2016-08-19",24350,34650,20750,2915,30155
"2016-08-22",23900,34600,20650,2740,27966
"2016-08-23",23250,34100,20600,2745,36356
"2016-08-24",24000,34000,20700,2825,34776
"2016-08-25",24000,34550,20650,2750,37390
"2016-08-26",23850,34400,20600,2700,35748
"2016-08-29",23500,33650,20050,2740,34350
"2016-08-30",23300,33900,20150,2700,35992
"2016-08-31",22900,33250,20350,2740,35566
"2016-09-01",23050,33900,20800,2875,35870
"2016-09-02",23100,34050,20500,2875,36964
"2016-09-05",23200,34600,20850,2870,35992
"2016-09-06",23200,33900,20500,2965,35384
"2016-09-07",23450,35750,20650,2900,35870
"2016-09-08",24100,35450,20450,2850,34897
"2016-09-09",23650,35950,20350,2810,32952
"2016-09-12",22600,35250,19950,2685,30702
"2016-09-13",22300,35050,20000,2700,33134
"2016-09-19",22200,35650,20000,2720,32526
"2016-09-20",22500,36400,20000,2695,32040
"2016-09-21",21950,35500,20300,2715,32587
"2016-09-22",22750,35450,20550,2705,32526
"2016-09-23",22850,35500,20700,2715,32465
"2016-09-26",22850,35200,20750,2730,31857
"2016-09-27",23450,35500,20850,2655,31614
"2016-09-28",22600,35100,20900,2615,31249
"2016-09-29",25450,35900,22000,2645,31128
"2016-09-30",24500,34900,21800,2625,29790
"2016-10-04",25250,33700,21650,2540,31310
"2016-10-05",25050,33650,21600,3000,31797
"2016-10-06",25150,31800,21200,2885,32830
"2016-10-07",24950,32750,21150,2865,32891
"2016-10-10",25350,32300,21350,2925,33073
"2016-10-11",26600,32750,21600,3005,33742
"2016-10-12",26500,32700,21500,2935,42679
"2016-10-13",25650,32250,21250,2900,36721
"2016-10-14",25800,32200,21500,2890,33985
"2016-10-17",25550,32250,21300,2850,35688
"2016-10-18",25850,31550,21100,2940,38667
"2016-10-19",26300,32050,21350,2865,50218
"2016-10-20",27200,32400,22150,2880,45780
"2016-10-21",26750,32100,22450,2895,46084
"2016-10-24",27250,32100,21700,2970,42375
"2016-10-25",27250,32250,21650,2845,39822
"2016-10-26",26350,31450,21550,2735,39883
"2016-10-27",25250,29350,21550,2745,39700
"2016-10-28",25050,28550,21300,2770,40551
"2016-10-31",24950,27850,21000,2675,41099
"2016-11-01",23650,27750,20900,2675,43287
"2016-11-02",23450,27600,20400,2490,44625
"2016-11-03",23500,28050,20300,2500,43774
"2016-11-04",23550,27900,20300,2555,43895
"2016-11-07",24700,28150,20700,2590,42801
"2016-11-08",24850,28300,20650,2590,43530
"2016-11-09",23900,27000,19950,2425,40369
"2016-11-10",25100,30050,21500,2600,43105
"2016-11-11",25750,31000,21350,2625,48577
"2016-11-14",26000,31150,21200,2685,44260
"2016-11-15",25450,31200,21450,2625,44990
"2016-11-16",27150,32300,21450,2740,44442
"2016-11-17",26700,31800,21500,2760,42314
"2016-11-18",26800,31700,21450,2700,42558
"2016-11-21",26750,31300,21300,2645,40612
"2016-11-22",27150,31200,21200,2665,42862
"2016-11-23",26850,30950,21000,2580,41281
"2016-11-24",25750,30650,20500,2525,38910
"2016-11-25",25900,30700,20450,2555,38302
"2016-11-28",25650,30300,20100,2605,37937
"2016-11-29",25750,30300,20000,2625,37572
"2016-11-30",26650,30150,19900,2635,38363
"2016-12-01",26700,30850,20350,2670,38241
"2016-12-02",26200,30650,20000,2740,36721
"2016-12-05",26250,31100,19750,2755,33742
"2016-12-06",26650,32450,20000,2825,33803
"2016-12-07",26150,32200,20200,2815,32405
"2016-12-08",28000,33500,20800,2820,33013
"2016-12-09",27450,32350,20500,2795,32891
"2016-12-12",28800,32650,21000,2815,33803
"2016-12-13",27750,31600,20950,2890,33377
"2016-12-14",27550,31300,21050,2890,26568
"2016-12-15",28550,31700,21050,2925,25048
"2016-12-16",29050,31100,21150,2900,22981
"2016-12-19",28600,30500,21100,2930,23164
"2016-12-20",28450,30450,21300,2910,23164
"2016-12-21",28100,30550,21300,2900,23346
"2016-12-22",28200,30350,21150,2860,22860
"2016-12-23",28100,30050,21500,3035,22920
"2016-12-26",28400,29700,21700,2980,19516
"2016-12-27",28100,29750,21750,3115,20428
"2016-12-28",27600,29200,21750,3090,20732
"2016-12-29",27000,29250,21900,3095,20184
"2017-01-02",27450,29550,21750,3095,20549
"2017-01-03",27200,30000,21400,3085,20975
"2017-01-04",27400,30050,21600,3170,22677
"2017-01-05",27400,30350,21500,3270,22738
"2017-01-06",27850,30250,21950,3330,22799
"2017-01-09",27750,30700,21900,3285,24440
"2017-01-10",27250,30400,21550,3410,25839
"2017-01-11",28400,31500,21450,3500,33560
"2017-01-12",28400,31550,21650,3540,42314
"2017-01-13",28150,31900,21200,3555,39092
"2017-01-16",28000,32000,20700,3575,36660
"2017-01-17",28250,32650,20850,3600,32101
"2017-01-18",28350,32600,20950,3570,33256
"2017-01-19",27000,32200,21350,3460,32465
"2017-01-20",27000,32350,21250,3705,30824
"2017-01-23",27400,32700,21450,3615,28574
"2017-01-24",27500,32250,21050,3490,29122
"2017-01-25",27000,32650,21300,3315,29973
"2017-01-26",26750,31800,21650,3390,30338
"2017-01-31",25450,32300,21800,3475,30702
"2017-02-01",26400,32350,21800,3430,39883
"2017-02-02",26300,32350,21600,3195,35140
"2017-02-03",25600,33700,21750,3190,35870
"2017-02-06",25300,34250,21250,3230,37572
"2017-02-07",24950,34650,20850,3215,35627
"2017-02-08",24700,34800,21050,3285,34654
"2017-02-09",25650,34200,20950,3305,32648
"2017-02-10",25900,34900,20700,3285,31553
"2017-02-13",26550,35100,20850,3280,33925
"2017-02-14",26650,35050,20750,3460,30702
"2017-02-15",26300,34500,21050,3420,29122
"2017-02-16",26300,34550,21000,3405,29000
"2017-02-17",25800,34100,21100,3330,29000
"2017-02-20",25300,33200,21200,3125,29000
"2017-02-21",25300,33300,21250,3150,29000
"2017-02-22",25150,32800,20950,3185,29000
"2017-02-23",25250,32600,20800,3105,29000
"2017-02-24",25300,32000,21000,3100,29000
"2017-02-27",24950,31950,20750,3035,29000
"2017-02-28",24550,32600,20900,3035,29000
"2017-03-02",24400,32100,21000,3105,29000
"2017-03-03",24050,32250,20800,3050,29000
"2017-03-06",24050,32100,20700,3010,29000
"2017-03-07",24850,32850,20950,3110,29000
"2017-03-08",24350,32150,20650,3085,29000
"2017-03-09",23650,31450,20450,3095,29000
"2017-03-10",23100,31100,20650,3135,29000
"2017-03-13",23300,30650,20550,3135,29000
"2017-03-14",23550,30500,20400,3115,29000
"2017-03-15",23450,30050,20100,3165,29000
"2017-03-16",24050,30550,20350,3170,29000
"2017-03-17",23600,30600,19900,3145,29000
"2017-03-20",23450,30000,20100,3070,29000
"2017-03-21",23150,29850,20450,3115,29000
"2017-03-22",22300,29500,20450,3095,29000
"2017-03-23",23150,30900,20800,3070,29000
"2017-03-24",22850,30300,20800,3090,29000
"2017-03-27",22400,30600,20500,3030,29000
"2017-03-28",23000,30650,20850,3050,29000
"2017-03-29",23000,31600,20900,3045,29000
"2017-03-30",22700,31700,20700,3000,29000
"2017-03-31",23850,32200,21500,3145,29000
"2017-04-03",23200,31350,21450,3125,29000
"2017-04-04",22850,31600,21450,3110,29000
"2017-04-05",23500,31650,21600,3075,29000
"2017-04-06",23050,31450,21300,3030,29000
"2017-04-07",24000,31100,21600,3045,29000
"2017-04-10",23300,30600,21500,2930,29000
"2017-04-11",23300,30750,21000,2930,29000
"2017-04-12",23750,31300,21100,2955,29000
"2017-04-13",23400,30900,20900,2970,29000
"2017-04-14",23250,30850,20900,2910,29000
"2017-04-17",23550,30850,20700,2920,29000
"2017-04-18",24200,30550,20900,2920,29000
"2017-04-19",24000,30650,20800,2980,29000
"2017-04-20",24150,30350,20700,2965,29000
"2017-04-21",24300,30300,20650,2970,29000
"2017-04-24",24000,30550,20700,2935,29000
"2017-04-25",23900,31400,21200,3105,29000
"2017-04-26",23950,31850,21200,3225,29000
"2017-04-27",24050,32200,21200,3220,29000
"2017-04-28",24000,32500,20900,3270,29000
"2017-05-02",24050,32750,21000,3220,29000
"2017-05-04",24150,33100,21200,3280,29000
"2017-05-08",23700,32300,20750,3250,29000
"2017-05-10",23550,32600,20750,3250,29000
"2017-05-11",23900,32900,20750,3235,29000
"2017-05-12",23600,32400,20650,3280,29000
"2017-05-15",23700,32250,20700,3335,29000
"2017-05-16",23600,32300,20750,3310,29000
"2017-05-17",23650,31250,20750,3230,29000
"2017-05-18",23250,30900,20450,3270,29000
"2017-05-19",23300,31350,20350,3270,29000
"2017-05-22",23400,31750,20500,3355,29000
"2017-05-23",23450,31750,20750,3360,29000
"2017-05-24",23200,32450,21050,3335,29000
"2017-05-25",25100,33150,21800,3465,29000
"2017-05-26",24000,33100,22200,3455,29000
"2017-05-29",24050,32600,21700,3445,29000
"2017-05-30",24300,32700,21800,3440,29000
"2017-05-31",24150,33700,21900,3470,29000
"2017-06-01",24100,33050,21400,3405,29000
"2017-06-02",24250,32750,21500,3410,29000
"2017-06-05",23650,32500,21600,3370,29000
"2017-06-07",23150,32700,21500,3325,29000
"2017-06-08",23650,32800,21450,3355,29000
"2017-06-09",23150,32450,21050,3320,29000
"2017-06-12",23400,32100,20850,3235,29000
"2017-06-13",23550,32650,20850,3320,29000
"2017-06-14",23450,32200,20800,3295,29000
"2017-06-15",22750,31150,20750,3295,29000
"2017-06-16",22700,31350,20500,3330,29000
"2017-06-19",22350,30950,20500,3400,29000
"2017-06-20",22600,30550,20600,3385,29000
"2017-06-21",22400,30650,20300,3295,29000
"2017-06-22",22000,30300,20200,3240,29000
"2017-06-23",22250,30300,20200,3235,29000
"2017-06-26",22300,30500,20600,3110,29000
"2017-06-27",21500,30000,20300,3135,29000
"2017-06-28",22200,30350,20250,3140,29000
"2017-06-29",22400,30150,20400,3180,29000
"2017-06-30",22300,31050,20200,3145,29000
"2017-07-03",22300,31200,20150,3175,29000
"2017-07-04",22050,30500,20000,3155,29000
"2017-07-05",21900,30650,20100,3130,29000
"2017-07-06",21950,30550,20000,3135,29000
"2017-07-07",22250,30500,20200,3135,29000
"2017-07-10",22300,30050,19950,3100,29000
"2017-07-11",22250,29900,20050,3100,29000
"2017-07-12",22500,29950,20200,3130,29000
"2017-07-13",22250,30000,20200,3170,29000
"2017-07-14",22800,29650,20000,3140,29000
"2017-07-17",22750,29800,20200,3140,29000
"2017-07-18",23350,29750,20350,3205,29000
"2017-07-19",23700,30400,20350,3220,29000
"2017-07-20",24250,30600,20400,3245,29000
"2017-07-21",23300,30550,20350,3220,29000
"2017-07-24",23300,30100,20450,3210,29000
"2017-07-25",23300,30000,20450,3135,29000
"2017-07-26",23700,31150,20400,3120,29000
"2017-07-27",23950,30100,20400,3150,29000
"2017-07-28",23400,29750,20250,3115,29000
"2017-07-31",23500,29400,20350,3100,29000
"2017-08-01",24800,29350,20400,3160,29000
"2017-08-02",24250,29000,20450,3150,29000
"2017-08-03",23500,28850,20350,3075,29000
"2017-08-04",24050,28950,20350,3035,29000
"2017-08-07",23900,29250,20450,3040,29000
"2017-08-08",23700,29300,20750,3040,29000
"2017-08-09",23500,29200,21000,3015,29000
"2017-08-10",23300,29250,21200,2985,29000
"2017-08-11",22900,29400,21400,3010,29000
"2017-08-14",22150,28750,21550,3145,29000
"2017-08-16",21800,28650,21750,3230,29000
"2017-08-17",21750,28700,22900,3300,29000
"2017-08-18",21750,28350,22800,3295,29000
"2017-08-21",21750,28150,22800,3380,29000
"2017-08-22",22000,28600,22850,3455,29000
"2017-08-23",21850,28350,22950,3405,29000
"2017-08-24",21800,28700,22450,3415,29000
"2017-08-25",21650,28750,22400,3510,29000
"2017-08-28",21700,28500,22900,3530,29000
"2017-08-29",21450,28450,22400,3620,29000
"2017-08-30",21500,28650,22600,3485,29000
"2017-08-31",21150,28850,22450,3500,29000
"2017-09-01",21350,28700,22650,3475,29000
"2017-09-04",21150,28500,22250,3385,29000
"2017-09-05",21000,28450,21850,3380,29000
"2017-09-06",20850,28250,21700,3335,29000
"2017-09-07",20950,28350,21950,3350,29000
"2017-09-08",21000,28650,21600,3285,29000
"2017-09-11",21150,28700,21150,3280,29000
"2017-09-12",21050,28750,21450,3320,29000
"2017-09-13",20850,28600,21300,3325,29000
"2017-09-14",20750,28700,21050,3240,29000
"2017-09-15",21000,30150,22200,3210,29000
"2017-09-18",21600,29900,21350,3250,29000
"2017-09-19",21350,29850,20900,3230,29000
"2017-09-20",20900,29450,20700,3120,29000
"2017-09-21",20450,29100,20900,3100,29000
"2017-09-22",19600,28150,20600,3010,29000
"2017-09-25",19150,27300,20650,2970,29000
"2017-09-26",19550,27350,20900,3020,29000
"2017-09-27",19300,27300,20800,3070,29000
"2017-09-28",19150,27150,20700,3035,29000
"2017-09-29",19300,27300,20900,3035,29000
"2017-10-10",19200,27350,20750,3025,29000
"2017-10-11",19200,27400,20800,3080,29000
"2017-10-12",19300,27550,21200,3065,29000
"2017-10-13",19100,27500,20800,3055,29000
"2017-10-16",19450,28300,21050,3010,29000
"2017-10-17",19350,27950,20800,3015,29000
"2017-10-18",19300,27400,22150,2955,29000
"2017-10-19",19600,27300,22150,3015,29000
"2017-10-20",19900,27950,22250,3110,29000
"2017-10-23",19500,27650,21550,3095,29000
"2017-10-24",19150,27600,21600,3100,29000
"2017-10-25",19950,28000,21900,3065,29000
"2017-10-26",19500,28600,21500,3080,29000
"2017-10-27",19800,28750,22050,3105,29000
"2017-10-30",19550,28750,22100,3095,29000
"2017-10-31",19400,29050,22100,3120,29000
"2017-11-01",19300,28650,21750,3120,29000
"2017-11-02",19200,29250,21850,3110,29000
"2017-11-03",19300,29600,21650,3155,29000
"2017-11-06",19800,29600,21650,3145,29000
"2017-11-07",21100,30900,21800,3210,29000
"2017-11-08",20750,31300,21850,3205,29000
"2017-11-09",20350,31000,21800,3285,29000
"2017-11-10",19850,29400,21400,3190,29000
"2017-11-13",19600,29300,21400,3155,29000
"2017-11-14",19500,28500,20800,3120,29000
"2017-11-15",18700,27600,20450,3080,29000
"2017-11-16",18800,27500,20650,3075,29000
"2017-11-17",18500,27200,20600,3120,29000
"2017-11-20",18850,26900,20450,3110,29000
"2017-11-21",18350,27350,20200,3065,29000
"2017-11-22",17950,26950,20200,3045,29000
"2017-11-23",18300,27400,20200,3060,29000
"2017-11-24",18350,27100,20100,3030,29000
"2017-11-27",18550,27050,20000,3080,29000
"2017-11-28",18350,27100,19950,3065,29000
"2017-11-29",18550,27250,20100,3025,29000
"2017-11-30",18550,27850,20400,3015,29000
"2017-12-01",18150,27600,20450,2995,29000
"2017-12-04",18200,27600,20500,3010,29000
"2017-12-05",18800,28200,20750,3060,29000
"2017-12-06",18550,27850,20600,3020,29000
"2017-12-07",17950,27450,20650,2965,29000
"2017-12-08",17600,27000,20650,2915,29000
"2017-12-11",17700,27400,20600,2910,29000
"2017-12-12",17950,27250,20050,2860,29000
"2017-12-13",18600,27800,20000,2900,29000
"2017-12-14",18000,27050,19700,2905,29000
"2017-12-15",18250,27800,19400,2930,29000
"2017-12-18",17900,27450,19550,2895,29000
"2017-12-19",18250,27200,19550,2810,29000
"2017-12-20",18100,27350,19700,2760,29000
"2017-12-21",17900,26900,19500,2690,29000
"2017-12-22",17850,26950,19700,2745,29000
"2017-12-26",18050,26950,19850,2795,29000
"2017-12-27",17850,27050,19550,2795,29000
"2017-12-28",18150,27150,19500,2795,29000
"2018-01-02",18750,27650,19750,2850,29000
"2018-01-03",19500,28550,19750,2845,29000
"2018-01-04",20000,29200,19850,2820,29000
"2018-01-05",19950,29350,19850,2900,29000
"2018-01-08",19800,29300,19600,2900,29000
"2018-01-09",20200,29500,19750,2875,29000
"2018-01-10",21550,30800,20100,2955,29000
"2018-01-11",20650,30400,20100,2940,29000
"2018-01-12",21500,31050,20000,2910,29000
"2018-01-15",21100,30750,19600,2895,29000
"2018-01-16",20700,30050,19650,3070,29000
"2018-01-17",20150,29200,19500,3115,29000
"2018-01-18",20000,29000,19800,3070,29000
"2018-01-19",20150,29450,19850,3170,29000
"2018-01-22",20500,29650,19700,3110,29000
"2018-01-23",20500,29800,19750,3105,29000
"2018-01-24",21350,30100,19850,3095,29000
"2018-01-25",24000,31500,20800,3425,29000
"2018-01-26",24050,30700,20500,3595,29000
"2018-01-29",24750,31050,21250,3950,29000
"2018-01-30",24550,30950,21000,4000,29000
"2018-01-31",24100,29950,20950,3965,29000
"2018-02-01",24600,30900,20950,4100,29000
"2018-02-02",24250,30350,20800,4155,29000
"2018-02-05",24000,29250,20450,3900,29000
"2018-02-06",22950,28850,19800,4110,29000
"2018-02-07",22000,28050,19650,3810,29000
"2018-02-08",22000,27850,19650,3815,29000
"2018-02-09",21300,27600,19150,3710,29000
"2018-02-12",20900,27800,19100,3660,29000
"2018-02-13",20300,27500,18850,3620,29000
"2018-02-14",20600,27500,18750,3640,29000
"2018-02-19",21400,27850,19000,3900,29000
"2018-02-20",20900,27750,18750,3800,29000
"2018-02-21",20800,27850,18950,3835,29000
"2018-02-22",21100,27600,18900,3855,29000
"2018-02-23",21250,27800,19100,3780,29000
"2018-02-26",21300,28000,19100,3770,29000
"2018-02-27",20400,27650,19050,3670,29000
"2018-02-28",20200,27150,18850,3690,29000
"2018-03-02",19400,26250,18400,3630,29000
"2018-03-05",19400,26000,18150,3455,29000
"2018-03-06",19600,26150,18000,3540,29000
"2018-03-07",19300,26200,17800,3550,29000
"2018-03-08",19700,26200,17900,3630,29000
"2018-03-09",20000,26300,18100,3615,29000
"2018-03-12",20650,26850,18300,3625,29000
"2018-03-13",20550,26600,18350,3560,29000
"2018-03-14",19950,26600,17950,3480,29000
"2018-03-15",21100,27100,17750,3510,29000
"2018-03-16",21100,27050,17550,3550,29000
"2018-03-19",20550,27200,17600,3485,29000
"2018-03-20",20700,27050,17750,3545,29000
"2018-03-21",21250,27000,17900,3525,29000
"2018-03-22",22450,27100,17800,3685,29000
"2018-03-23",22300,26300,17500,3505,29000
"2018-03-26",23300,27050,17850,3565,29000
"2018-03-27",23300,28150,18300,3815,29000
"2018-03-28",23300,28050,18050,3820,29000
"2018-03-29",22950,27000,17950,3780,29000
"2018-03-30",22900,27300,18250,3685,29000
"2018-04-02",22900,27250,18150,3640,29000
"2018-04-03",23200,27000,18350,3640,29000
"2018-04-04",22600,26500,18200,3420,29000
"2018-04-05",22950,26800,18200,3450,29000
"2018-04-06",22950,26300,18150,3365,29000
"2018-04-09",22250,26000,18200,3335,29000
"2018-04-10",23600,26350,18400,3285,29000
"2018-04-11",23550,26150,18400,3295,29000
"2018-04-12",23750,26400,18400,3275,29000
"2018-04-13",23500,26200,18400,3340,29000
"2018-04-16",23400,26700,18300,3350,29000
"2018-04-17",22650,26550,18200,3310,29000
"2018-04-18",22750,26600,18450,3440,29000
"2018-04-19",23650,27500,18600,3520,29000
"2018-04-20",23650,27100,18700,3565,29000
"2018-04-23",23550,27700,20300,3680,29000
"2018-04-24",24050,27500,20250,3750,29000
"2018-04-25",22650,26450,19950,3700,29000
"2018-04-26",23000,26400,21100,3760,29000
"2018-04-27",23150,26400,20450,3800,29000
"2018-04-30",22550,26450,22400,3995,29000
"2018-05-02",22650,27100,23900,4065,29000
"2018-05-03",22500,26650,22350,4100,29000
"2018-05-04",21800,27100,23500,4100,29000
"2018-05-08",22000,26200,23250,4055,29000
"2018-05-09",22050,25800,22550,4060,29000
"2018-05-10",23700,25800,22700,4650,29000
"2018-05-11",23150,26000,26400,4510,29000
"2018-05-14",25250,30300,34300,4605,29000
"2018-05-15",25600,30400,34900,4555,29000
"2018-05-16",23950,28300,31500,4235,29000
"2018-05-17",24400,28550,37450,4230,29000
"2018-05-18",25650,28850,38500,4295,29000
"2018-05-21",25100,28500,40000,4300,29000
"2018-05-23",24650,27500,41200,4270,29000
"2018-05-24",24150,27650,38800,4015,29000
"2018-05-25",23100,26350,31800,3850,29000
"2018-05-28",24150,28100,41300,4110,29000
"2018-05-29",23350,27200,40700,3900,29000
"2018-05-30",22900,26500,41400,3820,29000
"2018-05-31",22900,26350,40000,3795,29000
"2018-06-01",23350,26450,36700,3800,29000
"2018-06-04",23000,26800,36000,3825,29000
"2018-06-05",23900,27450,42000,3790,29000
"2018-06-07",23650,27100,43050,3880,29000
"2018-06-08",23550,26900,43000,3780,29000
"2018-06-11",24250,27850,49800,3860,29000
"2018-06-12",24150,27500,47900,3830,29000
"2018-06-14",23350,26400,40450,3640,29000
"2018-06-15",23150,26450,39800,3665,29000
"2018-06-18",21850,26150,41200,3540,29000
"2018-06-19",20950,25000,37900,3460,29000
"2018-06-20",21050,24650,38800,3540,29000
"2018-06-21",20350,23750,35400,3480,29000
"2018-06-22",20550,24000,35150,3455,29000
"2018-06-25",20300,23950,34300,3630,29000
"2018-06-26",20950,24000,30950,3515,29000
"2018-06-27",20150,23750,31950,3450,29000
"2018-06-28",21100,23850,31800,3400,29000
"2018-06-29",21400,24150,36250,3410,29000
"2018-07-02",20300,23100,31700,3210,29000
"2018-07-03",20550,22650,33600,3240,29000
"2018-07-04",21100,22800,32950,3320,29000
"2018-07-05",20650,22300,31600,3210,33500
"2018-07-06",20800,22750,33500,3315,26850
"2018-07-09",20350,22400,28300,3280,23250
"2018-07-10",21150,22750,28800,3430,24900
"2018-07-11",21200,22750,29950,3400,23200
"2018-07-12",20400,22600,30050,3420,22700
"2018-07-13",20700,22800,31900,3465,21700
"2018-07-16",20400,22550,31800,3400,20150
"2018-07-17",20300,22550,30750,3400,19900
"2018-07-18",20450,22400,28650,3305,19200
"2018-07-19",19900,22200,27800,3235,18350
"2018-07-20",19900,21900,27650,3210,18250
"2018-07-23",20000,22700,26750,3095,16800
"2018-07-24",17900,22600,29750,3120,16750
"2018-07-25",17750,22350,31300,3110,16300
"2018-07-26",18150,22700,31950,3240,16600
"2018-07-27",18700,22800,32100,3265,17650
"2018-07-30",18750,22900,33700,3270,18000
"2018-07-31",19150,23600,32600,3305,17450
"2018-08-01",18950,23600,33900,3300,17550
"2018-08-02",18350,23000,33500,3250,17350
"2018-08-03",18650,23850,33500,3240,17600
"2018-08-06",18650,23600,31650,3255,17700
"2018-08-07",18600,23600,32450,3230,17750
"2018-08-08",18700,23400,32600,3265,17300
"2018-08-09",18200,23400,32750,3255,17250
"2018-08-10",18300,23450,33550,3265,17650
"2018-08-13",17700,22850,30000,3140,17250
"2018-08-14",17900,23200,31500,3200,17000
"2018-08-16",18050,22800,32450,3145,16900
"2018-08-17",18100,23000,33650,3150,18500
"2018-08-20",18200,23100,33900,3120,19050
"2018-08-21",18100,23050,33150,3170,19150
"2018-08-22",18200,22550,32350,3160,20950
"2018-08-23",17950,22500,32350,3115,19150
"2018-08-24",17800,22250,32050,3030,18850
"2018-08-27",17750,21900,28600,3000,18100
"2018-08-28",17950,22200,28150,3020,17850
"2018-08-29",18200,22100,28150,3050,18150
"2018-08-30",17900,21600,28650,3075,18850
"2018-08-31",18250,21300,28700,3100,18050
"2018-09-03",18150,21000,28850,3085,17700
"2018-09-04",18250,21050,28950,3055,17500
"2018-09-05",18100,21400,28900,3030,17650
"2018-09-06",18000,21450,28800,3025,17150
"2018-09-07",18800,21700,31400,3065,17150
"2018-09-10",19100,21600,35100,3150,17000
"2018-09-11",18950,21800,36400,3135,17000
"2018-09-12",19100,21250,38300,3100,16850
"2018-09-13",19950,21850,38350,3410,17000
"2018-09-14",19800,21950,38450,3420,17100
"2018-09-17",19250,21800,37600,3255,16850
"2018-09-18",19250,22050,36000,3305,16850
"2018-09-19",18850,21700,32500,3235,16800
"2018-09-20",19450,21500,32450,3165,16750
"2018-09-21",20000,21650,34850,3270,16800
"2018-09-27",20900,21950,33850,3325,16750
"2018-09-28",20950,22150,33200,3290,16700
"2018-10-01",21600,21900,32800,3390,16650
"2018-10-02",21550,21800,32500,3350,16600
"2018-10-04",21650,21400,34800,3250,16300
"2018-10-05",21500,21050,33000,3260,16300
"2018-10-08",21250,20700,33650,3265,16450
"2018-10-10",20500,19700,27750,3005,16500
"2018-10-11",19750,18300,26500,2750,16250
"2018-10-12",20250,18600,27400,2805,16200
"2018-10-15",20100,18800,26750,2750,15800
"2018-10-16",19900,19200,27500,2810,16000
"2018-10-17",19350,19150,28500,2855,15950
"2018-10-18",19300,19200,27950,2825,15850
"2018-10-19",18950,18700,28000,2820,15650
"2018-10-22",19050,18350,26050,2745,15700
"2018-10-23",18400,17700,25200,2605,15500
"2018-10-24",18350,17900,24100,2595,15150
"2018-10-25",18500,16900,24400,2510,14850
"2018-10-26",17950,16050,23550,2435,14400
"2018-10-29",17400,15350,21150,2240,13350
"2018-10-30",17150,15500,23450,2345,13400
"2018-10-31",17800,15650,24200,2410,13300
"2018-11-01",17400,15700,25100,2450,14200
"2018-11-02",18350,16300,26300,2535,14350
"2018-11-05",18100,16350,26400,2515,14050
"2018-11-06",19250,16550,25950,2550,14150
"2018-11-07",19250,16050,24500,2555,13700
"2018-11-08",19650,16450,26000,2560,14300
"2018-11-09",19150,16550,25400,2495,14150
"2018-11-12",19900,16600,24900,2480,13500
"2018-11-13",19550,16200,25050,2455,13700
"2018-11-14",18200,16100,24850,2455,13700
"2018-11-15",18900,16350,26200,2480,13800
"2018-11-16",19500,17050,26100,2575,13850
"2018-11-19",19750,17350,27700,2585,14100
"2018-11-20",20050,17000,27900,2550,14250
"2018-11-21",20250,17150,28000,2565,14500
"2018-11-22",19700,16800,27550,2505,14400
"2018-11-23",19450,16500,29000,2515,14400
"2018-11-26",18850,16700,28550,2550,14450
"2018-11-27",18850,16750,29350,2610,14400
"2018-11-28",18950,16850,29150,2620,14100
"2018-11-29",18950,16700,28850,2620,14150
"2018-11-30",19300,16700,29100,2590,14000
"2018-12-03",19500,17250,31000,2675,13950
"2018-12-04",19150,16950,31400,2680,13900
"2018-12-05",19050,16650,31300,2650,13800
"2018-12-06",18750,16400,29400,2575,13100
"2018-12-07",18800,16400,30350,2625,13000
"2018-12-10",18550,16050,29050,2520,12600
"2018-12-11",18200,16150,28400,2450,12650
"2018-12-12",18650,16300,28000,2510,13100
"2018-12-13",18650,16200,28750,2590,13000
"2018-12-14",18950,16600,29300,2540,12900
"2018-12-17",19150,16850,29300,2560,12650
"2018-12-18",18800,16650,28800,2515,12400
"2018-12-19",18600,16250,27800,2545,12300
"2018-12-20",18500,15950,27650,2575,11950
"2018-12-21",18700,16200,27750,2535,11500
"2018-12-24",18650,15850,28350,2515,11250
"2018-12-26",17900,15150,26950,2455,11250
"2018-12-27",18050,15350,27850,2445,11350
"2018-12-28",18200,15350,28100,2465,11750
"2019-01-02",17600,15350,27000,2400,11400
"2019-01-03",17500,15050,27800,2345,11600
"2019-01-04",17850,14700,27500,2375,11750
"2019-01-07",18750,14900,28500,2435,11850
"2019-01-08",18750,14900,29950,2440,12050
"2019-01-09",19850,15350,30500,2495,12050
"2019-01-10",19750,15550,29800,2480,12000
"2019-01-11",19700,15900,31450,2610,12100
"2019-01-14",19550,15750,32100,2610,12350
"2019-01-15",19450,15950,32800,2615,16050
"2019-01-16",20050,16000,32500,2630,16350
"2019-01-17",19850,16150,31700,2615,15850
"2019-01-18",20050,16250,31650,2655,15750
"2019-01-21",20750,16750,30750,2685,16300
"2019-01-22",20150,16750,30600,2710,16050
"2019-01-23",20000,16950,32450,2715,16600
"2019-01-24",19500,16850,33700,2710,16600
"2019-01-25",19450,16850,33000,2710,16600
"2019-01-28",19600,17000,32000,2630,16800
"2019-01-29",19200,17150,30600,2610,16300
"2019-01-30",19800,17150,31800,2680,15750
"2019-01-31",20000,17250,31600,2685,15750
"2019-02-01",19550,17000,34400,2800,16050
"2019-02-07",20000,17150,35150,2905,16050
"2019-02-08",19400,17000,34700,2890,16100
"2019-02-11",19350,16850,33450,2785,16450
"2019-02-12",19100,16650,33000,2815,17200
"2019-02-13",19100,16650,33100,2825,17300
"2019-02-14",19250,17200,32050,2840,16900
"2019-02-15",19000,17100,32450,2850,16650
"2019-02-18",19350,17600,32600,2850,15900
"2019-02-19",19350,17600,33000,2855,15950
"2019-02-20",19400,17500,32150,2850,15650
"2019-02-21",19550,17550,30850,2810,15550
"2019-02-22",19600,17300,31000,2825,15550
"2019-02-25",19650,17000,30250,2830,15650
"2019-02-26",19650,16950,31050,2835,15600
"2019-02-27",19250,17350,31150,2940,15700
"2019-02-28",18950,16900,27000,2815,15350
"2019-03-04",18750,17300,25850,2810,15500
"2019-03-05",18650,17200,26450,2740,15900
"2019-03-06",18800,17750,25850,2720,16050
"2019-03-07",18550,17350,24900,2665,15950
"2019-03-08",18350,16950,24300,2630,16000
"2019-03-11",18300,16850,24550,2605,16050
"2019-03-12",18400,17000,25400,2680,16150
"2019-03-13",18300,16900,25200,2705,16100
"2019-03-14",18650,17400,25600,2760,16100
"2019-03-15",18650,17650,24700,2740,16300
"2019-03-18",18700,17700,25150,2750,16550
"2019-03-19",18700,17500,25700,2740,16350
"2019-03-20",18500,17400,25400,2715,16200
"2019-03-21",18350,17450,24650,2700,16200
"2019-03-22",18000,17050,24500,2660,16150
"2019-03-25",17650,16650,24600,2595,15900
"2019-03-26",17950,16750,24500,2600,15750
"2019-03-27",17850,16550,23900,2585,15450
"2019-03-28",17600,16100,23650,2500,15350
"2019-03-29",17750,16050,24950,2555,15600
"2019-04-01",18250,16650,25150,2630,15600
"2019-04-02",18300,16750,25650,2635,15450
"2019-04-03",18450,16950,25600,2670,15650
"2019-04-04",18500,17150,25500,2675,16100
"2019-04-05",18100,17300,25750,2690,16350
"2019-04-08",18500,17500,25400,2685,16200
"2019-04-09",18500,17700,25500,2685,16100
"2019-04-10",18500,17900,25600,2725,16250
"2019-04-11",18950,17750,25800,2740,16100
"2019-04-12",18600,17750,24650,2765,15800
"2019-04-15",18550,17650,24650,2775,15700
"2019-04-16",18450,17600,24900,2755,15600
"2019-04-17",18150,17400,24450,2740,15350
"2019-04-18",18000,17450,24350,2690,15400
"2019-04-19",18000,17400,24250,2710,15300
"2019-04-22",18000,17100,24100,2690,15300
"2019-04-23",18550,17500,24050,2700,15000
"2019-04-24",18550,17100,23700,2670,14800
"2019-04-25",18100,18100,23300,2655,14400
"2019-04-26",18500,18450,23500,2665,14400
"2019-04-29",18350,18900,23350,2670,14550
"2019-04-30",18300,19050,23450,2660,14500
"2019-05-02",18350,19350,23800,2660,14250
"2019-05-03",18100,18900,23450,2680,13900
"2019-05-07",17950,19350,22850,2675,13750
"2019-05-08",17850,18850,23100,2765,13500
"2019-05-09",17350,18450,22200,2735,13450
"2019-05-10",17550,18700,21800,2825,13450
"2019-05-13",17350,18350,21600,2745,13250
"2019-05-14",17350,18450,21750,2740,13300
"2019-05-15",17450,18300,22100,2830,13250
"2019-05-16",17050,17900,21900,2785,13200
"2019-05-17",17000,17950,22200,2750,13000
"2019-05-20",16800,17000,21900,2655,12500
"2019-05-21",16950,16850,22050,2645,12650
"2019-05-22",16950,16750,22150,2630,12500
"2019-05-23",16850,16700,21650,2630,12300
"2019-05-24",16450,16600,21600,2635,14250
"2019-05-27",16850,16150,21550,2695,13350
"2019-05-28",17200,16150,21800,2690,12300
"2019-05-29",16850,15700,21100,2675,11950
"2019-05-30",17000,15750,21150,2670,11950
"2019-05-31",17200,15750,21350,2615,11950
"2019-06-03",17150,15950,21050,2615,11700
"2019-06-04",17150,16250,21200,2630,11500
"2019-06-05",16950,16050,21400,2655,11400
"2019-06-07",17100,16300,21900,2665,11450
"2019-06-10",17200,16300,22200,2740,11500
"2019-06-11",17450,16550,23050,2775,11800
"2019-06-12",17850,16550,23400,2800,11800
"2019-06-13",17900,16800,23550,2810,11800
"2019-06-14",17500,16500,23650,2780,11500
"2019-06-17",17250,16400,23350,2785,11400
"2019-06-18",18050,16500,22950,2770,11250
"2019-06-19",18000,17050,24850,2800,11300
"2019-06-20",18100,17350,24700,2820,11600
"2019-06-21",18200,17650,24400,2820,11350
"2019-06-24",18050,17650,24750,2845,11350
"2019-06-25",18450,17450,24150,2820,11500
"2019-06-26",18550,17650,23850,2815,11550
"2019-06-27",18650,17800,23650,2830,11550
"2019-06-28",18350,17800,23450,2810,11500
"2019-07-01",18750,17900,24600,2935,11550
"2019-07-02",19050,18450,24400,2915,11700
"2019-07-03",18700,18400,23400,2920,11650
"2019-07-04",18800,18650,23450,2880,11650
"2019-07-05",18950,18850,23500,2870,11500
"2019-07-08",18400,18350,21850,2720,10800
"2019-07-09",18150,18300,20900,2700,10750
"2019-07-10",18550,18450,21350,2715,10700
"2019-07-11",18700,18950,22400,2750,10650
"2019-07-12",18550,19300,22300,2755,10850
"2019-07-15",18250,19050,22250,2700,10650
"2019-07-16",18350,18750,22050,2660,10400
"2019-07-17",18300,18600,21500,2610,10150
"2019-07-18",17750,18500,21300,2630,9940
"2019-07-19",17850,18800,21650,2660,9900
"2019-07-22",18200,18500,21350,2660,9900
"2019-07-23",18550,18750,21150,2620,9660
"2019-07-24",18900,18900,20850,2625,9350
"2019-07-25",19100,19250,20350,2545,9390
"2019-07-26",18850,18650,20100,2495,9390
"2019-07-29",18350,17850,19000,2385,9230
"2019-07-30",18500,18200,19200,2400,9290
"2019-07-31",18750,18450,19550,2445,9300
"2019-08-01",18750,18350,19150,2400,9330
"2019-08-02",18100,17600,18800,2390,9240
"2019-08-05",17400,16700,17150,2185,9020
"2019-08-06",17450,16400,16400,2155,8740
"2019-08-07",17150,16150,16950,2230,8720
"2019-08-08",17600,16150,18050,2275,8730
"2019-08-09",17500,16450,18000,2300,8710
"2019-08-12",17200,16250,18550,2335,8790
"2019-08-13",17450,16250,18700,2315,8700
"2019-08-14",17450,16300,18500,2350,8600
"2019-08-16",17350,16300,17950,2325,8480
"2019-08-19",17700,16900,19150,2355,8490
"2019-08-20",17750,16900,19250,2415,8550
"2019-08-21",18050,16950,19100,2515,8570
"2019-08-22",18000,17050,18700,2470,8420
"2019-08-23",17850,17050,18550,2465,8230
"2019-08-26",17600,16650,17800,2395,8040
"2019-08-27",17750,16550,18000,2380,8030
"2019-08-28",17850,17000,18150,2395,7990
"2019-08-29",18200,17050,18150,2445,7990
"2019-08-30",18350,17200,18800,2520,8130
"2019-09-02",18550,17150,18500,2475,8300
"2019-09-03",18550,16800,18700,2475,8330
"2019-09-04",18750,16950,18550,2480,8380
"2019-09-05",18700,17400,18550,2460,8300
"2019-09-06",18350,17000,18450,2460,8220
"2019-09-09",18250,17050,18400,2450,8240
"2019-09-10",18850,17350,20000,2475,8200
"2019-09-11",18850,17450,20300,2520,8230
"2019-09-16",19650,18200,21300,2590,8600
"2019-09-17",19600,18300,21050,2555,8780
"2019-09-18",19850,18150,20950,2510,8590
"2019-09-19",19550,18100,20500,2505,8500
"2019-09-20",19800,17950,20950,2510,8410
"2019-09-23",19800,18000,21350,2490,8410
"2019-09-24",19900,17950,21100,2500,8390
"2019-09-25",19650,17650,19850,2450,8280
"2019-09-26",19550,17400,19950,2470,8270
"2019-09-27",19150,17200,20150,2435,8200
"2019-09-30",19100,17150,19900,2395,8200
"2019-10-01",18900,17050,19600,2400,8180
"2019-10-02",18300,16700,19950,2355,8150
"2019-10-04",18250,16100,19500,2345,8040
"2019-10-07",17850,15800,17650,2325,8000
"2019-10-08",17950,15900,18150,2365,8050
"2019-10-10",17900,15550,18000,2340,8030
"2019-10-11",17900,15550,18000,2340,8010
"2019-10-14",18300,15950,18350,2395,8080
"2019-10-15",18550,15900,18300,2390,8140
"2019-10-16",18250,15950,18550,2395,8150
"2019-10-17",18550,15950,18250,2390,8170
"2019-10-18",18500,15850,18050,2390,8150
"2019-10-21",18300,15650,17750,2390,8070
"2019-10-22",18800,16100,18150,2395,7970
"2019-10-23",18950,15600,17550,2370,7900
"2019-10-24",19250,15100,17700,2360,7830
"2019-10-25",19100,15200,17800,2355,7800
"2019-10-28",18850,15150,18050,2350,7780
"2019-10-29",18700,15800,18050,2360,7750
"2019-10-30",18350,15450,17850,2340,7750
"2019-10-31",18250,15550,17650,2330,7670
"2019-11-01",18400,15450,17650,2370,7640
"2019-11-04",18700,15750,17800,2400,7610
"2019-11-05",18550,15600,18050,2400,7680
"2019-11-06",18450,15550,18350,2430,7600
"2019-11-07",18700,15600,18400,2415,7590
"2019-11-08",19000,15800,18450,2385,7430
"2019-11-11",19000,15700,18150,2385,7150
"2019-11-12",19250,15800,18050,2400,7230
"2019-11-13",18850,15650,17900,2385,7320
"2019-11-14",19400,15850,17950,2390,7260
"2019-11-15",19450,15750,18050,2395,7490
"2019-11-18",19300,15550,18350,2350,8130
"2019-11-19",19300,15200,18150,2315,8060
"2019-11-20",19050,15100,17750,2300,8470
"2019-11-21",18750,14950,17200,2220,8300
"2019-11-22",18650,15050,17250,2235,8080
"2019-11-25",18600,15200,17550,2255,8090
"2019-11-26",18600,15300,17750,2255,8140
"2019-11-27",18800,15150,18100,2275,8150
"2019-11-28",18450,15050,17750,2270,7970
"2019-11-29",18250,14850,17500,2230,7750
"2019-12-02",18400,15050,17400,2245,7710
"2019-12-03",18600,14850,17450,2255,7380
"2019-12-04",19000,14600,17050,2225,7350
"2019-12-05",19300,14600,16900,2240,7350
"2019-12-06",19400,14650,17150,2245,7380
"2019-12-09",19050,14850,17300,2240,8290
"2019-12-10",19050,14950,17250,2225,8030
"2019-12-11",19200,14850,17800,2215,8030
"2019-12-12",19400,15000,18050,2240,7990
"2019-12-13",19600,15250,18300,2265,8000
"2019-12-16",19500,15000,18200,2260,8160
"2019-12-17",19600,15050,18050,2260,8270
"2019-12-18",19350,14900,18100,2255,8230
"2019-12-19",19400,14850,18150,2255,8220
"2019-12-20",19300,14650,18300,2240,8300
"2019-12-23",19100,14700,18050,2205,8160
"2019-12-24",19200,14700,18000,2195,7970
"2019-12-26",19300,14900,18450,2190,7990
"2019-12-27",18850,14950,17750,2215,8060
"2019-12-30",18650,15050,17900,2220,8010
"2020-01-02",18350,15000,17600,2225,8190
"2020-01-03",18800,15050,17450,2235,8170
"2020-01-06",19200,14600,17000,2240,8070
"2020-01-07",18650,14500,17150,2250,7990
"2020-01-08",18050,13600,16400,2130,7710
"2020-01-09",18150,13750,17200,2180,7840
"2020-01-10",17750,13750,17250,2205,8130
"2020-01-13",17600,13900,18100,2215,8190
"2020-01-14",17950,14000,17950,2220,8200
"2020-01-15",18200,14300,18450,2230,8160
"2020-01-16",17750,14200,18100,2215,8100
"2020-01-17",17850,14050,18150,2215,8100
"2020-01-20",17850,14100,17700,2210,8070
"2020-01-21",18000,14000,17500,2180,8010
"2020-01-22",18000,14050,17850,2175,7990
"2020-01-23",17700,13800,17600,2160,7910
"2020-01-28",17050,13200,16400,2065,7580
"2020-01-29",17300,13000,16400,2075,7560
"2020-01-30",17050,12650,16100,2025,7420
"2020-01-31",16850,12100,15900,1985,7170
"2020-02-03",16500,11850,15800,1950,7150
"2020-02-04",16500,12250,16100,2035,7190
"2020-02-05",16500,12250,16050,2035,7210
"2020-02-06",16950,12700,16300,2085,7320
"2020-02-07",18050,12750,16250,2055,7460
"2020-02-10",18300,13150,16300,2080,7580
"2020-02-11",18100,13400,16650,2105,7500
"2020-02-12",18400,13350,16400,2095,7760
"2020-02-13",18250,13200,16600,2060,7790
"2020-02-14",18650,13200,16550,2035,7840
"2020-02-17",18550,13300,16300,2050,7830
"2020-02-18",17850,12900,16000,2025,7720
"2020-02-19",17450,12700,16200,2000,7700
"2020-02-20",17100,12350,16050,1970,7550
"2020-02-21",16800,12400,15600,1930,7350
"2020-02-24",16200,11900,14700,1825,7160
"2020-02-25",16350,11900,14950,1830,7310
"2020-02-26",16100,11750,14750,1850,7180
"2020-02-27",15650,11700,14400,1815,7180
"2020-02-28",14950,11250,13650,1710,7110
"2020-03-02",14800,11100,13650,1735,6950
"2020-03-03",14950,11250,13700,1780,7030
"2020-03-04",15050,11350,14050,1830,7070
"2020-03-05",15550,11650,14250,1880,7080
"2020-03-06",15000,11200,13850,1820,6970
"2020-03-09",13750,10500,13000,1725,6640
"2020-03-10",13850,10200,13100,1705,6480
"2020-03-11",13600,10050,12500,1660,6280
"2020-03-12",12650,9350,11400,1485,6130
"2020-03-13",11850,8760,10250,1285,5880
"2020-03-16",11250,8630,9750,1285,5790
"2020-03-17",10850,8550,9390,1235,5670
"2020-03-18",10150,7860,8700,1130,5520
"2020-03-19",9090,6650,7060,993,5200
"2020-03-20",9730,7900,7670,1060,4885
"2020-03-23",8700,6710,7200,993,4500
"2020-03-24",9360,7210,7740,1030,4450
"2020-03-25",10250,8100,8820,1110,4445
"2020-03-26",10550,8200,9290,1145,4390
"2020-03-27",10800,8450,9600,1175,4395
"2020-03-30",11200,8590,9570,1190,4370
"2020-03-31",11350,9170,10700,1250,4515
"2020-04-01",10700,8890,10500,1260,4980
"2020-04-02",11700,9140,10750,1410,5000
"2020-04-03",11550,9100,10900,1415,4850
"2020-04-06",13000,11800,11900,1425,4970
"2020-04-07",13600,13300,12200,1455,5300
"2020-04-08",13300,13200,12250,1480,5650
"2020-04-09",13950,13550,12450,1520,5730
"2020-04-10",13750,13300,12250,1540,5700
"2020-04-13",13200,12800,12000,1460,5450
"2020-04-14",13250,13050,12500,1535,5850
"2020-04-16",12850,12700,13950,1545,5800
"2020-04-17",13250,12800,13800,1605,6150
"2020-04-20",13400,12600,15250,1640,6150
"2020-04-21",12950,12250,14400,1585,6110
"2020-04-22",12950,12250,14700,1585,6010
"2020-04-23",13250,12850,14750,1600,6280
"2020-04-24",13350,12500,14200,1550,6700
"2020-04-27",13650,12750,14150,1600,6500
"2020-04-28",13900,13000,14150,1710,6520
"2020-04-29",14200,13200,14650,1780,6430
"2020-05-04",13700,12950,14650,1735,6350
"2020-05-06",14150,13350,15250,1740,6380
"2020-05-07",14050,13350,15050,1745,6380
"2020-05-08",14100,13450,15200,1745,6700
"2020-05-11",14000,13400,14800,1740,6750
"2020-05-12",13500,13050,14350,1685,6960
"2020-05-13",13850,13250,14500,1670,6920
"2020-05-14",13650,13200,14400,1620,6750
"2020-05-15",13900,13300,14200,1630,6750
"2020-05-18",14850,13400,13850,1640,6750
"2020-05-19",14850,14100,14800,1705,6790
"2020-05-20",14900,13950,14650,1700,6830
"2020-05-21",15100,14100,14650,1715,6780
"2020-05-22",14300,13950,14050,1680,6690
"2020-05-25",14450,14000,14050,1685,6630
"2020-05-26",14900,14150,14450,1715,6690
"2020-05-27",15200,14800,14800,1750,7220
"2020-05-28",15050,15550,14400,1725,6810
"2020-05-29",16000,15650,14600,1710,6680
"2020-06-01",15600,15700,14800,1740,6690
"2020-06-02",16000,16150,15100,1760,6580
"2020-06-03",16100,15900,15200,1775,6610
"2020-06-04",15850,15400,15100,1940,6740
"2020-06-05",15900,15850,15550,1900,6660
"2020-06-08",15550,15650,15250,1925,6640
"2020-06-09",15350,15800,14750,1920,6570
"2020-06-10",15400,15500,14500,1895,6570
"2020-06-11",15350,15200,14200,1870,6450
"2020-06-12",14350,14700,13750,1790,6210
"2020-06-15",13700,13400,12450,1650,5800
"2020-06-16",15300,14450,13500,1745,5930
"2020-06-17",15250,14950,12950,1720,5800
"2020-06-18",14900,16850,13400,1740,5680
"2020-06-19",14700,15950,13800,1720,5600
"2020-06-22",14300,15450,13600,1695,5620
"2020-06-23",14350,15400,13300,1695,5480
"2020-06-24",14350,15550,13800,1715,5500
"2020-06-25",14050,14900,13250,1665,5370
"2020-06-26",14000,15400,13300,1675,5300
"2020-06-29",14000,14700,13100,1640,5070
"2020-06-30",13950,15550,13150,1645,5100
"2020-07-01",14250,15450,13300,1625,5180
"2020-07-02",14400,15600,13550,1645,5110
"2020-07-03",14250,15600,13900,1650,5100
"2020-07-06",14350,15550,14050,1685,5280
"2020-07-07",14050,15100,13800,1675,5200
"2020-07-08",14000,14850,14000,1665,5160
"2020-07-09",13900,14850,14000,1670,5100
"2020-07-10",13850,14500,14300,1640,5490
"2020-07-13",14100,14850,14400,1660,5630
"2020-07-14",13900,14950,14300,1655,5570
"2020-07-15",14350,15000,14600,1690,5560
"2020-07-16",14150,15000,14700,1785,5800
"2020-07-17",14100,15200,14650,1775,5770
"2020-07-20",14250,15350,14650,1750,5670
"2020-07-21",14300,15300,15350,1755,5710
"2020-07-22",14600,15450,15600,1755,5590
"2020-07-23",14300,15750,15600,1710,5780
"2020-07-24",14200,15350,15300,1700,5670
"2020-07-27",14150,15100,15150,1715,5680
"2020-07-28",14150,15100,15050,1720,5630
"2020-07-29",14100,15250,15100,1730,5590
"2020-07-30",13950,15200,15050,1725,5570
"2020-07-31",13850,15100,14800,1690,5560
"2020-08-03",13600,15100,14750,1665,5360
"2020-08-04",13800,15250,15050,1700,5470
"2020-08-05",13950,15300,14900,1700,5420
"2020-08-06",14000,15550,15200,1735,5310
"2020-08-07",13900,15350,14700,1720,5180
"2020-08-10",13900,15000,14350,1720,5140
"2020-08-11",14200,15500,14450,1730,5100
"2020-08-12",14600,16000,14900,1845,5100
"2020-08-13",15000,16250,14600,1800,5140
"2020-08-14",15000,16350,14450,1830,5220
"2020-08-18",14700,15350,13750,1725,5060
"2020-08-19",14750,15150,13800,1730,5100
"2020-08-20",14200,14300,13050,1580,4930
"2020-08-21",14250,14450,13350,1630,4885
"2020-08-24",14050,14750,13550,1630,4940
"2020-08-25",14250,14850,13900,1655,5080
"2020-08-26",14000,14750,13750,1635,5100
"2020-08-27",13850,14450,13500,1600,5100
"2020-08-28",13950,14800,13400,1610,5140
"2020-08-31",13600,15050,13500,1625,5210
"2020-09-01",14100,15600,13850,1655,5630
"2020-09-02",14100,15700,13950,1695,7310
"2020-09-03",14050,15550,14000,1710,6710
"2020-09-04",13750,14900,13900,1675,6790
"2020-09-07",13850,15050,14250,1700,6640
"2020-09-08",13800,15150,14450,1695,6350
"2020-09-09",13750,14950,14250,1685,6140
"2020-09-10",13900,15050,14400,1740,6120
"2020-09-11",13850,15200,14500,1725,6040
"2020-09-14",14050,15600,15050,1755,6240
"2020-09-15",14000,16600,15000,1770,6130
"2020-09-16",14150,16950,14950,1760,6020
"2020-09-17",13950,16500,14950,1735,5960
"2020-09-18",13850,16700,15150,1735,5930
"2020-09-21",14000,16350,14750,1710,5740
"2020-09-22",13650,15700,14900,1655,5450
"2020-09-23",13400,15400,14400,1655,5380
"2020-09-24",13000,15100,13950,1600,5160
"2020-09-25",12950,15200,14200,1590,5100
"2020-09-28",13050,15200,14300,1630,5260
"2020-09-29",13400,15450,14400,1665,5270
"2020-10-05",13650,15350,14350,1740,5410
"2020-10-06",13500,15450,14300,1735,5550
"2020-10-07",13650,15500,14250,1735,5630
"2020-10-08",13650,15300,14300,1740,5510
"2020-10-12",13950,15250,14600,1755,5620
"2020-10-13",13900,15150,14550,1730,5710
"2020-10-14",13850,15200,14550,1705,5710
"2020-10-15",13800,15150,14300,1690,5650
"2020-10-16",14050,15150,14300,1650,5470
"2020-10-19",14600,15400,14350,1730,5500
"2020-10-20",14300,15350,14150,1710,5710
"2020-10-21",15350,15450,14350,1740,5720
"2020-10-22",15200,15600,14250,1730,5720
"2020-10-23",14600,15700,14500,1740,5620
"2020-10-26",13950,15500,14350,1690,5500
"2020-10-27",13650,15600,14100,1690,5480
"2020-10-28",13800,15500,14150,1705,5570
"2020-10-29",13550,15500,13950,1705,5500
"2020-10-30",13300,15450,13800,1665,5540
"2020-11-02",13300,16150,14250,1730,5540
"2020-11-03",13500,16300,14300,1725,5530
"2020-11-04",13550,16350,14500,1725,5450
"2020-11-05",13750,16700,14550,1750,5520
"2020-11-06",13650,16650,14400,1740,5560
"2020-11-09",13600,16950,14900,1795,5680
"2020-11-10",14000,18200,15000,1815,6070
"2020-11-11",14250,18350,15250,1830,5860
"2020-11-12",14300,19000,15300,1835,6830
"2020-11-13",14000,18450,14850,1830,6560
"2020-11-16",14100,19200,15400,1875,6760
"2020-11-17",14250,18800,15350,1865,6450
"2020-11-18",14200,18400,15150,1850,6550
"2020-11-19",14000,18900,15200,1840,6200
"2020-11-20",14350,18650,15150,1845,6270
"2020-11-23",14350,18950,15150,1920,6640
"2020-11-24",14350,19450,15450,2010,6700
"2020-11-25",14150,20400,15250,1970,6530
"2020-11-26",13800,19750,15200,1940,6420
"2020-11-27",13400,18750,15150,1935,6360
"2020-11-30",13300,19100,14850,1910,6280
"2020-12-01",13650,19350,15000,1925,6300
"2020-12-02",14150,19500,14950,1925,6290
"2020-12-03",14100,19550,15050,1920,6450
"2020-12-04",14050,19650,14900,1910,6350
"2020-12-07",13850,19600,14800,1865,6280
"2020-12-08",14100,19650,14750,1880,6280
"2020-12-09",14150,20200,15150,1905,6310
"2020-12-10",14550,22300,15600,1910,6400
"2020-12-11",15350,25000,16300,1940,6410
"2020-12-14",14950,24750,16150,2005,6520
"2020-12-15",15150,25100,16250,2030,6480
"2020-12-16",15150,26400,16400,2025,6500
"2020-12-17",15050,26250,16100,2010,6490
"2020-12-18",15050,25100,16200,1980,6430
"2020-12-21",15200,24950,16200,2020,6100
"2020-12-22",14700,24550,15700,1975,5820
"2020-12-23",14650,25100,15450,1950,5790
"2020-12-24",15200,24200,16200,1965,5830
"2020-12-28",15200,24050,16300,1920,5400
"2020-12-29",14550,24450,15850,1910,5510
"2020-12-30",14550,24700,15950,1940,5600
"2021-01-04",14550,26750,16050,1980,5690
"2021-01-05",15100,26550,17300,2090,5810
"2021-01-06",15050,26450,17150,2265,5770
"2021-01-07",16300,27200,17850,2245,5790
"2021-01-08",15850,27250,18150,2375,5800
"2021-01-11",15150,26400,17700,2235,5590
"2021-01-12",15100,25900,17500,2210,5630
"2021-01-13",15150,26350,17550,2250,5830
"2021-01-14",15200,26950,17650,2290,5870
"2021-01-15",15250,26650,17250,2265,5880
"2021-01-18",14800,25450,16600,2170,5740
"2021-01-19",15350,27900,17150,2200,5700
"2021-01-20",15250,28000,17250,2205,5690
"2021-01-21",17200,28750,17800,2335,5670
"2021-01-22",16200,27550,17550,2300,5720
