"","028670","011200","005880","067900","044450","000700","129260","124560","003280"
"2016-01-25",3065,18238,1690,3186,8455,6270,2805,NA,2641
"2016-01-26",3000,18366,1690,3153,8555,5910,2830,NA,2590
"2016-01-27",3005,18528,1715,3186,8705,6070,2850,NA,2616
"2016-01-28",3040,18818,1720,3064,8605,6940,2870,NA,2625
"2016-01-29",3050,18366,1725,3087,8755,6880,2870,NA,2713
"2016-02-01",3060,20590,1695,3045,8680,6980,2850,NA,2722
"2016-02-02",3010,20494,1720,3022,8580,7010,2830,NA,2669
"2016-02-03",2980,20107,1680,3027,8630,6950,2810,NA,2598
"2016-02-04",3010,19559,1710,3064,8630,7080,2840,NA,2651
"2016-02-05",3010,19591,1700,3102,8655,6780,2965,NA,2678
"2016-02-11",2910,15757,1595,3060,8680,6210,2880,NA,2537
"2016-02-12",2860,15950,1570,2998,8630,6000,2845,NA,2388
"2016-02-15",2970,16691,1590,3040,8655,6100,2965,NA,2423
"2016-02-16",3000,17013,1605,3060,8555,6400,2970,NA,2494
"2016-02-17",2975,17045,1570,3036,8580,6440,2965,NA,2441
"2016-02-18",3000,17271,1635,3064,8430,6590,2975,NA,2485
"2016-02-19",3170,18560,1665,3050,8380,6860,2985,NA,2510
"2016-02-22",3405,18947,1675,3036,8280,7030,3000,NA,2590
"2016-02-23",3355,18721,1650,3013,8430,7390,2995,NA,2581
"2016-02-24",3250,18882,1660,3036,8430,7400,3040,NA,2572
"2016-02-25",3260,18818,1660,3017,8305,7750,3045,NA,2503
"2016-02-26",3260,18818,1630,3008,8780,7800,3000,NA,2537
"2016-02-29",3380,19011,1610,3031,8505,8150,3000,NA,2528
"2016-03-02",3400,19687,1630,3045,8555,8620,3000,NA,2625
"2016-03-03",3510,20364,1660,3079,8505,8840,3080,NA,2713
"2016-03-04",3485,16079,1710,3158,8505,8860,3185,NA,2694
"2016-03-07",3615,16208,1715,3139,8505,8820,3400,NA,2807
"2016-03-08",3700,17207,1700,3205,8580,9200,3300,NA,2765
"2016-03-09",3725,17110,1710,3257,8455,9050,3390,NA,2738
"2016-03-10",3725,17239,1710,3276,8455,9070,3340,NA,2738
"2016-03-11",3670,17239,1700,3276,8580,9060,3270,NA,2747
"2016-03-14",3625,16304,1660,3318,8730,8880,3280,NA,2729
"2016-03-15",3555,15305,1620,3384,8505,8860,3260,NA,2703
"2016-03-16",3565,15724,1615,3337,8505,9050,3150,NA,2669
"2016-03-17",3670,15596,1700,3393,8505,9730,3235,NA,2651
"2016-03-18",3770,14983,1690,3441,8655,9990,3200,NA,2669
"2016-03-21",3805,14951,1655,3431,8530,9900,3185,NA,2616
"2016-03-22",3830,14629,1680,3483,8480,10200,3420,NA,2590
"2016-03-23",3960,14146,1640,3492,8455,10250,3360,NA,2581
"2016-03-24",3935,13856,1670,3520,8305,9730,3265,NA,2547
"2016-03-25",3780,14436,1635,3510,8305,9520,3240,NA,2528
"2016-03-28",3695,14725,1630,3459,8330,9430,3195,NA,2510
"2016-03-29",3750,15080,1655,3463,8355,9800,3215,NA,2590
"2016-03-30",3775,14983,1705,3463,8330,9960,3330,NA,2572
"2016-03-31",3735,14242,1695,3478,8330,9700,3385,NA,2563
"2016-04-01",3750,13984,1700,3539,8355,9530,3275,NA,2581
"2016-04-04",3940,13340,1690,3562,8355,9900,3270,NA,2249
"2016-04-05",4055,14242,1645,3591,8330,9840,3195,NA,2266
"2016-04-06",4000,13792,1705,3619,8380,10100,3255,NA,2222
"2016-04-07",4020,13888,1700,3633,8505,10150,3225,NA,2231
"2016-04-08",4025,13534,1700,3604,8455,10150,3315,NA,2213
"2016-04-11",4245,13276,1840,3609,8380,10100,3380,NA,2240
"2016-04-12",4215,13276,1930,3552,8455,9960,3505,NA,2275
"2016-04-14",4325,13308,2000,3562,8305,9960,3470,NA,2362
"2016-04-15",4305,13276,1925,3562,8380,9830,3540,NA,2353
"2016-04-18",4260,12212,1890,3534,8330,10100,3500,NA,2353
"2016-04-19",4250,12889,1915,3557,8255,11300,3590,NA,2415
"2016-04-20",4185,12889,1905,3552,8205,11850,3565,NA,2494
"2016-04-21",4125,12889,1890,3557,8305,11600,3800,NA,2300
"2016-04-22",4255,12889,1840,3534,8505,11700,3720,NA,2353
"2016-04-25",4155,12889,1835,3534,8430,10400,3665,NA,2275
"2016-04-26",3950,12889,1830,3520,8305,10200,3435,NA,2432
"2016-04-27",4015,12889,1835,3506,8405,10200,3450,NA,2441
"2016-04-28",4035,12889,1825,3459,8405,9820,3430,NA,2441
"2016-04-29",3970,12889,1780,3441,8505,10050,3405,NA,2379
"2016-05-02",3780,12889,1740,3393,8505,10100,3370,NA,2293
"2016-05-03",3955,12889,1750,3393,8830,9910,3360,NA,2300
"2016-05-04",3870,12889,1695,3393,9005,9770,3320,NA,2337
"2016-05-09",3835,12398,1670,3384,9005,10000,3315,NA,2213
"2016-05-10",3805,11462,1715,3397,8830,10300,3455,NA,2249
"2016-05-11",3820,11685,1705,3374,8730,10250,3450,NA,2694
"2016-05-12",3795,11373,1690,3402,8705,10100,3450,NA,2572
"2016-05-13",3735,10258,1665,3426,8530,10150,3455,NA,2485
"2016-05-16",3675,10168,1660,3426,8430,9980,3405,NA,2475
"2016-05-17",3640,10927,1685,3355,8430,9860,3310,NA,2423
"2016-05-18",3570,11863,1640,3384,8280,9670,3235,NA,2353
"2016-05-19",3500,10079,1645,3384,8230,9110,3210,NA,2353
"2016-05-20",3495,10079,1635,3384,8230,8740,3285,NA,2379
"2016-05-23",3500,10124,1700,3351,8180,9370,3250,NA,2353
"2016-05-24",3590,9722,1675,3323,8180,9690,3280,NA,2275
"2016-05-25",3580,8902,1675,3360,8355,9970,3275,NA,2257
"2016-05-26",3510,8393,1700,3421,8505,9660,3200,NA,2293
"2016-05-27",3550,10882,1740,3463,8655,9700,3255,NA,2466
"2016-05-30",3570,14138,1760,3444,8630,9590,3470,NA,2371
"2016-05-31",3710,16055,1830,3487,8480,9760,3480,NA,2563
"2016-06-01",3745,15609,1805,3544,8480,9700,3385,NA,2519
"2016-06-02",3810,16100,1820,3591,8480,9520,3395,NA,2572
"2016-06-03",3695,14628,1805,3581,8505,9650,3375,NA,2598
"2016-06-07",3715,16457,1780,3576,8480,9450,3350,NA,2572
"2016-06-08",3670,14004,1710,3694,8355,9560,3280,NA,2485
"2016-06-09",3580,14271,1730,3680,8305,9720,3175,NA,2519
"2016-06-10",3640,14361,1755,3670,8305,9870,3185,NA,2485
"2016-06-13",3675,12978,1690,3604,8305,9680,3185,NA,2328
"2016-06-14",3685,13290,1705,3604,8255,9910,3170,NA,2319
"2016-06-15",3665,12443,1670,3609,8280,9930,3170,NA,2319
"2016-06-16",3560,11551,1660,3478,8305,9720,3080,NA,2240
"2016-06-17",3540,10882,1710,3552,8305,9960,3080,NA,2275
"2016-06-20",3520,11150,1750,3576,8330,9860,3075,NA,2362
"2016-06-21",3610,10971,1800,3572,8355,9750,3100,NA,2388
"2016-06-22",3680,10570,1800,3806,8380,9690,3125,NA,2397
"2016-06-23",3630,13736,1775,3712,8230,9660,3055,NA,2379
"2016-06-24",3425,14450,1730,3604,8280,9120,2875,NA,2231
"2016-06-27",3360,13513,1710,3656,8105,9190,2875,NA,2169
"2016-06-28",3425,12443,1700,3661,8430,9310,2955,NA,2178
"2016-06-29",3505,12800,1720,3778,8580,9360,3030,NA,2213
"2016-06-30",3495,13112,1715,3830,8505,9670,3070,NA,2213
"2016-07-01",3645,12844,1720,3764,8355,9610,3000,NA,2240
"2016-07-04",3660,12844,1740,3778,8180,9640,2985,NA,2222
"2016-07-05",3610,12309,1715,3769,8255,9590,3015,NA,2249
"2016-07-06",3540,12443,1680,3759,8230,9540,2945,NA,2187
"2016-07-07",3580,12443,1720,3759,8330,9420,2970,NA,2196
"2016-07-08",3540,11997,1700,3736,8255,9440,2965,NA,2169
"2016-07-11",3530,11640,1750,3759,8330,9340,3045,NA,2169
"2016-07-12",3525,11819,1780,3759,8330,9750,3100,NA,2240
"2016-07-13",3620,11685,1790,3741,8405,9860,3135,NA,2240
"2016-07-14",3695,11462,1800,3759,8505,9830,3140,NA,2275
"2016-07-15",3735,11774,1835,3751,8430,9900,3080,NA,2266
"2016-07-18",3855,11150,1890,3736,8355,9980,3120,NA,2371
"2016-07-19",3860,10882,1925,3736,8405,10200,3085,NA,2353
"2016-07-20",3865,9990,1930,3769,8430,10250,3090,NA,2371
"2016-07-21",3910,10213,1880,3783,8255,10500,3100,NA,2344
"2016-07-22",3815,10213,1900,3788,8380,10750,3140,NA,2309
"2016-07-25",3735,10124,1870,3806,8280,11050,3120,NA,2300
"2016-07-26",3705,9945,1865,3882,8405,10900,3120,NA,2328
"2016-07-27",3675,9678,1885,3845,8280,10800,3120,NA,2300
"2016-07-28",3670,9678,1890,3821,8455,10800,3090,NA,2397
"2016-07-29",3680,9455,1940,3759,8455,10500,3085,NA,2415
"2016-08-01",3680,9410,1945,3764,8330,10500,3135,NA,2388
"2016-08-02",3615,9455,1995,3774,8355,10600,3135,NA,2450
"2016-08-03",3570,6815,1950,3759,8305,10300,3135,NA,2353
"2016-08-04",3540,6333,1920,3788,8280,10300,3140,NA,2371
"2016-08-05",3595,6583,2050,3736,8380,10300,3135,NA,2397
"2016-08-08",3570,6395,2025,3746,8355,10550,3145,NA,2537
"2016-08-09",3580,6378,2065,3732,8355,10700,3150,NA,2519
"2016-08-10",3710,6279,2100,3717,8455,10650,3150,NA,2554
"2016-08-11",3735,6101,2100,3764,8380,10550,3120,NA,2510
"2016-08-12",3775,6226,2070,3774,8405,10600,3150,NA,2537
"2016-08-16",3705,6155,2055,3759,8280,10250,3145,NA,2485
"2016-08-17",3615,6163,2100,3717,8330,10050,3090,NA,2371
"2016-08-18",3595,6181,2115,3717,8480,10100,3095,NA,2293
"2016-08-19",3635,6190,2115,3689,8305,9840,3040,NA,2249
"2016-08-22",3600,6172,2065,3444,8280,9540,2970,NA,2231
"2016-08-23",3575,6128,2060,3492,8280,9540,2990,NA,2178
"2016-08-24",3535,6065,2090,3478,8355,9300,2955,NA,2205
"2016-08-25",3495,5932,2025,3478,8305,9130,2965,NA,2196
"2016-08-26",3515,6048,2105,3478,8305,9000,2930,NA,2143
"2016-08-29",3430,6163,2005,3289,8130,9170,2860,NA,2134
"2016-08-30",3515,6627,2120,3313,7979,8220,2880,NA,2231
"2016-08-31",3675,8322,2065,3163,7829,7030,2960,NA,2475
"2016-09-01",3745,8161,2085,3210,7904,7330,3000,NA,2563
"2016-09-02",3915,8420,2100,3276,7729,7530,3000,NA,3324
"2016-09-05",3845,8117,2035,3449,7754,7470,2920,NA,3324
"2016-09-06",3640,7626,1980,3426,7679,7880,3000,NA,3176
"2016-09-07",3865,8233,2095,3525,7929,7500,3045,NA,4121
"2016-09-08",3715,7930,2010,3365,8005,7210,2995,NA,4077
"2016-09-09",3715,7662,2015,3341,7979,7070,2910,NA,4024
"2016-09-12",3730,7136,2000,3276,8205,6730,2890,NA,3448
"2016-09-13",3760,7180,1995,3252,8180,7050,2940,NA,3605
"2016-09-19",3890,6886,1995,3242,8255,6960,2920,NA,3404
"2016-09-20",3830,6672,1975,3261,8480,6890,2925,NA,3158
"2016-09-21",3980,7225,2030,3289,8580,6870,2920,NA,3614
"2016-09-22",4280,7171,2065,3346,8555,7220,2945,NA,3595
"2016-09-23",4320,7323,2140,3289,8755,7040,3010,NA,3752
"2016-09-26",4145,7760,2100,3323,8880,7030,3030,NA,3745
"2016-09-27",4075,7823,2150,3379,8830,7200,3025,NA,3665
"2016-09-28",3995,7591,2155,3483,8780,7050,3015,NA,3586
"2016-09-29",4045,7493,2165,3534,8855,7090,3040,NA,3552
"2016-09-30",3855,7234,2100,3539,8880,6850,3030,NA,3360
"2016-10-04",3910,7252,2100,3651,8740,6970,3000,NA,3404
"2016-10-05",3915,7145,2095,3675,8730,6870,2975,NA,3342
"2016-10-06",3950,7207,2115,3699,8800,6840,3070,NA,3263
"2016-10-07",3890,7127,2125,3635,8600,6740,3090,NA,3236
"2016-10-10",3865,7118,2100,3654,8510,6900,3085,NA,3167
"2016-10-11",4065,7118,2170,3777,8510,6900,3105,NA,3158
"2016-10-12",4070,7216,2150,3752,8470,6850,3190,NA,3097
"2016-10-13",3940,7448,2080,3757,8510,6950,3165,NA,3273
"2016-10-14",3920,8233,2075,3703,8500,6870,3200,NA,3201
"2016-10-17",3955,7805,2080,3669,8480,6780,3220,NA,3141
"2016-10-18",3960,7769,2090,3659,8430,6710,3165,NA,3211
"2016-10-19",3900,7796,2035,3718,8340,6730,3300,NA,3351
"2016-10-20",3865,7831,2005,3684,8350,6720,3265,NA,3482
"2016-10-21",3850,7733,1965,3630,8310,6630,3170,NA,3324
"2016-10-24",3835,7840,1965,3630,8220,6290,3370,NA,3351
"2016-10-25",3780,7733,1910,3571,8100,6200,3270,NA,3211
"2016-10-26",3730,7501,1860,3532,8250,6150,3275,NA,2895
"2016-10-27",3735,7591,1850,3546,8280,6360,3405,NA,2773
"2016-10-28",3710,7787,1860,3532,8200,6260,3365,NA,2678
"2016-10-31",3605,7778,1805,3581,8060,6260,3305,NA,2939
"2016-11-01",3635,7778,1855,3463,8120,6080,3200,NA,2756
"2016-11-02",3480,7493,1800,3375,8050,5600,3040,NA,2729
"2016-11-03",3565,7457,1815,3345,8050,5580,3250,NA,2729
"2016-11-04",3570,7564,1790,3414,8020,5310,3400,NA,2756
"2016-11-07",3575,7501,1830,3527,8020,5200,3340,NA,2817
"2016-11-08",3675,7528,1840,3522,8000,5350,3235,NA,2826
"2016-11-09",3515,7118,1805,3419,7990,5120,3035,NA,2572
"2016-11-10",3875,7430,1845,3463,7910,5350,3190,NA,2745
"2016-11-11",4005,7439,1785,3493,7950,5410,3365,NA,2718
"2016-11-14",4075,7225,1900,3458,7950,5300,3375,NA,2755
"2016-11-15",3900,7029,1640,3458,7880,5420,3435,NA,2663
"2016-11-16",4005,7029,1650,3478,7860,5470,3435,NA,2672
"2016-11-17",4085,6806,1680,3493,7770,5340,4465,NA,2609
"2016-11-18",4175,6806,1680,3399,7750,5600,4470,NA,2590
"2016-11-21",4120,6440,1720,3385,7700,5860,4235,NA,2554
"2016-11-22",4055,6271,1805,3247,7780,5710,4450,NA,2536
"2016-11-23",4095,6422,1900,3237,7770,6120,4640,NA,2408
"2016-11-24",3975,6199,1900,3169,7790,5940,4720,NA,2408
"2016-11-25",3910,6378,1900,3174,7820,6030,4700,NA,2463
"2016-11-28",3900,6431,1860,3149,7800,6030,4470,NA,2390
"2016-11-29",3955,6297,1840,3223,7820,6000,4365,NA,2335
"2016-11-30",3930,6422,1770,3159,7670,6040,4250,NA,2326
"2016-12-01",4075,6065,1695,3174,7740,5680,4200,NA,2244
"2016-12-02",4040,6110,1665,3198,7450,5300,4350,NA,2244
"2016-12-05",4025,6012,1660,3213,7140,5210,4265,NA,2143
"2016-12-06",4000,6110,1600,3267,7050,5370,4495,NA,2207
"2016-12-07",4050,6440,1630,3340,6950,5640,4345,NA,2244
"2016-12-08",3915,6547,1605,3355,6960,5530,4375,NA,2244
"2016-12-09",3945,6163,1550,3478,6910,5510,4385,NA,2216
"2016-12-12",3885,6235,1590,3468,7250,5540,4460,NA,2298
"2016-12-13",3840,6083,1590,3424,7500,5550,4280,NA,2590
"2016-12-14",3860,6110,1625,3419,7400,5510,4105,NA,2517
"2016-12-15",3800,6253,1645,3561,7450,5660,3980,NA,2508
"2016-12-16",3830,6199,1675,3512,7390,5600,3950,NA,2472
"2016-12-19",3855,6146,1650,3483,7310,5590,3980,NA,2390
"2016-12-20",3865,6163,1645,3532,7540,5620,3880,NA,2371
"2016-12-21",3845,6181,1635,3532,7590,5630,3990,NA,2362
"2016-12-22",3985,6110,1640,3453,7860,6010,3885,NA,2435
"2016-12-23",3960,6065,1605,3488,7990,6100,3770,NA,2417
"2016-12-26",3930,5923,1580,3483,7970,6250,3780,NA,2344
"2016-12-27",3855,5753,1590,3473,8000,6270,3835,NA,2344
"2016-12-28",3945,5896,1660,3434,8070,5750,3860,NA,2390
"2016-12-29",3985,6030,1720,3443,8090,5720,3830,NA,2426
"2017-01-02",3945,6056,1680,3434,8120,5730,3675,NA,2435
"2017-01-03",4025,6128,1750,3414,8120,6050,3740,NA,2554
"2017-01-04",4080,6618,1750,3399,8070,6240,3770,NA,2919
"2017-01-05",4050,6547,1750,3365,8100,6550,3780,NA,2891
"2017-01-06",4070,6592,1710,3380,8090,6400,3740,NA,2773
"2017-01-09",4025,6556,1665,3532,8100,6360,3645,NA,2755
"2017-01-10",3965,6636,1680,3551,8090,6320,3750,NA,2773
"2017-01-11",4095,6609,1730,3537,8030,6310,3785,NA,2618
"2017-01-12",4120,7314,1785,3581,8040,6340,3700,NA,3402
"2017-01-13",4020,7038,1790,3733,8150,6350,3580,NA,3648
"2017-01-16",4095,6850,1745,3610,8070,6420,3590,NA,3293
"2017-01-17",4100,7154,1810,3797,8170,6680,3645,NA,3858
"2017-01-18",4055,7011,1835,3836,8230,6890,3635,NA,3685
"2017-01-19",4160,7270,1805,3782,8250,6880,3690,NA,3730
"2017-01-20",4050,7162,1835,3654,8330,6980,3610,NA,3803
"2017-01-23",3980,6975,1830,3831,8330,6930,3510,NA,3393
"2017-01-24",3890,6940,1795,3767,8400,6820,3470,NA,3238
"2017-01-25",3890,6940,1790,3821,8550,6770,3395,NA,3119
"2017-01-26",3915,6931,1840,3806,8610,6640,3490,NA,3083
"2017-01-31",3850,6850,1820,3694,8770,6660,3450,NA,3046
"2017-02-01",3955,7011,1840,3797,8770,6740,3495,NA,3557
"2017-02-02",3825,7216,1785,3674,8770,6640,3290,NA,4031
"2017-02-03",3840,7162,1760,3522,8740,6740,3290,NA,3639
"2017-02-06",3840,7216,1815,3512,8790,6840,3295,NA,3648
"2017-02-07",3940,7127,1810,3488,8730,6890,3340,NA,3676
"2017-02-08",4035,7136,1815,3473,8720,6850,3240,NA,3448
"2017-02-09",4090,7162,1890,3600,8670,6850,3210,NA,3575
"2017-02-10",4210,7207,1985,3463,8640,6820,3165,NA,3411
"2017-02-13",4210,7216,1980,3625,8590,6990,3220,NA,3411
"2017-02-14",4295,7162,1970,3645,8690,7020,3250,NA,3284
"2017-02-15",4415,7189,1940,3659,8740,7170,3250,NA,3366
"2017-02-16",4475,7234,1950,3659,8740,7180,3270,NA,3502
"2017-02-17",4600,7448,2115,3640,8800,7180,3280,NA,3429
"2017-02-20",4615,7448,2095,3640,8770,7160,3275,NA,3357
"2017-02-21",4900,7484,2280,3752,8920,7150,3280,NA,3502
"2017-02-22",4740,7689,2230,3806,8990,7080,3350,NA,3603
"2017-02-23",4975,7796,2250,3792,8930,6850,3310,NA,3484
"2017-02-24",4930,7707,2205,3708,8900,6650,3255,NA,3402
"2017-02-27",4810,7501,2215,3689,8790,6690,3265,NA,3384
"2017-02-28",5170,7582,2370,3591,8950,6710,3220,NA,3457
"2017-03-02",5120,7448,2375,3591,9020,6710,3225,NA,3384
"2017-03-03",5230,7332,2385,3630,8910,6640,3175,NA,3393
"2017-03-06",5360,7394,2400,3620,8990,6720,3180,NA,3338
"2017-03-07",5280,7573,2395,3649,8740,6660,3180,NA,3347
"2017-03-08",5240,7600,2415,3679,8810,6630,3155,NA,3493
"2017-03-09",5070,7493,2330,3620,8880,6500,3170,NA,3402
"2017-03-10",5210,7769,2385,3610,8770,6710,3170,NA,3548
"2017-03-13",5150,7992,2400,3713,8750,6740,3310,NA,3539
"2017-03-14",5150,7992,2445,3806,8840,6680,3345,NA,3557
"2017-03-15",5100,8037,2430,3684,8750,6540,3270,NA,3557
"2017-03-16",5550,8242,2595,3733,8840,6460,3320,NA,3703
"2017-03-17",5480,8126,2575,3797,8880,6290,3305,NA,3603
"2017-03-20",5640,7876,2620,3748,8830,6140,3280,NA,3530
"2017-03-21",5650,7983,2545,3659,8870,6160,3240,NA,3493
"2017-03-22",5430,7733,2400,3640,8760,6220,3190,NA,3384
"2017-03-23",5480,7814,2430,3625,8750,6390,3190,NA,3366
"2017-03-24",5600,7796,2345,3649,8770,6390,3190,NA,3366
"2017-03-27",5500,7591,2300,3630,8690,6450,3180,NA,3293
"2017-03-28",5450,7626,2330,3674,8660,6410,3115,NA,3284
"2017-03-29",5510,7501,2360,3708,8690,6290,3105,NA,3284
"2017-03-30",5540,7421,2325,3728,8620,6420,3130,NA,3183
"2017-03-31",5500,7359,2325,3738,8640,6460,3140,NA,3247
"2017-04-03",5040,7180,2230,3748,8640,7000,3115,NA,3229
"2017-04-04",5100,7082,2255,3748,8640,6970,3130,NA,3147
"2017-04-05",4925,7091,2275,3855,8640,7000,3130,NA,3128
"2017-04-06",5040,6984,2415,3792,8590,7050,3080,NA,3056
"2017-04-07",5210,7100,2400,3797,8600,7070,3090,NA,3147
"2017-04-10",5020,6886,2285,3738,8480,7000,3025,NA,3101
"2017-04-11",5120,6841,2295,3816,8460,7000,3020,NA,3019
"2017-04-12",5400,7047,2320,3826,8500,6990,3010,NA,3065
"2017-04-13",5420,6966,2260,3782,8530,6970,2990,NA,3037
"2017-04-14",5360,6948,2315,3728,8410,6760,2985,NA,2964
"2017-04-17",5410,7118,2430,3806,8400,6860,3005,NA,3074
"2017-04-18",5340,7261,2435,3846,8470,7090,3015,NA,3046
"2017-04-19",5100,7216,2340,3841,8350,7050,3010,NA,3028
"2017-04-20",5180,7314,2310,3973,8390,7060,3085,NA,3092
"2017-04-21",5150,7430,2365,4027,8140,7060,3135,NA,3083
"2017-04-24",5090,7626,2410,3836,8300,6980,3105,NA,3065
"2017-04-25",5160,7644,2480,3919,8390,7010,3125,NA,3110
"2017-04-26",5300,7635,2525,3944,8540,7010,3150,NA,3165
"2017-04-27",5280,7617,2450,3855,8400,6990,3130,NA,3128
"2017-04-28",5210,7716,2415,3890,8450,7000,3135,NA,3128
"2017-05-02",5030,7840,2445,3792,8400,7020,3130,NA,3046
"2017-05-04",5130,8054,2390,3792,8440,6980,3140,NA,3101
"2017-05-08",5020,8206,2395,3797,8490,7000,3100,NA,3065
"2017-05-10",4945,8206,2400,3846,8520,6830,3105,NA,3037
"2017-05-11",4830,8019,2305,3846,8420,6750,3125,NA,2983
"2017-05-12",5140,8161,2420,3934,8490,6490,3130,NA,3010
"2017-05-15",5180,7894,2465,4071,8670,6470,3130,NA,3001
"2017-05-16",5360,7912,2945,4071,8660,6280,3125,NA,2891
"2017-05-17",5300,7653,2940,4218,8790,6340,3085,NA,2755
"2017-05-18",5210,7457,2970,4184,8680,6300,3075,NA,2672
"2017-05-19",5260,7662,3005,4194,8580,6300,3100,NA,2691
"2017-05-22",5380,7751,3165,4155,8660,6400,3115,NA,2700
"2017-05-23",5390,7885,3185,4081,8720,7090,3220,NA,2682
"2017-05-24",5510,7885,3080,4042,8750,7400,3200,NA,2672
"2017-05-25",5380,7894,3190,4111,8920,8080,3215,NA,2700
"2017-05-26",5420,8161,3145,4272,8960,8150,3205,NA,2755
"2017-05-29",5250,8028,3040,4366,9090,7870,3195,NA,2709
"2017-05-30",5270,8081,3040,4395,8980,8060,3205,NA,2691
"2017-05-31",5500,8117,3095,4346,8950,8100,3260,NA,2791
"2017-06-01",5420,8170,3000,4317,8970,8180,3205,NA,2764
"2017-06-02",5470,8135,3010,4317,8910,8500,3260,NA,2782
"2017-06-05",5400,8090,2980,4297,9060,8650,3265,NA,2827
"2017-06-07",5470,8037,2970,4297,9120,8790,3235,NA,2827
"2017-06-08",5220,7939,2915,4375,9030,8900,3215,NA,2782
"2017-06-09",5110,7930,3025,4371,9110,8950,3240,NA,2745
"2017-06-12",5140,7876,2960,4547,8960,8890,3210,NA,2727
"2017-06-13",5300,7956,3210,4586,8860,9040,3210,NA,2745
"2017-06-14",5410,8126,3325,4537,8930,8980,3305,NA,3220
"2017-06-15",5260,7992,3240,4547,8970,8930,3295,NA,3092
"2017-06-16",5300,8037,3380,4444,8990,8900,3295,NA,3110
"2017-06-19",5150,7947,3400,4439,8970,8800,3250,NA,2973
"2017-06-20",5010,7805,3320,4346,9000,8550,3240,NA,2928
"2017-06-21",5190,7760,3295,4155,8880,8640,3185,NA,2919
"2017-06-22",5100,7671,3180,4120,8870,8630,3185,NA,2864
"2017-06-23",5110,7823,3210,4140,9080,8730,3185,NA,2864
"2017-06-26",5060,7733,3490,4209,9150,8770,3195,NA,2910
"2017-06-27",5030,7724,3445,4277,9300,8690,3195,NA,2900
"2017-06-28",5140,7707,3495,4189,9230,8620,3230,NA,2919
"2017-06-29",5300,7769,3530,4184,9440,8700,3180,NA,2955
"2017-06-30",5280,7805,3670,4160,9280,8720,3195,NA,2882
"2017-07-03",5300,7974,3655,4199,9530,8680,3165,NA,2818
"2017-07-04",5310,7903,3555,4160,9900,8610,3135,NA,2773
"2017-07-05",5290,7912,3635,4248,9650,8610,3125,NA,2791
"2017-07-06",5240,7876,3565,4204,9720,8440,3160,NA,2800
"2017-07-07",5370,7921,3555,4199,9680,8390,3235,NA,2782
"2017-07-10",5370,7867,3570,4062,9620,8420,3270,NA,2764
"2017-07-11",5490,7805,3535,4042,9600,8350,3230,NA,2709
"2017-07-12",5710,7814,3780,3998,9800,8290,3175,NA,2709
"2017-07-13",5910,7840,3735,4032,9690,8050,3195,NA,2745
"2017-07-14",5940,7751,3725,4307,9560,7900,3195,NA,2727
"2017-07-17",5850,7849,3700,4611,9420,7680,3150,NA,2727
"2017-07-18",6200,7912,3805,4660,9390,7940,3170,NA,2773
"2017-07-19",6120,7796,3760,4861,9710,7930,3245,NA,2764
"2017-07-20",6120,7769,3685,5131,9640,7910,3230,NA,2773
"2017-07-21",5960,7805,3645,5160,9590,7940,3240,NA,2755
"2017-07-24",6200,7671,3405,5376,9630,7910,3185,NA,2727
"2017-07-25",5810,7537,3420,5690,9590,7800,3160,NA,2718
"2017-07-26",6030,7225,3300,5680,9600,7650,3175,NA,2609
"2017-07-27",5950,7270,3330,5602,9720,7570,3195,NA,2590
"2017-07-28",5880,7127,3230,5425,9720,7610,3175,NA,2481
"2017-07-31",5830,6948,3230,5935,9800,7610,3155,NA,2417
"2017-08-01",5850,7162,3325,6004,10050,7580,3220,NA,2472
"2017-08-02",5800,7154,3340,5592,10250,7510,3220,NA,2508
"2017-08-03",5740,7064,3270,5455,10000,7460,3120,NA,2490
"2017-08-04",5710,7136,3330,5366,10250,7420,3160,NA,2554
"2017-08-07",5720,7332,3325,5729,10500,7440,3140,NA,2609
"2017-08-08",5890,7314,3200,5504,10500,7600,3135,NA,2590
"2017-08-09",5810,7198,3115,5356,10500,7600,3115,NA,2536
"2017-08-10",5740,7136,3095,5180,10500,7590,3085,NA,2463
"2017-08-11",5810,6975,3030,4964,10600,7500,3010,NA,2371
"2017-08-14",6090,7136,3055,5082,10750,7490,2995,NA,2444
"2017-08-16",6070,7296,3600,4964,10650,7750,3065,NA,2581
"2017-08-17",6120,7394,3665,5121,10400,7800,3075,NA,2554
"2017-08-18",6450,7385,3710,5092,10550,7820,3115,NA,2581
"2017-08-21",6450,7466,3645,4964,10400,7890,3110,NA,2545
"2017-08-22",6390,7724,3800,5023,10300,7930,3105,NA,2572
"2017-08-23",6380,7671,3790,5396,10200,7910,3085,NA,2563
"2017-08-24",6220,7760,3640,5347,10000,7800,3060,NA,2536
"2017-08-25",6400,7796,3700,4905,9990,7550,3065,NA,2627
"2017-08-28",6440,7796,3610,4631,9970,7800,3085,NA,2636
"2017-08-29",6330,7680,3655,4675,10050,7670,3060,NA,2609
"2017-08-30",6340,7733,3605,4876,9820,7760,3055,NA,2609
"2017-08-31",6430,7939,3545,4866,9860,7760,3035,NA,2627
"2017-09-01",6290,7992,3505,4915,9910,7670,3030,NA,2581
"2017-09-04",6230,7912,3510,4783,9860,7400,3010,NA,2508
"2017-09-05",6320,8028,3720,4660,9870,7050,3025,NA,2508
"2017-09-06",6280,8197,3755,4832,9870,7110,3015,NA,2499
"2017-09-07",6430,8072,3710,4935,9900,7170,3115,NA,2526
"2017-09-08",6530,7840,3600,4699,9740,7280,3140,NA,2463
"2017-09-11",6630,7965,3690,4704,9700,7400,3195,NA,2463
"2017-09-12",6650,8063,3740,4827,9500,7490,3170,NA,2508
"2017-09-13",6570,8081,3725,4773,9240,7450,3190,NA,2472
"2017-09-14",6040,8081,3570,4709,9270,7320,3170,NA,2444
"2017-09-15",6100,8001,3480,4699,9330,7380,3155,NA,2426
"2017-09-18",6150,7796,3625,4797,9340,7330,3165,NA,2371
"2017-09-19",6250,7760,3635,4719,9370,7330,3165,NA,2390
"2017-09-20",6040,7724,3540,4557,9350,7300,3090,NA,2353
"2017-09-21",5690,7671,3585,4238,9310,7110,3090,NA,2289
"2017-09-22",5320,7475,3355,4258,9230,7030,2995,NA,2198
"2017-09-25",5590,7314,3415,4218,9020,6850,2950,NA,2180
"2017-09-26",5630,7493,3450,4228,9090,6900,3050,NA,2244
"2017-09-27",5580,7448,3530,4326,9250,7010,3070,NA,2262
"2017-09-28",5360,7350,3410,4366,9160,7020,3105,NA,2235
"2017-09-29",5390,7359,3465,4346,9310,7130,3080,NA,2244
"2017-10-10",5460,7323,3625,4189,9200,6960,3065,NA,2244
"2017-10-11",5390,7430,3735,4287,9170,6900,3020,NA,2262
"2017-10-12",5390,7243,3660,4223,9050,6750,3045,NA,2244
"2017-10-13",5400,7171,3610,4042,8950,6680,3020,NA,2207
"2017-10-16",5470,6137,3470,4022,9070,6790,2975,NA,2180
"2017-10-17",5810,6137,3540,4027,9140,6730,3020,NA,2207
"2017-10-18",5810,6155,3525,4037,9230,6600,2995,NA,2180
"2017-10-19",5780,6137,3475,4120,9440,6570,3005,NA,2226
"2017-10-20",5720,6074,3450,4120,9360,6470,2995,NA,2226
"2017-10-23",5480,5976,3435,4125,9370,6420,2995,NA,2198
"2017-10-24",5570,5985,3425,4268,9320,6460,3005,NA,2207
"2017-10-25",5500,6074,3390,4317,9470,6690,3035,NA,2216
"2017-10-26",5170,6146,3210,4194,9440,6580,2975,NA,2262
"2017-10-27",5340,6449,3360,4253,9470,6560,2985,NA,2353
"2017-10-30",5340,6645,3300,4179,9680,6510,2975,NA,2335
"2017-10-31",5260,6601,3275,4140,9730,6490,2990,NA,2289
"2017-11-01",5160,6440,3340,4130,9660,6490,2990,NA,2271
"2017-11-02",5150,6680,3265,4415,9370,6520,2980,NA,2289
"2017-11-03",5080,6740,3140,4425,9400,6580,2970,NA,2280
"2017-11-06",5010,6730,2670,4385,9370,6600,3015,NA,2226
"2017-11-07",5110,6700,2650,4434,9350,6480,3000,NA,2226
"2017-11-08",4915,6630,2670,4518,9300,6490,3010,NA,2198
"2017-11-09",4995,6520,2685,4493,9540,6630,3040,NA,2180
"2017-11-10",4850,6300,2635,4454,9580,6710,2995,NA,2189
"2017-11-13",4875,6050,2645,4532,9560,6540,3030,NA,2162
"2017-11-14",5190,6130,2740,4493,9460,6490,3030,NA,2171
"2017-11-15",4985,6000,2515,4459,9300,6820,3010,NA,1689
"2017-11-16",4990,6010,2500,4734,9320,6960,2960,NA,1718
"2017-11-17",5300,6040,2610,4729,9390,6940,3010,NA,1780
"2017-11-20",5200,5920,2565,4748,9380,6850,3020,NA,1759
"2017-11-21",5110,5480,2480,4581,9050,6630,2985,NA,1729
"2017-11-22",5310,5400,2505,4557,9140,6790,2990,NA,1771
"2017-11-23",5360,5380,2495,4572,9180,6700,3005,NA,1764
"2017-11-24",5680,5400,2585,4542,9140,6690,3010,NA,1751
"2017-11-27",5550,5320,2480,4532,9120,6660,3035,NA,1715
"2017-11-28",5520,5430,2480,4464,9090,6500,3030,NA,1720
"2017-11-29",5420,5370,2390,4483,9060,6520,3040,NA,1717
"2017-11-30",5500,5850,2480,4312,9060,6540,3070,NA,1744
"2017-12-01",5700,5530,2465,4371,9040,6550,3050,NA,1733
"2017-12-04",6090,5370,2585,4346,9050,6690,3050,NA,1696
"2017-12-05",6130,5260,2550,4361,9060,6660,3090,NA,1751
"2017-12-06",6060,5310,2540,4346,9040,6600,3160,NA,1728
"2017-12-07",5830,5220,2425,4174,9040,6500,3245,NA,1695
"2017-12-08",5690,5170,2345,4155,9010,6400,3215,NA,1611
"2017-12-11",5900,5250,2345,4214,9010,6470,3185,NA,1624
"2017-12-12",5950,5190,2430,4258,8840,6350,3190,NA,1597
"2017-12-13",5790,5150,2405,4233,8850,6350,3205,NA,1593
"2017-12-14",6000,5130,2365,4238,8950,6430,3190,NA,1583
"2017-12-15",5760,5240,2310,4238,8900,6170,3100,NA,1583
"2017-12-18",5500,5120,2255,4238,8910,6190,3140,NA,1513
"2017-12-19",5550,5020,2275,4145,9050,6100,3105,NA,1427
"2017-12-20",5330,4930,2205,4071,8970,5930,3100,NA,1439
"2017-12-21",5230,4725,2165,4066,8990,5910,3085,NA,1452
"2017-12-22",4955,4720,2165,4096,8950,5910,3090,NA,1490
"2017-12-26",4915,4760,2235,4140,9050,5940,3140,NA,1447
"2017-12-27",5190,4970,2300,4185,9080,6140,3045,NA,1476
"2017-12-28",5270,5020,2285,4200,9070,6350,3020,NA,1468
"2018-01-02",5450,5010,2355,4210,9030,6460,3040,NA,1476
"2018-01-03",5270,4790,2335,4345,9020,6460,3070,NA,1495
"2018-01-04",5600,4625,2590,4300,8950,6340,3145,NA,1468
"2018-01-05",5650,4635,2615,4270,9230,6420,3120,NA,1480
"2018-01-08",5550,4520,2565,4285,9170,6260,3150,NA,1468
"2018-01-09",5630,4425,2500,4230,9260,6270,3110,NA,1474
"2018-01-10",5930,4585,2765,4345,9230,6110,3100,NA,1476
"2018-01-11",5730,4510,2800,4250,9140,6210,3025,NA,1493
"2018-01-12",5740,4660,2805,4180,9040,6170,3050,NA,1439
"2018-01-15",5440,4665,2900,4110,9040,6200,3080,NA,1388
"2018-01-16",5590,4620,2835,4200,9030,6330,3065,NA,1402
"2018-01-17",5460,4620,2705,4255,9080,6670,3025,NA,1400
"2018-01-18",5370,4620,2680,4330,9000,6560,3020,NA,1386
"2018-01-19",5410,4620,2735,4300,8920,6760,3035,NA,1433
"2018-01-22",5550,4620,2770,4350,8850,6940,3035,NA,1495
"2018-01-23",5640,4620,2905,4400,8860,7550,3080,NA,1523
"2018-01-24",5660,4620,2965,4440,8940,7490,3115,NA,1730
"2018-01-25",5940,4620,3130,4710,9020,7570,3125,NA,1691
"2018-01-26",6110,4620,3175,4770,9130,7660,3135,NA,1701
"2018-01-29",6010,4620,3200,4895,9480,7610,3200,NA,1701
"2018-01-30",6110,4620,3080,4835,9580,7410,3200,NA,1662
"2018-01-31",6020,4620,3125,4695,9760,7580,3235,NA,1636
"2018-02-01",6010,4620,3060,4740,10100,7510,3220,NA,1587
"2018-02-02",5780,4800,3000,4635,9790,7360,3205,NA,1538
"2018-02-05",5620,4510,2965,4525,9900,6990,3220,NA,1505
"2018-02-06",5570,4350,2930,4540,9900,6920,3230,NA,1515
"2018-02-07",5360,4235,2795,4570,9780,6720,3185,NA,1470
"2018-02-08",5540,4200,2965,4625,9800,6890,3280,NA,1472
"2018-02-09",5620,4040,2925,4550,9520,7020,3225,NA,1433
"2018-02-12",5510,4080,2950,4510,9730,7020,3270,NA,1427
"2018-02-13",5470,4155,2725,4420,9600,7020,3215,NA,1411
"2018-02-14",5750,4300,3165,4430,9500,7190,3250,NA,1406
"2018-02-19",5920,4470,3185,4540,9470,7140,3515,NA,1474
"2018-02-20",5920,4365,3245,4460,9420,7050,3815,NA,1480
"2018-02-21",5960,4390,3200,4525,9290,7050,3800,NA,1493
"2018-02-22",5990,4280,3105,4500,9260,6900,3875,NA,1466
"2018-02-23",6110,4365,3325,4510,9400,6890,3895,NA,1468
"2018-02-26",6130,4370,3325,4535,9360,6930,3825,NA,1470
"2018-02-27",6050,4300,3330,4520,9400,6910,3725,NA,1450
"2018-02-28",5930,4365,3300,4520,9210,6700,3735,NA,1433
"2018-03-02",5790,4215,3170,4575,9380,6640,3710,NA,1404
"2018-03-05",5660,4235,3145,4490,9120,6480,3780,NA,1382
"2018-03-06",5790,4355,3275,4490,9130,6510,3620,NA,1406
"2018-03-07",5570,4390,3245,4425,8950,6510,3610,NA,1382
"2018-03-08",5750,4275,3030,4370,9000,6510,3580,NA,1404
"2018-03-09",5670,4380,2875,4470,8920,6500,3845,NA,1437
"2018-03-12",5560,4380,2875,4520,9100,6580,3780,NA,1439
"2018-03-13",5490,4440,2890,4540,9110,6740,3790,NA,1435
"2018-03-14",5580,4355,2745,4680,9180,6740,3805,NA,1421
"2018-03-15",5510,4305,2690,4650,9080,7100,3645,NA,1396
"2018-03-16",5460,4335,2755,4655,8950,7160,3560,NA,1404
"2018-03-19",5340,4285,2785,4730,8880,7250,3515,NA,1384
"2018-03-20",5360,4390,2810,4845,8960,7260,3635,NA,1380
"2018-03-21",5210,4380,2750,4800,8870,7150,3595,NA,1327
"2018-03-22",5250,4425,2780,4625,8870,7070,3430,NA,1280
"2018-03-23",5080,4270,2655,4465,8650,7480,3340,NA,1224
"2018-03-26",5300,4310,2760,4545,8700,7670,3445,NA,1243
"2018-03-27",5310,4435,2790,4585,8790,7410,3465,NA,1259
"2018-03-28",5200,4320,2730,4585,8700,7090,3555,NA,1394
"2018-03-29",5280,4365,2795,4685,8600,7040,3480,NA,1302
"2018-03-30",5200,4375,2705,4760,8630,7240,3530,NA,1306
"2018-04-02",5130,4420,2630,4760,8620,7170,3435,NA,1343
"2018-04-03",5280,4450,2645,4725,8590,7210,3450,NA,1445
"2018-04-04",4825,4485,2555,4720,8570,6950,3440,NA,1390
"2018-04-05",5010,5150,2720,5620,8660,7290,3450,NA,1542
"2018-04-06",4830,5180,2630,5780,8640,7510,3370,NA,1546
"2018-04-09",4700,4875,2640,5450,8620,7580,3305,NA,1476
"2018-04-10",4805,4690,2715,5430,8470,7210,3375,NA,1447
"2018-04-11",4950,4780,2715,5320,8440,7220,3345,NA,1450
"2018-04-12",4890,4790,2685,5420,8560,7170,3230,NA,1490
"2018-04-13",5050,4740,2755,5540,8490,6960,3250,NA,1472
"2018-04-16",5070,4600,2730,5580,8460,6970,3295,NA,1433
"2018-04-17",5080,4575,2735,5680,8360,6950,3295,NA,1505
"2018-04-18",5170,4815,2815,5440,8480,7070,3360,NA,1515
"2018-04-19",5330,4955,2895,5380,8440,7020,3420,NA,1499
"2018-04-20",5380,4895,2930,5320,8450,7070,3530,NA,1505
"2018-04-23",5430,5190,2965,5370,8440,6990,3755,NA,1585
"2018-04-24",5380,5040,2905,5260,8430,6950,3650,NA,1617
"2018-04-25",5250,4900,2830,5190,8370,6880,3545,NA,1574
"2018-04-26",5400,5280,2915,5240,8360,6810,3600,NA,1599
"2018-04-27",5350,5260,2840,5100,8370,6770,3635,NA,1622
"2018-04-30",5500,6070,2870,5170,8420,6840,3730,NA,1632
"2018-05-02",5250,6100,2745,5080,8550,7030,3710,NA,1632
"2018-05-03",5160,5800,2770,5250,8560,6870,3665,NA,1591
"2018-05-04",5220,5910,2760,5270,8460,6970,3720,NA,1644
"2018-05-08",5160,5570,2680,5340,8230,6900,3610,NA,1579
"2018-05-09",5130,5670,2615,5400,8340,6890,3560,NA,1552
"2018-05-10",5470,5730,2845,5500,8310,6970,3660,NA,1595
"2018-05-11",5540,5780,2890,5520,8390,7130,3680,NA,1603
"2018-05-14",5740,6180,2965,5640,8470,7090,3740,NA,1634
"2018-05-15",5610,6440,3055,5590,8470,7100,3765,NA,1605
"2018-05-16",5470,6010,2835,5250,8360,7010,3570,NA,1531
"2018-05-17",5280,6050,2720,5400,8200,7060,3555,NA,1533
"2018-05-18",5140,6000,2720,5600,8070,7010,3500,NA,1552
"2018-05-21",5170,6000,2670,5550,8040,6920,3500,NA,1546
"2018-05-23",5140,5980,2690,5330,7900,6810,3410,NA,1529
"2018-05-24",5180,5870,2660,5190,7900,6710,3370,NA,1493
"2018-05-25",5160,5390,2650,5050,7770,6650,3265,NA,1437
"2018-05-28",5150,6600,2620,5210,7940,6780,3485,NA,1564
"2018-05-29",5030,6140,2575,5070,7960,6830,3375,NA,1513
"2018-05-30",5070,6070,2575,5060,7960,6720,3310,NA,1490
"2018-05-31",5060,5910,2520,5650,7930,6700,3420,NA,1538
"2018-06-01",5090,5670,2625,5590,7960,6840,3425,NA,1542
"2018-06-04",5220,5730,2625,5480,7970,6750,3585,NA,1562
"2018-06-05",5240,5810,2580,5500,7890,6800,3520,NA,1552
"2018-06-07",5380,5740,2685,5450,7900,6870,3420,NA,1564
"2018-06-08",5320,5660,2715,5450,7860,6840,3410,NA,1548
"2018-06-11",5250,5780,2690,5490,7900,6800,3360,NA,1578
"2018-06-12",5220,5620,2625,5600,7900,6740,3365,NA,1536
"2018-06-14",5160,5330,2570,5380,7990,6580,3225,NA,1439
"2018-06-15",5140,5470,2620,5280,8190,6660,3590,NA,1462
"2018-06-18",5050,5450,2465,4960,7940,6550,3425,NA,1400
"2018-06-19",4880,5160,2240,4675,7990,6420,3545,NA,1339
"2018-06-20",4830,5390,2275,4740,7850,6420,3670,NA,1355
"2018-06-21",4795,5160,2185,4470,7740,6380,3405,NA,1312
"2018-06-22",4780,5250,2205,4420,7740,6200,3320,NA,1304
"2018-06-25",4965,5280,2325,4500,7450,6330,3330,NA,1335
"2018-06-26",4960,5130,2315,4440,7450,6270,3265,NA,1319
"2018-06-27",4905,4930,2250,4400,7420,6230,3155,NA,1310
"2018-06-28",4780,4830,2200,4350,7360,6170,3110,NA,1271
"2018-06-29",4885,5030,2235,4420,7510,6100,3060,NA,1288
"2018-07-02",4620,4750,2100,4225,7460,5880,2960,NA,1222
"2018-07-03",4455,4790,2100,4225,7570,5990,2980,NA,1228
"2018-07-04",4580,4780,2185,4280,7550,6020,2950,NA,1245
"2018-07-05",4720,4670,2180,4235,7520,6040,2850,NA,1273
"2018-07-06",4925,4730,2305,4280,7500,6060,2920,NA,1271
"2018-07-09",4830,4505,2275,4280,7530,6000,2905,NA,1241
"2018-07-10",4850,4580,2310,4390,7550,6040,2950,NA,1267
"2018-07-11",4660,4610,2255,4330,7580,5940,2950,NA,1241
"2018-07-12",4695,4570,2210,4355,7550,5990,2960,NA,1235
"2018-07-13",4865,4625,2250,4395,7550,6020,2950,NA,1239
"2018-07-16",4920,4625,2355,4455,7460,6050,2965,NA,1235
"2018-07-17",4940,4695,2370,4430,7440,6040,2975,NA,1228
"2018-07-18",4920,4545,2380,4265,7370,6000,2900,NA,1202
"2018-07-19",4800,4485,2360,4175,7400,5940,2825,NA,1173
"2018-07-20",4800,4460,2290,4210,7430,5970,2845,NA,1128
"2018-07-23",5020,4285,2320,4070,7350,5890,2800,NA,1089
"2018-07-24",5030,4445,2305,4085,7330,5740,2865,NA,1106
"2018-07-25",5040,4410,2320,4085,7380,5710,2885,NA,1075
"2018-07-26",5030,4590,2390,4155,7530,5720,2945,NA,1097
"2018-07-27",5000,4580,2360,4150,7480,5730,2940,NA,1095
"2018-07-30",5180,4805,2315,4350,7550,5690,2940,NA,1103
"2018-07-31",5150,4785,2275,4295,7500,5690,2960,NA,1103
"2018-08-01",5120,4840,2340,4435,7570,5740,3000,NA,1108
"2018-08-02",5050,4850,2295,4380,7550,5750,2980,NA,1130
"2018-08-03",5100,4850,2265,4450,7520,5710,2970,NA,1142
"2018-08-06",5160,4775,2280,4520,7540,5710,2950,NA,1163
"2018-08-07",5220,4820,2295,4585,7500,5730,2920,NA,1128
"2018-08-08",5110,4905,2265,4530,7410,5790,2960,NA,1149
"2018-08-09",5090,4805,2250,4670,7350,5600,2950,NA,1146
"2018-08-10",5050,4850,2240,4580,7320,5740,2955,NA,1132
"2018-08-13",4905,4660,2160,4465,7050,5710,2875,NA,1077
"2018-08-14",5120,4790,2280,4580,7140,5760,2845,NA,1087
"2018-08-16",5110,4820,2250,4845,7250,5650,2870,NA,1054
"2018-08-17",5120,4910,2285,4855,7260,5700,2925,NA,1067
"2018-08-20",5340,4905,2335,5200,7340,5630,2900,NA,1095
"2018-08-21",5360,4845,2385,5200,7370,5580,2910,NA,1099
"2018-08-22",5340,4950,2335,5500,7450,5560,2915,NA,1114
"2018-08-23",5300,4930,2335,5270,7430,5510,2865,NA,1118
"2018-08-24",5280,4890,2325,4895,7330,5570,2880,NA,1093
"2018-08-27",5250,4665,2330,4855,7320,5570,2845,NA,1069
"2018-08-28",5220,4655,2310,5090,7340,5770,2845,NA,1067
"2018-08-29",5250,4650,2330,5080,7430,5960,2845,NA,1073
"2018-08-30",5290,4625,2420,5090,7400,6300,2820,NA,1077
"2018-08-31",5160,4550,2355,5070,7420,6580,2825,NA,1071
"2018-09-03",4990,4525,2270,5050,7400,6420,2815,NA,1063
"2018-09-04",4935,4575,2275,4760,7270,6390,2815,NA,1071
"2018-09-05",4920,4650,2235,4725,7250,6230,2850,NA,1077
"2018-09-06",5010,4625,2230,4670,7170,6200,2815,NA,1093
"2018-09-07",5020,4695,2210,4690,7240,6680,2815,NA,1104
"2018-09-10",5070,4720,2225,4770,7210,6850,2795,NA,1099
"2018-09-11",5100,4695,2205,4765,7180,6840,2815,NA,1101
"2018-09-12",5040,4650,2170,4670,7150,6690,2900,NA,1087
"2018-09-13",5110,4795,2170,4825,7270,6530,2910,NA,1085
"2018-09-14",5150,4775,2250,4955,7250,6650,2930,NA,1101
"2018-09-17",5060,4690,2225,5100,7160,6560,2885,NA,1091
"2018-09-18",4960,4615,2260,4985,7570,6500,2885,NA,1075
"2018-09-19",4970,4935,2280,5070,7410,6440,2950,NA,1065
"2018-09-20",4975,4935,2265,4900,7370,6390,2945,NA,1042
"2018-09-21",5180,4990,2375,5050,7300,6670,2920,NA,1046
"2018-09-27",5250,4905,2395,5150,7390,6780,2900,NA,1048
"2018-09-28",5240,4920,2415,5140,7350,6730,2900,NA,1042
"2018-10-01",5170,4810,2430,5060,7270,6850,2925,NA,1032
"2018-10-02",5270,4735,2525,5050,7270,6850,2940,NA,1009
"2018-10-04",5190,4785,2525,5240,7270,6810,2850,NA,981
"2018-10-05",5150,4880,2525,4815,7230,6630,2915,NA,966
"2018-10-08",5080,4790,2430,4665,7230,6630,2815,NA,958
"2018-10-10",4935,4650,2340,4820,7050,6520,2660,NA,886
"2018-10-11",4725,4400,2220,4410,6840,6360,2465,NA,835
"2018-10-12",4865,4465,2300,4500,7040,6630,2510,NA,856
"2018-10-15",5030,4565,2325,4695,7250,6550,2615,NA,921
"2018-10-16",5020,4535,2390,4670,7380,6770,2600,NA,891
"2018-10-17",5100,4510,2390,4800,7430,7400,2620,NA,899
"2018-10-18",5030,4465,2340,4735,7190,7480,2630,NA,872
"2018-10-19",5040,4505,2395,4945,7130,7410,2675,NA,864
"2018-10-22",4990,4405,2390,4920,7050,7410,2635,NA,843
"2018-10-23",4915,4270,2330,4620,6990,7100,2500,NA,817
"2018-10-24",4910,4195,2325,4320,6950,6930,2450,NA,807
"2018-10-25",4825,4070,2245,4280,6720,6600,2345,NA,790
"2018-10-26",4615,3860,2200,4070,6810,6400,2320,NA,780
"2018-10-29",4580,3640,2055,3780,6690,6060,2155,NA,743
"2018-10-30",4670,3695,2150,3965,6590,6170,2135,NA,741
"2018-10-31",4770,3780,2145,4040,6870,6180,2155,NA,770
"2018-11-01",4600,3810,2160,4085,6730,6070,2310,NA,801
"2018-11-02",4840,4075,2340,4245,6850,6250,2370,NA,819
"2018-11-05",4830,4170,2350,4390,6850,6410,2390,NA,803
"2018-11-06",4900,4140,2360,4360,7000,6420,2410,NA,807
"2018-11-07",4755,4055,2360,4280,6840,6350,2340,NA,788
"2018-11-08",4775,4110,2375,4525,6840,6350,2385,NA,792
"2018-11-09",4750,4090,2365,4600,6830,6380,2400,NA,788
"2018-11-12",4385,4015,2225,4700,6820,6350,2355,NA,780
"2018-11-13",4495,3975,2290,4675,6620,6280,2350,NA,772
"2018-11-14",4385,3950,2205,4735,6700,6240,2355,NA,801
"2018-11-15",4320,3990,2185,4630,6740,6140,2360,NA,786
"2018-11-16",4460,4000,2230,4705,6860,6140,2350,NA,792
"2018-11-19",4475,4185,2190,4865,7030,6150,2360,NA,815
"2018-11-20",4375,4120,2145,4885,6980,6130,2340,NA,805
"2018-11-21",4375,4130,2140,4835,7090,6070,2295,NA,819
"2018-11-22",4310,4040,2120,4860,7010,6050,2295,NA,827
"2018-11-23",4240,4000,2105,4640,6980,5870,2285,NA,823
"2018-11-26",4455,4055,2145,4810,6970,6050,2285,NA,831
"2018-11-27",4460,4000,2205,4800,6940,6190,2320,NA,839
"2018-11-28",4505,3750,2205,4760,7010,6070,2270,NA,870
"2018-11-29",4595,3765,2185,4950,7000,5990,2310,NA,882
"2018-11-30",4580,3780,2180,4935,7150,6050,2300,NA,882
"2018-12-03",4650,3885,2220,5000,7170,6090,2375,NA,897
"2018-12-04",4660,3900,2260,5100,7140,6060,2405,NA,917
"2018-12-05",4490,3835,2220,5420,7070,6090,2460,NA,901
"2018-12-06",4480,3700,2160,5490,7020,6190,2410,NA,866
"2018-12-07",4460,3750,2140,5220,7030,6190,2465,NA,870
"2018-12-10",4380,3645,2115,5360,6990,6090,2380,NA,852
"2018-12-11",4445,3540,2150,4770,6980,6050,2375,NA,854
"2018-12-12",4595,3530,2190,4745,7000,6060,2380,NA,856
"2018-12-13",4520,3615,2240,4770,7000,6100,2475,NA,891
"2018-12-14",4540,3560,2280,4675,6590,6240,2350,NA,866
"2018-12-17",4565,3455,2305,4500,6700,6390,2345,NA,854
"2018-12-18",4525,3480,2265,4560,6440,6330,2350,NA,843
"2018-12-19",4515,3545,2245,4630,6510,6360,2380,NA,843
"2018-12-20",4475,3480,2210,4595,6510,6370,2395,NA,819
"2018-12-21",4400,3510,2150,4580,6560,6320,2405,NA,811
"2018-12-24",4290,3585,2130,4385,6540,6350,2350,NA,796
"2018-12-26",4155,3495,2085,4335,6600,6210,2315,NA,764
"2018-12-27",4390,3615,2145,4365,6470,6280,2285,NA,788
"2018-12-28",4445,3695,2175,4480,6480,6450,2310,NA,786
"2019-01-02",4445,3750,2175,4350,6400,6370,2295,NA,790
"2019-01-03",4395,3670,2130,4245,6230,6300,2280,NA,794
"2019-01-04",4465,3635,2150,4230,6230,7000,2250,NA,774
"2019-01-07",4520,3765,2200,4375,6260,7110,2285,NA,803
"2019-01-08",4515,3770,2180,4480,6260,7080,2290,NA,798
"2019-01-09",4675,3795,2315,4540,6400,7300,2345,NA,798
"2019-01-10",4630,3750,2345,4520,6380,7990,2345,NA,801
"2019-01-11",4620,3730,2315,4760,6380,7830,2345,NA,809
"2019-01-14",4635,3750,2350,4775,6310,7730,2345,NA,819
"2019-01-15",4635,3765,2355,4775,6290,7830,2395,NA,821
"2019-01-16",4615,3870,2345,4830,6300,7860,2430,NA,827
"2019-01-17",4615,3810,2340,4855,6240,7710,2430,NA,823
"2019-01-18",4665,3845,2310,4960,6240,7850,2450,NA,803
"2019-01-21",4755,3855,2350,5240,6170,7860,2455,NA,829
"2019-01-22",4695,3865,2335,5230,6160,7750,2430,NA,823
"2019-01-23",4660,3930,2320,5460,6160,7660,2450,NA,821
"2019-01-24",4705,3900,2355,5510,6430,7810,2450,NA,868
"2019-01-25",4710,3925,2395,5620,6620,8320,2450,NA,887
"2019-01-28",4650,3950,2390,5620,6670,8590,2580,NA,868
"2019-01-29",4600,4030,2380,5700,6640,8890,2585,NA,860
"2019-01-30",4650,4035,2360,5590,6500,9340,2580,NA,852
"2019-01-31",4525,4005,2400,5560,6610,8970,2570,NA,850
"2019-02-01",4480,4235,2390,5570,6520,8910,2550,NA,860
"2019-02-07",4330,4445,2385,5670,6680,8700,2555,NA,852
"2019-02-08",4305,4415,2355,5680,6800,8280,2615,NA,846
"2019-02-11",4240,4410,2280,5720,6810,8200,2830,NA,837
"2019-02-12",4225,4265,2300,5970,6820,8330,2800,NA,825
"2019-02-13",4350,4285,2300,5630,6720,7800,2775,NA,798
"2019-02-14",4285,4285,2290,5580,6780,7750,2885,NA,800
"2019-02-15",4280,4330,2310,5490,6770,7530,2780,NA,800
"2019-02-18",4335,4430,2350,5400,6850,7630,2785,NA,805
"2019-02-19",4335,4515,2340,5400,6830,7690,2845,NA,813
"2019-02-20",4310,4470,2305,5460,6890,7700,2795,NA,817
"2019-02-21",4285,4400,2310,5660,6920,7810,2715,NA,805
"2019-02-22",4335,4370,2425,5600,6950,7780,2710,NA,794
"2019-02-25",4430,4350,2430,5770,6990,7580,2695,NA,801
"2019-02-26",4365,4380,2390,5590,6900,7620,2705,NA,796
"2019-02-27",4320,4410,2390,5550,6830,7640,2775,NA,803
"2019-02-28",4325,4000,2295,5330,6820,7770,2610,NA,786
"2019-03-04",4335,3900,2310,5510,7020,7910,2560,NA,776
"2019-03-05",4270,3900,2300,5500,7070,7750,2490,NA,768
"2019-03-06",4250,3845,2260,5630,7080,8060,2580,NA,770
"2019-03-07",4250,3755,2240,5550,7090,8030,2490,NA,753
"2019-03-08",4155,3725,2185,5730,7100,8020,2470,NA,749
"2019-03-11",4030,3755,2230,5660,7030,7830,2440,NA,739
"2019-03-12",4100,3820,2225,6030,7220,7820,2465,NA,768
"2019-03-13",4140,3765,2265,6780,7440,7820,2470,NA,749
"2019-03-14",4195,3785,2275,6570,7360,8100,2490,NA,755
"2019-03-15",4245,3735,2235,6640,7250,7740,2450,NA,747
"2019-03-18",4305,3765,2265,6740,7290,7790,2550,NA,755
"2019-03-19",4320,3755,2265,6890,7320,7770,2500,NA,747
"2019-03-20",4290,3705,2260,6900,7280,7800,2460,NA,733
"2019-03-21",4240,3665,2230,6880,7250,7830,2450,NA,735
"2019-03-22",4210,3650,2235,7880,7220,7920,2430,NA,715
"2019-03-25",4105,3615,2155,7910,7140,7930,2330,NA,514
"2019-03-26",4080,3605,2145,8330,7140,7840,2355,NA,532
"2019-03-27",4065,3570,2110,8420,7140,7880,2330,NA,565
"2019-03-28",4055,3540,2090,8200,7150,7970,2330,NA,561
"2019-03-29",4110,3640,2115,8300,7160,7920,2320,NA,563
"2019-04-01",4210,3700,2195,8370,7230,7910,2315,NA,584
"2019-04-02",4270,3715,2180,8320,7190,7990,2380,NA,594
"2019-04-03",4280,3745,2235,8400,7220,8310,2400,NA,598
"2019-04-04",4275,3720,2240,8290,7170,8280,2435,NA,594
"2019-04-05",4295,3765,2220,8850,7150,8450,2425,NA,616
"2019-04-08",4270,3745,2180,8930,7120,8700,2435,NA,618
"2019-04-09",4260,3760,2190,8910,7100,8910,2425,NA,622
"2019-04-10",4345,3835,2220,8790,7050,8620,2440,NA,645
"2019-04-11",4405,3880,2225,8730,7070,8620,2450,NA,676
"2019-04-12",4435,3825,2230,8840,7100,8640,2485,NA,698
"2019-04-15",4445,3800,2190,8750,7020,8770,2490,NA,694
"2019-04-16",4345,3745,2175,8630,7010,8700,2505,NA,676
"2019-04-17",4380,3685,2320,8700,7170,8630,2510,NA,690
"2019-04-18",4515,3675,2290,8550,7180,8510,2480,NA,692
"2019-04-19",4685,3730,2395,8390,7200,8850,2480,NA,698
"2019-04-22",4780,4140,2405,8620,7250,8900,2590,NA,710
"2019-04-23",4785,4200,2370,7800,7360,9140,2585,NA,704
"2019-04-24",4670,4000,2340,7920,7310,9110,2520,NA,678
"2019-04-25",4635,3920,2335,7760,7260,8960,2500,NA,667
"2019-04-26",4695,3910,2375,7790,7160,8780,2430,NA,665
"2019-04-29",4740,3975,2355,8070,7270,8850,2455,NA,659
"2019-04-30",4765,4020,2395,8020,7240,8850,2455,NA,686
"2019-05-02",4895,3945,2455,8070,7220,8930,2460,NA,684
"2019-05-03",4820,3935,2410,7990,7200,9000,2475,NA,678
"2019-05-07",4660,3820,2360,7940,7160,8940,2415,NA,663
"2019-05-08",4620,3805,2310,7770,7180,8900,2405,NA,657
"2019-05-09",4380,3690,2300,7500,7060,8630,2265,NA,624
"2019-05-10",4450,3675,2315,7880,6990,8770,2295,NA,635
"2019-05-13",4455,3600,2230,8020,6860,8820,2300,NA,612
"2019-05-14",4445,3625,2265,7800,6900,9010,2340,NA,612
"2019-05-15",4635,3620,2325,8090,6990,9000,2335,NA,626
"2019-05-16",4475,3570,2380,7670,6990,8440,2340,NA,622
"2019-05-17",4410,3585,2375,7400,6960,8450,2715,NA,622
"2019-05-20",4390,3540,2325,7450,7040,8440,2725,NA,614
"2019-05-21",4265,3555,2275,8090,6970,8160,2600,NA,612
"2019-05-22",4300,3525,2270,8140,6930,8260,2540,NA,606
"2019-05-23",4280,3430,2255,8350,6810,8160,2540,NA,590
"2019-05-24",4275,3395,2255,8090,6690,7980,2570,NA,766
"2019-05-27",4200,3375,2245,8550,6720,7930,2540,NA,715
"2019-05-28",4300,3370,2265,8050,6720,8060,2505,NA,674
"2019-05-29",4220,3310,2240,7860,6620,8000,2470,NA,592
"2019-05-30",4310,3255,2270,7640,6570,8010,2405,NA,612
"2019-05-31",4335,3260,2405,7550,6580,7860,2390,NA,616
"2019-06-03",4395,3190,2375,7420,6610,7960,2395,NA,692
"2019-06-04",4400,3250,2430,7470,6760,8000,2420,NA,692
"2019-06-05",4390,3285,2440,7550,6820,8070,2470,NA,692
"2019-06-07",4320,3365,2400,7560,6960,8100,2500,NA,692
"2019-06-10",4345,3450,2430,7600,7030,8050,2515,NA,692
"2019-06-11",4375,3530,2555,7820,7000,8120,2580,NA,692
"2019-06-12",4420,3530,2555,7600,7100,8130,2565,NA,692
"2019-06-13",4435,3535,2550,7460,7250,8140,2625,NA,692
"2019-06-14",4425,3545,2530,7250,7200,8090,2600,NA,692
"2019-06-17",4300,3520,2490,7180,7220,8040,2565,NA,692
"2019-06-18",4290,3535,2500,7490,7210,8050,2550,NA,692
"2019-06-19",4340,3570,2500,7460,7240,8000,2540,NA,692
"2019-06-20",4365,3615,2550,8090,7290,7980,2570,NA,692
"2019-06-21",4335,3760,2535,8210,7230,8050,2545,NA,692
"2019-06-24",4475,3780,2590,8570,7250,7960,2505,NA,636
"2019-06-25",4420,3660,2555,8370,7190,7860,2515,NA,605
"2019-06-26",4410,3660,2565,8330,7120,7890,2505,NA,590
"2019-06-27",4550,3690,2610,8080,7190,7950,2530,NA,620
"2019-06-28",4640,3705,2695,8460,7190,7810,2525,NA,610
"2019-07-01",4565,3845,2700,8400,7180,7840,2570,NA,620
"2019-07-02",4560,3745,2610,8450,7110,7750,2625,NA,612
"2019-07-03",4645,3685,2710,8250,7130,7590,2580,NA,604
"2019-07-04",4780,3640,2770,8540,7060,7360,2570,NA,592
"2019-07-05",4930,3820,2845,8390,7200,7450,2575,NA,592
"2019-07-08",4880,3685,2785,8160,7040,7150,2510,NA,575
"2019-07-09",4805,3635,2660,8190,6980,7100,2510,NA,562
"2019-07-10",4795,3645,2675,8180,7010,7120,2530,NA,560
"2019-07-11",4820,3670,2650,7950,6990,7080,2540,NA,583
"2019-07-12",4810,3630,2770,8060,7050,7090,2600,NA,588
"2019-07-15",4800,3560,2750,7720,6870,7000,2585,NA,575
"2019-07-16",4810,3530,2730,7630,6910,6850,2575,NA,580
"2019-07-17",5020,3445,2715,7560,6870,6840,2480,NA,563
"2019-07-18",4910,3480,2715,7770,6820,6900,2430,NA,575
"2019-07-19",5010,3540,2730,7880,6870,7020,2445,NA,569
"2019-07-22",5130,3560,2765,7680,6940,6900,2480,NA,579
"2019-07-23",5140,3520,2760,7520,6850,6790,2480,NA,577
"2019-07-24",5040,3480,2760,7510,6840,6750,2425,NA,561
"2019-07-25",4875,3490,2705,7690,6760,6680,2345,NA,547
"2019-07-26",4725,3440,2585,7440,6790,6690,2310,NA,535
"2019-07-29",4665,3310,2525,7210,6640,6670,2210,NA,504
"2019-07-30",4780,3300,2580,7350,6680,6680,2250,NA,510
"2019-07-31",4815,3305,2540,7270,6620,6720,2250,NA,508
"2019-08-01",4735,3205,2485,7350,6550,6810,2200,NA,501
"2019-08-02",4650,3110,2450,7300,6960,6790,2230,NA,503
"2019-08-05",4425,2880,2350,6780,6880,6740,2060,NA,456
"2019-08-06",4330,2885,2315,6620,6900,6630,1915,NA,449
"2019-08-07",4250,2905,2255,6740,7030,6740,1980,NA,449
"2019-08-08",4260,3080,2310,6900,7050,6900,2030,NA,467
"2019-08-09",4220,3150,2305,6910,6970,6980,2020,NA,467
"2019-08-12",4270,3220,2300,7070,7010,7150,2015,NA,463
"2019-08-13",4360,3220,2390,7510,7150,7370,2045,NA,457
"2019-08-14",4535,3255,2385,7440,6910,7260,2080,NA,463
"2019-08-16",4455,3235,2235,7680,6830,7010,2050,NA,458
"2019-08-19",4480,3300,2240,7530,6890,7110,2065,NA,458
"2019-08-20",4540,3355,2260,7610,6860,7100,2080,NA,461
"2019-08-21",4545,3390,2260,7660,6820,7090,2180,NA,470
"2019-08-22",4480,3385,2205,7710,6800,6650,2180,NA,466
"2019-08-23",4500,3315,2210,7820,6750,7040,2120,NA,466
"2019-08-26",4465,3260,2125,7480,6630,6800,2010,NA,443
"2019-08-27",4460,3255,2165,7680,6780,7160,2030,NA,442
"2019-08-28",4610,3290,2270,7820,6750,7430,2085,NA,443
"2019-08-29",4630,3300,2305,8020,6890,7430,2090,NA,439
"2019-08-30",4860,3395,2325,8070,6950,7330,2150,NA,445
"2019-09-02",4935,3465,2465,8230,6990,7340,2280,NA,460
"2019-09-03",4885,3530,2430,8170,6980,7330,2290,NA,460
"2019-09-04",4880,3535,2430,8440,6950,7340,2375,NA,456
"2019-09-05",4935,3615,2455,8580,6930,7310,2450,NA,465
"2019-09-06",4840,3550,2420,8890,6900,7240,2115,NA,465
"2019-09-09",4820,3590,2380,8290,7180,7270,2110,NA,456
"2019-09-10",4850,3690,2395,8220,7190,7290,2170,NA,462
"2019-09-11",4850,3690,2395,8410,7170,7320,2180,NA,462
"2019-09-16",4820,3740,2365,8100,7190,7300,2210,NA,459
"2019-09-17",4825,3690,2395,8200,7120,7350,2180,NA,462
"2019-09-18",4805,3740,2340,8150,7120,7230,2210,NA,481
"2019-09-19",4705,3740,2340,8250,7120,7290,2205,NA,480
"2019-09-20",4660,3835,2320,8360,7120,7370,2185,NA,472
"2019-09-23",4705,3820,2285,8200,7090,7350,2250,NA,475
"2019-09-24",4730,3825,2275,8020,7100,7500,2245,NA,474
"2019-09-25",4600,3700,2240,7790,6980,7460,2175,NA,458
"2019-09-26",4675,3770,2260,7880,7070,7400,2170,NA,450
"2019-09-27",4540,3670,2195,7910,7030,7360,2105,NA,448
"2019-09-30",4570,3625,2210,7930,7070,7320,2130,NA,437
"2019-10-01",4525,3660,2225,8010,7100,7330,2125,NA,436
"2019-10-02",4390,3650,2190,7880,7060,7320,2085,NA,436
"2019-10-04",4385,3565,2165,7690,6970,7280,2115,NA,423
"2019-10-07",4395,3480,2150,7530,6900,7280,2080,NA,420
"2019-10-08",4405,3460,2160,7600,7040,7290,2115,NA,415
"2019-10-10",4325,3395,2210,7480,7020,7220,2085,NA,406
"2019-10-11",4400,3425,2195,7460,7090,7220,2100,NA,405
"2019-10-14",4715,3500,2265,7530,7220,7200,2095,NA,404
"2019-10-15",4650,3470,2270,7650,7240,7250,2095,NA,418
"2019-10-16",4700,3500,2270,7670,7540,7210,2105,NA,417
"2019-10-17",4640,3470,2255,7590,7430,7180,2140,NA,412
"2019-10-18",4605,3475,2265,7810,7450,7230,2170,NA,417
"2019-10-21",4595,3400,2235,7780,7400,7200,2150,NA,414
"2019-10-22",4645,3340,2300,7660,7390,7140,2165,NA,406
"2019-10-23",4565,3395,2250,7660,7300,7050,2155,NA,402
"2019-10-24",4525,3355,2240,7950,7260,7050,2105,NA,394
"2019-10-25",4555,3385,2250,7960,7250,7080,2085,NA,386
"2019-10-28",4625,3385,2235,7870,7270,7080,2085,NA,375
"2019-10-29",4570,3350,2235,7970,7300,7080,2095,NA,371
"2019-10-30",4520,3305,2230,7910,7230,7010,2095,NA,363
"2019-10-31",4395,3295,2220,7960,7200,7110,2115,NA,361
"2019-11-01",4415,3270,2180,8100,7200,7070,2110,NA,355
"2019-11-04",4480,3310,2240,8130,7370,7130,2115,NA,364
"2019-11-05",4450,3350,2215,8070,7350,7110,2120,NA,372
"2019-11-06",4400,3395,2200,8070,7420,7260,2130,NA,388
"2019-11-07",4400,3360,2205,8160,7470,7290,2130,NA,504
"2019-11-08",4595,3415,2230,8090,7410,7310,2125,NA,493
"2019-11-11",4480,3415,2190,8050,7440,7310,2125,NA,501
"2019-11-12",4505,3385,2320,8400,7490,7210,2140,NA,492
"2019-11-13",4425,3395,2385,8780,7450,7110,2140,NA,533
"2019-11-14",4500,3365,2305,9020,7410,7080,2130,NA,515
"2019-11-15",4440,3410,2300,9070,7330,6900,2250,NA,669
"2019-11-18",4380,3450,2305,9160,7590,7000,2255,NA,869
"2019-11-19",4345,3655,2295,9900,7890,7050,2250,NA,796
"2019-11-20",4265,3640,2210,9480,7690,7040,2225,NA,718
"2019-11-21",4230,3600,2180,9550,7610,6720,2170,NA,743
"2019-11-22",4260,3570,2190,9290,7640,6700,2165,NA,694
"2019-11-25",4290,3555,2230,9450,7560,6560,2245,NA,700
"2019-11-26",4295,3615,2230,9610,7580,6570,2250,NA,661
"2019-11-27",4365,3580,2230,9620,7600,6620,2330,NA,639
"2019-11-28",4260,3565,2230,9590,7670,6640,2275,NA,616
"2019-11-29",4200,3610,2185,9680,7540,6660,2275,NA,600
"2019-12-02",4225,3580,2175,9810,7620,6670,2270,NA,588
"2019-12-03",4280,3560,2175,9920,7590,6670,2275,NA,679
"2019-12-04",4265,3490,2165,9800,7500,6650,2245,NA,698
"2019-12-05",4215,3415,2155,9820,7480,6740,2240,NA,679
"2019-12-06",4295,3400,2170,9900,7560,6750,2255,NA,680
"2019-12-09",4235,3340,2195,9860,7560,6690,2230,NA,621
"2019-12-10",4330,3330,2210,9670,7490,6570,2270,6110,614
"2019-12-11",4370,3290,2210,10600,7480,6500,2320,6010,597
"2019-12-12",4370,3295,2205,10850,7590,6550,2315,6080,601
"2019-12-13",4450,3370,2220,10300,7600,6740,2335,5940,599
"2019-12-16",4415,3365,2195,10100,7570,6800,2340,5690,591
"2019-12-17",4455,3360,2225,10050,7500,6790,2320,5740,584
"2019-12-18",4450,3335,2220,10300,7480,6760,2310,5880,583
"2019-12-19",4500,3315,2265,10000,7580,6750,2285,5730,570
"2019-12-20",4645,3445,2325,10100,7620,6800,2270,5420,570
"2019-12-23",4595,3355,2315,10000,7600,6690,2290,5090,561
"2019-12-24",4540,3325,2305,9980,7640,6700,2285,5130,477
"2019-12-26",4500,3330,2290,10050,7950,6670,2325,5160,479
"2019-12-27",4550,3420,2330,10300,7800,6670,2255,5210,485
"2019-12-30",4545,3550,2300,10450,7730,6660,2215,5110,481
"2020-01-02",4460,3750,2300,10400,7770,6590,2280,5150,501
"2020-01-03",4500,3775,2270,10300,7720,6570,2290,5180,487
"2020-01-06",4380,3835,2175,10100,7580,6550,2230,5080,471
"2020-01-07",4410,3900,2185,10200,7630,6530,2220,4990,477
"2020-01-08",4250,3765,2115,9830,7520,6380,2170,4560,447
"2020-01-09",4320,3850,2155,10100,7710,6390,2220,4665,465
"2020-01-10",4345,3780,2165,10500,7640,6430,2250,4730,480
"2020-01-13",4300,3780,2190,10200,7570,6400,2245,4760,479
"2020-01-14",4345,3785,2175,10300,7580,6370,2255,4690,480
"2020-01-15",4370,3805,2185,10400,7520,6370,2255,4800,482
"2020-01-16",4310,3760,2185,10350,7500,6280,2280,4680,464
"2020-01-17",4310,3745,2210,11200,7460,6360,2280,4740,465
"2020-01-20",4285,3650,2225,11000,7430,6320,2275,4665,451
"2020-01-21",4240,3565,2170,11350,7480,6350,2255,4560,446
"2020-01-22",4280,3585,2170,11400,7480,6400,2270,4555,444
"2020-01-23",4275,3635,2160,11700,7400,6510,2260,4510,435
"2020-01-28",4015,3475,2045,11200,7220,6370,2215,4135,425
"2020-01-29",4040,3500,2055,11000,7250,6400,2205,4130,421
"2020-01-30",4010,3500,2055,10900,7140,6370,2180,3900,408
"2020-01-31",3980,3475,2060,10650,6980,6240,2150,3730,400
"2020-02-03",3910,3400,2030,11100,7030,6220,2100,3760,407
"2020-02-04",3990,3475,2060,11150,7000,6210,2140,3815,411
"2020-02-05",3925,3520,2060,10900,7410,6180,2210,3850,415
"2020-02-06",4145,3530,2135,11250,7630,6180,2200,3920,415
"2020-02-07",4065,3525,2135,10700,7630,6280,2170,3875,406
"2020-02-10",4050,3710,2125,10700,7630,6300,2150,3810,403
"2020-02-11",4080,3800,2140,10850,7710,6370,2095,3810,402
"2020-02-12",4055,3820,2065,11650,7690,6280,2050,4950,402
"2020-02-13",4020,3815,2025,11200,7690,6390,2045,5120,413
"2020-02-14",4040,3825,2015,11000,7700,6530,2035,5290,410
"2020-02-17",4030,3980,1920,10850,7770,6350,2020,5800,400
"2020-02-18",3960,3860,1980,10750,7690,6380,2015,5900,393
"2020-02-19",3965,3710,1950,10750,7650,6420,2000,5800,396
"2020-02-20",3920,3625,1910,10650,7670,6380,2015,5550,389
"2020-02-21",3825,3500,1845,10600,7970,6370,1950,5880,373
"2020-02-24",3590,3345,1710,10300,7740,6150,1835,5720,345
"2020-02-25",3695,3395,1765,10300,7810,6230,1885,5050,366
"2020-02-26",3655,3380,1740,10100,7840,6120,1940,4800,357
"2020-02-27",3810,3340,1780,9760,7880,6110,1900,4435,348
"2020-02-28",3735,3255,1690,9350,7630,6060,1740,4130,328
"2020-03-02",3795,3320,1695,10100,7690,5990,1780,4200,338
"2020-03-03",3765,3405,1715,9640,7680,5990,1830,4600,341
"2020-03-04",3875,3525,1745,9710,7780,5980,1845,4585,351
"2020-03-05",3995,3730,1765,9820,7930,6150,1845,4490,456
"2020-03-06",3865,3670,1695,9680,7950,6060,1845,4315,455
"2020-03-09",3765,3450,1620,9410,7900,5920,1670,4050,373
"2020-03-10",3745,3430,1605,9300,7700,5810,1760,3990,391
"2020-03-11",3765,3430,1550,9360,7550,5770,1710,3845,274
"2020-03-12",3610,3275,1425,8800,7260,5350,1560,3380,232
"2020-03-13",3200,3060,1245,8140,6900,4930,1470,2920,249
"2020-03-16",3145,2990,1170,7750,6650,4600,1240,2900,262
"2020-03-17",3015,3000,1260,8360,6520,4390,1160,2955,241
"2020-03-18",2855,2825,1265,8310,6350,4345,1125,2700,229
"2020-03-19",2085,2325,1090,7300,5680,3710,911,2100,240
"2020-03-20",2680,2425,1280,7910,5940,3995,971,2525,244
"2020-03-23",2470,2190,1055,7630,5640,3930,847,2540,213
"2020-03-24",2600,2340,1140,8430,5880,4300,913,2710,221
"2020-03-25",2745,2600,1240,8570,6120,4640,966,2900,237
"2020-03-26",2730,2660,1220,8550,6270,4740,1030,3025,241
"2020-03-27",2830,2665,1250,8570,6370,4960,1040,3565,258
"2020-03-30",2910,2805,1270,8800,6400,5240,1095,3840,258
"2020-03-31",2955,3100,1335,9240,6640,5420,1165,3750,258
"2020-04-01",2790,3150,1310,9040,6650,5430,1290,3630,258
"2020-04-02",2830,3270,1360,9590,6600,5440,1300,3750,258
"2020-04-03",2960,3215,1380,9410,6760,5440,1320,3750,258
"2020-04-06",3195,3240,1525,9800,6890,5690,1370,3865,258
"2020-04-07",3200,3250,1700,9980,7080,5750,1400,4095,258
"2020-04-08",3120,3260,1675,9870,6940,5980,1490,4015,258
"2020-04-09",3135,3280,1675,9770,6970,6040,1600,4050,258
"2020-04-10",3115,3290,1810,9950,7040,6060,1630,3970,258
"2020-04-13",3060,3460,1785,9890,7060,5810,1525,4025,258
"2020-04-14",3185,3585,1925,10000,7140,5840,1585,4155,258
"2020-04-16",3130,3705,1865,10100,7130,5890,1595,4175,258
"2020-04-17",3260,3655,1830,10700,7120,6000,1585,4250,258
"2020-04-20",3300,3750,1795,10850,7030,5990,1605,4420,258
"2020-04-21",3270,3685,1800,10500,6980,6000,1600,4300,258
"2020-04-22",3205,3650,1825,10550,6990,6020,1590,4305,258
"2020-04-23",3430,3680,1890,10450,7100,6040,1590,4320,258
"2020-04-24",3370,3710,1835,10300,6900,6090,1645,4480,258
"2020-04-27",3485,3670,1870,10650,6950,6090,1640,4515,258
"2020-04-28",3400,3600,1830,10700,7180,6050,1655,4470,258
"2020-04-29",3445,3610,1815,10800,7300,5970,1660,4490,258
"2020-05-04",3260,3505,1725,11400,7160,6090,1625,4410,258
"2020-05-06",3365,3495,1750,12200,7300,6120,1685,4410,258
"2020-05-07",3315,3600,1765,12400,7250,6110,1655,4415,258
"2020-05-08",3330,3645,1815,12250,7430,6100,1665,4440,258
"2020-05-11",3290,3765,1815,12500,7370,6090,1665,4400,258
"2020-05-12",3220,3705,1775,12700,7350,6030,1705,4255,258
"2020-05-13",3205,3680,1755,12450,7400,5930,1665,4210,258
"2020-05-14",3320,3695,1775,13050,7390,5790,1600,4240,258
"2020-05-15",3340,3735,1775,12500,7560,5790,1565,4290,258
"2020-05-18",3295,3760,1720,13000,7450,5780,1580,4160,258
"2020-05-19",3505,3800,1775,12700,7570,5770,1675,4225,258
"2020-05-20",3530,3795,1780,12750,7760,5750,1675,4225,258
"2020-05-21",3610,3825,1815,12550,7650,5720,1685,4480,258
"2020-05-22",3420,3995,1795,12300,7560,5710,1640,4405,258
"2020-05-25",3495,4155,1760,12450,8000,5670,1690,4375,258
"2020-05-26",3495,4465,1780,12450,7970,5680,1730,4410,258
"2020-05-27",3575,4840,1815,12000,7890,5660,1720,4715,258
"2020-05-28",3430,4685,1775,11400,7720,6050,1690,4565,258
"2020-05-29",3575,4725,1730,11850,7720,5900,1680,4450,258
"2020-06-01",3535,4845,1750,11900,7950,5790,1675,4495,258
"2020-06-02",3625,4895,1760,11750,7940,5630,1690,4505,258
"2020-06-03",3860,5020,1870,11500,7930,5630,1750,4455,258
"2020-06-04",3750,5520,1800,11350,7870,5700,1755,4390,258
"2020-06-05",3955,5410,1850,11800,7830,5730,1735,4400,258
"2020-06-08",3940,5240,1885,11300,7840,6060,1710,4395,258
"2020-06-09",3860,5280,1855,11050,7810,6240,1725,4360,258
"2020-06-10",3725,5400,1800,11300,7760,6150,1725,4240,258
"2020-06-11",3755,5570,1815,11000,7640,6180,1695,4240,258
"2020-06-12",3625,5160,1770,11000,8250,6060,1645,3960,258
"2020-06-15",3370,4750,1710,10700,7870,5930,1625,3500,258
"2020-06-16",3575,4905,1735,11450,8080,6170,1645,3620,258
"2020-06-17",3495,4780,1705,11250,8050,6170,1625,3535,258
"2020-06-18",3760,4670,1795,11250,8100,6170,1625,3510,258
"2020-06-19",3855,4655,1850,11250,8230,6000,1640,3525,258
"2020-06-22",3880,4480,1790,11500,8060,6030,1635,3485,258
"2020-06-23",3770,4450,1780,11450,7890,6200,1615,3470,258
"2020-06-24",3770,4530,1750,11950,7850,6350,1585,3495,258
"2020-06-25",3770,4320,1705,11800,7730,6250,1550,3330,258
"2020-06-26",4000,4660,1755,11400,7930,6250,1590,3355,258
"2020-06-29",3790,4720,1705,10800,7790,6090,1575,3275,258
"2020-06-30",3820,4685,1720,11100,7840,6080,1635,3200,258
"2020-07-01",3835,4650,1715,11100,7870,6010,1625,3255,258
"2020-07-02",3835,4760,1710,11150,8050,6130,1600,3285,258
"2020-07-03",3860,4925,1730,11500,8150,6150,1635,3350,258
"2020-07-06",3930,4970,1725,11550,8140,6100,1665,3415,258
"2020-07-07",4095,4940,1710,11450,8320,6020,1665,3480,258
"2020-07-08",4025,4920,1700,11650,8490,6050,1980,3435,258
"2020-07-09",3905,4840,1680,11800,8790,6060,1940,3520,258
"2020-07-10",3715,4715,1670,12250,8460,6040,1880,3500,258
"2020-07-13",3715,4815,1660,12950,8660,6010,1940,3580,258
"2020-07-14",3725,4970,1665,12950,8650,5950,2315,3560,258
"2020-07-15",3750,4995,1670,12700,8560,5920,2325,3675,258
"2020-07-16",3740,5000,1665,12300,8550,5890,2415,3605,258
"2020-07-17",3705,5020,1670,12350,8520,5850,2445,3640,258
"2020-07-20",3630,4995,1650,12100,8400,5870,2710,3640,258
"2020-07-21",3695,5220,1695,12000,8470,5850,2900,3620,258
"2020-07-22",3680,5190,1670,11950,8460,5850,2830,3580,258
"2020-07-23",3615,5200,1620,12250,8390,5650,2860,3540,258
"2020-07-24",3580,5170,1610,12500,8270,5670,2965,3480,258
"2020-07-27",3565,5200,1595,12650,8490,5700,2900,3415,258
"2020-07-28",3560,5170,1600,12600,8390,5740,2860,3410,258
"2020-07-29",3540,5490,1595,12600,8340,5740,2820,3560,258
"2020-07-30",3540,5850,1600,12450,8380,5740,2750,3540,258
"2020-07-31",3515,5880,1625,12450,8440,5740,2660,3540,258
"2020-08-03",3515,6040,1645,12900,8570,5660,2685,3490,258
"2020-08-04",3585,6030,1640,12750,8590,5640,2675,3560,258
"2020-08-05",3575,6050,1625,12650,8630,5630,2640,3545,258
"2020-08-06",3605,6430,1655,12750,8800,5600,2550,3555,258
"2020-08-07",3585,6600,1620,12350,8750,5570,2800,3520,258
"2020-08-10",3650,6700,1660,12650,8620,5540,2665,3515,258
"2020-08-11",3720,6800,1660,13000,8590,5720,2580,3500,258
"2020-08-12",3745,6380,1650,14450,8530,5590,2600,3505,258
"2020-08-13",3820,6650,1690,13950,8580,5600,2840,3570,258
"2020-08-14",3810,6410,1695,13900,8510,5450,3350,3520,258
"2020-08-18",3615,5690,1615,13200,8220,5280,3235,3345,258
"2020-08-19",3655,5860,1620,13450,8370,5290,3445,3365,258
"2020-08-20",3455,5560,1575,13100,8270,5180,3300,3195,258
"2020-08-21",3485,5600,1565,13400,8280,5200,3150,3205,258
"2020-08-24",3455,5550,1540,13900,8350,5200,3140,3200,258
"2020-08-25",3575,5700,1570,14450,8370,5290,3270,3340,258
"2020-08-26",3525,5580,1560,14150,8280,5350,3025,3350,258
"2020-08-27",3405,5340,1565,13400,8220,5340,2870,3400,258
"2020-08-28",3465,5550,1570,13200,8220,5400,2920,4420,258
"2020-08-31",3395,5760,1610,13650,8170,5490,2860,4405,258
"2020-09-01",3410,5870,1615,13700,8170,5380,2950,4155,258
"2020-09-02",3465,6170,1600,13750,8270,5200,2865,4260,258
"2020-09-03",3435,6330,1590,13400,8390,5270,2830,4130,258
"2020-09-04",3375,6360,1590,13150,8390,5180,2830,3980,258
"2020-09-07",3350,6300,1675,12900,8410,5190,2830,3995,258
"2020-09-08",3340,6220,1700,12800,8510,5160,2705,3845,258
"2020-09-09",3315,6490,1695,12750,8470,5160,2685,3895,258
"2020-09-10",3310,7080,1685,12750,8420,5210,2865,3950,258
"2020-09-11",3385,7260,1660,12750,8490,5220,2870,4015,258
"2020-09-14",3490,7230,1675,12750,8490,5250,2745,3980,258
"2020-09-15",3500,7400,1685,13700,8610,5340,2670,3970,258
"2020-09-16",3500,7450,1745,13200,8720,5350,2755,4055,258
"2020-09-17",3495,7300,1715,12850,8690,5310,2690,4260,258
"2020-09-18",3480,7260,1710,12850,9250,5570,2745,4790,258
"2020-09-21",3370,7410,1700,12500,9100,5500,2630,4370,258
"2020-09-22",3275,7100,1665,12000,8710,5420,2440,4100,258
"2020-09-23",3315,7130,1655,12300,9240,5350,2450,4075,258
"2020-09-24",3310,6860,1635,12050,9030,5280,2310,3755,258
"2020-09-25",3340,6860,1640,12150,9090,5300,2505,3655,258
"2020-09-28",3445,7280,1640,12250,9220,5250,2460,3700,258
"2020-09-29",3420,7210,1690,12350,9200,5290,2545,3840,258
"2020-10-05",3820,7380,1810,12800,9370,5300,2550,3935,258
"2020-10-06",3785,7390,1810,12650,9410,5360,2640,3980,258
"2020-10-07",3910,7440,1810,12650,9570,5350,2625,4135,258
"2020-10-08",3930,7410,1810,12550,9840,5470,2705,4220,258
"2020-10-12",3890,7340,1725,12500,9740,5480,2725,4230,258
"2020-10-13",3920,7340,1735,12400,9530,5470,2740,4180,258
"2020-10-14",3730,7190,1720,12200,9530,5460,2780,4270,258
"2020-10-15",3750,7270,1670,11850,9460,5260,2700,4130,258
"2020-10-16",3600,7090,1640,11500,9560,5370,2690,3960,258
"2020-10-19",3600,7000,1630,11350,9660,5370,2595,3995,258
"2020-10-20",3580,7050,1620,11700,9730,5370,2500,4200,258
"2020-10-21",3675,7600,1640,11900,9850,5480,2500,4210,258
"2020-10-22",3670,7640,1635,11650,9810,5390,2380,4145,258
"2020-10-23",3740,8070,1645,11250,9600,5410,2345,4395,258
"2020-10-26",3825,8820,1700,10650,9420,5150,2355,4435,258
"2020-10-27",3735,8860,1670,11100,9420,5200,2370,4960,258
"2020-10-28",3825,9450,1650,11300,9710,5240,2420,4900,258
"2020-10-29",3690,9490,1610,11050,9450,5430,2380,4660,258
"2020-10-30",3585,8970,1590,10850,9300,5320,2305,4395,258
"2020-11-02",3590,9270,1610,11250,9360,5250,2490,4480,258
"2020-11-03",3620,9300,1630,11350,9520,5320,2470,4430,258
"2020-11-04",3520,9440,1635,11350,9620,5240,2490,4375,258
"2020-11-05",3550,10150,1640,11550,9840,5180,2580,4500,258
"2020-11-06",3485,10250,1630,11500,9660,5260,2610,4440,258
"2020-11-09",4220,11900,2115,12100,10250,5400,2780,4515,258
"2020-11-10",4225,12400,2280,12350,10200,5400,2750,4920,258
"2020-11-11",4225,13000,2340,12450,10900,5410,2745,4820,258
"2020-11-12",4510,14350,3040,12850,11550,5560,3200,5650,258
"2020-11-13",4225,14400,2855,12450,10800,5630,3150,5690,258
"2020-11-16",4230,14100,2935,12200,10600,5590,3360,5710,258
"2020-11-17",4135,12950,2820,12050,10300,5550,2925,5220,258
"2020-11-18",4150,13150,2985,12250,10400,5490,3020,5190,258
"2020-11-19",4050,12550,2865,12150,10350,5460,2835,5160,258
"2020-11-20",4050,12750,2820,12200,10450,5460,2920,5350,258
"2020-11-23",4295,13400,3380,12250,10850,5400,3025,5450,258
"2020-11-24",4185,13050,3185,12200,10450,5480,3035,5290,258
"2020-11-25",4105,12800,3085,11750,10150,5430,2895,5150,258
"2020-11-26",4100,12900,3130,12000,10100,5470,2950,5210,258
"2020-11-27",4110,13000,3055,14000,10300,5500,2910,5210,258
"2020-11-30",4250,13350,3000,13750,10400,5490,2925,5420,258
"2020-12-01",4325,13400,3155,13650,10450,5480,2835,5380,258
"2020-12-02",4330,13300,3160,13200,10250,5480,2760,5260,258
"2020-12-03",4275,12950,3190,12800,10350,5490,2745,5260,258
"2020-12-04",4185,12750,3180,12950,10300,5440,2870,5320,258
"2020-12-07",4055,12300,3050,12600,10200,5380,2805,5480,258
"2020-12-08",4115,12750,3045,13300,10150,5430,2875,5270,258
"2020-12-09",4155,12900,3125,13000,10200,5400,2820,5390,258
"2020-12-10",4190,13850,3165,13000,10350,5500,2930,5390,258
"2020-12-11",4200,13800,3160,13150,10350,5560,2865,5540,258
"2020-12-14",4090,13300,3105,13050,10400,5490,2805,6090,258
"2020-12-15",4120,13600,3110,13550,10400,5480,2795,5550,258
"2020-12-16",4200,13550,3115,14050,10450,5530,2820,5670,258
"2020-12-17",4270,14350,3160,13950,10650,5760,2900,5550,258
"2020-12-18",4480,13800,3110,14100,10600,5710,3345,5470,258
"2020-12-21",4625,13600,3045,13850,10550,5700,3570,5270,258
"2020-12-22",4460,13000,2900,13300,10500,5620,3405,4980,258
"2020-12-23",4530,13050,2935,13600,10400,5850,3250,4980,258
"2020-12-24",4720,12850,2950,13550,10450,5850,3190,5040,258
"2020-12-28",4830,12900,2850,13450,10450,5860,3110,4930,258
"2020-12-29",4880,13750,3025,13500,10300,5800,3280,5070,258
"2020-12-30",5020,13950,3040,13750,10350,5740,3300,5170,258
"2021-01-04",5370,16550,3175,13700,10500,5660,3370,5210,258
"2021-01-05",5430,16500,3830,13550,11100,5660,3510,5280,258
"2021-01-06",5120,15850,3740,13300,10700,5720,4010,5200,258
"2021-01-07",5080,16150,3695,13450,10900,5740,4230,5180,258
"2021-01-08",4995,15750,3555,13300,11050,5750,4060,5030,258
"2021-01-11",4920,15200,3365,13000,10900,5550,4035,4990,258
"2021-01-12",4860,14850,3475,13150,10750,5560,3950,5240,258
"2021-01-13",4920,15050,3460,13350,10800,5700,4150,5170,258
"2021-01-14",4970,15200,3410,13550,10850,5690,4170,5180,258
"2021-01-15",4755,14800,3315,13550,10600,5680,4410,5080,258
"2021-01-18",4600,14050,3165,13200,10650,5510,4255,5040,258
"2021-01-19",4825,14950,3335,13400,10950,5570,3890,5150,258
"2021-01-20",4790,14700,3300,13550,10950,5560,3950,5140,258
"2021-01-21",5200,14950,3390,14000,11150,5520,3935,5280,258
"2021-01-22",5120,14700,3390,13850,11100,5560,3920,5230,258
