"","005380","000270","003620","067990","000040"
"2016-01-25",137500,48100,6340,3388,6995
"2016-01-26",136000,47100,6300,3408,6995
"2016-01-27",137000,48600,6450,3472,7147
"2016-01-28",135000,47400,6600,3472,7300
"2016-01-29",133000,45150,6540,3482,7330
"2016-02-01",132500,44500,6520,3511,7147
"2016-02-02",129500,43150,6440,3511,7056
"2016-02-03",129000,43550,6460,3457,7178
"2016-02-04",132500,43700,6520,3487,7269
"2016-02-05",133500,44450,6900,3521,7300
"2016-02-11",131000,43550,6780,3388,6872
"2016-02-12",137000,46350,6580,3256,6750
"2016-02-15",139500,46550,6680,3241,6995
"2016-02-16",141000,47250,6910,3320,7117
"2016-02-17",147000,47850,7020,3349,6933
"2016-02-18",147000,47650,7150,3329,7269
"2016-02-19",149000,49000,7150,3334,7300
"2016-02-22",147500,48100,7170,3413,7483
"2016-02-23",149000,48000,7310,3325,7269
"2016-02-24",149000,47500,7370,3359,7147
"2016-02-25",147000,47050,7390,3320,6995
"2016-02-26",147000,47100,7530,3334,6995
"2016-02-29",147500,46100,7870,3379,6964
"2016-03-02",150000,47400,7840,3329,6964
"2016-03-03",147500,47950,7900,3241,6995
"2016-03-04",147500,47100,7960,3334,6995
"2016-03-07",146500,47300,8180,3349,6964
"2016-03-08",148000,47250,8120,3354,6995
"2016-03-09",149500,48950,8250,3452,6811
"2016-03-10",148000,47900,8390,3467,6750
"2016-03-11",149000,47900,8260,3408,6842
"2016-03-14",148500,48700,8230,3403,6781
"2016-03-15",147000,47150,8100,3438,6872
"2016-03-16",146500,47500,8100,3727,6903
"2016-03-17",146500,47550,8170,3948,6964
"2016-03-18",150500,47600,8160,3929,6964
"2016-03-21",154500,48900,8150,3929,7330
"2016-03-22",159000,50800,8350,3929,6995
"2016-03-23",158000,49800,8280,3973,6903
"2016-03-24",155500,49550,8180,3978,6933
"2016-03-25",153000,49300,8170,4056,6842
"2016-03-28",154000,48900,8270,4012,6872
"2016-03-29",155000,50000,8380,4037,6842
"2016-03-30",155500,49250,8270,3860,6933
"2016-03-31",152500,48300,8260,4037,6964
"2016-04-01",149500,47050,8190,4253,6995
"2016-04-04",144000,45800,7920,4140,6995
"2016-04-05",144500,45450,7940,4154,7208
"2016-04-06",144000,45350,7740,4204,7239
"2016-04-07",146500,45400,7620,4390,7208
"2016-04-08",146000,45400,7550,4488,7086
"2016-04-11",146000,45850,7720,4356,7269
"2016-04-12",148500,46300,7750,4508,7208
"2016-04-14",152000,48050,7860,4616,7269
"2016-04-15",151500,48150,7850,4616,7361
"2016-04-18",154000,49050,7870,4469,7300
"2016-04-19",153000,48950,7870,4385,7208
"2016-04-20",151500,48350,7790,4375,7330
"2016-04-21",154000,49200,7800,4287,7300
"2016-04-22",151000,49050,7800,4292,7330
"2016-04-25",149500,48750,7800,4194,7514
"2016-04-26",153500,49750,7870,4238,7544
"2016-04-27",149000,48950,7890,4076,7544
"2016-04-28",148000,48200,7910,4125,7453
"2016-04-29",143500,47900,8030,4091,7330
"2016-05-02",142500,47900,7900,4125,7330
"2016-05-03",142500,47550,7860,4076,7330
"2016-05-04",139000,46900,7630,4125,7208
"2016-05-09",135500,46200,7540,4086,7117
"2016-05-10",139500,47550,7600,4110,7208
"2016-05-11",139000,47150,7500,4120,7117
"2016-05-12",136500,47000,7520,4184,7147
"2016-05-13",135000,47000,7380,4213,7361
"2016-05-16",135500,46500,7430,4199,7239
"2016-05-17",134500,46100,7280,4184,7056
"2016-05-18",133000,45950,7160,4012,6933
"2016-05-19",134500,46650,7230,3688,6903
"2016-05-20",132000,46300,7100,3811,6933
"2016-05-23",133000,45950,7060,3825,6811
"2016-05-24",133500,46300,7030,3919,6781
"2016-05-25",135000,46600,7050,4012,6536
"2016-05-26",135000,46400,7130,3924,6628
"2016-05-27",136000,46350,7100,4076,6628
"2016-05-30",136500,45750,7050,4208,6567
"2016-05-31",139500,46650,7090,4208,6750
"2016-06-01",138000,46500,7020,4208,6903
"2016-06-02",138000,46050,6910,4321,6872
"2016-06-03",138500,46050,7050,4287,6872
"2016-06-07",139500,46150,7210,4292,6995
"2016-06-08",139500,46500,7280,4213,6903
"2016-06-09",139000,46200,7410,4105,6750
"2016-06-10",139000,46300,7290,4238,6811
"2016-06-13",135500,45200,7100,4174,6872
"2016-06-14",138500,44750,7000,4189,6903
"2016-06-15",135500,44700,6920,4223,7117
"2016-06-16",134500,44250,6890,4179,6933
"2016-06-17",134500,44850,6880,4282,6903
"2016-06-20",136500,44950,7030,4429,6903
"2016-06-21",138000,44300,6970,4317,6995
"2016-06-22",140000,44700,7080,4267,7086
"2016-06-23",141000,45050,7120,4135,6903
"2016-06-24",139500,43850,6800,3624,6567
"2016-06-27",141500,44150,6950,3737,6597
"2016-06-28",139000,43900,6940,3840,6903
"2016-06-29",139000,43800,7010,3924,6933
"2016-06-30",135500,43200,7000,4105,6964
"2016-07-01",137000,43050,7030,4120,6995
"2016-07-04",137000,42950,7070,4091,6995
"2016-07-05",135000,42650,7060,4017,7147
"2016-07-06",130000,41400,6980,3948,7300
"2016-07-07",131000,41550,7010,3948,7330
"2016-07-08",130500,40900,6950,3879,7392
"2016-07-11",131000,41300,6950,3879,7300
"2016-07-12",132000,41600,7090,3929,7239
"2016-07-13",135500,41850,7080,3904,7178
"2016-07-14",131500,41300,7140,3894,7239
"2016-07-15",133000,41900,7100,3929,7178
"2016-07-18",132000,41350,7240,3938,7178
"2016-07-19",130000,41700,7210,4120,7178
"2016-07-20",129500,41700,7130,4189,7178
"2016-07-21",130000,41650,7150,4341,7330
"2016-07-22",129000,41650,7110,4503,7819
"2016-07-25",135500,43100,7140,4493,7392
"2016-07-26",136000,43050,7140,4385,7178
"2016-07-27",137000,43150,7190,4380,7117
"2016-07-28",136000,42500,7240,4459,7178
"2016-07-29",132000,42150,7200,4469,7086
"2016-08-01",135500,42250,7290,4429,7086
"2016-08-02",134000,41750,7240,4660,7117
"2016-08-03",132000,41000,7070,4488,7086
"2016-08-04",130500,40800,7080,4223,7178
"2016-08-05",133000,40900,7160,4341,7086
"2016-08-08",133000,40900,7120,4282,7056
"2016-08-09",136500,41650,7150,4493,6597
"2016-08-10",134000,41150,7120,4528,6781
"2016-08-11",134500,41700,7110,4179,6720
"2016-08-12",136000,42400,7190,4223,6689
"2016-08-16",133000,41600,7240,4115,6720
"2016-08-17",135000,41400,7230,4007,6659
"2016-08-18",132500,41150,7320,3978,6750
"2016-08-19",132500,41250,7300,3879,6903
"2016-08-22",132000,41500,7270,3801,7056
"2016-08-23",132500,42000,7330,3825,6933
"2016-08-24",135500,42550,7560,3909,7025
"2016-08-25",136500,42900,7750,3924,6933
"2016-08-26",135500,42350,7690,3909,6903
"2016-08-29",134000,41700,7590,3737,6933
"2016-08-30",132500,41750,7600,3742,6903
"2016-08-31",133000,41950,7590,3752,6750
"2016-09-01",131500,41700,7600,3757,6781
"2016-09-02",135000,41750,7610,3742,6720
"2016-09-05",139000,42300,7750,3776,6689
"2016-09-06",139500,42700,7680,3850,6811
"2016-09-07",139000,42700,7610,3752,6720
"2016-09-08",139000,44200,7700,3673,6597
"2016-09-09",139500,44550,7550,3683,6475
"2016-09-12",138500,44700,7490,3732,6536
"2016-09-13",138500,44000,7360,3757,6597
"2016-09-19",137000,44250,7370,3717,6628
"2016-09-20",138500,44400,7470,3717,6597
"2016-09-21",138000,44100,7490,3717,6597
"2016-09-22",138000,44000,7600,3776,6628
"2016-09-23",142000,44800,7540,3830,6597
"2016-09-26",140500,43750,7770,3845,6567
"2016-09-27",141500,44200,7900,3899,6506
"2016-09-28",138500,42900,7920,3914,6506
"2016-09-29",139500,42950,7900,3909,6536
"2016-09-30",135500,42150,7880,3875,6475
"2016-10-04",139000,42300,8040,3870,6506
"2016-10-05",140000,42150,7920,3801,6445
"2016-10-06",139000,42250,7760,4066,6384
"2016-10-07",136500,42150,7770,4159,6689
"2016-10-10",133500,41700,7920,4115,6536
"2016-10-11",134500,42050,8040,4120,6597
"2016-10-12",136500,42400,8090,4253,6506
"2016-10-13",134000,42000,7860,4253,6506
"2016-10-14",133000,41350,8000,4292,6506
"2016-10-17",133000,41650,7890,4199,6353
"2016-10-18",134500,41650,7810,4297,6414
"2016-10-19",133000,41450,7750,4253,6261
"2016-10-20",132000,40800,7700,4312,6170
"2016-10-21",133500,41050,7560,4292,6139
"2016-10-24",134500,41350,7620,4204,6170
"2016-10-25",138000,41650,7550,4066,6035
"2016-10-26",137500,41450,7370,3992,5828
"2016-10-27",138000,41650,7520,4017,5944
"2016-10-28",140500,41150,7400,4120,5809
"2016-10-31",140000,40700,7340,4096,5681
"2016-11-01",141500,40850,7300,4027,5742
"2016-11-02",139500,40850,7200,3978,5498
"2016-11-03",136500,41150,7320,3992,5559
"2016-11-04",136000,41000,7290,4096,5522
"2016-11-07",137000,40900,7350,4096,5669
"2016-11-08",138500,41450,7290,4096,5718
"2016-11-09",134000,39850,7080,3992,5376
"2016-11-10",129000,38100,7220,4110,5602
"2016-11-11",131500,38000,7290,4263,5614
"2016-11-14",132000,37600,7350,4292,5571
"2016-11-15",130500,36950,7480,4263,5596
"2016-11-16",131000,37000,7750,4277,5620
"2016-11-17",132000,36650,7760,4317,5620
"2016-11-18",129500,36650,7580,4292,5516
"2016-11-21",133500,37000,7350,4253,5486
"2016-11-22",133500,36950,7490,4282,5363
"2016-11-23",134000,36750,7220,4253,5137
"2016-11-24",135000,36950,7150,4321,4863
"2016-11-25",136000,36900,7120,4297,5553
"2016-11-28",135000,37050,7100,4223,5486
"2016-11-29",134500,37150,7200,4204,5443
"2016-11-30",133000,37400,7280,4130,5254
"2016-12-01",132000,37150,7210,4208,4814
"2016-12-02",133500,37200,7420,4086,4887
"2016-12-05",134000,37350,7490,3978,4746
"2016-12-06",136500,38000,7490,4017,4777
"2016-12-07",136500,37650,7540,3983,4624
"2016-12-08",142000,38900,7580,3978,4704
"2016-12-09",144000,39050,7630,4017,4704
"2016-12-12",144500,38850,7630,3899,4838
"2016-12-13",145000,39600,7790,3919,5021
"2016-12-14",143500,39600,7840,3879,5064
"2016-12-15",142000,39200,7780,3919,5254
"2016-12-16",139500,39250,7770,3914,5266
"2016-12-19",142000,39250,7730,3811,5351
"2016-12-20",143500,39350,7810,3781,5296
"2016-12-21",143500,39250,7830,3825,5339
"2016-12-22",142000,38800,7860,3821,5302
"2016-12-23",144000,39100,7890,3816,5260
"2016-12-26",144500,39000,7840,3786,5211
"2016-12-27",144500,39500,7800,3806,5223
"2016-12-28",143500,38950,7880,3889,5284
"2016-12-29",146000,39250,7890,3953,5272
"2017-01-02",150000,39500,8160,4002,5425
"2017-01-03",153000,40750,8170,3983,5589
"2017-01-04",154000,41300,8180,3983,5632
"2017-01-05",153500,41100,8190,3879,5669
"2017-01-06",151000,40750,8020,3909,5632
"2017-01-09",150500,40350,7920,3879,5644
"2017-01-10",152000,40500,7890,4076,5614
"2017-01-11",148500,40300,7760,4258,5492
"2017-01-12",148000,40550,7910,4307,5125
"2017-01-13",149000,40550,7910,4582,5357
"2017-01-16",150500,40500,7900,4552,5272
"2017-01-17",153500,40700,7880,4650,5290
"2017-01-18",154000,41150,7750,4793,5302
"2017-01-19",152000,40800,7640,4788,5266
"2017-01-20",153000,39750,7690,4891,5095
"2017-01-23",149000,39400,7660,4852,4905
"2017-01-24",146500,38400,7550,4695,4759
"2017-01-25",142000,37500,7370,4763,4863
"2017-01-26",142500,37750,7380,4788,4881
"2017-01-31",139500,36400,7590,4832,4795
"2017-02-01",139500,36500,7670,4837,4856
"2017-02-02",136000,35700,7660,4734,4783
"2017-02-03",137500,36150,7680,4675,4734
"2017-02-06",136500,35900,7710,4611,4808
"2017-02-07",139000,36650,7740,4960,5192
"2017-02-08",139000,36800,7870,4989,4979
"2017-02-09",140000,36500,7880,5117,4777
"2017-02-10",141000,36800,7890,5058,4759
"2017-02-13",139500,36900,7920,5029,4777
"2017-02-14",140000,37000,7950,4930,4795
"2017-02-15",145500,37350,7950,4979,4808
"2017-02-16",150500,37600,7780,4950,4838
"2017-02-17",150500,37950,7900,4921,4856
"2017-02-20",150000,37800,7880,5088,4759
"2017-02-21",151000,38000,7900,5245,4753
"2017-02-22",149500,38350,8100,5323,4771
"2017-02-23",146000,37850,8100,5245,4918
"2017-02-24",148000,38100,8130,5117,4930
"2017-02-27",148500,38250,8100,5127,4893
"2017-02-28",149500,38250,7970,5156,4808
"2017-03-02",148500,37100,7860,4999,4789
"2017-03-03",142000,36500,7900,5117,4789
"2017-03-06",145000,36550,7710,5225,4746
"2017-03-07",144000,36700,7800,5205,4875
"2017-03-08",144500,36300,7930,4979,4844
"2017-03-09",145000,36250,7830,5117,4759
"2017-03-10",146000,36300,7840,5127,4808
"2017-03-13",146000,36450,7800,5353,4826
"2017-03-14",149000,36400,7770,5343,4814
"2017-03-15",149500,36100,7800,5294,4887
"2017-03-16",151500,36950,7790,5225,4893
"2017-03-17",151500,36850,7760,5029,4893
"2017-03-20",156500,37000,7670,4999,4838
"2017-03-21",170000,38300,7700,4911,4820
"2017-03-22",170000,37450,7690,4940,4777
"2017-03-23",165000,37300,7700,4906,4734
"2017-03-24",164000,37250,7730,4911,4771
"2017-03-27",162000,36850,7690,4793,4728
"2017-03-28",160000,36600,7850,4852,4753
"2017-03-29",156000,36350,7790,4979,4746
"2017-03-30",158500,36600,7990,4940,4746
"2017-03-31",157500,37050,7950,4906,4795
"2017-04-03",156500,36850,7930,4734,4869
"2017-04-04",152000,36350,7790,4754,4795
"2017-04-05",150000,35950,7770,4763,4814
"2017-04-06",148000,35850,7760,4631,4753
"2017-04-07",144500,35550,7760,4650,4753
"2017-04-10",146000,35550,7630,4498,4704
"2017-04-11",142500,35000,7610,4582,4643
"2017-04-12",141500,35100,7660,4587,4637
"2017-04-13",142500,34750,7680,4488,4637
"2017-04-14",142500,34550,7630,4513,4575
"2017-04-17",144000,34950,7610,4670,4588
"2017-04-18",141000,34700,7630,4685,4582
"2017-04-19",137000,34100,7710,4837,4551
"2017-04-20",141500,34900,7710,4862,4472
"2017-04-21",141500,34850,7740,4813,4478
"2017-04-24",141500,35200,7640,4754,4453
"2017-04-25",144500,35200,7640,4862,4435
"2017-04-26",151000,35900,7680,4813,4349
"2017-04-27",147000,35000,7680,4813,4356
"2017-04-28",144000,34850,7540,4808,4337
"2017-05-02",151000,35100,7630,4788,4337
"2017-05-04",152000,35250,7540,4734,4514
"2017-05-08",158000,35750,7530,4734,4514
"2017-05-10",156500,36100,7480,4749,4484
"2017-05-11",157500,36850,7540,4778,4734
"2017-05-12",155000,36500,7390,4655,4832
"2017-05-15",154000,36800,7390,4670,4850
"2017-05-16",157500,36900,7260,4709,5119
"2017-05-17",158500,37150,7200,4867,5315
"2017-05-18",165000,38200,7300,5186,5284
"2017-05-19",170000,38800,7280,5156,5296
"2017-05-22",170000,39050,7320,5196,5351
"2017-05-23",170000,39200,7230,5058,5443
"2017-05-24",164000,39000,7290,4989,5498
"2017-05-25",165000,38950,7200,5029,5406
"2017-05-26",163500,38850,7230,5088,5425
"2017-05-29",162000,39250,7340,5176,5443
"2017-05-30",164000,39150,7280,5412,5437
"2017-05-31",163000,39050,7240,5353,5437
"2017-06-01",165500,39550,7250,5549,5406
"2017-06-02",163000,39200,7230,5549,5559
"2017-06-05",161500,38750,7240,5775,5669
"2017-06-07",159000,38850,7230,5755,5724
"2017-06-08",160000,39150,7210,5696,5535
"2017-06-09",160000,39000,7210,5795,5412
"2017-06-12",162500,38950,7190,5755,5480
"2017-06-13",164500,39200,7230,5687,5620
"2017-06-14",169000,40100,7160,5795,5608
"2017-06-15",163000,39300,7090,5913,5553
"2017-06-16",165000,39750,7090,5981,5528
"2017-06-19",167000,39750,7000,5893,5480
"2017-06-20",166500,39400,6950,5785,5418
"2017-06-21",160500,38100,6860,5795,5382
"2017-06-22",161500,38300,6840,5608,5284
"2017-06-23",164000,38850,6900,5755,5834
"2017-06-26",164000,38650,6800,5598,5681
"2017-06-27",160500,38000,6800,5736,5382
"2017-06-28",160000,37850,6890,5539,5296
"2017-06-29",161000,38150,6890,5539,5535
"2017-06-30",159500,38200,6840,5471,5541
"2017-07-03",163500,38700,6780,5647,5528
"2017-07-04",158500,38000,6660,5667,5535
"2017-07-05",156000,38000,6690,5785,5608
"2017-07-06",155500,37700,6610,5775,6048
"2017-07-07",151500,37300,6480,5598,6139
"2017-07-10",148000,36700,6420,5716,6414
"2017-07-11",148000,36800,6300,5618,6414
"2017-07-12",149000,37000,6310,5765,5638
"2017-07-13",149000,37000,6360,5991,5602
"2017-07-14",154000,37400,6330,6089,5406
"2017-07-17",150500,37600,6250,6129,5247
"2017-07-18",148000,37000,6310,6541,5101
"2017-07-19",148500,37050,6500,6738,5174
"2017-07-20",148000,36450,6430,6796,5119
"2017-07-21",147500,36550,6360,6904,5064
"2017-07-24",145000,36500,6430,6669,5003
"2017-07-25",146000,36800,6420,6600,4991
"2017-07-26",148000,36900,6440,6688,4905
"2017-07-27",146500,37000,6450,6629,5009
"2017-07-28",149500,37200,6400,6364,4924
"2017-07-31",145000,36600,6240,6512,4740
"2017-08-01",145500,36750,6230,6453,4765
"2017-08-02",147500,36850,6320,6404,4826
"2017-08-03",148500,36950,6220,6227,4826
"2017-08-04",150000,37600,6180,6296,4753
"2017-08-07",148000,37050,6080,6502,4918
"2017-08-08",144000,35400,5980,6512,4856
"2017-08-09",146000,35500,5900,6620,4783
"2017-08-10",145000,35350,5860,6531,4759
"2017-08-11",142000,35200,5800,6296,4294
"2017-08-14",144500,35700,5790,6315,4374
"2017-08-16",144500,35450,5770,6472,4368
"2017-08-17",144000,35250,5700,6728,4411
"2017-08-18",144500,35350,5780,6629,4349
"2017-08-21",148000,35700,5730,6590,4276
"2017-08-22",147000,35500,5720,6472,4258
"2017-08-23",146500,35200,5710,6404,4160
"2017-08-24",143500,34800,5740,6296,4166
"2017-08-25",144500,35350,5760,6423,4203
"2017-08-28",144500,35900,5810,6413,4154
"2017-08-29",144000,35750,5750,6315,4148
"2017-08-30",143000,36750,5660,6364,4184
"2017-08-31",140500,35450,5520,6541,4142
"2017-09-01",143000,35550,5590,6531,4160
"2017-09-04",140000,34900,5490,6188,4093
"2017-09-05",138000,34100,5460,5913,4050
"2017-09-06",136000,32850,5440,6099,3965
"2017-09-07",138000,32900,5530,6129,3977
"2017-09-08",135500,32000,5440,6030,3958
"2017-09-11",135000,31800,5420,5991,3684
"2017-09-12",136000,31150,5430,5962,3690
"2017-09-13",134000,30250,5360,5795,3519
"2017-09-14",137000,30600,5430,5804,3561
"2017-09-15",136500,30900,5310,5795,3555
"2017-09-18",137000,30550,5340,5883,3543
"2017-09-19",140000,31000,5490,5854,3574
"2017-09-20",142000,31350,5410,5746,3513
"2017-09-21",141500,30600,5370,5451,3311
"2017-09-22",142000,30400,5280,5480,3060
"2017-09-25",141000,30200,5100,5657,3012
"2017-09-26",147500,30950,5050,5579,3115
"2017-09-27",147500,31450,5130,5736,3219
"2017-09-28",147000,30850,5210,5775,3097
"2017-09-29",150500,31650,5180,5657,3158
"2017-10-10",151000,31950,5110,5421,3054
"2017-10-11",155000,32550,5220,5814,3085
"2017-10-12",156500,32300,5320,5795,3054
"2017-10-13",154500,32100,5470,5490,2969
"2017-10-16",153000,32350,5640,5205,2505
"2017-10-17",149500,31500,5580,5402,2450
"2017-10-18",150500,32950,5450,5441,2431
"2017-10-19",151500,33250,5480,5588,2437
"2017-10-20",151500,33400,5570,5638,2443
"2017-10-23",151500,33850,5520,5657,2419
"2017-10-24",151000,33800,5300,5795,2431
"2017-10-25",148500,33250,5230,5932,2462
"2017-10-26",159500,34250,5300,5903,2474
"2017-10-27",158500,34400,5390,6138,2480
"2017-10-30",156000,34550,5310,6148,2468
"2017-10-31",161000,35400,5260,6178,2468
"2017-11-01",160500,35350,5200,6188,2517
"2017-11-02",160000,35150,5230,6060,2480
"2017-11-03",161500,35250,5350,6079,2480
"2017-11-06",158500,34900,5220,6011,2498
"2017-11-07",155000,34750,5200,5913,2523
"2017-11-08",155000,34500,5210,6158,2486
"2017-11-09",155500,35000,5340,6197,2523
"2017-11-10",154500,34750,5340,6070,2480
"2017-11-13",160500,35800,5400,6021,2352
"2017-11-14",160500,35050,5400,5962,2272
"2017-11-15",161500,35000,5350,5785,1949
"2017-11-16",159500,34200,5320,5834,2034
"2017-11-17",157000,33850,5240,5863,2065
"2017-11-20",156500,33750,5240,5795,2108
"2017-11-21",157000,33650,5290,5677,2138
"2017-11-22",155000,33150,5150,5706,2126
"2017-11-23",157000,33150,5250,5854,2236
"2017-11-24",159000,33050,5230,5932,2230
"2017-11-27",158500,32750,5260,5716,2236
"2017-11-28",157000,32950,5350,5579,2230
"2017-11-29",160500,33350,5380,5628,2187
"2017-11-30",164500,33650,5420,5588,2120
"2017-12-01",161500,33150,5240,5608,2156
"2017-12-04",160500,33100,5270,5431,2181
"2017-12-05",161500,33750,5380,5500,2272
"2017-12-06",162000,33900,5450,5579,2272
"2017-12-07",161500,33250,5320,5500,2199
"2017-12-08",158500,33000,5140,5500,2181
"2017-12-11",150000,32450,5070,5431,2169
"2017-12-12",150000,32700,5140,5421,2132
"2017-12-13",151500,33100,5170,5333,2132
"2017-12-14",150500,32500,4975,5363,2150
"2017-12-15",154000,33250,5160,5343,2138
"2017-12-18",154000,33300,5100,5461,2108
"2017-12-19",153000,33150,5070,5323,2028
"2017-12-20",152500,33300,5050,5382,1985
"2017-12-21",150000,32900,5040,5333,1985
"2017-12-22",153000,33100,5070,5254,1985
"2017-12-26",154000,33200,5100,5254,1985
"2017-12-27",156500,33350,5070,5677,1985
"2017-12-28",156000,33500,5120,5628,1985
"2018-01-02",149500,32800,5180,5903,1985
"2018-01-03",150500,32600,5180,5844,1985
"2018-01-04",146500,31550,5200,5854,1985
"2018-01-05",149000,31950,5210,6335,1985
"2018-01-08",151000,32400,5160,6639,1985
"2018-01-09",152500,32500,5300,6580,1985
"2018-01-10",155500,33050,5490,6826,1985
"2018-01-11",155000,32500,5460,6757,1985
"2018-01-12",154000,32100,5330,6767,2578
"2018-01-15",155000,32050,5370,6580,2627
"2018-01-16",158000,32650,5380,6738,2456
"2018-01-17",157500,32850,5400,6728,2335
"2018-01-18",155000,32700,5300,6679,2335
"2018-01-19",162000,34050,5330,6679,2355
"2018-01-22",162500,33750,5620,6659,2314
"2018-01-23",161000,33800,5610,6639,2318
"2018-01-24",156500,33900,5900,6679,2322
"2018-01-25",158500,33900,5940,6698,2412
"2018-01-26",152500,33500,5980,7052,2395
"2018-01-29",154500,33900,5990,6777,2558
"2018-01-30",156000,34200,5830,6708,2529
"2018-01-31",162000,34650,5880,6571,2566
"2018-02-01",160500,34350,5860,6502,2525
"2018-02-02",162500,35250,5920,6335,2473
"2018-02-05",159000,34950,5710,6207,2391
"2018-02-06",157500,34400,5650,6119,2395
"2018-02-07",157500,34050,5580,5893,2339
"2018-02-08",161000,33900,5620,6011,2391
"2018-02-09",155000,33050,5870,5913,2314
"2018-02-12",154000,32850,5730,6040,2306
"2018-02-13",152500,32100,5690,5785,2278
"2018-02-14",154500,32600,5650,5893,2233
"2018-02-19",155000,33100,5770,5922,2261
"2018-02-20",153500,32800,5670,5903,2261
"2018-02-21",160000,33850,5670,5873,2282
"2018-02-22",157000,33650,5600,5746,2359
"2018-02-23",159000,34000,5570,5706,2310
"2018-02-26",161000,34200,5500,5706,2233
"2018-02-27",161000,34450,5540,5687,2274
"2018-02-28",161500,34350,5410,5677,2278
"2018-03-02",156000,33500,5230,5834,2261
"2018-03-05",153000,33400,5130,5903,2278
"2018-03-06",157000,34000,5130,5962,2237
"2018-03-07",152500,33100,5040,5952,2209
"2018-03-08",154500,33300,5110,6413,2278
"2018-03-09",154000,32900,5190,6443,2318
"2018-03-12",153500,32850,5180,6502,2351
"2018-03-13",153500,32550,5140,6453,2351
"2018-03-14",156000,32800,5070,6394,2489
"2018-03-15",157500,32350,5100,6453,2505
"2018-03-16",157500,32550,5050,6482,2497
"2018-03-19",151500,31400,5070,6394,2339
"2018-03-20",152500,31950,5060,6423,2371
"2018-03-21",154500,31800,5080,6158,2420
"2018-03-22",152500,31900,5020,6060,2416
"2018-03-23",151500,31300,5010,5903,2359
"2018-03-26",149500,31450,5010,6178,2383
"2018-03-27",154000,31750,4980,6580,2306
"2018-03-28",151500,33000,4985,6590,2270
"2018-03-29",143500,31850,4945,6600,2294
"2018-03-30",143500,31000,4965,6580,2343
"2018-04-02",148500,31200,4920,6276,2314
"2018-04-03",152000,31750,4970,6266,2420
"2018-04-04",156500,32550,4960,5883,2404
"2018-04-05",154000,32350,4960,6040,2501
"2018-04-06",152500,32050,4955,6011,2529
"2018-04-09",151000,31700,4960,6089,2464
"2018-04-10",151000,32250,4945,6551,2428
"2018-04-11",150000,31800,4955,6571,2460
"2018-04-12",152000,31650,4950,6531,2485
"2018-04-13",150500,31250,4940,6747,2489
"2018-04-16",153000,31350,4910,6639,2489
"2018-04-17",157500,31450,4910,7022,2529
"2018-04-18",158500,31700,4935,7071,2517
"2018-04-19",158000,31200,5090,6836,2517
"2018-04-20",160000,31350,5080,6679,2769
"2018-04-23",159500,31350,4980,6472,2757
"2018-04-24",162500,31400,5050,6512,2785
"2018-04-25",164000,31350,4940,6502,2883
"2018-04-26",156500,31050,4940,6541,2716
"2018-04-27",158000,32200,4940,6590,2736
"2018-04-30",160000,33100,5050,6580,2708
"2018-05-02",160000,33050,5020,6639,2619
"2018-05-03",160000,33900,5020,6659,2769
"2018-05-04",158000,33750,4960,6620,2745
"2018-05-08",156000,33850,4940,6463,2627
"2018-05-09",153500,33550,4905,6286,2797
"2018-05-10",152000,33450,4960,6413,2879
"2018-05-11",153000,33900,4960,6512,2923
"2018-05-14",151000,33750,4955,6482,2899
"2018-05-15",148500,33600,4915,6453,2911
"2018-05-16",150500,33700,4915,6315,2939
"2018-05-17",149500,33500,4900,6188,2939
"2018-05-18",150000,33750,4890,6138,2944
"2018-05-21",149000,33950,4855,6374,2952
"2018-05-23",144500,33650,4790,6364,2964
"2018-05-24",140000,32700,4775,6374,2862
"2018-05-25",139000,32250,4720,6286,2822
"2018-05-28",138500,32300,4660,6413,2850
"2018-05-29",140000,31650,4610,6394,2858
"2018-05-30",137500,31700,4570,6305,2854
"2018-05-31",139000,31150,4590,6472,2931
"2018-06-01",140000,31900,4835,6679,2992
"2018-06-04",143000,33750,4945,6659,3021
"2018-06-05",142500,33100,4910,6580,3025
"2018-06-07",142500,33400,4920,6649,3069
"2018-06-08",141000,33100,4920,6580,3045
"2018-06-11",139500,32600,4930,6639,2984
"2018-06-12",140500,32850,4975,6649,2976
"2018-06-14",135000,32250,4815,6649,3033
"2018-06-15",134000,32200,4955,6610,3033
"2018-06-18",135000,32000,4930,6404,3017
"2018-06-19",131500,31700,4750,6109,3017
"2018-06-20",129500,31500,4645,5981,2992
"2018-06-21",127000,30800,4615,5981,2907
"2018-06-22",130000,31300,4570,5883,2834
"2018-06-25",129000,31450,4635,5657,2724
"2018-06-26",129500,31950,4645,5529,2607
"2018-06-27",127500,31000,4580,5706,2550
"2018-06-28",125000,30700,4600,5569,2448
"2018-06-29",125500,30850,4570,5647,2448
"2018-07-02",123500,30800,4590,5245,2339
"2018-07-03",122000,30950,4530,5274,2347
"2018-07-04",119500,29550,4440,5117,2298
"2018-07-05",121500,29700,4455,5029,2310
"2018-07-06",123500,31050,4600,5363,2318
"2018-07-09",124500,31400,4550,5392,2586
"2018-07-10",123500,31100,4535,5431,2590
"2018-07-11",121500,30900,4750,5353,2578
"2018-07-12",123000,31350,4660,5402,2570
"2018-07-13",122500,31450,4565,5618,2558
"2018-07-16",126000,31950,4615,5726,2566
"2018-07-17",126500,32400,4590,5677,2558
"2018-07-18",124000,31600,4465,5529,2513
"2018-07-19",124000,31900,4435,5559,2473
"2018-07-20",127000,32200,4415,5804,2436
"2018-07-23",129500,32500,4420,5716,2420
"2018-07-24",129500,31800,4495,5863,2399
"2018-07-25",130500,32200,4575,5883,2379
"2018-07-26",130000,31850,4585,5834,2391
"2018-07-27",129500,31950,4650,5942,2395
"2018-07-30",130500,31700,4660,5569,2379
"2018-07-31",129500,31700,4685,5392,2375
"2018-08-01",128500,31750,4760,5480,2375
"2018-08-02",125500,31050,4685,5402,2371
"2018-08-03",124000,31000,4760,5127,2371
"2018-08-06",124500,31600,4815,5137,2367
"2018-08-07",125000,31850,4760,5009,2371
"2018-08-08",127500,32150,4810,5048,2367
"2018-08-09",126000,32050,4825,4970,2355
"2018-08-10",126000,32250,4830,4999,2351
"2018-08-13",123500,32300,4770,4960,2343
"2018-08-14",123000,31500,4775,4960,2363
"2018-08-16",126500,32400,4760,4970,2335
"2018-08-17",126500,32100,4750,5009,2335
"2018-08-20",127500,32300,4795,5019,2326
"2018-08-21",125500,32250,4760,5078,2322
"2018-08-22",126000,32050,4760,5176,2314
"2018-08-23",124500,31650,4725,5068,2257
"2018-08-24",124500,31250,4700,5058,2176
"2018-08-27",124000,31500,4625,5068,2290
"2018-08-28",125000,32000,4635,5068,2282
"2018-08-29",124000,31850,4580,5078,2221
"2018-08-30",123500,32150,4530,5304,2241
"2018-08-31",125000,32050,4520,5480,2383
"2018-09-03",125000,31800,4560,5402,2436
"2018-09-04",126500,31600,4575,5480,2497
"2018-09-05",129000,32200,4570,5510,2456
"2018-09-06",134000,33650,4530,5520,2436
"2018-09-07",133000,34250,4620,5451,2452
"2018-09-10",131000,34000,4600,5510,2436
"2018-09-11",128000,34050,4570,5598,2448
"2018-09-12",129500,34400,4505,5372,2460
"2018-09-13",128500,34150,4480,5471,2489
"2018-09-14",129500,34050,4655,5471,2489
"2018-09-17",128500,34050,4580,5461,2440
"2018-09-18",128000,34500,4520,5313,2416
"2018-09-19",126500,34550,4545,5333,2326
"2018-09-20",129000,34850,4495,5245,2257
"2018-09-21",129000,34550,4530,5225,2282
"2018-09-27",130500,35250,4570,5068,2310
"2018-09-28",129500,35100,4565,5068,2379
"2018-10-01",129000,34350,4530,5372,2391
"2018-10-02",128500,34750,4480,5854,2456
"2018-10-04",124500,33700,4390,5696,2468
"2018-10-05",124500,34200,4350,5431,2448
"2018-10-08",122000,33900,4290,5392,2322
"2018-10-10",120000,33850,4225,5245,2464
"2018-10-11",116000,33100,4070,5127,2355
"2018-10-12",115500,33250,4085,5490,2408
"2018-10-15",113500,31100,4065,5500,2436
"2018-10-16",116500,31300,4060,5687,2440
"2018-10-17",118500,30800,4045,5657,2452
"2018-10-18",116000,29700,4035,5539,2452
"2018-10-19",115500,29400,4060,5638,2509
"2018-10-22",118000,29450,4085,5657,2538
"2018-10-23",116500,28350,3970,5323,2513
"2018-10-24",117000,28700,4055,5176,2477
"2018-10-25",110000,27000,4045,5009,2436
"2018-10-26",108000,27850,3910,4960,2355
"2018-10-29",106000,28000,3805,4596,2326
"2018-10-30",107500,27900,3800,4773,2314
"2018-10-31",106500,28400,3700,4930,2265
"2018-11-01",108500,28700,3740,4901,2164
"2018-11-02",110000,29550,3795,5029,2241
"2018-11-05",104000,28300,3775,5294,2213
"2018-11-06",107500,28950,3825,5205,2168
"2018-11-07",107500,28550,3770,5264,2127
"2018-11-08",105500,28500,3825,5245,2160
"2018-11-09",105000,28850,3780,5107,2144
"2018-11-12",102000,28250,3700,5117,2132
"2018-11-13",102500,28300,3560,5038,2148
"2018-11-14",101500,28950,3580,5176,2140
"2018-11-15",103000,29950,3685,5245,2152
"2018-11-16",103000,29500,3855,5363,2140
"2018-11-19",101500,29700,3925,5539,2119
"2018-11-20",97500,28300,3905,5421,2091
"2018-11-21",97800,28950,3875,5539,2075
"2018-11-22",92800,27500,3900,5451,2062
"2018-11-23",93700,27750,3770,5451,2054
"2018-11-26",95100,28700,3855,5520,2095
"2018-11-27",101000,29450,3825,5618,2103
"2018-11-28",101000,29850,3880,5461,2079
"2018-11-29",100000,29450,3925,5471,2075
"2018-11-30",107000,30500,3940,5402,2079
"2018-12-03",108500,30400,3970,5461,2083
"2018-12-04",107500,30450,3950,5461,2095
"2018-12-05",107500,30600,3955,5451,2087
"2018-12-06",110500,30950,3970,5579,2050
"2018-12-07",111000,30950,3890,5647,2071
"2018-12-10",110500,31000,3915,5647,2046
"2018-12-11",111500,31400,3970,5569,2022
"2018-12-12",118500,32350,4050,5569,2034
"2018-12-13",118500,33450,4065,5559,2067
"2018-12-14",116500,32500,4115,5431,2071
"2018-12-17",116500,33100,4060,5215,2127
"2018-12-18",118000,33700,4165,5205,2148
"2018-12-19",123000,33800,4145,5264,2111
"2018-12-20",121500,33800,4125,5215,2103
"2018-12-21",122500,33850,3940,5196,2091
"2018-12-24",123000,33500,3890,5058,2062
"2018-12-26",120000,33400,3840,4847,2062
"2018-12-27",118500,33050,3940,4852,2030
"2018-12-28",118500,33700,3960,5048,2030
"2019-01-02",114000,32800,4050,5029,2030
"2019-01-03",116500,32850,4165,4930,2042
"2019-01-04",119500,34850,4285,4979,2042
"2019-01-07",120500,34200,4290,5019,2046
"2019-01-08",119500,33800,4275,5038,2058
"2019-01-09",123000,34800,4340,5107,2079
"2019-01-10",123000,34300,4280,4999,2103
"2019-01-11",123000,33950,4265,5038,2184
"2019-01-14",121500,33800,4225,4979,2176
"2019-01-15",127500,34550,4130,5245,2201
"2019-01-16",128500,34850,4240,5353,2213
"2019-01-17",129500,34950,4300,5294,2201
"2019-01-18",131000,35800,4305,5323,2156
"2019-01-21",127000,35350,4450,5294,2160
"2019-01-22",127500,35850,4490,5245,2132
"2019-01-23",129000,36550,4575,5284,2136
"2019-01-24",130000,36650,4560,5343,2152
"2019-01-25",128500,35750,4640,5343,2172
"2019-01-28",126500,34850,4685,5323,2217
"2019-01-29",128000,34950,4815,5245,2188
"2019-01-30",129500,36150,4885,5284,2115
"2019-01-31",129500,36350,4960,5284,2144
"2019-02-01",129500,35850,4985,5353,2160
"2019-02-07",126000,36100,5190,5529,2160
"2019-02-08",125500,36400,5170,5480,2164
"2019-02-11",127500,37000,5220,5471,2184
"2019-02-12",128500,37000,5020,5402,2196
"2019-02-13",124500,35750,5140,5579,2172
"2019-02-14",121500,36500,5200,5942,2184
"2019-02-15",121000,35900,5190,5991,2148
"2019-02-18",120500,35600,5190,5844,2144
"2019-02-19",119500,35150,5180,5962,2127
"2019-02-20",119000,35200,5120,5932,2107
"2019-02-21",120000,35600,5030,5962,2119
"2019-02-22",121000,35600,5080,5913,2103
"2019-02-25",121000,35700,5060,6148,2111
"2019-02-26",122500,36400,5040,6188,2111
"2019-02-27",129000,36950,5100,6374,2095
"2019-02-28",126500,36550,5070,6178,2058
"2019-03-04",122000,35450,5150,6364,2062
"2019-03-05",121500,34850,5180,6335,2006
"2019-03-06",124500,34500,5120,6413,2010
"2019-03-07",125500,34200,5130,6580,1981
"2019-03-08",120000,33650,5090,6521,2006
"2019-03-11",121000,33900,5110,6777,2002
"2019-03-12",125500,34600,5100,6620,2014
"2019-03-13",122500,34350,5170,6688,1998
"2019-03-14",119000,34000,5210,6728,1981
"2019-03-15",121000,33750,5230,6679,1949
"2019-03-18",124000,34700,5200,6708,1929
"2019-03-19",124000,34700,5330,6629,1900
"2019-03-20",124000,34850,5460,6679,1924
"2019-03-21",124500,34200,5280,6580,1884
"2019-03-22",123500,34500,5170,6610,1929
"2019-03-25",120000,33800,5010,6590,1929
"2019-03-26",118500,34100,5050,7032,1957
"2019-03-27",118500,34600,5120,6944,1985
"2019-03-28",119500,34450,5120,6836,2006
"2019-03-29",119500,35350,5100,7022,2002
"2019-04-01",120500,35450,5030,7062,2018
"2019-04-02",119000,35100,5090,7022,2030
"2019-04-03",124000,36400,5120,7003,2026
"2019-04-04",123500,37400,5110,6904,2022
"2019-04-05",126000,37700,5060,6904,2099
"2019-04-08",128000,39000,5220,7013,2144
"2019-04-09",127000,38950,5210,6934,2152
"2019-04-10",127500,40100,5340,7062,2148
"2019-04-11",128000,40550,5370,7366,2152
"2019-04-12",126500,40600,5440,8142,2127
"2019-04-15",125500,40650,5400,8103,2050
"2019-04-16",128500,41800,5370,8014,2046
"2019-04-17",131000,42300,5380,7975,2058
"2019-04-18",134000,42550,5280,7936,2022
"2019-04-19",134000,42500,5260,7887,2026
"2019-04-22",134000,42800,5210,7818,2054
"2019-04-23",136000,43150,5240,7710,2067
"2019-04-24",138500,43900,5210,7926,2058
"2019-04-25",138000,42450,5200,7513,2075
"2019-04-26",135500,42950,5100,7553,2095
"2019-04-29",139000,45250,5210,7651,2140
"2019-04-30",138500,45250,5280,7690,2233
"2019-05-02",138500,44900,5200,8152,2209
"2019-05-03",137500,43300,5110,8044,2261
"2019-05-07",136000,44300,4855,7788,2265
"2019-05-08",135500,44000,4805,7720,2217
"2019-05-09",131000,43100,4610,7553,2144
"2019-05-10",130000,42350,4680,7729,2184
"2019-05-13",129000,42350,4530,7690,2205
"2019-05-14",128000,42350,4540,7690,2237
"2019-05-15",128000,41950,4470,8093,2270
"2019-05-16",127500,42350,4505,7621,2270
"2019-05-17",125500,42000,4435,7464,2245
"2019-05-20",129000,42650,4405,8329,2270
"2019-05-21",127000,41300,4390,8446,2257
"2019-05-22",127000,41150,4300,8712,2217
"2019-05-23",127500,40800,4280,9546,2180
"2019-05-24",130500,41100,4290,9409,2156
"2019-05-27",135000,41650,4295,9379,2132
"2019-05-28",136500,40900,4200,9733,2140
"2019-05-29",134000,40900,4120,9556,2172
"2019-05-30",135500,41200,4140,9556,2184
"2019-05-31",134500,39350,4055,9821,2168
"2019-06-03",138500,39500,4080,9753,2091
"2019-06-04",139000,40550,4095,10558,2119
"2019-06-05",141000,41650,4145,10804,2123
"2019-06-07",140000,41150,4145,11246,2107
"2019-06-10",143000,43000,4155,11491,2083
"2019-06-11",143500,42800,4195,11638,2132
"2019-06-12",141000,42800,4170,11884,2132
"2019-06-13",141000,41550,4225,12571,2127
"2019-06-14",140500,42150,4115,12179,2103
"2019-06-17",140000,42350,4085,11786,2067
"2019-06-18",141000,43000,4070,11786,2099
"2019-06-19",140000,42350,4115,11786,2099
"2019-06-20",140500,42400,4120,11442,2099
"2019-06-21",140500,42350,4075,11344,2111
"2019-06-24",142500,43400,4070,11442,2127
"2019-06-25",141500,43500,4045,11344,2164
"2019-06-26",141500,43650,4005,11246,2201
"2019-06-27",140500,43850,4075,11098,2209
"2019-06-28",140000,44000,4045,10951,2192
"2019-07-01",141000,42900,3960,10509,2156
"2019-07-02",137000,42950,3800,10853,2156
"2019-07-03",136000,41650,3780,10509,2209
"2019-07-04",139000,42650,3800,10558,2201
"2019-07-05",141500,43400,3790,10509,2168
"2019-07-08",138500,43250,3690,10263,2079
"2019-07-09",137500,43350,3635,10263,2022
"2019-07-10",137000,42950,3610,10313,2030
"2019-07-11",139000,42850,3700,10214,2010
"2019-07-12",139500,43000,3825,10165,2030
"2019-07-15",138000,42900,3715,9694,2026
"2019-07-16",133000,42100,3695,9753,2026
"2019-07-17",133500,42650,3630,9389,2010
"2019-07-18",134000,43100,3575,9871,2006
"2019-07-19",134500,43300,3665,9723,2030
"2019-07-22",133000,42850,3625,10165,2115
"2019-07-23",132000,42600,3655,9684,2140
"2019-07-24",132500,43900,3695,9458,2217
"2019-07-25",131500,43400,3700,9203,2176
"2019-07-26",130500,43600,3640,8800,2152
"2019-07-29",128000,42850,3350,8702,2221
"2019-07-30",128000,43850,3440,8869,2209
"2019-07-31",126500,43750,3330,8751,2095
"2019-08-01",125500,42850,3465,8918,2152
"2019-08-02",127500,42800,3455,8967,2132
"2019-08-05",127500,43300,3275,8525,2046
"2019-08-06",126000,41650,3075,8152,2062
"2019-08-07",127000,42050,3000,8338,2054
"2019-08-08",130000,43050,3155,8564,2050
"2019-08-09",132500,43450,3135,8348,2038
"2019-08-12",131000,43750,3110,8358,2014
"2019-08-13",129000,43750,3045,8358,2022
"2019-08-14",127500,43650,3070,8427,2030
"2019-08-16",128000,43600,2960,7828,2067
"2019-08-19",128000,43500,3075,8446,2107
"2019-08-20",126500,42950,3120,8535,2087
"2019-08-21",125500,42700,3130,8604,2083
"2019-08-22",124000,41950,3080,8594,2046
"2019-08-23",126000,42350,3030,8702,2030
"2019-08-26",124500,42100,2945,8437,1993
"2019-08-27",125000,41800,2950,8623,1989
"2019-08-28",127500,42850,3080,8967,1993
"2019-08-29",126500,43450,3030,8849,1989
"2019-08-30",128500,43700,3070,8977,2002
"2019-09-02",131000,43900,3110,8898,2022
"2019-09-03",128500,43950,3150,8653,2010
"2019-09-04",128500,43700,3120,8672,2014
"2019-09-05",128000,43500,3070,8466,2010
"2019-09-06",127500,43650,3005,8122,1989
"2019-09-09",127000,43100,3035,8034,1985
"2019-09-10",128000,43200,3085,7867,1981
"2019-09-11",129000,44100,3145,7739,1998
"2019-09-16",128000,43850,3190,7091,2014
"2019-09-17",126000,44000,3140,7386,2018
"2019-09-18",127500,43850,3145,7906,2046
"2019-09-19",129000,43550,3105,7749,2058
"2019-09-20",129500,44000,3090,7896,2058
"2019-09-23",133000,46400,3100,7602,2042
"2019-09-24",134000,46050,3100,7563,2058
"2019-09-25",134500,45850,3070,7356,2034
"2019-09-26",133000,44900,2970,7297,2030
"2019-09-27",133500,45350,2910,7651,2030
"2019-09-30",134000,45600,2870,7661,2046
"2019-10-01",132500,45050,2915,7563,2050
"2019-10-02",128500,44300,2830,7435,2058
"2019-10-04",126500,42750,2785,7199,2054
"2019-10-07",128000,42850,2695,7268,2038
"2019-10-08",129500,43750,2720,7513,2046
"2019-10-10",126500,42300,2695,7464,2038
"2019-10-11",126000,41950,2695,7641,2046
"2019-10-14",122000,40800,2805,7700,2042
"2019-10-15",122000,40550,2770,7690,2046
"2019-10-16",123000,41400,2775,7651,2054
"2019-10-17",123000,40650,2790,7759,2042
"2019-10-18",123000,40600,2655,8083,2058
"2019-10-21",122000,40400,2525,7867,2050
"2019-10-22",122000,40600,2475,7896,2030
"2019-10-23",121000,40550,2330,8063,2022
"2019-10-24",122000,41400,2370,7995,2018
"2019-10-25",123500,41650,2330,8466,1998
"2019-10-28",121500,41100,2390,8289,2002
"2019-10-29",122500,42700,2330,8388,2018
"2019-10-30",122500,42300,2280,8063,2022
"2019-10-31",122000,42550,2290,7936,2018
"2019-11-01",124000,42500,2300,8152,2022
"2019-11-04",124000,42500,2325,7867,2002
"2019-11-05",125000,42800,2365,7641,2006
"2019-11-06",123500,42700,2380,7710,2002
"2019-11-07",123500,43250,2370,7700,2006
"2019-11-08",124000,43100,2385,7641,2002
"2019-11-11",123500,42950,2400,7798,1985
"2019-11-12",125500,43700,2385,7779,1937
"2019-11-13",124500,42800,2350,7729,1953
"2019-11-14",124500,43500,2390,7955,1961
"2019-11-15",125500,43600,2390,7867,1949
"2019-11-18",126000,43700,2355,7808,1949
"2019-11-19",125000,43500,2250,7926,1949
"2019-11-20",124500,43750,2205,7720,1908
"2019-11-21",124500,43700,2245,7346,1847
"2019-11-22",123500,44200,2230,7258,1847
"2019-11-25",125000,44700,2295,7435,1807
"2019-11-26",122500,43950,2270,7563,1864
"2019-11-27",123500,44100,2230,7602,1896
"2019-11-28",124000,44550,2155,7641,1884
"2019-11-29",121000,43250,2125,7563,1320
"2019-12-02",121500,42650,2095,7366,1214
"2019-12-03",121500,43000,2105,7474,1238
"2019-12-04",122000,42950,2050,7248,1190
"2019-12-05",118000,43750,1930,7140,1121
"2019-12-06",118500,43800,1905,7425,1129
"2019-12-09",119500,43350,1855,7337,1121
"2019-12-10",120000,44050,1810,7356,1096
"2019-12-11",119000,44250,1825,7386,1112
"2019-12-12",120000,45000,1875,7582,1145
"2019-12-13",121000,44450,1995,7523,1194
"2019-12-16",119000,44450,2145,7523,1198
"2019-12-17",122000,44650,2060,7454,1186
"2019-12-18",123000,45250,1935,7474,1141
"2019-12-19",123500,44700,2015,7219,1169
"2019-12-20",124000,44700,2025,7199,1149
"2019-12-23",122500,44750,2145,7130,1112
"2019-12-24",122000,44700,2030,7140,1080
"2019-12-26",122500,45100,2020,7130,1096
"2019-12-27",120500,44350,2085,7346,1108
"2019-12-30",120500,44300,2075,7543,1133
"2020-01-02",118000,42500,2080,7661,1145
"2020-01-03",116000,42000,2055,7641,1133
"2020-01-06",116000,41900,2005,7484,1108
"2020-01-07",115500,42050,2005,7474,1076
"2020-01-08",112000,41300,1890,7140,1060
"2020-01-09",111500,40750,1935,7160,1088
"2020-01-10",113500,40400,1910,7327,1133
"2020-01-13",115000,40450,1925,7307,1149
"2020-01-14",116000,41150,1950,7317,1149
"2020-01-15",115000,41200,2065,8024,1129
"2020-01-16",118500,41150,2205,8083,1096
"2020-01-17",118500,41400,2180,8388,1096
"2020-01-20",118000,41600,2100,8417,1072
"2020-01-21",117000,41600,2135,8348,1076
"2020-01-22",127000,42600,2145,8338,1080
"2020-01-23",130500,43400,2120,8240,1112
"2020-01-28",131000,42700,2025,7946,1080
"2020-01-29",131000,42550,2055,8152,1072
"2020-01-30",127500,41950,1995,7867,1031
"2020-01-31",125000,40900,1950,7877,983
"2020-02-03",123500,40100,1900,8044,1015
"2020-02-04",124000,40250,1895,8181,1015
"2020-02-05",124000,39400,1845,8063,1015
"2020-02-06",132000,41300,1905,7995,1015
"2020-02-07",131000,40500,1890,7788,1015
"2020-02-10",130000,40650,1895,7985,1015
"2020-02-11",132500,41350,1930,7975,1015
"2020-02-12",136000,41650,2065,8240,1015
"2020-02-13",133000,41250,1990,8024,1015
"2020-02-14",133500,41650,2010,8574,1015
"2020-02-17",135500,41450,2005,8181,1015
"2020-02-18",132500,41350,1980,7985,1015
"2020-02-19",131500,41300,1980,7867,925
"2020-02-20",130000,40550,1930,8054,790
"2020-02-21",128000,40050,1885,7759,719
"2020-02-24",122500,38600,1830,7346,656
"2020-02-25",122500,38150,1865,7356,705
"2020-02-26",122500,38150,1920,7346,683
"2020-02-27",121000,37700,1880,7003,665
"2020-02-28",115000,36250,1840,6482,636
"2020-03-02",113500,34500,1880,6629,660
"2020-03-03",112500,34900,1890,6806,650
"2020-03-04",113000,35750,1870,7101,670
"2020-03-05",114000,35900,1870,7209,670
"2020-03-06",110500,34650,1870,7081,656
"2020-03-09",104000,33000,1800,6531,616
"2020-03-10",102000,31950,1765,6738,626
"2020-03-11",100000,31800,1710,6345,605
"2020-03-12",95000,30500,1575,5746,579
"2020-03-13",87200,28850,1550,5421,752
"2020-03-16",82900,27100,1545,5186,633
"2020-03-17",80100,25350,1465,5588,590
"2020-03-18",73500,25300,1365,5451,549
"2020-03-19",65900,22550,1130,4479,441
"2020-03-20",71100,24150,1220,4837,481
"2020-03-23",68900,21500,1125,4459,457
"2020-03-24",74800,23100,1210,4842,487
"2020-03-25",84500,25150,1315,5412,547
"2020-03-26",84900,25050,1330,5500,587
"2020-03-27",86400,25500,1365,5471,594
"2020-03-30",85400,24950,1365,5677,596
"2020-03-31",88700,26000,1420,5795,599
"2020-04-01",85400,25550,1425,5775,600
"2020-04-02",86600,25800,1440,5854,640
"2020-04-03",86300,25400,1475,6050,710
"2020-04-06",88800,26800,1425,6315,722
"2020-04-07",90400,28250,1460,6551,738
"2020-04-08",90000,28250,1405,6590,835
"2020-04-09",97100,30150,1390,6590,851
"2020-04-10",99700,31000,1380,6610,826
"2020-04-13",97800,29500,1425,6296,780
"2020-04-14",100000,29850,1400,6374,804
"2020-04-16",99100,29000,1400,6423,800
"2020-04-17",100500,29900,1520,6649,803
"2020-04-20",97600,29350,1615,6580,826
"2020-04-21",93500,28850,1555,6335,807
"2020-04-22",92600,28400,1590,6649,794
"2020-04-23",92400,28800,1600,6688,832
"2020-04-24",90100,27700,1570,6521,774
"2020-04-27",91600,28600,1565,6551,797
"2020-04-28",93200,29250,1555,6610,792
"2020-04-29",93600,29650,1560,6610,800
"2020-05-04",91500,28700,1515,6600,821
"2020-05-06",93200,29150,1515,6796,829
"2020-05-07",92600,29000,1515,6993,813
"2020-05-08",94500,30500,1560,7013,808
"2020-05-11",93700,30550,1525,6934,792
"2020-05-12",91900,29700,1495,6767,768
"2020-05-13",93100,29700,1485,6610,782
"2020-05-14",92300,28700,1455,6335,817
"2020-05-15",92300,29100,1465,6246,814
"2020-05-18",91900,29350,1310,6384,906
"2020-05-19",99100,31700,1420,7062,909
"2020-05-20",97300,30850,1490,6973,984
"2020-05-21",97200,30600,1465,7288,1035
"2020-05-22",94500,30100,1440,7484,750
"2020-05-25",96000,30400,1465,7749,777
"2020-05-26",97800,31500,1525,7710,776
"2020-05-27",98100,31950,1635,7553,763
"2020-05-28",97200,32100,1695,7229,735
"2020-05-29",98000,34250,1620,7268,713
"2020-06-01",100000,34600,1625,7317,724
"2020-06-02",102500,36500,1635,7710,734
"2020-06-03",108500,36800,1655,7513,747
"2020-06-04",108500,36000,1740,7572,752
"2020-06-05",111000,36550,1925,7474,754
"2020-06-08",113000,37450,2290,7337,760
"2020-06-09",112000,36700,2470,7288,755
"2020-06-10",111500,36100,2365,7248,747
"2020-06-11",108500,35700,2225,6993,736
"2020-06-12",103500,35000,2100,6865,703
"2020-06-15",97000,32200,1975,6286,634
"2020-06-16",101500,34250,2070,6571,693
"2020-06-17",100500,33250,1990,6561,685
"2020-06-18",100000,33400,2285,6679,675
"2020-06-19",100000,33050,2970,6629,681
"2020-06-22",98500,32500,3860,6571,645
"2020-06-23",98700,32250,5010,6551,647
"2020-06-24",103000,33750,3685,6512,639
"2020-06-25",99400,32550,3370,6305,627
"2020-06-26",100000,33050,3720,6296,626
"2020-06-29",97700,32100,3605,6138,606
"2020-06-30",97700,32050,3220,6188,668
"2020-07-01",98200,32200,3285,6079,627
"2020-07-02",99000,32200,3305,6374,661
"2020-07-03",99200,32150,3325,6512,685
"2020-07-06",101500,32950,3425,6404,700
"2020-07-07",99200,32200,4125,6237,720
"2020-07-08",99600,32850,3960,6354,716
"2020-07-09",99600,32500,4015,6266,707
"2020-07-10",98300,32050,3905,6217,761
"2020-07-13",101500,33800,3830,6158,782
"2020-07-14",101500,34000,3740,6168,769
"2020-07-15",109000,35200,3905,6315,795
"2020-07-16",110000,35300,3990,6472,798
"2020-07-17",117500,36800,4015,6502,796
"2020-07-20",121500,38000,3910,6463,783
"2020-07-21",121500,36700,3930,6374,763
"2020-07-22",118500,35800,4035,6315,750
"2020-07-23",124500,36700,3960,6315,750
"2020-07-24",122500,36900,3920,6227,731
"2020-07-27",123500,37700,3870,6384,738
"2020-07-28",123000,37700,3800,6384,724
"2020-07-29",125000,39650,3850,6472,724
"2020-07-30",127500,40700,3740,6571,716
"2020-07-31",126500,40400,3685,6580,712
"2020-08-03",127000,39700,3545,6413,686
"2020-08-04",132500,41150,3605,6777,702
"2020-08-05",134000,41100,3610,6728,729
"2020-08-06",144500,42150,3640,6688,760
"2020-08-07",147000,42250,3700,6777,744
"2020-08-10",170000,46350,3845,6728,718
"2020-08-11",179000,47200,3925,6639,702
"2020-08-12",172000,45250,3665,7003,719
"2020-08-13",170000,44900,3535,7150,707
"2020-08-14",167000,44400,3530,6993,706
"2020-08-18",158000,42700,3530,6482,688
"2020-08-19",164500,42300,3135,6443,690
"2020-08-20",155000,40250,3350,6158,671
"2020-08-21",156000,40750,3580,6315,671
"2020-08-24",161500,41550,3750,6394,679
"2020-08-25",166000,43000,3740,6649,705
"2020-08-26",167500,43200,3685,6551,703
"2020-08-27",163500,42200,3605,6482,673
"2020-08-28",172000,42750,3635,6472,686
"2020-08-31",176500,42450,3610,6404,705
"2020-09-01",180000,43150,3635,6394,735
"2020-09-02",176000,42200,3650,6413,923
"2020-09-03",176500,42700,3675,6472,894
"2020-09-04",172500,42150,3760,6374,950
"2020-09-07",170000,42300,3780,6433,980
"2020-09-08",168000,42300,3835,6354,932
"2020-09-09",167500,42100,3785,6354,741
"2020-09-10",169000,42150,4255,6394,875
"2020-09-11",171500,42300,4330,6404,840
"2020-09-14",180000,44400,5620,6463,860
"2020-09-15",179000,44650,4985,6521,833
"2020-09-16",183500,46750,4630,6531,817
"2020-09-17",184000,48500,4700,6335,812
"2020-09-18",181000,47800,4595,6227,796
"2020-09-21",185000,48450,4410,6021,775
"2020-09-22",179500,46300,4140,5726,729
"2020-09-23",179500,46000,4275,5569,711
"2020-09-24",171500,44550,4010,5421,777
"2020-09-25",170000,44000,3890,5696,771
"2020-09-28",175500,45500,3855,5765,743
"2020-09-29",178500,46900,4050,5755,767
"2020-10-05",187000,50500,3995,5765,829
"2020-10-06",182500,50600,4005,5667,810
"2020-10-07",183000,50300,4060,5795,860
"2020-10-08",180500,50900,4035,5824,863
"2020-10-12",180000,49700,3985,5775,863
"2020-10-13",179000,50300,4225,5755,850
"2020-10-14",178000,49150,4280,5667,874
"2020-10-15",176000,48900,4185,5598,911
"2020-10-16",172000,47150,4500,5500,884
"2020-10-19",168000,46700,4530,5480,1070
"2020-10-20",167500,46850,4340,5363,1095
"2020-10-21",165500,45450,4240,5471,1010
"2020-10-22",162500,45200,4270,5412,940
"2020-10-23",167000,46250,4195,5510,930
"2020-10-26",171500,47950,4150,5696,929
"2020-10-27",172500,52900,4230,5726,923
"2020-10-28",173500,53800,4330,5638,950
"2020-10-29",170000,53000,4285,5579,938
"2020-10-30",164500,50500,4395,5461,945
"2020-11-02",170500,51500,4350,5520,968
"2020-11-03",170500,51000,4355,5549,1005
"2020-11-04",171500,51500,4240,5579,981
"2020-11-05",175000,52200,4260,5618,976
"2020-11-06",170500,51600,4200,5510,969
"2020-11-09",172500,52300,4145,5529,976
"2020-11-10",173500,54500,4075,5726,1005
"2020-11-11",175500,58100,4040,6217,1075
"2020-11-12",174000,59000,3995,5952,1150
"2020-11-13",177500,59200,3820,5942,1070
"2020-11-16",179000,59700,3955,6060,1040
"2020-11-17",182500,58500,3925,6060,1050
"2020-11-18",179500,58200,3910,6060,1035
"2020-11-19",180000,58800,3860,6011,1020
"2020-11-20",177000,58100,3890,6011,1030
"2020-11-23",179000,59300,3880,5991,1050
"2020-11-24",181000,59800,3865,5952,1135
"2020-11-25",179500,59000,3840,6050,1175
"2020-11-26",179000,58400,3830,6011,1250
"2020-11-27",181000,58700,3855,6040,1285
"2020-11-30",181500,57800,3865,5981,1380
"2020-12-01",183500,59800,3845,6129,1310
"2020-12-02",182500,60800,3945,6197,1335
"2020-12-03",196500,64700,3895,6384,1335
"2020-12-04",196500,65400,3865,6600,1430
"2020-12-07",193500,64600,3760,6571,1340
"2020-12-08",186500,63100,3755,6777,1235
"2020-12-09",191500,63700,3750,6777,1245
"2020-12-10",191500,63800,3750,6934,1240
"2020-12-11",190000,63700,3825,6914,1225
"2020-12-14",189000,63200,3755,6963,1245
"2020-12-15",188500,62000,3585,7170,1210
"2020-12-16",190000,62500,3215,7170,1180
"2020-12-17",190500,62000,3610,7278,1145
"2020-12-18",189000,62200,3430,7356,1225
"2020-12-21",187000,61300,2770,7346,1215
"2020-12-22",184000,59800,2770,7130,1120
"2020-12-23",185000,61400,2770,7042,1115
"2020-12-24",187000,61700,2770,7366,1085
"2020-12-28",189500,62800,2770,7700,1035
"2020-12-29",190500,62300,2770,7450,1075
"2020-12-30",192000,62400,2770,7410,1135
"2021-01-04",207500,64000,2770,7160,1150
"2021-01-05",209500,63700,2770,6790,1125
"2021-01-06",203000,62200,2770,6820,1105
"2021-01-07",206000,63000,2770,7000,1120
"2021-01-08",246000,68300,2770,6860,1115
"2021-01-11",267500,70100,2770,6700,1070
"2021-01-12",261000,70200,2770,6700,1040
"2021-01-13",259000,72200,2770,6670,1100
"2021-01-14",250500,73800,2770,6700,1070
"2021-01-15",240000,71100,2770,6630,1055
"2021-01-18",241000,71500,2770,6540,1030
"2021-01-19",261500,83400,2770,6580,1040
"2021-01-20",259000,87600,2770,6620,1025
"2021-01-21",264500,91100,2770,6830,1020
"2021-01-22",257000,87800,2770,6800,1030
