"","064350","056190","045390","095570","065710","003100","058730","221840","004140","045340","038620","139050"
"2016-01-25",12250,26150,1345,8420,9360,18200,4579,12050,1878,2210,1692,2760
"2016-01-26",12250,25750,1350,8380,9400,17900,4421,10800,1882,2175,1656,2820
"2016-01-27",12350,25850,1355,8440,9410,18200,4431,11200,1878,2185,1634,2820
"2016-01-28",12200,25900,1380,8510,9490,18200,4426,11650,1895,2200,1661,2820
"2016-01-29",12150,26500,1380,8420,9460,18200,4445,12000,1887,2155,1630,2775
"2016-02-01",12100,26750,1370,8350,9460,18600,4560,11900,1895,2235,1477,2700
"2016-02-02",11950,25800,1345,8330,9610,18450,4541,12200,1878,2210,1560,2580
"2016-02-03",12100,26000,1370,8220,11150,18250,4546,11800,1851,2215,1511,2560
"2016-02-04",13100,26100,1380,8130,10600,18450,4646,11800,1873,2255,1538,2750
"2016-02-05",13250,25900,1385,7980,10350,18400,4627,11450,1891,2250,1573,2740
"2016-02-11",12950,25700,1300,7880,9830,17650,4421,10500,1864,2120,1568,2650
"2016-02-12",12800,25650,1220,7510,8910,17150,4316,9500,1869,1965,1494,2450
"2016-02-15",13300,26400,1250,7630,9090,17300,4115,9590,2050,1975,1590,2515
"2016-02-16",13300,26950,1285,7640,9470,17750,4182,10100,2067,2070,1630,2600
"2016-02-17",13400,27700,1290,7380,9650,17450,4211,10150,2089,2100,1634,2540
"2016-02-18",13150,29900,1315,7620,10000,17950,4211,10100,2125,2080,1582,2615
"2016-02-19",13050,30800,1310,6860,9800,18000,4240,9980,2133,2095,1573,2640
"2016-02-22",13300,30900,1305,6860,9710,17850,4594,10150,2129,2150,1608,2700
"2016-02-23",13300,30700,1325,7400,9770,17650,4570,9980,2147,2330,1577,2780
"2016-02-24",13550,30950,1315,7400,9950,17700,4661,10100,2151,2570,1546,2790
"2016-02-25",13550,31100,1315,7040,9940,17750,4728,10050,2023,2560,1573,2770
"2016-02-26",14300,31700,1315,7290,9740,17750,4728,9870,2036,2940,1555,2815
"2016-02-29",14750,31850,1345,7000,9850,17850,4752,9870,2098,2750,1467,2785
"2016-03-02",15100,31200,1360,7730,9980,17700,4785,9750,2111,2640,1450,2950
"2016-03-03",15800,30350,1365,8090,10000,17700,4650,9510,2125,2545,1397,2835
"2016-03-04",15850,31150,1360,8430,10000,18350,4685,9630,2111,2585,1411,2820
"2016-03-07",15700,30250,1350,8250,10450,18750,4600,9520,2116,2430,1406,2820
"2016-03-08",15850,30250,1345,8140,10600,18750,4530,9370,2116,2505,1423,2795
"2016-03-09",15750,30450,1335,8360,10350,18750,4490,9190,2116,2500,1397,2815
"2016-03-10",16000,30750,1345,8450,9990,18450,4530,9250,2107,2535,1345,2785
"2016-03-11",15950,30750,1340,8540,9980,18450,4670,9030,2063,2535,1353,2910
"2016-03-14",15900,30400,1340,8310,10000,18500,4560,9000,2067,2595,1362,2870
"2016-03-15",16400,30400,1335,8190,10300,18600,4525,9300,2067,2600,1349,2880
"2016-03-16",16750,30650,1330,8340,10250,18800,4610,9180,2058,2530,1379,2840
"2016-03-17",16550,30750,1330,8330,10200,18750,4595,9550,2098,2570,1389,2875
"2016-03-18",16450,30300,1340,8200,10100,18600,4585,10400,2098,2560,1384,2965
"2016-03-21",16000,30500,1370,8290,10100,18600,4560,10400,2173,2660,1371,3035
"2016-03-22",16450,31250,1375,8120,10300,18500,4570,10150,2204,2705,1353,2935
"2016-03-23",16500,30450,1355,7950,10350,18800,4590,9830,2186,2610,1393,3110
"2016-03-24",16350,30700,1355,7930,10500,19150,4575,9620,2222,2490,1445,3120
"2016-03-25",16200,29400,1350,7880,10400,19150,4565,9870,2230,2585,1415,3240
"2016-03-28",16200,29900,1350,8050,10300,18500,4600,9630,2142,2545,1379,3145
"2016-03-29",16250,30650,1370,8150,10600,18500,5100,9700,2138,2545,1371,3090
"2016-03-30",17000,30700,1370,8300,10800,18700,5100,9470,2182,2560,1379,3050
"2016-03-31",17350,30350,1380,8300,11400,18550,4995,9390,2186,2575,1379,2995
"2016-04-01",17150,29700,1355,8080,11050,18550,4900,9400,2182,2655,1389,2870
"2016-04-04",16800,28900,1370,8180,11600,18650,4835,9390,2191,2740,1379,2920
"2016-04-05",16900,29100,1380,8100,11400,18600,4935,9400,2208,2830,1423,2930
"2016-04-06",16650,29500,1375,7900,11500,18600,4820,9330,2204,2720,1494,2905
"2016-04-07",16600,29300,1370,7900,11550,18600,4725,9260,2204,2640,1480,2890
"2016-04-08",16650,29200,1370,8020,11550,18500,4740,9180,2208,2645,1455,3050
"2016-04-11",17000,28300,1380,7910,10950,18350,4835,9230,2226,2700,1463,3030
"2016-04-12",17400,28950,1375,7880,11250,18350,4800,9300,2217,2705,1467,3050
"2016-04-14",17700,28500,1370,7710,11300,18550,4735,9770,2195,2690,1445,3025
"2016-04-15",18200,27700,1400,7800,11250,18800,4760,10200,2345,2680,1489,2950
"2016-04-18",18100,28050,1420,7580,10900,18850,4810,10150,2314,2710,1524,3130
"2016-04-19",18250,28900,1430,7570,11150,19300,4835,10300,2327,2675,1521,4065
"2016-04-20",17650,28900,1425,7620,11150,19050,4835,10350,2517,2605,1582,3925
"2016-04-21",17700,28500,1450,7670,11250,19050,4895,10100,2627,2705,1599,4075
"2016-04-22",17400,27850,1445,7680,11200,18900,4940,10400,2680,2725,1832,3925
"2016-04-25",17250,27400,1455,7700,11150,19150,4915,10350,2583,2745,1872,3600
"2016-04-26",18000,27450,1420,7560,11000,19100,4895,10200,2424,2860,1784,3560
"2016-04-27",18000,29200,1420,7640,12800,18850,4780,10200,2385,2915,1718,3550
"2016-04-28",18300,28900,1430,8000,12550,18800,4760,9990,2468,3040,1700,3610
"2016-04-29",17950,28500,1415,8060,12800,18000,4845,10000,2451,2940,1661,3445
"2016-05-02",17750,27700,1495,7760,12300,18050,4780,9960,2385,2965,1665,3400
"2016-05-03",18150,27550,1645,7700,11800,18150,4815,10600,2442,3095,1753,3465
"2016-05-04",17450,26850,1500,7540,11550,17950,4740,10800,2266,3025,1731,3445
"2016-05-09",17100,26150,1445,7240,11500,17700,4700,11250,2199,2840,1661,3280
"2016-05-10",17050,26350,1450,7290,11600,18150,4780,11000,2230,2795,1652,3385
"2016-05-11",16450,26850,1430,7200,11550,18200,4890,10700,2248,2795,1762,3390
"2016-05-12",16400,26850,1440,7380,11750,18250,4930,10700,2244,2815,1753,3400
"2016-05-13",16700,28150,1415,7380,11800,18250,4900,10450,2248,2850,1687,3385
"2016-05-16",16750,28150,1420,7300,11750,18250,4915,9990,2169,2965,1665,3440
"2016-05-17",16500,29000,1425,7580,11250,18200,4915,9970,2199,2900,1670,3520
"2016-05-18",16500,28750,1410,7260,11000,18000,4840,9530,2120,2730,1639,3430
"2016-05-19",16250,28400,1385,7310,11050,18000,4855,9430,2094,2685,1639,3360
"2016-05-20",16800,28200,1405,7250,12750,18050,4905,9710,2089,2690,1643,3320
"2016-05-23",16950,28100,1430,7240,12800,18100,5090,9390,2160,2690,1604,3325
"2016-05-24",16900,28200,1405,7140,12300,18000,5100,9150,2107,2720,1543,3070
"2016-05-25",17100,28450,1430,6910,13000,18150,5110,9150,2080,2780,1477,3110
"2016-05-26",17250,28050,1455,6960,13550,17950,5140,9250,2173,2700,1467,3290
"2016-05-27",17100,27950,1460,6960,14100,18050,5170,9550,2376,2700,1485,3245
"2016-05-30",17100,27950,1445,6860,13150,18200,5060,9570,2442,2655,1499,3115
"2016-05-31",17450,28450,1455,7000,13500,18150,5130,9570,2521,2750,1477,3140
"2016-06-01",17150,28250,1465,6820,13850,18250,5410,9300,2468,2770,1529,3080
"2016-06-02",17000,27950,1505,6780,13300,18300,5320,9300,2380,2755,1502,3080
"2016-06-03",17350,28800,1505,6880,13200,18250,5380,10000,2336,2795,1450,2440
"2016-06-07",17250,28700,1530,6850,13400,18050,5340,10300,2305,2785,1441,2470
"2016-06-08",17650,28350,1525,6970,13950,18000,5260,10250,2420,2655,1441,2280
"2016-06-09",18000,28250,1475,6900,14450,18000,5240,10250,2385,2710,1441,2410
"2016-06-10",18000,27400,1500,6860,14500,18100,5300,10650,2314,2800,1450,2390
"2016-06-13",18000,26450,1495,6830,12050,17950,5200,10550,2327,2770,1415,2340
"2016-06-14",17850,26000,1555,7200,11650,17800,5130,10500,2424,2730,1362,2290
"2016-06-15",17200,26450,1520,7160,11750,17850,5190,11000,2433,2740,1353,2335
"2016-06-16",17100,25250,1470,7130,11250,17750,5080,11450,2345,2710,1353,2240
"2016-06-17",17200,24800,1600,7000,11250,17850,5250,11700,2526,2640,1335,2225
"2016-06-20",18350,24750,2080,7070,11250,18000,5360,11500,2530,2620,1362,2290
"2016-06-21",18300,25000,2100,7050,11750,18100,5380,11650,2438,2670,1335,2280
"2016-06-22",18150,25550,2525,6990,11850,18150,5380,12000,2433,2690,1371,2305
"2016-06-23",18350,25550,2245,6970,11400,17950,5180,12100,2530,2620,1441,2240
"2016-06-24",17400,24500,2100,6800,10950,17050,4990,11300,2244,2490,1313,2045
"2016-06-27",17900,24075,2250,6670,11150,17100,5020,11250,2226,2475,1327,2060
"2016-06-28",18050,24350,2500,6680,11650,17500,5080,11600,2208,2490,1397,2150
"2016-06-29",18250,25250,2370,6800,12150,18000,5110,12150,2248,2550,1393,2340
"2016-06-30",17850,24875,2325,6940,12150,18000,5190,11700,2257,2670,1375,2320
"2016-07-01",18100,26050,2245,6920,12000,18000,5220,11900,2380,2745,1375,2435
"2016-07-04",18300,25450,2270,6890,11750,18050,5270,12050,2363,2745,1393,2480
"2016-07-05",18600,25000,2235,6940,12200,18000,5250,12800,2433,2760,1379,2400
"2016-07-06",18350,24900,2320,6840,11850,17900,5160,13100,2349,2730,1367,2435
"2016-07-07",18150,25450,2230,6910,11850,18000,5110,13500,2380,2795,1367,2445
"2016-07-08",18350,26800,2245,6930,11650,18000,5150,13550,2354,2810,1411,2455
"2016-07-11",18450,27050,2260,7060,11700,18000,5160,13100,2424,2825,1445,2515
"2016-07-12",18400,26950,2345,7150,11800,18300,5170,13100,2473,2825,1419,2530
"2016-07-13",18450,27850,2250,7220,11750,18350,5180,13000,2477,2935,1433,2750
"2016-07-14",18500,29250,2265,7220,11650,18250,5190,13750,2477,3005,1445,2930
"2016-07-15",18500,28600,2105,7230,12050,18300,5270,13450,2446,3905,1428,2875
"2016-07-18",18900,28600,2080,7240,12200,18350,5270,13550,2512,4595,1415,2800
"2016-07-19",19800,28850,2130,7480,11950,18450,5210,13400,2464,4075,1411,2865
"2016-07-20",19700,28750,2060,7740,11900,18500,5210,13200,2438,3790,1379,2740
"2016-07-21",20400,28950,2110,7600,12100,18650,5160,13000,2415,3660,1375,2695
"2016-07-22",20350,29100,2020,7600,12300,18650,5160,13050,2411,3705,1367,2740
"2016-07-25",20100,28650,2020,7470,12400,18700,5240,12600,2455,3670,1406,2700
"2016-07-26",20200,28400,2010,7400,12300,18700,5230,12500,2508,3465,1379,2670
"2016-07-27",21400,28450,2025,7060,12200,18650,5190,12250,2460,3570,1357,2675
"2016-07-28",21500,28500,1980,7350,12300,18900,5180,12900,2579,3745,1340,2670
"2016-07-29",21300,30200,1985,7290,12300,18650,5160,12550,2557,3670,1357,2670
"2016-08-01",20250,30950,2035,7190,12250,18700,5160,12250,2451,3620,1393,2665
"2016-08-02",20400,31450,2000,7410,12400,18600,5150,12300,2473,3430,1379,2755
"2016-08-03",20500,31200,1940,7750,12450,18550,5150,11750,2363,3350,1367,2720
"2016-08-04",20700,30850,1970,7870,12950,18700,5170,12000,2345,3450,1379,2750
"2016-08-05",21500,30400,1975,7890,12900,18750,5210,11550,2380,3250,1335,2720
"2016-08-08",21200,29850,1980,7810,12950,18700,5260,11750,2354,3430,1313,2750
"2016-08-09",22050,29800,2040,7830,12550,18800,5260,11500,2363,3350,1335,2820
"2016-08-10",22100,29950,2050,7660,12500,18650,5340,11200,2389,3515,1318,2960
"2016-08-11",22750,29150,2080,7580,12200,18550,5470,11300,2336,3420,1318,2815
"2016-08-12",22850,29400,2050,7640,12600,18500,5460,11800,2398,3360,1437,2805
"2016-08-16",23050,29500,2060,7450,12650,18500,5450,11500,2367,3230,1428,2680
"2016-08-17",22500,29800,2015,7440,12350,18500,5380,11150,2534,3275,1499,2805
"2016-08-18",23850,29600,2140,7310,12250,18700,5480,10950,2623,3240,1472,2715
"2016-08-19",23850,29500,2095,7360,12300,18800,5520,11600,2645,3160,1437,2785
"2016-08-22",24000,29300,2050,7340,12300,18650,5540,11650,2539,3245,1437,2785
"2016-08-23",23450,28600,2170,7420,12250,18550,5460,11450,2257,3310,1415,2675
"2016-08-24",23950,28500,2150,7310,12300,18550,5800,11250,2283,3280,1389,2660
"2016-08-25",23800,27850,2175,7150,12250,18600,5720,11200,2244,3750,1371,2695
"2016-08-26",23150,28600,2260,6880,12100,18550,5630,10950,2235,3600,1389,2645
"2016-08-29",23000,27400,2175,6740,11900,18250,5530,10550,2208,3160,1309,2450
"2016-08-30",23050,27800,2145,6610,12150,18450,5520,10800,2217,3040,1318,2445
"2016-08-31",23950,26650,2120,6420,12350,18200,5520,10600,2213,2995,1327,2380
"2016-09-01",23750,27250,2210,6610,12250,18400,5510,10700,2318,3000,1313,2385
"2016-09-02",23300,27350,2175,6420,12200,18300,5540,11150,2407,2990,1335,2435
"2016-09-05",23600,27500,2005,6240,12500,18600,5640,10950,2407,3115,1327,2485
"2016-09-06",23300,27000,1960,6330,12550,18350,5700,10600,2407,3040,1384,2470
"2016-09-07",22300,26300,1940,6280,12350,18250,5630,10300,2486,3170,1349,2485
"2016-09-08",22600,25500,1840,6260,11700,18250,5620,10350,2398,3020,1313,2490
"2016-09-09",21950,25600,1830,6130,11700,18350,5590,10150,2380,3085,1340,2545
"2016-09-12",21150,24950,1850,6130,11400,18150,5530,9910,2345,2930,1305,2660
"2016-09-13",21250,25100,1845,6160,11800,18250,5650,10050,2402,3105,1305,2665
"2016-09-19",20600,25800,1935,6240,11900,18550,5720,10000,2402,3230,1345,2670
"2016-09-20",20250,25700,1945,6380,12100,18550,5740,10300,2393,3210,1345,2720
"2016-09-21",20100,26400,1960,6300,12100,18600,5900,10050,2358,3190,1349,2895
"2016-09-22",20050,27500,1965,6390,12100,18450,5920,10200,2433,3345,1353,2850
"2016-09-23",20300,27750,1940,6390,12200,18500,5930,10700,2605,3350,1367,2875
"2016-09-26",19950,26850,1920,6930,12200,18750,5990,10550,2600,3430,1357,2835
"2016-09-27",20550,27550,1930,6560,12150,19350,6020,10350,2715,3280,1357,2695
"2016-09-28",20350,27500,2025,6230,11900,19450,6030,10500,2695,3125,1357,2705
"2016-09-29",20950,27450,2005,6170,11950,19250,5960,10300,2680,3175,1384,2740
"2016-09-30",20600,26950,1970,6160,11800,19050,5990,10150,2650,3175,1371,2695
"2016-10-04",21100,27500,1980,6320,11950,19050,5950,10100,2670,3360,1411,2740
"2016-10-05",20950,27350,1990,6300,12350,19000,5920,10300,2700,3325,1423,2825
"2016-10-06",20950,27150,1965,6420,12400,19000,5900,10100,2715,3360,1419,3060
"2016-10-07",21050,27100,1960,6700,12500,18850,5950,10050,2680,3400,1419,3075
"2016-10-10",21450,26500,1955,6720,12550,19000,5840,10000,2705,3270,1393,3005
"2016-10-11",21350,26700,1880,6760,12450,18800,5670,9910,2700,3150,1393,3030
"2016-10-12",21400,26500,1915,6760,12500,18900,5720,9990,2655,3240,1445,2965
"2016-10-13",20750,28200,1955,6700,12600,18650,5720,9890,2620,3130,1568,2870
"2016-10-14",19850,29200,1920,6840,12500,18550,5720,9970,2600,3005,1529,2900
"2016-10-17",18900,29050,1880,6750,12350,18400,5700,9940,2635,3000,1467,2915
"2016-10-18",19050,29500,1875,6740,12250,18450,5700,9770,2590,3045,1458,2900
"2016-10-19",18350,29500,1870,6740,12250,18450,5670,9690,2580,3035,1538,2805
"2016-10-20",18550,28550,1880,6650,12300,18250,5650,9580,2500,2960,1538,2805
"2016-10-21",18200,28400,1845,6540,12250,18250,5710,9480,2410,3025,1524,2845
"2016-10-24",19000,28400,1800,6420,12100,18250,5800,9100,2345,3055,1555,2800
"2016-10-25",19050,28150,1755,6480,11800,18250,5750,9350,2250,3105,1507,2625
"2016-10-26",18750,28300,1725,6340,11700,18000,5620,9260,2330,3090,1433,2525
"2016-10-27",18700,28750,1750,6370,11700,18300,5600,9200,2270,3395,1463,2560
"2016-10-28",18050,28900,1710,6300,11850,18300,5590,9100,2245,3135,1428,2565
"2016-10-31",18700,28950,1700,6250,11650,18100,5470,8760,2100,2995,1441,2685
"2016-11-01",17100,29300,1735,6310,11600,18100,5550,8540,1960,2945,1423,2525
"2016-11-02",16550,28550,1655,6180,11150,17600,5460,7900,1950,2840,1291,2315
"2016-11-03",17000,29000,1670,6200,11200,17700,5430,7950,1940,3265,1274,2315
"2016-11-04",16700,28600,1700,6090,11100,17700,5500,8210,2015,3855,1265,2330
"2016-11-07",17700,29150,1735,6060,11250,17850,5700,8280,2075,3920,1309,2385
"2016-11-08",17800,29300,1715,5980,11600,18000,5690,8310,2010,3685,1309,2520
"2016-11-09",17350,28350,1645,5900,11000,17700,5550,7990,2000,3300,1142,2280
"2016-11-10",18600,28150,1740,6070,11350,17900,5690,8410,2030,3450,1221,2425
"2016-11-11",19450,28000,1755,5950,11700,17800,5730,8320,2130,3570,1239,2450
"2016-11-14",20450,28250,1835,5990,11700,18050,5820,8370,2125,3790,1239,2755
"2016-11-15",19650,29900,1855,5870,11700,18350,5890,8040,2070,3860,1261,2660
"2016-11-16",20350,30050,1830,5950,11800,18400,5930,7940,2090,4070,1331,2445
"2016-11-17",20050,30000,1890,5910,11750,18400,5950,8020,2070,5290,1323,2500
"2016-11-18",19850,30450,1845,5870,11750,18250,5900,8020,1990,5390,1318,2450
"2016-11-21",19400,29650,1805,5800,11450,18300,5820,8010,1985,5290,1406,2500
"2016-11-22",19900,29700,1835,5770,11550,18400,5900,8180,1995,5440,1371,2460
"2016-11-23",19350,29650,1795,5690,11500,18300,5920,8090,1930,5700,1313,2350
"2016-11-24",19350,29100,1785,5630,11550,18200,5950,7740,1880,5710,1305,2320
"2016-11-25",19200,29400,1805,5630,11500,18150,5950,7740,1890,5800,1305,2355
"2016-11-28",19450,29500,1805,5690,11450,17850,5930,7710,1875,5520,1291,2425
"2016-11-29",19250,29600,1825,5700,11450,17950,5950,7400,1870,5320,1279,2530
"2016-11-30",18750,29700,1840,5930,11500,18100,6000,7190,1895,5140,1305,2455
"2016-12-01",19200,29900,1860,5890,11550,17900,6170,7200,1885,5040,1305,2490
"2016-12-02",18050,29400,1870,5720,11450,17950,6100,7060,1875,4905,1296,2480
"2016-12-05",18000,29150,1840,5550,11350,17800,6040,6770,1825,5030,1261,2390
"2016-12-06",18200,29650,1895,5530,11450,18000,6070,6890,1830,5050,1274,2470
"2016-12-07",18000,29650,1885,5460,11400,17950,5990,6880,1810,4680,1252,2430
"2016-12-08",18600,29000,1925,5610,11400,17900,6000,7240,1885,4525,1230,2590
"2016-12-09",18200,29450,1900,5690,11550,17800,6030,7190,1910,4640,1252,2610
"2016-12-12",18700,30700,1910,5710,11650,17850,6060,7320,1935,4610,1261,2580
"2016-12-13",18850,31200,1890,5750,11750,18000,6000,7270,1945,4425,1203,2580
"2016-12-14",18750,31850,1855,5630,11750,18100,6090,7410,1945,4280,1199,2540
"2016-12-15",19100,32350,1900,5650,11800,18100,6080,7600,1960,4295,1239,2615
"2016-12-16",19050,32450,1890,5920,11900,18100,6130,7700,1925,4140,1230,2565
"2016-12-19",18600,32150,1945,6140,11850,17950,6100,7740,1985,4165,1247,2685
"2016-12-20",18450,31800,1960,6320,11850,18000,6120,7770,1960,4140,1239,2690
"2016-12-21",18300,32150,1965,6110,11800,18100,6150,7750,1960,4415,1225,2785
"2016-12-22",18250,31850,1945,6110,11900,18100,6160,7690,1960,4295,1247,2710
"2016-12-23",18400,31550,1915,6270,12100,18200,6230,7750,1995,4235,1230,2680
"2016-12-26",18550,31150,1945,6400,12200,18250,6240,7890,2000,3980,1225,2635
"2016-12-27",18200,31300,1930,6500,12100,18300,6290,8060,1985,3920,1221,2650
"2016-12-28",18050,31300,1950,6500,11600,18100,6250,8060,2000,3970,1217,2765
"2016-12-29",18150,32250,1940,6500,11550,18050,6180,8190,2045,3865,1195,2735
"2017-01-02",18500,33250,1965,6500,11150,18050,6070,8120,2075,3925,1191,2910
"2017-01-03",18200,33400,1970,6500,11250,18050,6100,8170,2075,4020,1252,3300
"2017-01-04",17950,32300,1995,6500,11250,18000,6090,8500,2070,4055,1261,3360
"2017-01-05",18250,32900,1990,6500,11250,18000,6090,8540,2120,4140,1287,3500
"2017-01-06",18800,32650,1960,6500,11250,17900,6090,8670,2125,4100,1261,3500
"2017-01-09",18750,32800,2000,6500,11150,18000,6090,8380,2075,4020,1265,3500
"2017-01-10",18900,32300,2015,6500,11000,17750,6000,8270,2090,3890,1419,3530
"2017-01-11",19450,34000,1990,6500,11000,17750,6040,8260,2070,4130,1467,3400
"2017-01-12",19400,33800,1970,6500,10700,17700,5980,8340,2170,4080,1477,3320
"2017-01-13",19450,34400,1970,6500,10650,17700,6000,8300,2220,3950,1511,3520
"2017-01-16",19350,34000,1955,6500,10600,17650,6000,8080,2100,3810,1507,3480
"2017-01-17",19550,33400,1900,5880,10800,17700,5990,7920,2155,3690,1516,3290
"2017-01-18",19450,34400,1885,6100,10850,17700,6040,7980,2125,3700,1433,2970
"2017-01-19",18850,34650,1885,6000,10650,17800,5990,8010,2125,3685,1538,2740
"2017-01-20",18900,34400,1810,5890,10600,17600,5950,7930,2090,3485,1797,2740
"2017-01-23",18800,36000,1810,5740,10600,18250,6090,7810,2020,3405,2333,3300
"2017-01-24",18400,35700,1765,5480,10600,18000,6120,7600,2040,3430,2311,2950
"2017-01-25",19050,36150,1800,5230,10500,18100,6100,7570,2040,3435,2285,2815
"2017-01-26",18800,35950,1845,5250,10650,18150,6120,7640,2075,3550,2202,2830
"2017-01-31",18950,35200,1915,5340,10800,18250,6190,7500,2100,3430,2390,3115
"2017-02-01",19150,35600,1905,5340,11000,18300,6190,7660,2150,3400,2263,3240
"2017-02-02",20400,35500,1880,5230,10950,18500,6180,7780,2105,3085,2421,3045
"2017-02-03",20200,35250,1875,5150,10950,18750,6150,7720,2100,3050,2491,3550
"2017-02-06",20800,34850,1870,5140,10850,18550,5950,7710,2080,3165,2447,3600
"2017-02-07",21050,32600,1905,5160,10800,18500,5850,7780,2075,3145,2285,3430
"2017-02-08",20700,33800,1895,5080,10750,18500,5750,7670,2065,3175,2227,3205
"2017-02-09",21650,34100,1935,5140,10700,18550,5710,7370,2090,3280,2232,3305
"2017-02-10",22000,34250,1950,5220,10750,18500,5800,7050,2105,3220,2056,3440
"2017-02-13",21900,32600,1980,5270,10850,18550,5800,7060,2130,3190,2056,3440
"2017-02-14",21900,32600,1985,5300,10850,18750,6000,6710,2130,3250,2153,3040
"2017-02-15",21800,32700,1990,5280,10850,18650,6260,6730,2145,3225,2065,3060
"2017-02-16",21050,33600,1965,5230,10800,18600,6270,6620,2110,3300,2254,3120
"2017-02-17",20950,33600,2060,5170,10800,18850,6300,6680,2105,3315,2399,3220
"2017-02-20",20800,33550,2040,5180,10850,18800,6350,6670,2060,3385,2293,3150
"2017-02-21",20800,32900,2025,5320,10850,18800,6470,6830,2065,3290,2658,3150
"2017-02-22",21450,33000,2025,5330,10900,18600,6470,6840,2085,3395,2733,2910
"2017-02-23",21150,33000,1975,5370,10850,18650,6400,6830,2180,3345,2707,2920
"2017-02-24",20550,32700,1980,5340,10750,18700,6400,6800,2150,3290,2619,2820
"2017-02-27",20700,32050,1945,5200,10650,18600,6440,6760,2100,3375,2430,2870
"2017-02-28",20600,32450,1910,5380,10600,18500,6460,6700,2180,3325,2592,2885
"2017-03-02",20300,32950,1880,5550,10600,18400,6370,6710,2085,3385,2491,2730
"2017-03-03",20100,32200,1875,5700,10500,18400,6270,6460,2050,3190,2496,2820
"2017-03-06",19800,34300,1950,5740,10600,18300,6200,6550,2045,3130,2707,2815
"2017-03-07",20650,34200,1915,5670,10650,18300,6180,6730,2050,3150,2694,2895
"2017-03-08",19950,34350,1905,5740,10600,18450,6320,6720,2045,3175,2729,3075
"2017-03-09",19950,34000,1920,5770,10750,18500,6390,6720,1995,3150,2570,3010
"2017-03-10",19850,34050,1945,5920,10750,18500,6470,6740,2015,3435,2601,3135
"2017-03-13",20150,34550,2020,5830,10750,18500,6520,6790,2050,3435,2751,3150
"2017-03-14",19800,34550,2015,5610,10750,18600,6500,6800,2040,3415,2663,3185
"2017-03-15",20300,33850,2005,5520,10750,18500,6580,7030,2020,3460,2395,3150
"2017-03-16",20750,33750,2045,5580,10600,18500,6680,7040,2015,3600,2496,3200
"2017-03-17",20800,34200,2030,5420,10800,18450,6700,7110,2030,3840,2320,2965
"2017-03-20",20550,32650,1990,5330,11050,18450,6830,7100,2005,3720,2153,2855
"2017-03-21",21000,32700,2010,5410,11050,18300,6820,7060,2010,3620,2131,2920
"2017-03-22",20950,31600,2025,5340,10900,18200,6850,7040,1985,3460,2180,2955
"2017-03-23",20950,32250,1975,5370,10800,18250,6800,7080,1970,3440,2100,2830
"2017-03-24",20800,33200,1980,5360,10950,18350,6770,6980,1980,3275,2175,2840
"2017-03-27",20700,33150,1950,5440,10900,18400,6600,6900,1965,3205,2078,2925
"2017-03-28",20900,34000,2040,5490,10850,18400,6600,7020,2000,3365,2210,3010
"2017-03-29",20700,35400,2085,5490,11000,18400,6670,6960,2000,3355,2258,3100
"2017-03-30",20450,36350,2060,5440,11050,18400,6670,6970,1980,3110,2188,3060
"2017-03-31",20950,36200,2105,5580,11050,18500,6720,7060,1990,3200,2170,3035
"2017-04-03",20950,36300,2080,5800,11100,18600,6790,7070,1995,3240,2192,3110
"2017-04-04",20600,37350,2050,6050,11100,18650,6700,7050,1975,3075,2074,3040
"2017-04-05",20600,37800,2085,6080,11250,18650,6630,7080,1935,3100,2048,2950
"2017-04-06",21050,37700,2070,6110,11550,18600,6560,7000,1900,3020,1911,2855
"2017-04-07",21950,37950,2070,6090,11850,18800,6590,6990,1910,3085,1859,2910
"2017-04-10",21300,37250,2000,5970,11600,18800,6550,6810,1825,2970,1740,2685
"2017-04-11",21400,37300,1990,5980,11700,18700,6580,6780,1825,2920,1735,2795
"2017-04-12",21700,37550,2005,6150,11900,18600,6630,6800,1845,2955,1779,2700
"2017-04-13",20950,37650,2005,6300,11900,18650,6610,6770,1860,3000,1714,2700
"2017-04-14",20500,39000,1955,6210,11700,18600,6610,6740,1830,2910,1683,2505
"2017-04-17",20750,39100,2035,6260,11850,18600,6610,7230,1865,2995,1753,2540
"2017-04-18",20750,39600,2040,6290,12150,18650,6670,7300,1840,3035,1740,2585
"2017-04-19",20200,39800,2040,6530,12100,18650,6690,7440,1835,3060,1692,2545
"2017-04-20",20450,39100,2030,6530,12150,18600,6670,7430,1845,3085,1626,2510
"2017-04-21",20450,39250,2000,6470,12200,18650,6690,7340,1830,3170,1670,2455
"2017-04-24",20350,38500,1990,6350,11900,18450,6610,7270,1805,3040,1538,2335
"2017-04-25",20450,39000,2060,6360,12050,18500,6650,7290,1870,3035,1582,2425
"2017-04-26",21450,40350,2055,6320,12050,18550,6670,7290,1900,3000,1590,2400
"2017-04-27",21000,38750,2020,6320,12000,18600,6660,7280,1895,2985,1608,2390
"2017-04-28",20950,39100,2075,6340,11950,18500,6690,7250,1885,3005,1568,2370
"2017-05-02",21300,38750,2050,6400,12000,18500,6700,7130,1900,2915,1524,2325
"2017-05-04",21600,40000,2070,6440,12000,18500,6800,7190,1950,2960,1560,2350
"2017-05-08",21700,40250,2095,6520,12000,18650,6850,7230,1955,2965,1617,2370
"2017-05-10",22150,40550,2170,6460,11950,18800,6890,7550,1955,2965,1608,2350
"2017-05-11",22150,44000,2135,6400,11800,18800,6880,7700,1940,3000,1595,2360
"2017-05-12",21750,44250,2140,6420,12050,18900,6840,7840,1935,2995,1617,2330
"2017-05-15",21800,45750,2125,6390,11900,18650,7090,7840,1940,2990,1587,2255
"2017-05-16",21700,44950,2060,6350,11950,18450,7350,7650,1855,2930,1524,2245
"2017-05-17",21800,45000,2025,6300,11800,18400,7330,7680,1875,2875,1565,2270
"2017-05-18",21500,44450,2035,6460,11650,18300,7320,7650,1840,2765,1511,2210
"2017-05-19",21650,44500,2080,6410,11800,18300,7430,8040,1860,2805,1516,2265
"2017-05-22",21050,44200,2135,6420,11900,18400,7570,8010,1885,2810,1546,2290
"2017-05-23",21100,44250,2155,6410,12200,18350,7630,8030,1885,2805,1595,2305
"2017-05-24",21400,43150,2110,6440,12000,18350,7600,8040,1865,2805,1555,2300
"2017-05-25",21850,43000,2070,6390,11950,18300,7650,7950,1845,2875,1634,2260
"2017-05-26",22100,43850,2055,6490,11950,18600,7550,7950,1880,2890,1670,2260
"2017-05-29",21900,43200,2050,6530,11950,18650,7400,7740,1845,2800,1678,2230
"2017-05-30",22050,43600,2070,6700,12000,18900,7470,7990,1845,2780,1634,2245
"2017-05-31",21900,44950,2045,6750,12100,18950,7420,8020,1855,2780,1604,2255
"2017-06-01",22100,44300,2040,6740,12100,18800,7310,7950,1870,2770,1617,2260
"2017-06-02",22100,44950,2065,6890,13550,19000,7380,7950,1875,2835,1670,2240
"2017-06-05",22650,44900,2030,6950,13600,19100,7320,7750,1865,2995,1700,2220
"2017-06-07",22050,46600,1985,6920,13900,18800,7420,7520,1870,2990,1674,2220
"2017-06-08",22500,47750,2005,6950,13600,18950,7400,7940,1845,2950,1714,2190
"2017-06-09",22400,47000,1995,7290,13450,18800,7360,8270,1855,3045,1793,2235
"2017-06-12",22250,45750,2015,7320,13450,18800,7130,8230,1825,2940,1766,2220
"2017-06-13",22250,47150,2010,7400,13950,19000,7220,8530,1830,2935,1705,2185
"2017-06-14",22100,44350,2015,7310,14200,19100,7300,8660,1845,2980,1757,2210
"2017-06-15",22000,43250,1995,7320,13800,19250,7260,9250,1850,3080,1757,2190
"2017-06-16",22550,43750,2060,7490,14000,19100,7300,9100,1920,3040,1735,2260
"2017-06-19",22500,42550,2050,7450,13900,19250,7380,9200,1945,3020,1674,2305
"2017-06-20",21600,43400,2040,7270,13550,19000,7300,9090,1920,3025,1604,2210
"2017-06-21",20800,42750,2000,7310,13450,18950,7340,9030,1895,2950,1582,2055
"2017-06-22",20550,44050,2005,7330,13400,18800,7360,8990,1885,3050,1565,2030
"2017-06-23",21150,45250,2000,7400,14000,19200,7450,8990,1855,3090,1568,2110
"2017-06-26",20600,45900,1920,7360,13650,18850,7440,8880,1795,3010,1546,2070
"2017-06-27",20450,45800,1935,7500,13600,18850,7430,8940,1815,3030,1604,2090
"2017-06-28",20450,46800,1945,7530,13800,18800,7480,9180,1835,3225,1590,2075
"2017-06-29",20950,45600,1930,7430,13600,18800,7570,9540,1870,3240,1582,2020
"2017-06-30",20650,44950,1940,7490,13600,18850,7590,9470,1910,3165,1568,2030
"2017-07-03",20750,39500,1950,7500,13050,18800,7590,9200,1905,3150,1565,2020
"2017-07-04",20700,38850,1925,7450,13050,18700,7540,8970,1835,3140,1587,1990
"2017-07-05",20600,38850,1935,7350,12900,18800,7500,9150,1820,3170,1595,2030
"2017-07-06",20050,39150,1945,7350,12850,18800,7580,9030,1805,3135,1612,2020
"2017-07-07",20350,39850,1940,7430,13100,18700,7590,9040,1805,3260,1590,2005
"2017-07-10",20100,39500,1895,7500,13400,18700,7840,9000,1790,3330,1565,2010
"2017-07-11",20050,38600,1840,7550,13400,18850,7900,9010,1815,3255,1546,1950
"2017-07-12",19850,36900,1845,7500,13150,18850,7950,9010,1785,3175,1511,1895
"2017-07-13",19650,36850,1850,7510,12900,18850,8040,9360,1790,3190,1516,1915
"2017-07-14",19750,37700,1860,7560,12450,18700,8030,9320,1760,3235,1480,1920
"2017-07-17",19650,37550,1890,7600,12600,18700,8070,9220,1745,3215,1463,1950
"2017-07-18",19300,39200,1890,7490,12950,18700,8130,9030,1745,3240,1433,1920
"2017-07-19",19750,40150,1885,7420,13300,18750,8130,9040,1765,3240,1463,1930
"2017-07-20",19650,39000,1895,7370,13350,19000,8190,9170,1765,3160,1485,1945
"2017-07-21",19800,38200,1885,7270,13150,18800,8300,9270,1775,3100,1499,2000
"2017-07-24",19750,39150,1885,7150,13350,18700,8400,9190,1750,3090,1458,1970
"2017-07-25",19600,38150,1920,7090,13300,18650,8390,9100,1740,3045,1428,1935
"2017-07-26",19650,38600,1910,7000,13150,18500,8070,9070,1720,3010,1428,1915
"2017-07-27",19550,38200,1925,6910,13200,18500,8070,9280,1720,2970,1371,1895
"2017-07-28",19300,36600,1890,6950,12950,18400,8000,9060,1705,2945,1323,1850
"2017-07-31",18750,37550,1850,6950,12800,18250,7970,9020,1690,2885,1291,1845
"2017-08-01",18850,36700,1840,7080,13250,18400,8170,9000,1710,2990,1305,1830
"2017-08-02",18450,36800,1850,7160,13100,18650,8180,8890,1725,3005,1331,1875
"2017-08-03",18150,34950,1795,7200,12900,18400,8040,8250,1690,3010,1305,1835
"2017-08-04",18400,34800,1800,7200,12750,18450,8040,8270,1690,3020,1283,1815
"2017-08-07",19100,35450,1835,7100,12850,18400,8040,8300,1695,3070,1309,1820
"2017-08-08",18550,34850,1825,7020,12800,18250,7890,8050,1705,3040,1327,1850
"2017-08-09",18500,36000,1800,7030,12750,18200,7790,7720,1705,3010,1291,1830
"2017-08-10",18800,34900,1775,7020,12650,18350,7660,7870,1675,3000,1269,1795
"2017-08-11",18600,34700,1720,7120,12200,18150,7590,7880,1620,2990,1243,1720
"2017-08-14",18300,37500,1815,7110,12450,18400,7530,7780,1605,2950,1235,1655
"2017-08-16",18050,37050,1825,7000,12350,18650,7650,7910,1665,2965,1261,1665
"2017-08-17",18150,38100,1840,7000,12800,18650,7750,8100,1690,3055,1305,1685
"2017-08-18",18050,38150,1830,7020,12850,18600,7750,7980,1685,3165,1327,1700
"2017-08-21",18000,37300,1835,7020,12800,18400,7690,7990,1685,3115,1327,1700
"2017-08-22",17950,36900,1880,7000,12700,18350,7790,7950,1695,3085,1345,1700
"2017-08-23",17850,36750,1880,7030,12650,18400,7650,7730,1700,3130,1309,1690
"2017-08-24",17700,37950,1875,7000,13000,18300,7490,7660,1695,3150,1318,1700
"2017-08-25",18150,37500,1885,7040,13300,18500,7490,7820,1730,3120,1353,1740
"2017-08-28",18250,36950,1905,6990,13500,18700,7430,7960,1720,3205,1353,1755
"2017-08-29",18150,36850,1910,6940,13450,18700,7330,8030,1685,3300,1318,1750
"2017-08-30",18050,37550,1930,7000,13450,18650,7420,8090,1690,3290,1327,1795
"2017-08-31",18500,37850,1930,7150,13450,18650,7490,8100,1680,3420,1335,1785
"2017-09-01",18100,37550,1955,7210,13300,18650,7490,8320,1730,3400,1349,1790
"2017-09-04",17750,36400,1930,7250,13250,18400,7420,8150,1745,3295,1318,1745
"2017-09-05",17650,36050,1905,7240,13450,18400,7360,8190,1810,3305,1305,1745
"2017-09-06",17300,36550,1920,7360,13600,18350,7150,8170,1850,3400,1305,1735
"2017-09-07",17300,36100,1930,7440,13350,18350,7070,8170,1815,3370,1345,1765
"2017-09-08",17500,37100,1915,7490,13350,18300,7210,8190,1790,3335,1291,1735
"2017-09-11",17650,37100,1930,7400,13200,18250,7190,8260,1770,3405,1296,1725
"2017-09-12",17700,38100,1945,7330,13050,18350,7150,8130,1785,3340,1309,1700
"2017-09-13",17350,40250,1935,7240,12850,18300,7150,7900,1770,3350,1318,1650
"2017-09-14",17700,41100,1915,7250,12850,18250,7140,7750,1755,3350,1406,1660
"2017-09-15",17900,41350,1890,7270,12800,18300,7040,7750,1795,3375,1362,1695
"2017-09-18",18150,41200,1910,7410,13100,18500,6950,7690,1800,3480,1437,1705
"2017-09-19",18050,40800,1930,7780,13100,18500,6780,7450,1865,3460,1423,1680
"2017-09-20",17700,39350,1910,7730,12850,18450,6710,7410,1830,3340,1367,1665
"2017-09-21",17400,39200,1870,7650,12850,18800,6580,7390,1780,3180,1313,1605
"2017-09-22",17250,38750,1820,7500,12700,18600,6350,7260,1730,2955,1230,1510
"2017-09-25",16650,39850,1765,7400,12500,18400,6360,7140,1710,2900,1147,1440
"2017-09-26",17800,40450,1775,7470,12650,18600,6410,7140,1730,2905,1169,1425
"2017-09-27",17450,39850,1790,7400,12600,18850,6830,7070,1700,2945,1173,1425
"2017-09-28",17650,41000,1795,7470,12600,18950,6880,6950,1710,2940,1164,1430
"2017-09-29",17700,41350,1800,7520,12650,19000,6800,6860,1740,2920,1191,1440
"2017-10-10",17100,42650,1775,7400,12600,19200,6710,6960,1725,2935,1177,1450
"2017-10-11",17000,41800,1820,7430,12800,19150,6640,6960,1755,3000,1191,1470
"2017-10-12",17300,40700,1815,7360,12650,19200,6660,6890,1745,3030,1191,1500
"2017-10-13",17350,40800,1790,7380,12450,19250,6520,6910,1705,3025,1151,1505
"2017-10-16",17650,41250,1770,7450,12300,19300,6510,7000,1715,3020,1142,1470
"2017-10-17",17250,39950,1780,7360,12300,19300,6680,7250,1770,3000,1120,1440
"2017-10-18",17650,40650,1760,7350,12150,19250,6540,7370,1715,2995,1151,1420
"2017-10-19",18050,41800,1795,7300,12300,19300,6450,7400,1705,2960,1142,1475
"2017-10-20",17900,42000,1835,7160,12400,19250,6430,7440,1715,3000,1164,1470
"2017-10-23",17300,41950,1850,7260,12250,19200,6260,7400,1700,3010,1160,1460
"2017-10-24",17650,43000,1860,7280,12450,19250,6500,7380,1725,3015,1164,1445
"2017-10-25",17550,43400,1845,7160,12450,19300,6530,7350,1740,3015,1208,1460
"2017-10-26",17800,41050,1820,7080,12300,19450,6650,7390,1735,3000,1208,1470
"2017-10-27",17750,40900,1840,7100,12550,19400,6690,7490,1785,2970,1225,1495
"2017-10-30",19000,41350,1850,7030,12650,19500,6840,7640,1775,2920,1199,1545
"2017-10-31",19600,40750,1860,7330,12850,20000,7000,7720,1765,2980,1230,1565
"2017-11-01",19450,41250,1860,7420,12900,20550,7260,7800,1760,2995,1225,1550
"2017-11-02",19250,40350,1880,7460,12900,20100,7190,7750,1780,3005,1203,1505
"2017-11-03",19250,40300,1885,7420,12950,20300,7100,7760,1830,2995,1221,1525
"2017-11-06",19550,40650,1865,7320,12950,20350,7060,7600,1785,2905,1225,1520
"2017-11-07",19800,40300,1870,7380,12950,20450,7050,7610,1780,2915,1230,1480
"2017-11-08",19900,39800,1930,7420,13050,20400,7130,7620,1790,2850,1203,1490
"2017-11-09",19900,40000,1920,7380,13150,20550,7130,7560,1780,2860,1195,1515
"2017-11-10",19850,43600,1935,7500,13200,20650,7220,7410,1775,2800,1217,1505
"2017-11-13",19550,46100,1940,7450,13200,20850,7070,7530,1755,2855,1265,1515
"2017-11-14",19800,46550,1885,7420,13350,20600,7020,7510,1800,2905,1243,1510
"2017-11-15",19550,47300,1825,7490,13300,19800,7020,7430,1730,2845,1195,1400
"2017-11-16",19350,46950,1860,8040,13300,20500,6910,7360,1750,2885,1239,1405
"2017-11-17",19250,44850,1860,8150,13300,20400,6880,7440,1730,2895,1257,1405
"2017-11-20",19050,44950,1860,8130,13250,20300,6890,7540,1730,2965,1247,1375
"2017-11-21",18750,44550,1830,8280,13200,20050,7080,7590,1700,2970,1217,1355
"2017-11-22",18650,44700,1845,7930,13150,19850,7130,7490,1695,2945,1225,1315
"2017-11-23",18700,44750,1865,8150,13150,19900,7140,7490,1695,2980,1213,1350
"2017-11-24",18750,45400,1890,8500,13200,19750,7140,7600,1675,3000,1230,1355
"2017-11-27",18400,43800,1895,8520,13150,19650,7120,7770,1680,2985,1213,1320
"2017-11-28",18600,41700,1865,8270,13050,19600,6980,7800,1680,2985,1217,1285
"2017-11-29",18800,43700,1850,8310,12900,19500,7020,7820,1655,3015,1203,1320
"2017-11-30",18850,40850,1815,8340,13000,19300,6910,7730,1650,2990,1191,1320
"2017-12-01",18650,42500,1835,8460,12900,19000,6900,7830,1650,3050,1191,1405
"2017-12-04",18950,41400,1820,8470,12750,19100,6700,7850,1620,3055,1195,1405
"2017-12-05",19350,40800,1835,8300,13050,19300,6730,7850,1630,3210,1217,1530
"2017-12-06",18750,40600,1815,8400,13200,19500,6830,7860,1625,3275,1309,1550
"2017-12-07",19050,40700,1805,8330,13550,19400,6650,7750,1580,3315,1274,1530
"2017-12-08",18950,39500,1795,8460,13500,19100,6640,7530,1555,3235,1269,1475
"2017-12-11",19300,40600,1795,8430,13850,18850,6620,7600,1525,3345,1340,1470
"2017-12-12",19200,39350,1780,7720,14350,19000,6520,7650,1520,3395,1384,1485
"2017-12-13",19650,39500,1805,7430,14250,19050,6550,7600,1560,3410,1327,1530
"2017-12-14",18000,39150,1810,7250,14000,19050,6600,7560,1590,3310,1313,1530
"2017-12-15",19300,38900,1790,7370,14600,19100,6590,7500,1580,3250,1239,1660
"2017-12-18",19050,39250,1785,7240,15200,19000,6500,7210,1550,3335,1257,1615
"2017-12-19",18900,38850,1760,7020,15000,18700,6490,7090,1505,3290,1252,1520
"2017-12-20",19000,37400,1730,7040,14450,18700,6490,7280,1490,3265,1309,1510
"2017-12-21",19050,36750,1695,7040,14250,18700,6480,7230,1440,3075,1269,1960
"2017-12-22",19000,38550,1680,7160,14450,18700,6580,7120,1440,3160,1397,2545
"2017-12-26",19250,39250,1670,6940,14550,18800,6790,7120,1430,3350,1384,3305
"2017-12-27",18800,38800,1725,7000,14100,18800,6620,7000,1430,3300,1338,3075
"2017-12-28",18750,38750,1775,6970,14250,18650,6570,7100,1435,3350,1356,3390
"2018-01-02",18850,37900,1805,6970,14350,18750,6560,7160,1440,3395,1352,4405
"2018-01-03",18850,37950,1815,6920,13800,18550,6590,7130,1445,3460,1310,4695
"2018-01-04",19000,36500,1770,7070,13550,18550,6710,7130,1440,3400,1361,4910
"2018-01-05",19250,37250,1805,7250,13650,18550,6660,7110,1445,3355,1356,4865
"2018-01-08",18950,37300,1860,7130,13600,18400,6530,7040,1425,3290,1366,5190
"2018-01-09",18700,37050,1825,7160,13700,18400,6470,7020,1395,3285,1448,5100
"2018-01-10",18900,38150,1835,7240,13750,18250,6480,7020,1430,3350,1425,4885
"2018-01-11",18700,38450,1840,7230,13750,18150,6380,7080,1410,3500,1430,3910
"2018-01-12",17150,38500,1795,7240,13300,18200,6320,7050,1425,3465,1370,3610
"2018-01-15",16950,38300,1775,7170,13250,18300,6170,6990,1445,3495,1379,4690
"2018-01-16",16900,40050,1790,7170,13250,18300,6370,7080,1500,3370,1375,5100
"2018-01-17",16800,41750,1780,7360,13300,18250,6300,7040,1455,3325,1402,5100
"2018-01-18",17050,40800,1810,7380,13850,18350,6270,7080,1470,3305,1420,4980
"2018-01-19",16750,40800,1815,7280,14000,18300,6430,7530,1475,3330,1435,4710
"2018-01-22",16850,39100,1825,7190,13950,18300,6740,7560,1455,3300,1402,4805
"2018-01-23",16850,39500,1840,7270,14050,18450,6930,7520,1460,3355,1407,5000
"2018-01-24",17150,39900,1865,7240,14000,18700,6830,7590,1515,3420,1375,5090
"2018-01-25",17300,39800,1875,7380,14400,19000,6760,7640,1550,3445,1352,4920
"2018-01-26",17300,39550,1905,7830,14500,18900,6970,7800,1600,3600,1402,5000
"2018-01-29",17100,40700,1900,7790,15450,21750,7000,8000,1620,3615,1393,4950
"2018-01-30",16950,39850,1875,7660,15650,20700,6910,7840,1595,3680,1370,5010
"2018-01-31",17150,38650,1880,7750,15600,20000,6770,7680,1595,3765,1393,6510
"2018-02-01",17200,38500,1870,7810,16100,20450,6970,7930,1600,3755,1416,6770
"2018-02-02",16950,38000,1835,7810,15550,20550,6920,7990,1575,3830,1389,6940
"2018-02-05",16150,36600,1800,7800,14900,20500,6660,7750,1510,4100,1329,6990
"2018-02-06",15750,37600,1770,7720,14900,20550,6520,7590,1490,4110,1283,7170
"2018-02-07",15450,37600,1770,7590,14650,20250,6520,7280,1510,3855,1274,7300
"2018-02-08",15550,37750,1795,7680,14800,20950,6590,7340,1520,3880,1297,7030
"2018-02-09",15350,37050,1810,7520,14600,20050,6490,7120,1495,3890,1256,6470
"2018-02-12",15400,37450,1775,7740,15350,20000,6470,7130,1500,3800,1260,5930
"2018-02-13",15000,37250,1925,7700,15250,19500,6620,7070,1500,3830,1251,5420
"2018-02-14",15000,39250,1855,7740,15050,19700,6690,7010,1495,3960,1256,5420
"2018-02-19",15250,40200,1865,7750,15050,19650,6660,7260,1500,4315,1274,5420
"2018-02-20",15050,38850,1840,7730,15350,19650,6760,7240,1510,4710,1283,5510
"2018-02-21",15150,41350,1880,7640,15550,19250,7000,7270,1500,4565,1320,5480
"2018-02-22",15100,40450,1935,7670,15300,18950,6860,7240,1560,4480,1302,5380
"2018-02-23",15500,38850,1915,7620,15200,19400,6760,7340,1545,4500,1302,5120
"2018-02-26",15500,38450,1865,7630,14800,19350,6850,7330,1545,4370,1333,5480
"2018-02-27",15600,38050,1850,7710,14900,19350,6670,7190,1535,4200,1325,5270
"2018-02-28",15450,37450,1820,7550,14600,19150,6640,7130,1540,4250,1306,5310
"2018-03-02",15450,37150,1825,7660,14500,19150,6570,7140,1555,3960,1292,5260
"2018-03-05",15750,35900,1900,7530,14750,18750,6460,7060,1545,3800,1265,5350
"2018-03-06",15850,36100,1910,7520,14600,19000,6530,7080,1600,3900,1274,5610
"2018-03-07",15800,35950,2125,7450,14250,19100,6610,7070,1675,3820,1242,5100
"2018-03-08",15500,35750,2115,7460,15050,19100,6560,6930,1710,3825,1260,4740
"2018-03-09",16050,36450,2365,7430,15200,18900,6490,7190,1675,3920,1302,4670
"2018-03-12",15950,36500,2480,7480,15500,19000,6520,7260,1695,3895,1297,4730
"2018-03-13",15600,36150,2385,7330,15500,19050,6550,7220,1705,4085,1333,4320
"2018-03-14",15500,35400,2365,7350,15300,18850,6490,7240,1670,4070,1333,4390
"2018-03-15",15550,35800,2260,7330,15200,18650,6520,7280,1680,3990,1310,4000
"2018-03-16",15450,36000,2330,7250,15200,18750,6580,7240,1700,3950,1310,4140
"2018-03-19",15600,35500,2430,7110,15400,18700,6700,7240,1720,3790,1297,3935
"2018-03-20",15500,34700,2470,7130,15850,18750,6750,7210,1720,3855,1325,3940
"2018-03-21",15600,34800,2495,7190,16350,18900,6760,7200,1680,3770,1283,3990
"2018-03-22",15750,34500,2475,7190,16650,18850,6560,7130,1705,3535,1283,3600
"2018-03-23",15100,33500,2350,6980,15850,18300,6370,7040,1655,3410,1219,3595
"2018-03-26",15400,34900,2430,7010,16350,18500,6390,7010,1670,3620,1228,4055
"2018-03-27",16050,34450,2410,7010,17200,18750,6480,7020,1660,3485,1233,3990
"2018-03-28",15800,34900,2565,6960,17650,18600,6490,6990,1655,3440,1269,3805
"2018-03-29",15650,34800,2500,7100,17000,18700,6560,6990,1650,3430,1265,3895
"2018-03-30",15800,34600,2525,7120,17800,18700,6640,7000,1665,3610,1265,3900
"2018-04-02",15800,33400,2430,7170,17200,18950,6450,7100,1660,3550,1238,3745
"2018-04-03",15850,33400,2500,7070,16350,19350,6450,7110,1655,3490,1242,3745
"2018-04-04",16600,32050,2840,6970,16300,19200,6450,7090,1660,3785,1223,3600
"2018-04-05",17000,32350,2645,6970,16150,19300,6580,7090,1735,3610,1228,3715
"2018-04-06",16700,32150,2660,6920,15650,19350,6540,6980,1705,3600,1205,3750
"2018-04-09",16850,32650,2660,6870,15900,19150,6410,6940,1700,3560,1210,3570
"2018-04-10",17000,32100,2670,6940,16350,19500,6390,7000,1660,3495,1210,3525
"2018-04-11",17050,32600,2645,6860,16350,19450,6610,6970,1665,3585,1200,3450
"2018-04-12",16700,32700,2650,6950,16250,19450,6650,6980,1630,3500,1228,3650
"2018-04-13",17100,33000,2780,6990,16100,19350,6670,6980,1680,3535,1242,3785
"2018-04-16",17700,32450,2865,6900,15850,19400,6630,7000,1675,3570,1242,3900
"2018-04-17",17650,32700,2835,6830,16750,19400,6730,7100,1675,3600,1260,3925
"2018-04-18",18200,32700,3070,6670,16400,19450,6900,7010,1725,3615,1246,3830
"2018-04-19",18200,32750,3395,6660,16550,20050,8970,7170,1820,3905,1265,3650
"2018-04-20",18500,33150,3370,6890,16800,20950,8970,7260,1840,3960,1265,3825
"2018-04-23",19950,33700,3250,6660,16800,20700,9000,7150,1940,3995,1329,3785
"2018-04-24",20100,33300,3480,6620,16600,20900,9030,7090,1905,3840,1320,4155
"2018-04-25",19500,32500,3240,6460,16200,20400,8500,7070,1830,3805,1352,4250
"2018-04-26",19700,32800,3120,6460,16200,20550,9030,7040,1820,3845,1352,4015
"2018-04-27",20550,32150,3900,6450,15900,20300,9000,7070,1885,3865,1333,3955
"2018-04-30",26700,32450,5070,6360,17000,21200,10900,7080,1985,4070,1297,3690
"2018-05-02",32600,33800,6180,6320,17600,23300,12500,6930,2100,4230,1352,3540
"2018-05-03",27000,34050,6800,6350,17050,22700,11750,6900,2045,4295,1361,3605
"2018-05-04",31800,33500,6900,6230,17000,23000,12700,7010,2170,4300,1379,3460
"2018-05-08",31650,33300,6950,6170,16550,22300,11900,6880,2070,3975,1366,3010
"2018-05-09",33850,34750,6680,6180,16450,24000,10900,6850,2035,3900,1333,3280
"2018-05-10",33650,33850,6840,6190,16850,24400,10800,6800,2400,4090,1361,3385
"2018-05-11",34350,35200,6610,6140,18100,24900,11150,6800,2265,4090,1366,3630
"2018-05-14",40050,35450,6990,6200,22900,26450,11650,6810,2315,4135,1338,3615
"2018-05-15",40150,36200,8070,6360,21800,25800,12250,6770,2275,4110,1325,3310
"2018-05-16",33850,35750,7340,6210,19000,24500,11950,6740,2020,3785,1279,3170
"2018-05-17",35100,35850,7540,6150,19200,25000,12350,6720,2090,4080,1287,3120
"2018-05-18",36800,36800,7590,6100,19350,24500,12300,6740,2140,3970,1338,3355
"2018-05-21",36100,36950,7590,6100,19350,23950,11950,6820,2090,4065,1325,3430
"2018-05-23",35550,36900,7630,5940,18600,23500,11500,6700,1995,3930,1310,3365
"2018-05-24",34650,36400,7550,5940,17800,22800,10750,6730,1930,3785,1310,3500
"2018-05-25",28000,36000,6100,5990,16800,21300,9310,6640,1850,3510,1287,3460
"2018-05-28",36400,36200,7930,6200,19200,23800,11450,6630,2125,3775,1274,3395
"2018-05-29",38750,36050,9800,6700,17250,21850,10700,6670,2010,3720,1265,3235
"2018-05-30",40100,36200,11150,6490,17300,22650,11300,6710,1950,3555,1251,3395
"2018-05-31",38650,36400,11300,6610,17250,22000,12100,6700,2050,3740,1265,3290
"2018-06-01",40250,36450,10600,6600,16700,21700,11500,6690,2020,3700,1283,3365
"2018-06-04",40550,36350,9700,6560,16100,23450,11500,6700,2445,3820,1283,3405
"2018-06-05",38850,37200,9910,6550,16750,22650,11250,6740,2280,3665,1292,3310
"2018-06-07",37950,37400,9700,6550,16450,23200,11500,6840,2345,3705,1297,3290
"2018-06-08",36600,36700,9310,6450,16550,23200,11200,6840,2280,3600,1292,3170
"2018-06-11",38400,37000,9750,6430,17150,23200,11500,7130,2350,3470,1292,2770
"2018-06-12",36600,37250,8800,6310,16850,22950,10950,7010,2240,3515,1279,2890
"2018-06-14",32000,37300,7330,6380,16000,22100,9950,6800,2045,3300,1265,2745
"2018-06-15",32450,36200,8550,6210,16300,21300,10350,6770,2115,3170,1269,2700
"2018-06-18",32800,34700,9110,5920,15700,20550,10750,6650,2170,3225,1242,2630
"2018-06-19",31100,34550,9550,5970,15700,20400,9890,6530,2820,3285,1182,2620
"2018-06-20",32150,34450,10050,5990,16100,21200,10250,6520,2825,3210,1196,2615
"2018-06-21",30450,33450,9460,6150,15850,20600,10000,6480,2660,3190,1200,2495
"2018-06-22",29650,33200,9110,6080,16200,20450,9570,6430,2370,3095,1205,2460
"2018-06-25",30250,32250,9040,6130,16000,20500,9810,6460,2185,3090,1223,2570
"2018-06-26",29200,33200,8050,6150,15450,20000,9300,6500,2145,3040,1215,2470
"2018-06-27",29000,33200,8120,6180,14800,20000,8850,6510,2005,2880,1205,2380
"2018-06-28",27300,32350,7270,6040,14350,19400,8400,6550,1870,2920,1205,2375
"2018-06-29",28050,32750,7470,6110,14650,19900,8890,6600,1905,2920,1200,2410
"2018-07-02",25550,32300,6710,5970,14000,19300,8270,6450,1735,2835,1164,2265
"2018-07-03",26200,32800,7510,5870,13850,19400,8450,6350,1760,2840,1146,2410
"2018-07-04",25850,32800,7250,5790,13800,20150,8800,6070,1820,2805,1151,2380
"2018-07-05",24950,33250,6820,5840,13550,19950,8490,6030,1740,2730,1146,2205
"2018-07-06",26050,34200,7350,5830,13750,20000,8730,6150,1755,2805,1128,2230
"2018-07-09",23400,34450,6170,5800,13600,19250,7910,6230,1630,2765,1113,2140
"2018-07-10",24000,33750,6170,5800,14000,19750,8100,6300,1710,2860,1136,2160
"2018-07-11",25900,33400,6450,5820,14150,19700,8270,6200,1960,2895,1151,2120
"2018-07-12",25300,33550,6210,5700,14350,19650,8290,6220,1885,3010,1136,2130
"2018-07-13",26150,34050,6760,5650,14300,20000,8470,6260,1895,2980,1151,2170
"2018-07-16",26100,33850,6740,5540,14200,19900,8310,6250,1780,2980,1141,2110
"2018-07-17",25500,33950,6720,5540,14100,19800,8290,6260,1730,2925,1146,2230
"2018-07-18",24050,34150,6220,5410,13500,19800,7900,6200,1725,2775,1128,2275
"2018-07-19",23950,34300,6270,5370,13350,19600,7840,6000,1685,2820,1113,2130
"2018-07-20",23950,34000,6100,5330,13250,19700,7660,6040,1650,2830,1136,2110
"2018-07-23",22800,34100,5630,5150,12450,19000,7240,5950,1575,2675,1109,2015
"2018-07-24",27100,34400,7200,5170,13100,19450,7850,5900,1640,2680,1105,2030
"2018-07-25",26500,34650,7210,5050,12700,19300,7820,5780,1665,2670,1077,2035
"2018-07-26",27550,34800,7390,5230,13150,19600,8310,5780,1725,2720,1045,2050
"2018-07-27",27300,35750,7290,5270,13450,19600,8360,5800,1770,2755,1054,2140
"2018-07-30",28250,35950,7320,5270,13450,19750,8420,5800,1775,2805,1054,2080
"2018-07-31",27200,36650,6960,5260,13200,19800,8110,5840,1780,2830,1059,2080
"2018-08-01",27600,37200,7180,5430,13400,19800,8140,5870,1800,2830,1067,2050
"2018-08-02",27200,37650,7260,5390,13300,19800,8150,5820,1775,2810,1072,2035
"2018-08-03",27100,37950,7390,5350,13400,19900,8200,5890,1790,2835,1067,2025
"2018-08-06",26500,37700,7150,5380,13400,20200,8270,6200,1795,2880,1063,2025
"2018-08-07",26500,38400,7150,5360,13450,20250,8380,6090,1780,2895,1063,2025
"2018-08-08",26900,38100,7200,5270,13350,19950,8330,6090,1780,2865,1086,2045
"2018-08-09",26600,38100,7220,5230,13150,20100,8390,6040,1785,2875,1159,2030
"2018-08-10",27800,38450,8400,5240,13100,20100,8550,5900,1825,2900,1132,1940
"2018-08-13",27100,38000,7910,5090,12600,19450,8300,5800,1830,2815,1077,1825
"2018-08-14",28000,38400,8430,5090,12350,19700,8480,5880,1840,2785,1086,1815
"2018-08-16",30000,37850,9000,5090,12250,19450,8700,5880,1995,2755,1072,1800
"2018-08-17",31250,36850,9310,5090,12050,19400,8950,5920,1930,2785,1128,1920
"2018-08-20",31450,37350,9120,5090,11700,19400,8960,5910,1920,2790,1132,1970
"2018-08-21",31550,37850,9170,5040,11800,19400,9090,5930,1920,2855,1123,2010
"2018-08-22",30800,37150,9070,5040,12050,19450,9030,5830,1895,2940,1141,2055
"2018-08-23",30850,37200,9200,5060,12150,19650,9250,5750,1880,2930,1151,2045
"2018-08-24",31050,37150,9410,5060,12100,19650,9110,5750,1910,2905,1132,2000
"2018-08-27",27450,37050,8430,5020,12150,19500,8370,5830,1785,2890,1113,1985
"2018-08-28",26900,36450,8090,5020,12200,19700,8150,5810,1740,2910,1132,2050
"2018-08-29",26750,37450,7980,4995,12150,19750,8100,5820,1740,2870,1471,2015
"2018-08-30",27050,38000,8220,5210,12300,19900,8140,5870,1790,2935,1439,2165
"2018-08-31",27250,38200,8380,5260,12750,19900,8170,5800,1795,2925,1457,2085
"2018-09-03",27700,38150,8670,5160,12700,19800,8370,5830,1775,2920,1462,2065
"2018-09-04",27950,37800,8720,5240,12450,19650,8320,5830,1810,3010,1416,2055
"2018-09-05",27950,38850,8680,5300,12600,19550,8260,5850,1805,3070,1412,2060
"2018-09-06",27850,38650,8420,5630,12800,19350,8280,5880,1860,3075,1389,2010
"2018-09-07",29500,38400,8610,5720,12700,19150,8650,5990,1930,3330,1384,2140
"2018-09-10",31100,38900,9270,5850,13250,19450,9200,6200,2045,3450,1356,2150
"2018-09-11",31050,38100,9170,5860,13250,20050,9400,6420,1990,3420,1393,2065
"2018-09-12",31250,37900,9160,5800,13250,20000,9570,6510,1955,3450,1366,1935
"2018-09-13",31000,38950,9050,6000,13600,19550,9450,6620,1915,3370,1375,1870
"2018-09-14",31550,38600,9440,6490,13200,19400,9350,6700,1930,3225,1352,1875
"2018-09-17",31600,37500,9790,6800,13150,19600,9260,6670,1915,3250,1366,1880
"2018-09-18",30850,37250,9180,6910,13750,19450,9060,6750,1935,3185,1348,1865
"2018-09-19",30150,37750,9120,6970,14000,19350,8700,6610,1805,3080,1315,1890
"2018-09-20",30350,37200,9140,7030,13950,19300,8510,6520,1830,3000,1325,1825
"2018-09-21",32450,35950,9350,6490,13900,19100,9020,6500,1885,3095,1329,1835
"2018-09-27",31600,36400,8960,6360,13900,19350,8790,6720,1895,3210,1361,1920
"2018-09-28",30500,36600,8500,6160,13800,19250,8490,6420,1865,3120,1338,1850
"2018-10-01",30900,37350,8600,6180,13500,19150,8450,6320,1840,3015,1320,1815
"2018-10-02",31300,36600,8620,6040,13500,19050,8390,6390,1815,3010,1310,1800
"2018-10-04",32500,37050,8770,6000,13550,18600,8560,6500,1785,3000,1269,1765
"2018-10-05",31600,37300,8540,6050,13450,18700,8660,6590,1740,3000,1251,1670
"2018-10-08",31800,38000,8640,5900,13200,18500,8750,6640,1805,2910,1256,1645
"2018-10-10",27050,36100,7290,5650,12850,17450,7850,6430,1735,2810,1196,2135
"2018-10-11",25300,35500,6990,5250,12200,16850,7060,6090,1505,2715,1105,2150
"2018-10-12",26200,36450,7130,5290,11900,17000,7060,6200,1565,2770,1141,2360
"2018-10-15",27000,35500,7260,5220,11900,17100,7260,6260,1605,2660,1123,2385
"2018-10-16",27050,36150,7160,5240,12100,17350,7230,6450,1615,2785,1164,2420
"2018-10-17",27750,36850,7270,5130,12300,17500,7380,6400,1630,2770,1177,2255
"2018-10-18",27500,36850,7310,5120,12300,17450,7340,6390,1630,2790,1169,2195
"2018-10-19",27850,37200,7300,5080,12350,17550,7380,6310,1635,2790,1187,2350
"2018-10-22",26400,37350,6870,5060,12000,17600,7100,6470,1580,2775,1233,3055
"2018-10-23",26100,37000,6850,4995,11800,17600,6840,6300,1525,2725,1200,3020
"2018-10-24",24850,37300,6240,4860,12000,17500,6770,6250,1500,2550,1086,2740
"2018-10-25",24500,37400,6280,4590,12300,17000,6480,6220,1445,2510,980,2750
"2018-10-26",22500,38200,5790,4560,12050,16500,6110,5980,1380,2405,939,2310
"2018-10-29",20750,38950,5200,4450,11300,16500,5660,5410,1285,2200,843,1830
"2018-10-30",22900,38800,6270,4395,11300,16400,5940,5210,1350,2215,867,1920
"2018-10-31",21850,38900,5830,4555,11350,16500,6210,5540,1375,2385,912,1965
"2018-11-01",22450,37000,5900,4710,11650,16750,6720,5720,1410,2505,931,1995
"2018-11-02",24100,39400,6500,4820,11850,17250,6960,5980,1475,2510,976,2035
"2018-11-05",24250,40900,6640,4910,11850,17250,6840,5910,1500,2450,980,2030
"2018-11-06",24000,40100,6520,4910,11850,17250,6760,6080,1490,2365,976,2000
"2018-11-07",22500,39000,6030,4810,11650,17100,6460,6090,1440,2380,939,2060
"2018-11-08",23200,40150,6250,4815,11700,17400,6830,6130,1500,2420,957,2155
"2018-11-09",22650,40200,6160,4720,11500,17450,6900,6030,1490,2430,972,2105
"2018-11-12",22500,41250,6140,4810,11500,17600,6840,6010,1475,2395,939,2290
"2018-11-13",22200,41200,6180,4745,11300,17600,6710,5990,1455,2370,935,2230
"2018-11-14",22250,41650,6190,4590,11400,17500,6820,6020,1460,2440,935,2180
"2018-11-15",23450,42400,6570,4640,11450,17600,6760,6020,1445,2660,939,1985
"2018-11-16",23350,41800,6500,4655,11350,17350,6800,6030,1450,2620,972,1940
"2018-11-19",24600,41300,6800,4800,11900,17550,6980,6040,1540,2700,980,2005
"2018-11-20",25100,40100,7100,4810,12050,17500,7100,6000,1525,2710,980,1945
"2018-11-21",25800,40350,7140,4825,12000,17500,7080,6000,1525,2730,985,1870
"2018-11-22",26000,39250,7260,4745,12000,17650,6900,5970,1480,2790,962,1820
"2018-11-23",26850,38200,7870,4790,12000,17500,6920,5940,1465,2800,949,1780
"2018-11-26",26700,38000,8080,4770,12050,17500,6940,5830,1475,2810,953,1805
"2018-11-27",26700,38050,8400,4900,12300,17600,6970,5820,1505,2790,972,1860
"2018-11-28",26250,37400,8070,4930,12600,17550,6980,5880,1500,2785,985,1795
"2018-11-29",26650,37000,8210,4925,12700,17550,7100,5870,1515,2770,990,1740
"2018-11-30",27100,38200,8480,4895,12550,17600,7000,5800,1505,2720,990,1740
"2018-12-03",29050,38000,8510,4940,12700,17600,7180,5830,1530,2800,1008,1730
"2018-12-04",29200,36450,8600,4910,12750,17700,8420,5840,1545,3045,1041,1715
"2018-12-05",29850,36500,8520,4850,12750,17500,8690,5810,1540,3060,1031,1685
"2018-12-06",28800,35900,8350,4850,12700,17100,8690,5750,1485,2970,1003,1595
"2018-12-07",30150,34900,8940,4850,12700,17400,8820,5730,1505,3085,1003,1615
"2018-12-10",28800,34450,8350,4750,12600,17150,8410,5720,1455,2965,980,1550
"2018-12-11",28650,34150,8160,4585,12450,16950,8400,5730,1405,2950,1018,1585
"2018-12-12",27200,35050,7750,4540,12500,17300,8410,5760,1425,3055,1082,1645
"2018-12-13",28250,34400,8580,4575,12600,17250,8750,5630,1440,3125,1146,1640
"2018-12-14",28450,34000,8580,4525,12750,17100,9160,5630,1415,3090,1128,1565
"2018-12-17",27050,35000,8160,4475,12650,17050,9230,5630,1440,3050,1196,1495
"2018-12-18",27300,33650,8320,4350,12500,17100,8330,5600,1480,3000,1164,1580
"2018-12-19",27250,34450,8270,4350,12600,17150,8410,5570,1435,2895,1159,1555
"2018-12-20",28050,33500,8410,4325,12500,17150,8160,5390,1415,2800,1123,1535
"2018-12-21",28400,33650,8570,4335,12350,17100,8370,5330,1400,2805,1141,1565
"2018-12-24",28400,34850,8600,4315,12550,16950,8270,5300,1375,2760,1128,1465
"2018-12-26",26950,35550,8110,4310,12400,16700,7880,5200,1325,2640,1100,1410
"2018-12-27",27350,34600,8140,4415,11850,16600,7990,5280,1360,2660,1057,1440
"2018-12-28",27850,34600,8210,4505,11750,17000,8190,5300,1370,2555,1090,1485
"2019-01-02",26750,34650,7770,4530,11650,17000,7800,5300,1360,2605,1057,1470
"2019-01-03",28450,34650,7910,4535,11600,17100,7750,5350,1360,2570,1038,1400
"2019-01-04",28100,33600,7770,4535,11700,17150,7770,5360,1395,2585,1038,1415
"2019-01-07",28250,33800,7990,4520,11700,17300,8100,5370,1420,2640,1066,1465
"2019-01-08",28700,33600,8210,4505,11600,17100,8100,5400,1425,2685,1258,1440
"2019-01-09",28700,34100,8230,4505,11850,17200,8110,5480,1685,2815,1291,1480
"2019-01-10",27800,34300,7990,4460,11800,17400,8170,5560,1660,2790,1195,1495
"2019-01-11",28300,34100,8320,4570,11800,17350,8520,5620,1685,2830,1229,1505
"2019-01-14",29650,33700,8470,4500,11850,17300,8560,5600,1725,2835,1200,1435
"2019-01-15",29650,34350,8600,4500,11900,17600,8520,5650,1750,2830,1229,1450
"2019-01-16",29650,35750,8910,4510,12000,17600,8940,5670,1760,2800,1229,1510
"2019-01-17",28750,34700,8540,4490,11900,17650,8900,5650,1720,2690,1224,1520
"2019-01-18",28750,36200,8660,4615,11950,17650,9460,5620,1735,2740,1200,1505
"2019-01-21",28100,37050,8440,4670,11950,17600,9210,5610,1720,2750,1234,1495
"2019-01-22",28100,37600,8410,4800,11900,17500,8900,5600,1735,2810,1229,1500
"2019-01-23",28350,37600,8500,4860,12350,17500,9060,5580,1775,2830,1186,1500
"2019-01-24",27850,38100,8470,4860,12600,17500,8760,5580,1760,2875,1200,1540
"2019-01-25",27950,38450,8530,4850,12750,17550,8810,5610,1760,2930,1200,1555
"2019-01-28",27450,40150,8600,4800,12650,17550,9060,5600,1745,2945,1215,1575
"2019-01-29",26150,41000,8280,4770,12600,17500,8790,5540,1665,2890,1224,1545
"2019-01-30",26500,42300,8490,4795,12550,17650,9230,5560,1705,2970,1234,1525
"2019-01-31",26450,40950,8450,4870,12400,17650,9800,5550,1745,2945,1219,1490
"2019-02-01",28400,40750,9920,4930,12700,17650,9900,5550,1770,3010,1210,1470
"2019-02-07",29400,44200,10150,4950,12700,18900,9690,5550,1790,2995,1200,1500
"2019-02-08",29550,43500,10350,4935,12700,18750,9500,5570,1805,2935,1224,1500
"2019-02-11",28800,44150,9930,4825,13000,18800,9390,5530,2065,2810,1229,1320
"2019-02-12",28500,43550,9690,4800,13000,18800,9400,5530,2030,2915,1272,1340
"2019-02-13",28200,45900,9690,4870,13100,18750,9350,5560,2080,2995,1262,1345
"2019-02-14",27850,45500,9330,4980,13150,18400,9670,5540,2070,2930,1286,1345
"2019-02-15",28100,45000,9470,5010,12900,18500,10050,5600,1980,2860,1253,1305
"2019-02-18",28300,44850,9510,5010,12950,18400,9930,5630,1980,2980,1272,1365
"2019-02-19",28850,44050,9400,5020,13000,18450,9660,5670,1965,2935,1243,1385
"2019-02-20",28600,44200,9330,5050,13100,18300,9530,5650,1925,3020,1238,1390
"2019-02-21",28050,43350,9020,5200,12700,18350,9000,5660,1915,2985,1238,1480
"2019-02-22",28450,44000,9050,5120,12850,18400,9000,5740,1885,2975,1219,1465
"2019-02-25",27950,45000,8950,5020,13050,18650,8840,5840,1895,3170,1234,1505
"2019-02-26",29200,44250,9320,5100,12850,18650,8990,5980,1930,3150,1229,1440
"2019-02-27",29500,43000,9320,5020,13000,18450,9010,6000,1930,3095,1248,1460
"2019-02-28",25900,41600,7310,4995,12700,17700,8010,5800,1740,2900,1152,1395
"2019-03-04",24050,43900,7050,5020,13350,17550,7780,5830,1720,3020,1191,1385
"2019-03-05",24150,43600,7010,5060,14150,17750,7840,5800,1715,3030,1191,1400
"2019-03-06",23150,44000,6740,5040,14150,17650,7620,5780,1705,2920,1200,1350
"2019-03-07",22350,44250,6400,4955,14350,17550,7230,6020,1655,2910,1186,1365
"2019-03-08",21950,44000,6350,4980,14000,17500,7340,6000,1635,2875,1148,1420
"2019-03-11",21900,45700,6420,4980,13950,17400,7280,5900,1610,2815,1129,1300
"2019-03-12",22500,46700,6710,4975,13900,17600,7420,5920,1660,2815,1195,1320
"2019-03-13",22550,47500,6620,4970,13900,17500,7270,5880,1670,2825,1167,1300
"2019-03-14",22550,46700,6760,4960,13800,17700,7600,5880,1705,2910,1167,1305
"2019-03-15",21300,46800,6280,5000,13800,17450,7260,5740,1655,2910,1143,1285
"2019-03-18",22100,45100,6390,4950,14350,17750,7450,5740,1690,2945,1143,1305
"2019-03-19",22300,44950,6490,4930,14800,17600,7580,5790,1680,2940,1124,1265
"2019-03-20",22250,45300,6450,4890,14950,17650,7430,5770,1680,2920,1129,1185
"2019-03-21",21700,44150,6340,4885,14900,17550,7360,5740,1650,2855,1090,1200
"2019-03-22",21850,45000,6390,4875,14700,17500,7260,5710,1645,2880,1119,1275
"2019-03-25",22550,43250,6490,4800,14800,17300,7290,5600,1625,2810,1076,1255
"2019-03-26",22350,43400,6410,4845,15600,17250,7250,5770,1650,2880,1095,1265
"2019-03-27",22050,42600,6310,4835,16650,17250,7280,5720,1710,2905,1090,1310
"2019-03-28",21900,41950,6250,4760,16300,17300,7210,5530,1715,2855,1085,1305
"2019-03-29",23250,43300,6670,4800,16950,17250,7560,5470,1765,2890,1095,1335
"2019-04-01",23450,43900,6730,4810,17450,17250,7640,5490,1845,2940,1114,1735
"2019-04-02",23350,43750,6750,5100,17800,17400,7620,5630,1865,2960,1109,1825
"2019-04-03",23650,44000,6880,5240,17900,17450,7770,5610,1850,2960,1129,1815
"2019-04-04",23350,42750,6770,5330,17750,17400,7730,5600,1860,3010,1124,1755
"2019-04-05",23950,42600,6960,5400,18450,17400,7830,5580,1870,3005,1133,1700
"2019-04-08",23800,42300,6890,5870,19400,17600,7800,5610,1820,3000,1129,1730
"2019-04-09",23700,44300,6890,6140,19200,17600,7800,5590,1810,3000,1119,1720
"2019-04-10",23850,44750,6880,6280,20850,17550,7730,5640,2030,3000,1119,1705
"2019-04-11",24100,44200,7090,6470,20950,17700,7810,5640,2065,3050,1138,1790
"2019-04-12",23350,43750,6750,6430,22250,18050,7620,5560,1985,3075,1148,1760
"2019-04-15",23400,43750,6740,6330,23100,18000,7640,6200,2210,3100,1138,1715
"2019-04-16",23450,41600,6730,6230,23150,17850,7610,6060,2360,3040,1157,1735
"2019-04-17",22950,42500,6550,6170,23900,18050,7630,5850,2255,3025,1152,1800
"2019-04-18",22750,42150,6420,6190,24700,17650,7550,5760,2290,3045,1129,1750
"2019-04-19",22800,42250,6420,6190,23300,17800,7550,5790,2345,3090,1157,1770
"2019-04-22",22750,41000,6440,6220,22000,17900,7540,5800,2330,3105,1152,1760
"2019-04-23",22800,40700,6410,6210,22350,17750,7430,5750,2140,3220,1167,1680
"2019-04-24",22550,41050,6360,6150,22650,17900,7320,5880,2125,3110,1176,1640
"2019-04-25",22100,40900,6330,6060,25250,17950,7250,5860,2015,3105,1133,1625
"2019-04-26",22350,39950,6310,6090,25750,18000,7230,5770,2025,3090,1148,1560
"2019-04-29",21800,42100,6110,6110,26000,18000,7210,5820,2030,3140,1148,1595
"2019-04-30",21700,41950,6080,6120,25750,17950,7200,5880,2130,3050,1148,1545
"2019-05-02",21450,41900,6120,6190,25800,18100,7300,5880,2180,3075,1152,1520
"2019-05-03",20900,43000,6080,6170,25450,18150,7250,5830,2165,3090,1157,1550
"2019-05-07",20300,41750,5920,6180,25100,17950,7150,5750,2140,3175,1195,1545
"2019-05-08",20400,39800,5960,6190,24300,17950,7160,5750,2175,3185,1172,1505
"2019-05-09",19800,39200,5750,6000,23200,17750,6920,5670,2000,3030,1124,1370
"2019-05-10",19100,39000,5680,5730,22000,17650,6920,5600,2010,3040,1100,1355
"2019-05-13",18950,38150,5630,5500,21100,17450,6900,5570,2100,3060,1100,1405
"2019-05-14",18700,38300,5650,5730,21650,17300,6940,5500,2010,2970,1105,1405
"2019-05-15",19050,39050,5740,5780,21850,17150,7100,5620,2070,2945,1133,1420
"2019-05-16",19450,39150,5690,5670,21500,17200,6700,5600,1960,2955,1119,1375
"2019-05-17",19800,38800,5810,5620,21750,17150,6720,5600,1960,2940,1143,1285
"2019-05-20",19450,39350,5680,5560,21700,16900,6800,5560,1820,2945,1119,1235
"2019-05-21",19300,39100,5640,5370,21550,17150,6750,5550,1850,2975,1119,1240
"2019-05-22",19450,38750,5680,5290,22500,16950,6760,5580,1895,2985,1148,1245
"2019-05-23",19100,38350,5410,5250,22450,17000,6570,5520,1850,2945,1167,1230
"2019-05-24",18850,37300,5140,5350,20150,16850,6510,5510,1840,2835,1109,1190
"2019-05-27",19400,37850,5280,5200,20950,16650,6420,5500,1845,2800,1105,1190
"2019-05-28",20300,37500,5530,5390,21350,16700,6520,5500,1870,2830,1124,1200
"2019-05-29",19600,37550,5630,5430,21200,16900,6400,5480,1780,2800,1129,1165
"2019-05-30",19150,40500,5450,5490,20950,16800,6300,5470,1770,2720,1138,1115
"2019-05-31",19200,39800,5550,5610,21050,17000,6480,5430,1795,2795,1167,1130
"2019-06-03",19150,40300,5550,5350,20850,16950,6430,5360,1800,2860,1176,1120
"2019-06-04",19250,40450,5630,5240,20950,16800,6630,5400,1830,2830,1191,1090
"2019-06-05",19000,40150,5730,5260,21300,17000,6700,5490,1860,2835,1186,1145
"2019-06-07",19300,40500,5840,5410,21400,17100,6690,5560,1875,2865,1195,1200
"2019-06-10",20150,40550,6050,5380,23350,17100,6690,5570,1870,2880,1253,1195
"2019-06-11",20250,41750,6180,5490,22800,17100,6880,5640,1985,2915,1253,1190
"2019-06-12",21400,42050,6280,5490,22200,17150,6870,5690,1970,2915,1406,1180
"2019-06-13",21500,41500,6340,5440,22750,17150,6910,5730,2030,2925,1358,1215
"2019-06-14",21600,40450,6370,5340,22650,17100,7010,5740,2000,2930,1291,1220
"2019-06-17",21650,39300,6280,5470,25850,17100,6970,5660,2000,2925,1291,1210
"2019-06-18",21550,40600,6300,5490,24500,16900,6850,5690,1960,2900,1325,1250
"2019-06-19",21950,40800,6600,5450,24550,17300,6990,5610,2030,2880,1272,1235
"2019-06-20",21700,40700,6600,5470,25400,17300,7020,5660,2020,2965,1358,1220
"2019-06-21",21250,39200,6490,5460,25550,17150,6930,5600,2005,2925,1315,1225
"2019-06-24",22100,40750,6700,5360,25900,17350,6980,5630,2110,2865,1334,1190
"2019-06-25",21650,40250,6500,5340,26100,18000,7030,5770,2100,2865,1329,1230
"2019-06-26",21700,39850,6500,5330,26100,17800,7030,5690,2010,2920,1205,1220
"2019-06-27",21300,40400,6330,5390,25800,17500,6880,5600,1990,3070,1186,1195
"2019-06-28",21050,40350,6280,5390,25650,17500,6800,5700,1950,3080,1205,1175
"2019-07-01",22300,41500,6510,5320,25200,17550,7020,5740,2035,3040,1195,1165
"2019-07-02",21800,41800,6350,5350,25200,17450,7050,5750,2100,3000,1215,1155
"2019-07-03",20700,41600,5970,5420,24950,17500,7000,5850,2150,2975,1195,1135
"2019-07-04",20700,41700,5960,5370,24650,17350,6860,5850,2065,2975,1195,1115
"2019-07-05",20800,40500,5990,5300,24250,17450,6800,5750,2035,3050,1224,1150
"2019-07-08",19750,38450,5600,4980,23700,16900,6360,5640,1880,2960,1129,1100
"2019-07-09",19200,37900,5440,4915,24000,17200,6310,5550,1875,3005,1095,1075
"2019-07-10",19200,38050,5470,4940,24000,17000,6420,5600,1860,2980,1100,1110
"2019-07-11",19900,38800,5720,4975,24000,17450,6620,5620,1915,2935,1133,1085
"2019-07-12",19800,38850,5750,5070,23950,17150,6550,5630,1890,2950,1152,1065
"2019-07-15",19650,38350,5650,5040,23600,17100,6550,5540,1800,3010,1129,1005
"2019-07-16",19700,38750,5590,4980,22900,17100,6500,5490,1800,2975,1109,990
"2019-07-17",19050,38050,5380,4975,22050,17100,6350,5480,1760,2980,1076,935
"2019-07-18",18650,40800,5290,4945,22100,17350,6270,5480,1840,3035,1090,925
"2019-07-19",18950,40250,5400,4920,22350,17400,6350,5530,1820,2955,1105,935
"2019-07-22",18800,40000,5360,4935,22300,17200,6420,5560,1825,2955,1105,908
"2019-07-23",18750,40000,5290,4885,21550,17100,6310,5560,1800,2875,1100,914
"2019-07-24",18350,40100,5120,4850,21400,16750,6180,5520,1800,2860,1090,901
"2019-07-25",17750,39000,5060,4845,21300,16750,6040,5380,1740,2785,1090,869
"2019-07-26",17400,38600,4885,4790,20900,16600,5900,5420,1720,2755,1085,838
"2019-07-29",16250,37000,4550,4660,19600,16150,5480,5090,1625,2645,1009,797
"2019-07-30",16500,37600,4785,4775,20300,16500,5870,5100,1680,2745,1028,824
"2019-07-31",16600,37650,4835,4680,20200,16500,5900,5130,1700,2715,1047,826
"2019-08-01",16100,35750,4720,4700,20400,16450,5900,5120,1710,2715,1033,791
"2019-08-02",16100,35700,4695,4730,20550,16150,5670,5160,1695,2750,1019,787
"2019-08-05",14850,34550,4130,4555,19350,15600,5320,4805,1520,2610,917,665
"2019-08-06",14650,34450,4095,4500,18600,15350,5270,4390,1520,2620,900,487
"2019-08-07",15050,35300,4290,4600,18800,15400,5460,4400,1540,2620,935,552
"2019-08-08",15500,35950,4530,4695,19600,15450,5710,4600,1610,2675,985,611
"2019-08-09",15600,35550,4530,4890,20100,15850,5800,4640,1650,2685,995,623
"2019-08-12",15950,36000,4695,4940,20500,15550,6010,4670,1710,2765,1009,644
"2019-08-13",15750,36300,4660,4880,21300,15950,6020,4635,1675,2695,1009,631
"2019-08-14",15950,38150,4760,4870,21100,15900,6040,4750,1690,2805,1009,645
"2019-08-16",15900,40250,4765,4850,20000,15650,5990,4670,1700,2700,985,645
"2019-08-19",16950,40200,4990,4815,20200,15950,6250,4690,1715,2825,995,648
"2019-08-20",17050,39200,5020,4810,20050,15800,6250,4680,1720,2825,1023,657
"2019-08-21",17050,40850,5020,4730,20350,15700,6250,4705,1730,2835,1033,665
"2019-08-22",16750,40350,5010,4720,20500,15700,6150,4745,1705,2770,1033,713
"2019-08-23",16550,40250,4870,4650,20350,15600,5980,4725,1680,2775,1033,680
"2019-08-26",16300,39450,4540,4540,19450,15400,5820,4560,1605,2670,971,629
"2019-08-27",16250,39950,4750,4560,19800,15650,5880,4620,1640,2660,1004,632
"2019-08-28",16800,40500,5000,4580,19600,15650,5990,4630,1660,2730,1004,630
"2019-08-29",16600,38550,4970,4650,21350,15600,5960,4635,1650,2700,999,620
"2019-08-30",17150,39800,5200,4700,22200,15700,5960,4690,1730,2760,1019,671
"2019-09-02",17050,39850,5070,4670,23350,15700,6000,4690,1710,2800,1028,670
"2019-09-03",17450,39100,5120,4590,23550,15700,5990,4680,1725,2800,1033,671
"2019-09-04",17500,39950,5100,4575,23600,15700,5890,4725,1790,2810,1052,685
"2019-09-05",17400,42500,5150,4440,23550,15550,6050,4735,1780,2865,1038,684
"2019-09-06",17400,41750,5090,4455,23350,15550,5990,4730,1745,2765,1038,673
"2019-09-09",17250,41000,5080,4375,23050,15400,5930,4715,1800,2805,1047,650
"2019-09-10",18600,40800,6140,4385,23500,15650,6290,4700,1830,2820,1047,660
"2019-09-11",18850,39900,6310,4395,23800,15700,6300,4705,1835,2790,1114,667
"2019-09-16",19950,40000,6710,4390,24400,15800,6600,4720,1895,2830,1143,692
"2019-09-17",19900,41800,6470,4390,24450,15850,6510,4880,1850,2820,1124,645
"2019-09-18",20250,41600,6620,4460,24550,15800,6490,4910,1865,2830,1109,626
"2019-09-19",20050,43100,6640,4455,24550,15750,6350,4930,1855,2850,1148,645
"2019-09-20",20550,43700,6850,4405,24550,15850,6350,4980,1850,2900,1148,637
"2019-09-23",20800,43000,7120,4400,24450,15700,6450,4825,1915,2935,1157,626
"2019-09-24",20650,41800,6890,4375,24350,15800,6450,4840,1895,2955,1143,631
"2019-09-25",19450,42500,6370,4335,23650,15600,6080,4785,1795,2790,1119,620
"2019-09-26",19650,42950,6400,4330,23700,15800,6100,4790,1805,2760,1105,598
"2019-09-27",19650,43050,6440,4300,23250,15600,6020,4770,1795,2730,1100,602
"2019-09-30",19500,42200,6450,4365,23200,15500,5910,4745,1760,2775,1114,575
"2019-10-01",19400,43250,6360,4510,23150,15650,5910,4790,1755,2780,1138,589
"2019-10-02",19750,42600,6670,4450,23300,15650,6000,4800,1760,2870,1095,585
"2019-10-04",19400,42300,6500,4350,22950,15550,5940,4770,1715,2830,1100,589
"2019-10-07",17800,42900,5310,4290,22850,15450,5790,4720,1660,2785,1042,574
"2019-10-08",18450,43750,5470,4230,22650,15500,5780,4760,1670,2830,1052,555
"2019-10-10",18400,41100,5470,4230,22350,15600,5710,4760,1680,2775,1057,551
"2019-10-11",18300,41750,5610,4235,22400,15500,5770,4810,1765,2790,1042,590
"2019-10-14",18900,42650,5920,4220,22750,15550,5840,4820,1750,2805,1066,594
"2019-10-15",18750,44600,5870,4215,22750,15600,5820,4845,1740,2790,1071,591
"2019-10-16",18750,44400,5920,4235,22600,15750,5770,4860,1740,2800,1095,577
"2019-10-17",18400,44050,5810,4280,22350,15600,5730,4825,1740,2790,1085,582
"2019-10-18",18400,43000,5870,4325,22400,15700,5850,4860,1725,2815,1095,607
"2019-10-21",17600,44100,5630,4245,22350,15550,5740,4870,1680,2775,1119,582
"2019-10-22",18100,44250,5980,4225,22850,15600,5720,5460,1680,2760,1124,565
"2019-10-23",17250,44100,5650,4180,22850,15600,5500,5290,1655,2755,1100,560
"2019-10-24",17650,43800,5870,4180,22500,15600,5590,5320,1645,2730,1095,544
"2019-10-25",17500,43350,5720,4150,22550,15600,5560,5230,1625,2710,1085,545
"2019-10-28",16550,42650,5650,4160,22600,15550,5480,5130,1625,2740,1100,537
"2019-10-29",16600,42450,5760,4170,22400,15600,5560,5130,1640,2715,1205,516
"2019-10-30",16250,41300,5540,4160,22350,15650,5510,5020,1630,2720,1157,532
"2019-10-31",16100,41800,5640,4150,22300,15650,5450,5100,1615,2730,1152,538
"2019-11-01",15950,42000,5770,4195,22250,16950,5460,5110,1620,2705,1162,541
"2019-11-04",16100,43150,5840,4175,22850,17250,5460,5130,1655,2740,1167,517
"2019-11-05",16700,42400,5860,4175,22900,16500,5580,5080,1690,2700,1157,533
"2019-11-06",16700,42350,6090,4200,22950,16500,5630,5080,1700,2690,1172,560
"2019-11-07",16400,41500,5920,4385,23150,16100,5780,5120,1675,2740,1133,555
"2019-11-08",16900,42700,6100,4375,23200,16150,5800,5130,1690,2755,1172,583
"2019-11-11",16350,42200,5900,4260,23300,17250,6250,5080,1685,2800,1186,585
"2019-11-12",16200,43450,5900,4295,23300,17250,6530,5110,1690,2805,1181,760
"2019-11-13",16050,42900,5910,4220,23350,17400,6690,5070,1700,2820,1162,880
"2019-11-14",16450,43900,5970,4220,23400,17350,6560,5020,1685,2825,1172,1140
"2019-11-15",16400,44750,6030,4220,23750,17200,6660,5020,1700,2825,1172,896
"2019-11-18",16850,43850,6190,4230,23750,16950,6480,5080,1720,2935,1195,914
"2019-11-19",16400,44550,6010,4205,23750,16700,6620,5040,1690,2820,1210,860
"2019-11-20",16050,42900,5700,4125,23550,16650,6960,5000,1630,2835,1195,753
"2019-11-21",15300,42300,5380,4110,22850,16500,6830,4900,1610,2820,1148,978
"2019-11-22",14950,42750,5310,4105,23350,16550,6800,4845,1585,2815,1157,884
"2019-11-25",15000,43550,5380,4070,23250,16650,6830,4880,1620,2955,1229,938
"2019-11-26",15150,43100,5390,4130,23000,16600,6620,4985,1640,2970,1219,952
"2019-11-27",15300,43150,5150,4175,22600,16600,6460,5050,1625,2970,1152,923
"2019-11-28",15200,42750,5000,4125,22050,16600,6500,4970,1625,2950,1133,872
"2019-11-29",15150,42650,5040,4125,22300,16400,6190,4870,1620,2870,1062,833
"2019-12-02",14900,42750,4855,4140,22150,16400,6170,4840,1615,2875,1052,1000
"2019-12-03",15200,42850,5110,4130,21950,16400,6290,4790,1600,2830,1057,1075
"2019-12-04",14750,41800,4905,4090,21750,16100,6240,4800,1590,2840,1052,1035
"2019-12-05",14500,41750,4750,4085,21400,15950,6230,4780,1570,2800,1004,984
"2019-12-06",14750,43350,4930,4115,21750,16050,6470,4770,1570,2840,1028,945
"2019-12-09",14700,42800,4970,4055,21400,16050,6730,4760,1535,2865,1042,972
"2019-12-10",14800,41400,4830,4060,21100,16050,6650,4755,1510,2870,1052,935
"2019-12-11",15000,42500,4945,4065,21100,16000,6700,4745,1525,2870,1057,881
"2019-12-12",15450,43450,5100,4170,21050,15900,6460,4770,1550,2860,1062,944
"2019-12-13",15550,43500,5150,4190,20950,16150,6560,4810,1585,2875,1071,926
"2019-12-16",15600,44000,5190,4370,20750,16200,6500,4855,1585,2885,1081,947
"2019-12-17",15300,44850,5100,4370,21700,16450,6840,4920,1615,2885,1057,959
"2019-12-18",15950,44850,5380,4400,22200,16500,6560,4935,1575,2885,1066,1065
"2019-12-19",15850,44850,5290,4450,22450,16250,7270,4895,1570,2980,1066,1015
"2019-12-20",15900,44350,5290,4855,22300,16700,7120,4945,1570,3155,1062,957
"2019-12-23",15550,44900,5080,4960,22150,17200,6720,4940,1545,3130,1033,955
"2019-12-24",15500,44700,5070,4930,21900,16700,6670,4920,1530,3130,1038,930
"2019-12-26",15650,47100,5340,5030,23000,16700,6860,4900,1520,3180,1038,940
"2019-12-27",15700,46750,5300,4890,23350,16600,6900,4925,1555,3155,1042,930
"2019-12-30",15600,46250,5240,4970,23400,16600,6960,4920,1555,3175,1066,882
"2020-01-02",15450,45200,5230,5050,23650,16650,7030,5010,1580,3170,1105,910
"2020-01-03",15450,44600,5210,5100,24000,16800,6900,5000,1590,3250,1114,900
"2020-01-06",14950,43450,4990,5030,24150,16400,6510,4880,1535,3125,1205,891
"2020-01-07",15050,43350,5110,5030,24150,16500,6600,4950,1525,3140,1200,880
"2020-01-08",14300,42650,4820,4935,23900,15650,6200,4880,1425,3050,1129,820
"2020-01-09",15400,44550,5300,4960,24100,15950,6500,4895,1495,3145,1181,857
"2020-01-10",15600,45000,5370,4940,24100,16100,6550,4900,1505,3160,1167,871
"2020-01-13",17250,44050,5460,4860,24200,16450,6800,4930,1530,3210,1205,885
"2020-01-14",17150,43050,5310,4860,24250,16400,6740,5010,1540,3165,1229,883
"2020-01-15",17450,43500,5520,4880,24250,16300,6820,5040,1565,3155,1234,913
"2020-01-16",16600,43900,5400,4950,24200,16300,6680,5050,1540,3165,1258,908
"2020-01-17",16250,44050,5440,4875,24050,16900,6740,5020,1525,3150,1219,939
"2020-01-20",16200,43650,5300,4740,23800,16700,6400,5050,1525,3155,1167,882
"2020-01-21",16300,42750,5300,4850,23950,16600,6380,5070,1505,3125,1148,891
"2020-01-22",16150,43850,5320,4855,23950,16600,6430,5150,1510,3125,1172,892
"2020-01-23",16100,43850,5330,4960,24000,16500,6390,5170,1500,3120,1195,863
"2020-01-28",15000,41400,5020,4745,23700,15750,5950,5000,1425,3035,1167,798
"2020-01-29",14950,41800,5000,4900,23800,15850,6070,4970,1445,3075,1181,833
"2020-01-30",14400,41300,4825,4850,23800,15450,5980,4950,1420,2980,1133,825
"2020-01-31",14250,40800,4700,4905,23750,15500,5600,6430,1395,2985,1076,781
"2020-02-03",14200,40700,4655,4840,23400,15350,5830,5620,1455,2975,1085,773
"2020-02-04",14550,41450,4875,4855,23600,15450,6130,5710,1470,3035,1105,783
"2020-02-05",14600,40900,4845,4935,23750,15700,6160,5620,1500,3050,1114,780
"2020-02-06",15050,42700,4945,4990,23750,15850,6200,5470,1585,3055,1143,784
"2020-02-07",15100,43200,5010,5080,23700,15850,6280,5380,1685,3095,1162,756
"2020-02-10",15850,42000,5200,5080,23550,16000,6180,5490,1675,3135,1167,744
"2020-02-11",15600,42800,5060,5140,23750,16050,6240,5560,1775,3165,1172,735
"2020-02-12",15550,42800,4950,5120,23750,15950,6290,5470,1750,3200,1162,755
"2020-02-13",15400,42050,4925,5140,23750,16000,6190,5480,1700,3215,1162,746
"2020-02-14",15700,41850,4955,5100,23800,16300,6190,5480,1715,3165,1181,733
"2020-02-17",15800,42450,4875,4920,23850,16300,6140,5470,1745,3145,1186,714
"2020-02-18",15450,42500,4730,4965,24150,15950,6070,5430,1675,3145,1157,708
"2020-02-19",15350,41900,4680,4905,24350,15850,6030,5360,1730,3160,1162,700
"2020-02-20",14950,42300,4560,4855,24650,15950,5970,5230,1765,3150,1172,675
"2020-02-21",14450,41350,4410,4840,24500,15450,5990,5260,2040,3070,1129,638
"2020-02-24",13600,39000,4080,4595,24050,15100,5750,5090,2650,3010,1038,620
"2020-02-25",14000,39450,4320,4525,24200,15150,5990,5120,2205,3080,1066,697
"2020-02-26",14000,39050,4280,4370,24050,15050,5970,5020,2260,3170,1052,695
"2020-02-27",13700,38300,4180,4245,24000,14900,5950,4830,2220,3130,1019,640
"2020-02-28",13200,36750,4030,4090,23150,14150,5750,4480,2125,3110,956,641
"2020-03-02",13250,39150,4175,4055,23100,14350,5810,4480,2035,3200,999,667
"2020-03-03",13550,39000,4235,4035,23100,14500,5800,4580,2085,3145,1009,668
"2020-03-04",13750,39250,4360,4150,23100,14500,5980,4650,2070,3200,1028,682
"2020-03-05",13900,39300,4425,4140,23350,14750,6030,4730,2020,3250,1057,690
"2020-03-06",13800,39100,4400,4070,23300,14400,5900,4590,1950,3170,1028,673
"2020-03-09",13250,36750,4115,3975,21750,14150,5690,4400,1895,2975,990,638
"2020-03-10",13050,38200,4235,3940,20850,14050,5560,4330,1910,2945,990,642
"2020-03-11",12500,36350,4095,3815,19550,13700,5250,4115,2115,2765,945,589
"2020-03-12",11350,34800,3710,3650,17750,12900,5150,3760,1980,2580,856,536
"2020-03-13",10500,32750,3310,3525,18050,11850,4750,3430,1680,2420,781,491
"2020-03-16",10200,32000,3040,3415,17300,11550,4800,3375,1555,2310,730,461
"2020-03-17",10350,34550,3105,3145,17200,11600,4660,3340,1515,2680,746,430
"2020-03-18",9930,29700,2940,2895,17200,11300,4670,3325,1480,2495,695,440
"2020-03-19",8850,27500,2500,2110,16550,9980,4310,3000,1460,2215,574,400
"2020-03-20",9700,32450,2760,2040,16100,11050,4530,3000,1520,2330,625,420
"2020-03-23",9290,28650,2650,1970,14250,11150,4200,2680,1380,2160,596,418
"2020-03-24",10100,30300,2870,2160,15300,11650,4380,2800,1445,2290,624,430
"2020-03-25",10950,31250,3165,2440,16150,12150,4460,2925,1530,2340,669,441
"2020-03-26",10800,30200,3130,2655,15850,12500,4560,3105,1535,2290,685,468
"2020-03-27",10800,31200,3175,2825,16000,12950,4560,3140,1535,2320,686,466
"2020-03-30",10750,31200,3310,2830,17500,12950,4725,3280,1670,2440,710,493
"2020-03-31",12450,31250,4050,2950,18050,13100,4935,3360,1780,2515,756,523
"2020-04-01",11600,29850,3725,2850,17700,12900,4930,3360,1780,2515,765,509
"2020-04-02",11900,30900,3760,2830,17500,12900,4970,3410,1850,2515,831,516
"2020-04-03",11800,30550,3800,2820,17250,12900,5080,3435,1900,2535,816,517
"2020-04-06",12000,32300,3865,2860,17900,12900,5090,3440,1990,2670,827,529
"2020-04-07",12500,32950,4010,3075,18500,13050,5080,3600,1875,2640,849,555
"2020-04-08",12100,34000,3950,3555,18600,13450,5040,3655,1915,2700,859,584
"2020-04-09",12200,34050,3985,3540,18850,13450,5070,3650,1945,2735,870,671
"2020-04-10",12150,33550,3925,3615,18900,13950,4980,3620,1840,2720,861,615
"2020-04-13",11900,32000,3910,3430,18500,13450,4950,3500,1950,2595,888,585
"2020-04-14",12500,32150,4150,3425,18550,13950,5080,3590,2030,2755,875,601
"2020-04-16",14200,32600,5260,3440,18550,14100,5260,3690,2325,2895,868,595
"2020-04-17",13950,34300,5080,3480,19350,14100,5400,3750,2185,2970,918,615
"2020-04-20",16950,34450,6270,3545,19150,14500,6010,3845,2190,3005,918,618
"2020-04-21",17900,33350,6330,3480,18900,13900,5580,3715,2060,2955,894,620
"2020-04-22",18250,33850,6100,3440,18750,14100,5920,3725,2090,3005,897,614
"2020-04-23",17600,33450,6090,3540,18850,14200,5710,3920,2115,2945,928,623
"2020-04-24",17300,33350,6150,3525,18950,14200,5400,3885,2125,3020,892,614
"2020-04-27",17950,34750,6290,3590,19300,14500,5440,4045,2155,2995,912,641
"2020-04-28",18150,34550,6180,3595,19350,14550,5570,3980,2130,3000,909,647
"2020-04-29",18000,34950,6390,3735,19850,14550,5580,3945,2175,3110,943,719
"2020-05-04",17650,33750,6480,3790,19800,14350,5660,3875,2320,3100,1009,691
"2020-05-06",18050,33600,6910,3815,19850,14500,5700,3830,2265,3100,1066,697
"2020-05-07",18000,34800,6870,3840,20300,14500,5710,3900,2300,3150,1081,710
"2020-05-08",18500,36700,7120,3830,20600,14550,5710,4000,2300,3150,1071,660
"2020-05-11",17500,35500,6470,3815,20750,14400,5560,4040,2415,3110,1047,686
"2020-05-12",17500,34800,6450,3805,20500,14400,5560,3900,2320,3060,1028,663
"2020-05-13",18000,34800,6260,3745,20500,14450,5520,3920,2315,2995,1057,673
"2020-05-14",16900,34600,6080,3790,20400,14250,5390,3805,2335,2870,1028,652
"2020-05-15",16100,36100,5860,3910,20400,14550,5360,3790,2250,2975,1023,647
"2020-05-18",15850,36350,5800,3785,20300,14500,5270,3800,2335,2980,1028,665
"2020-05-19",16250,36600,5990,3810,20250,14550,5360,3875,2270,2980,1033,670
"2020-05-20",16800,37350,6080,3860,20200,14550,5550,3890,2290,3040,1042,686
"2020-05-21",16700,37600,5980,3855,20650,14650,5600,3910,2280,3055,1028,688
"2020-05-22",16350,35750,5890,3845,20300,14550,5490,3880,2180,3030,1038,664
"2020-05-25",16100,36000,5870,3850,20200,14450,5450,3880,2200,3030,1042,681
"2020-05-26",16550,36700,6050,3855,20200,14550,5540,3900,2175,3025,1038,710
"2020-05-27",16550,35800,6050,3835,20200,14650,5560,3980,2190,3035,1042,697
"2020-05-28",16050,35700,5880,3775,20000,14750,5450,3960,2155,3060,1019,678
"2020-05-29",15750,35400,5850,3745,19800,14700,5450,3930,2115,3140,1042,661
"2020-06-01",16000,36500,5960,3690,20100,14900,5550,3980,2120,3195,1085,668
"2020-06-02",16000,36850,6010,3695,20500,15100,5520,4025,2125,3215,1076,688
"2020-06-03",16050,36700,6010,3570,20450,15050,5500,4060,2125,3235,1057,668
"2020-06-04",16000,37000,6030,3550,20550,15100,5480,4110,2160,3200,1066,663
"2020-06-05",16350,37400,6150,3545,20450,15300,5510,4140,2250,3195,1081,667
"2020-06-08",15650,37650,5890,3510,20500,15800,5470,4170,2205,3185,1062,678
"2020-06-09",14900,37000,5520,3500,20500,15700,5440,4155,2125,3180,1062,671
"2020-06-10",15200,36750,5410,3450,20500,15950,5300,4145,2080,3110,1042,661
"2020-06-11",15400,36150,5380,3560,20150,16350,5170,4105,2045,3040,1023,653
"2020-06-12",15050,35000,5440,3390,20100,16100,5120,4000,1985,3005,995,635
"2020-06-15",13500,32200,4730,3100,18850,15950,4850,3790,1800,2915,945,592
"2020-06-16",15100,33600,5480,3160,19100,16000,4975,3935,1910,3010,971,635
"2020-06-17",14250,34000,4985,3125,19500,16000,4875,3890,1890,3010,961,636
"2020-06-18",14150,33900,5120,3140,19550,15850,4805,3835,1940,3035,966,603
"2020-06-19",14650,32650,5510,3170,19600,15950,4850,3770,1915,3100,966,599
"2020-06-22",14500,32700,5290,3130,19650,15950,4735,3705,1885,3060,954,611
"2020-06-23",14450,33450,5010,3100,19500,15900,4715,3680,1945,3020,955,635
"2020-06-24",16900,33900,6510,3100,19350,15950,4940,3720,1930,3030,955,653
"2020-06-25",15550,32950,6470,3045,19600,15300,4900,3675,1900,2970,947,650
"2020-06-26",15300,33900,6080,2940,19450,15600,4855,3670,2030,3020,933,650
"2020-06-29",15150,32750,6100,2830,19100,15500,4765,3645,1920,3045,909,592
"2020-06-30",15350,32700,6120,2860,18950,15600,4840,3685,1875,3100,899,590
"2020-07-01",15750,33000,6470,2835,18900,15500,4780,3700,1850,3185,917,574
"2020-07-02",16100,33000,6450,2895,18800,15650,4845,3790,1865,3240,920,576
"2020-07-03",16750,33000,7490,3155,19450,15700,4910,3835,1865,3225,938,584
"2020-07-06",16900,33900,7480,3395,19500,15650,5060,3895,1880,3185,941,588
"2020-07-07",16300,33450,7160,3370,19400,15700,4990,3880,1860,3300,938,603
"2020-07-08",16650,33400,7340,3340,19400,15700,4990,3895,1845,3970,942,612
"2020-07-09",16300,33750,6970,3330,19250,15650,5170,3915,1850,3655,961,615
"2020-07-10",15900,32850,6800,3265,19100,15650,5140,3915,1845,3570,956,600
"2020-07-13",16050,33250,6830,3290,19250,15850,5120,3850,1900,3815,966,605
"2020-07-14",15900,33400,6520,3210,19450,15850,5060,3885,1885,4125,995,611
"2020-07-15",15800,33900,6610,3260,19450,16100,5070,3920,1935,3765,990,614
"2020-07-16",15600,33600,6630,3355,19350,16600,5090,3910,1920,3930,995,617
"2020-07-17",15900,33750,6960,3400,19250,16350,5070,3940,2005,4180,1019,603
"2020-07-20",15600,34750,7070,3580,18950,16250,5000,3915,1935,5430,1042,591
"2020-07-21",15800,34350,7040,3565,19100,16150,5000,3915,1925,5580,1004,591
"2020-07-22",15700,33900,6900,3540,20750,16300,4975,3880,1940,5660,990,584
"2020-07-23",15350,34000,6670,3380,21500,16400,4930,3825,1925,5230,966,571
"2020-07-24",15700,33650,6530,3300,21500,16200,4995,3750,1925,5280,961,557
"2020-07-27",16000,33950,6800,3310,21400,16350,5000,3765,1915,5350,956,568
"2020-07-28",17600,35100,6860,3280,20750,16400,4975,3710,1900,5380,956,566
"2020-07-29",17550,34750,6880,3260,20200,16600,4975,3695,1910,5430,956,559
"2020-07-30",18350,35850,7000,3230,20750,16550,4870,3660,1905,5550,956,560
"2020-07-31",18050,35200,7060,3190,20400,16600,4760,3610,1905,5460,953,555
"2020-08-03",17500,35650,6900,3180,20300,16550,4790,3525,1885,5350,949,550
"2020-08-04",17950,35250,6900,3240,20400,16550,4845,3530,1895,5100,956,550
"2020-08-05",17750,35300,6790,3225,20350,16700,4800,3480,1895,5010,951,552
"2020-08-06",17700,35450,7140,3225,20300,16600,4760,3500,1880,5070,953,557
"2020-08-07",17650,34900,6970,3225,21200,16550,4675,3550,1850,5250,948,533
"2020-08-10",17850,34550,7000,3240,21550,16500,4845,3555,1820,5120,937,540
"2020-08-11",18000,34250,6930,3270,21500,16600,4880,3605,1810,4835,938,542
"2020-08-12",16050,34500,6660,3265,23000,16550,4830,3575,1760,4830,931,533
"2020-08-13",16000,34800,6770,3305,24150,16500,4895,3660,1760,5200,937,530
"2020-08-14",16150,34450,6790,3360,22000,16400,4830,3655,1715,5430,927,515
"2020-08-18",14800,32900,6100,3125,20600,16050,4515,3500,1660,5070,880,499
"2020-08-19",14850,32950,6230,3140,20500,15500,4515,3530,1750,5300,897,503
"2020-08-20",15150,31050,5970,2960,19700,15050,4335,3430,1865,5100,861,653
"2020-08-21",15250,31550,6140,3015,20450,15200,4350,3420,1855,4975,870,645
"2020-08-24",15150,33600,6050,3030,20700,15250,4455,3370,1910,4995,867,604
"2020-08-25",15450,34200,6160,3060,22150,15450,4700,3430,1960,5040,903,703
"2020-08-26",15250,33750,6070,3150,22600,15700,4795,3500,2005,5040,905,714
"2020-08-27",14850,33150,5920,3120,22200,15600,4900,3445,2140,4955,899,659
"2020-08-28",15050,33100,6020,3135,21950,15750,4895,3430,2430,5080,898,669
"2020-08-31",15150,33150,6080,3130,21900,15800,4915,3430,2360,5110,907,672
"2020-09-01",15150,32700,6080,3135,21700,15900,4800,3430,2320,5180,906,723
"2020-09-02",15400,32650,6060,3150,22200,16000,4910,3430,2230,5070,903,718
"2020-09-03",15750,33250,6070,3130,22300,16000,4905,3470,2245,5240,910,871
"2020-09-04",15500,32200,5920,3110,22200,15800,4830,3500,2225,5340,908,1080
"2020-09-07",16250,32700,5950,3115,25350,15850,5190,3565,2220,5240,912,1050
"2020-09-08",16400,33450,6020,3120,24050,15950,5460,3605,2150,4890,907,1010
"2020-09-09",16300,33200,5940,3120,24450,15900,6310,3560,2145,4880,906,987
"2020-09-10",16500,36250,6050,3150,25600,15950,6050,3610,2170,4940,975,945
"2020-09-11",16750,35950,6180,3160,25300,16000,6340,3585,2165,4920,953,1005
"2020-09-14",17550,36050,6700,3180,25000,16300,6130,3595,2155,4755,980,1015
"2020-09-15",17200,36500,6570,3235,24400,16200,6170,3600,2150,4780,985,998
"2020-09-16",17100,35500,6640,3275,24950,16300,6390,3590,2145,4775,971,952
"2020-09-17",16750,35400,6640,3330,24550,16100,6310,3610,2295,4600,953,950
"2020-09-18",17000,36050,6790,3240,23850,16600,6010,3650,2220,4650,956,935
"2020-09-21",16250,35750,6320,3180,22900,16800,5820,3590,2190,4520,956,905
"2020-09-22",15550,34600,6560,3075,22100,16750,5460,3540,2095,4100,938,865
"2020-09-23",15450,36950,6430,3225,23050,17250,5290,3520,2195,4270,940,858
"2020-09-24",15000,36650,6170,3200,22500,17350,5170,3440,2050,4100,907,835
"2020-09-25",15650,36600,7380,3210,22650,17600,5230,3420,1935,4320,909,757
"2020-09-28",15750,38150,7030,3230,22900,18000,5340,3455,1940,4340,937,823
"2020-09-29",15950,38200,7020,3245,22900,18150,5380,3510,1965,4445,985,854
"2020-10-05",15950,37700,6580,3380,23350,19000,5570,3500,1935,4455,990,864
"2020-10-06",15850,36900,6400,3340,23350,20150,5520,3520,1950,4535,985,886
"2020-10-07",15800,37400,6390,3280,23850,20250,5900,3530,1980,4565,999,885
"2020-10-08",15800,36950,6460,3300,23500,21000,5930,3540,1970,4620,1004,879
"2020-10-12",16200,38100,6700,3310,23400,21300,5890,3635,1995,4590,1004,860
"2020-10-13",16050,39950,6670,3370,23250,22200,5950,3650,1945,4775,990,829
"2020-10-14",15700,39050,6400,3390,22950,22200,5720,3630,1920,4815,980,823
"2020-10-15",15750,37350,6500,3385,22650,21750,5600,3610,1900,4790,1019,804
"2020-10-16",16000,37600,6230,3445,22500,22000,5500,3595,1830,4515,1181,773
"2020-10-19",16100,38600,6090,3905,22400,22100,5680,3585,1800,4315,1100,780
"2020-10-20",15950,40500,6010,3695,22400,22700,5700,3545,1810,4330,1109,758
"2020-10-21",15950,40250,6120,3775,22650,22950,5780,3515,1865,4410,1076,810
"2020-10-22",15950,39850,6010,3755,22500,22750,5620,3490,1905,4345,1085,815
"2020-10-23",15700,38850,5990,3660,22300,23250,5360,3515,1915,4345,1052,830
"2020-10-26",15300,37050,5960,3570,22000,23500,5300,4250,1865,4370,1004,794
"2020-10-27",15150,36500,5900,3485,22000,23700,5550,3865,1885,4190,1004,780
"2020-10-28",15300,37500,5910,3585,22050,23800,5360,4000,1960,4265,1023,791
"2020-10-29",15100,37900,5910,3580,22000,24100,5200,4600,1970,4260,1019,1025
"2020-10-30",14900,36300,5740,3570,21750,23550,5080,4360,1895,4205,1038,1225
"2020-11-02",15050,36650,5700,3615,22100,23700,5110,4365,1970,4470,1062,1335
"2020-11-03",15350,37100,5890,3580,22350,23850,5160,4900,1990,4445,1076,1255
"2020-11-04",15900,37800,6740,4170,22350,24200,5220,4745,1935,4535,1052,1145
"2020-11-05",15600,37850,6000,4340,22650,24850,5280,5240,2000,4545,1066,1170
"2020-11-06",15400,38100,5850,4215,22450,24450,5270,5310,1985,4545,1057,1345
"2020-11-09",15950,38300,5900,4310,22900,24550,5370,5000,2070,4575,1124,1325
"2020-11-10",16050,37500,5890,4265,23600,24600,5510,5210,2050,4515,1095,1240
"2020-11-11",16050,37750,5960,4450,23500,25050,5610,5400,2065,4335,1148,1305
"2020-11-12",16100,37550,6020,4610,23550,25800,5600,5120,2115,4550,1124,1310
"2020-11-13",15800,37450,6040,4460,23950,26550,5520,4840,2155,4580,1114,1305
"2020-11-16",15850,39150,6030,4595,22550,29300,5490,5300,2155,4425,1109,1250
"2020-11-17",15600,37950,5970,4730,22950,28850,5530,4980,2075,4805,1081,1270
"2020-11-18",15600,37400,5980,4700,22500,27350,5500,5000,2125,4740,1114,1340
"2020-11-19",15550,37900,5950,4635,22500,27450,5440,4865,2140,4715,1119,1495
"2020-11-20",15650,38250,5990,4675,22650,26700,5460,4880,2300,4720,1143,1365
"2020-11-23",15700,38250,6010,4650,22400,26100,5500,4965,2270,4560,1124,1350
"2020-11-24",15900,38400,6010,4640,22500,26200,5540,4950,2200,4620,1162,1365
"2020-11-25",15650,37500,5940,4600,22300,25700,5530,5010,2150,4590,1124,1350
"2020-11-26",15650,37900,5930,4565,22000,27400,5430,4960,2225,4550,1114,1340
"2020-11-27",15650,38300,5990,4610,22450,27650,5400,5010,2215,4495,1124,1315
"2020-11-30",15800,37500,6000,4530,22350,27700,5330,5080,2390,4570,1157,1295
"2020-12-01",15950,37350,5970,4460,22150,27550,5340,5030,2325,4455,1186,1285
"2020-12-02",15900,37400,5950,4365,22000,27350,5340,5050,2275,4475,1162,1245
"2020-12-03",15750,37300,5890,4480,22050,27350,5350,5040,2340,4510,1167,1260
"2020-12-04",15600,37500,5890,4550,21800,26600,5300,5100,2400,4555,1143,1210
"2020-12-07",15400,37150,5820,4415,21350,26950,5230,4995,2315,4745,1138,1185
"2020-12-08",15350,37150,5780,4480,21150,27500,5160,4985,2240,5030,1162,1185
"2020-12-09",15600,37200,5850,4510,21300,27450,5240,4910,2255,4865,1162,1200
"2020-12-10",16300,37450,5920,4520,21200,27500,5240,5370,2235,5040,1167,1180
"2020-12-11",16300,36700,5930,4560,21500,27600,5230,5480,2225,4860,1234,1175
"2020-12-14",16250,36000,5820,4590,21450,27450,5150,5490,2340,4730,1215,1160
"2020-12-15",17050,36400,5740,4690,21250,27350,5140,5410,2265,4820,1315,1165
"2020-12-16",16850,37750,5750,4645,21550,26900,5140,5550,2375,4830,1348,1130
"2020-12-17",16400,39050,5780,4595,21550,26900,5110,5800,2310,4935,1463,1185
"2020-12-18",16850,38600,5820,4595,21650,26550,5140,5700,2325,4935,1406,1155
"2020-12-21",17050,38150,5720,4610,21850,26450,5180,5410,2265,6410,1444,1110
"2020-12-22",16500,37500,5500,4610,21500,26400,5070,5230,2190,7160,1372,1045
"2020-12-23",16350,37700,5420,4460,21450,26300,5130,5050,2125,6700,1439,1040
"2020-12-24",16650,37950,5430,4550,22000,26500,5130,5120,2170,7130,1392,1050
"2020-12-28",16450,39450,5630,4725,22250,26450,5000,4915,2170,7540,1315,1025
"2020-12-29",16800,38450,5730,4660,21650,27000,4995,5030,2280,7540,1445,1040
"2020-12-30",17200,38600,5780,4615,21700,26950,5020,5070,2290,7570,1425,1100
"2021-01-04",19650,39500,6020,4580,21500,27500,5080,5150,2240,8200,1500,1055
"2021-01-05",21650,40300,5980,4935,21350,28650,5100,5170,2310,8830,1445,1055
"2021-01-06",21900,39800,6270,4710,21200,28900,5090,5050,2265,11450,1435,1100
"2021-01-07",21700,40050,6190,4695,21150,28900,5150,5270,2285,14850,1430,1080
"2021-01-08",22350,40200,6240,4540,20900,29200,5060,5140,2320,15300,1430,1110
"2021-01-11",21000,40300,5880,4360,20300,29250,5400,5040,3015,14800,1355,1045
"2021-01-12",21100,39550,5850,4385,20050,29300,5370,5120,3915,15800,1370,1020
"2021-01-13",20650,39600,5820,4540,20300,29200,5340,5090,5080,20500,1430,1040
"2021-01-14",21000,39150,5850,4560,20300,29400,5560,5270,5080,24100,1410,1010
"2021-01-15",20350,39050,5750,4510,20150,29600,5460,5190,5290,24100,1380,989
"2021-01-18",19900,38000,5710,4485,19600,29350,5380,5220,4440,21550,1395,945
"2021-01-19",20800,38650,5900,4465,20200,29400,5460,5310,4805,21750,1430,970
"2021-01-20",20950,40000,5980,4510,20250,29450,5550,5330,4835,20900,1505,953
"2021-01-21",21950,39850,6020,4175,20250,28850,5630,5590,4605,21500,1480,972
"2021-01-22",21350,39100,5930,4210,20500,28000,5640,5690,4650,22400,1445,966
