"","105560","055550","086790","316140","024110","138930","139130","175330","006220"
"2016-01-25",29650,37650,20750,NA,11150,8370,8790,5270,8017
"2016-01-26",29000,37400,19950,NA,10850,8310,8450,5150,7987
"2016-01-27",29750,37850,20450,NA,11250,8260,8610,5080,7997
"2016-01-28",30300,38700,21100,NA,11450,8740,8870,5140,8474
"2016-01-29",30550,38600,21400,NA,11500,8990,8910,5160,8642
"2016-02-01",29900,39100,21100,NA,11600,9090,8730,5170,8821
"2016-02-02",29350,38000,21050,NA,11400,8760,8570,5100,9019
"2016-02-03",28450,36800,20450,NA,11000,8750,8370,5200,8702
"2016-02-04",28700,38150,21050,NA,11150,8860,8410,5210,8464
"2016-02-05",29350,39650,22300,NA,11750,9010,8400,5310,8325
"2016-02-11",28700,38650,20850,NA,11350,8490,7990,5090,8186
"2016-02-12",28400,38650,20550,NA,11100,8280,7840,5110,8087
"2016-02-15",29650,40000,21700,NA,11750,8650,8010,5160,8305
"2016-02-16",29500,39950,21850,NA,11800,8710,8090,5200,8116
"2016-02-17",31300,40600,22600,NA,12200,8950,8350,5290,8146
"2016-02-18",30650,40000,22700,NA,12050,9040,8390,5240,8146
"2016-02-19",30300,39750,22250,NA,11850,8950,8350,5240,8067
"2016-02-22",30100,39000,21950,NA,11800,8940,8380,5220,8067
"2016-02-23",30100,39050,22000,NA,11800,8830,8380,5210,8305
"2016-02-24",30250,39300,21700,NA,11750,8750,8330,5180,8156
"2016-02-25",29850,39000,21350,NA,11800,8760,8550,5150,8156
"2016-02-26",30000,38850,21350,NA,11800,8780,8320,5150,8106
"2016-02-29",29700,37950,20850,NA,11650,8610,8300,5340,8305
"2016-03-02",30200,38300,20850,NA,11850,8760,8360,5320,8206
"2016-03-03",30800,38650,21400,NA,11900,8870,8460,5440,8216
"2016-03-04",31800,39150,22300,NA,12350,9200,8550,5530,8483
"2016-03-07",32150,39800,22500,NA,12350,9370,8690,5600,8345
"2016-03-08",31750,40000,22050,NA,12150,9170,8730,5560,8285
"2016-03-09",31900,40050,22100,NA,12100,9020,8750,5580,8434
"2016-03-10",31950,40100,21950,NA,12200,9280,8850,5560,8354
"2016-03-11",32300,40750,22500,NA,12400,9280,8910,5620,8335
"2016-03-14",32750,41150,23400,NA,12500,9310,8900,5580,8216
"2016-03-15",32300,40800,23450,NA,12500,9310,9020,5610,8424
"2016-03-16",32650,41350,23650,NA,12600,9460,9180,5590,8245
"2016-03-17",32400,41600,23800,NA,12550,9410,9220,5610,8354
"2016-03-18",32800,41750,24050,NA,12350,9400,9420,5710,8265
"2016-03-21",32700,41900,24400,NA,12350,9390,9210,5640,8275
"2016-03-22",32800,41600,24050,NA,12200,9460,9120,5620,8156
"2016-03-23",32700,41350,24150,NA,12100,9270,9050,5630,8106
"2016-03-24",32100,41550,23700,NA,11900,9180,9070,5590,8027
"2016-03-25",31750,41300,23150,NA,11750,8930,8980,5640,7977
"2016-03-28",32000,41100,23400,NA,11900,9050,8980,5700,7977
"2016-03-29",32350,41250,24500,NA,12200,9490,9180,5750,8067
"2016-03-30",31850,40500,24300,NA,12150,9470,9100,5740,8176
"2016-03-31",31850,40500,24800,NA,12250,9700,8900,5800,8166
"2016-04-01",32150,39900,23950,NA,12050,9420,8580,5710,8116
"2016-04-04",32150,39750,23100,NA,11850,9180,8710,5650,7987
"2016-04-05",32550,39750,23200,NA,11850,9190,8720,5670,8077
"2016-04-06",32800,39350,23100,NA,11750,8930,8820,5560,7987
"2016-04-07",32950,40000,23350,NA,11800,9150,8970,5560,7908
"2016-04-08",32750,39450,23050,NA,11750,9030,8950,5570,8096
"2016-04-11",32200,39900,22800,NA,11700,8810,8760,5500,7898
"2016-04-12",32150,39800,23250,NA,11800,9050,8900,5600,7918
"2016-04-14",33650,42100,24900,NA,12350,9620,9100,5720,7977
"2016-04-15",34200,41750,25000,NA,12350,9540,9190,5800,7958
"2016-04-18",34250,41950,24950,NA,12450,9660,9340,5800,7938
"2016-04-19",34500,42600,25000,NA,12550,9690,9320,5860,7958
"2016-04-20",34800,42900,25700,NA,12550,9870,9260,5900,7928
"2016-04-21",35400,42900,25950,NA,12700,9900,9360,5950,8027
"2016-04-22",35900,42750,26000,NA,12900,9920,9350,5910,8067
"2016-04-25",36500,42300,27200,NA,12800,9600,9330,5890,7997
"2016-04-26",35700,41900,27400,NA,12500,9450,9270,5770,7938
"2016-04-27",35650,42750,26750,NA,12400,9500,9270,5820,7878
"2016-04-28",35250,42350,25650,NA,12150,9390,9210,5880,7938
"2016-04-29",34800,41800,25650,NA,12150,9290,9170,5850,8057
"2016-05-02",34100,40500,24950,NA,11800,9180,8950,5670,7878
"2016-05-03",33950,40450,24950,NA,11750,8940,8880,5640,7789
"2016-05-04",33500,40200,24450,NA,11550,8800,8790,5530,7700
"2016-05-09",33450,39550,24100,NA,11450,8620,8760,5500,7382
"2016-05-10",33650,40200,24350,NA,11500,8700,8870,5550,7561
"2016-05-11",33700,39700,25150,NA,11600,8870,8780,5570,7541
"2016-05-12",33350,39300,25000,NA,11500,8680,8940,5530,7521
"2016-05-13",33250,39650,24150,NA,11250,8560,8760,5430,7551
"2016-05-16",33100,39700,24250,NA,11350,8580,8790,5390,7461
"2016-05-17",33400,39700,23650,NA,11450,8620,8670,5430,7382
"2016-05-18",32900,39400,23650,NA,11350,8470,8670,5390,7372
"2016-05-19",33800,40700,24700,NA,11700,8660,8840,5410,7352
"2016-05-20",33600,39550,24150,NA,11550,8520,8640,5420,7283
"2016-05-23",33200,39550,24250,NA,11450,8580,8700,5530,7243
"2016-05-24",33050,39150,23750,NA,11350,8560,8580,5410,7104
"2016-05-25",34150,40200,24650,NA,11550,8710,8740,5460,7094
"2016-05-26",33900,39400,24850,NA,11450,8670,8760,5530,7233
"2016-05-27",33650,39850,24950,NA,11450,8670,8990,5490,7253
"2016-05-30",33350,39400,25000,NA,11200,8630,9110,5500,7134
"2016-05-31",34100,39550,25850,NA,11400,8750,9270,5540,7204
"2016-06-01",33800,39100,25150,NA,11500,8690,9260,5580,7442
"2016-06-02",33900,38800,25050,NA,11500,8620,9320,5610,7541
"2016-06-03",33800,38800,24950,NA,11400,8640,9300,5610,7501
"2016-06-07",33750,39600,25100,NA,11550,8650,9260,5640,7471
"2016-06-08",34650,40300,25500,NA,11750,8840,9350,5730,7590
"2016-06-09",35500,40100,26150,NA,12050,9060,9620,5620,7640
"2016-06-10",35000,39550,25600,NA,11950,8910,9560,5580,7590
"2016-06-13",34200,39400,24750,NA,11700,8740,9340,5600,7362
"2016-06-14",34150,38450,24150,NA,11600,8620,9440,5500,7491
"2016-06-15",33100,37700,23400,NA,11350,8580,9040,5520,7581
"2016-06-16",33250,37800,23450,NA,11300,8440,8870,5460,7432
"2016-06-17",33250,37800,23300,NA,11450,8400,9050,5440,7541
"2016-06-20",34300,38650,24550,NA,11700,8610,9050,5540,7561
"2016-06-21",33600,38400,24100,NA,11500,8500,9070,5600,7590
"2016-06-22",34100,38700,25000,NA,11600,8510,9160,5670,7620
"2016-06-23",34450,38800,25200,NA,11650,8520,9130,5660,7630
"2016-06-24",33150,37050,23350,NA,11250,8130,8820,5410,7233
"2016-06-27",32350,37200,23200,NA,11100,7990,8670,5480,7243
"2016-06-28",32300,37300,23200,NA,11150,7890,8460,5570,7332
"2016-06-29",32700,37450,23700,NA,11200,8100,8700,5600,7303
"2016-06-30",32600,38000,23250,NA,11150,8070,8670,5670,7293
"2016-07-01",32850,38300,23400,NA,11250,8080,8730,5670,7303
"2016-07-04",32600,38050,23700,NA,11300,8120,8720,5650,7313
"2016-07-05",32600,37900,23150,NA,11250,8050,8720,5640,7213
"2016-07-06",31850,37300,22450,NA,11150,7850,8500,5570,7184
"2016-07-07",32200,37500,22950,NA,11150,8030,8530,5600,7134
"2016-07-08",31800,37500,22450,NA,11050,7950,8450,5620,6936
"2016-07-11",32150,37800,22700,NA,11100,8170,8550,5700,6985
"2016-07-12",33000,38300,23450,NA,11200,8400,8600,5700,6856
"2016-07-13",33400,38550,23750,NA,11250,8600,8680,5720,6856
"2016-07-14",33350,38250,23500,NA,11050,8550,8720,5720,6777
"2016-07-15",34150,39100,24300,NA,11350,8710,8860,5700,6787
"2016-07-18",34100,38700,24550,NA,11350,8530,8840,5700,6777
"2016-07-19",34550,38850,24700,NA,11350,8600,8910,5730,6826
"2016-07-20",34100,38600,24550,NA,11300,8520,8760,5750,6777
"2016-07-21",34350,38900,24850,NA,11350,8620,8780,5790,6737
"2016-07-22",35300,39400,25200,NA,11450,8680,8840,5810,6747
"2016-07-25",36750,40100,27600,NA,11750,8930,9040,5900,7104
"2016-07-26",36550,40000,27850,NA,11800,9050,9010,5900,7481
"2016-07-27",36350,40350,28300,NA,11850,9040,9010,5880,7799
"2016-07-28",35800,40200,28050,NA,11700,9000,9010,5900,7590
"2016-07-29",35200,39950,27550,NA,11850,8810,9010,5970,7531
"2016-08-01",35650,40650,27650,NA,11800,8980,9030,6030,7759
"2016-08-02",35200,40450,27250,NA,11600,8820,8970,6000,7858
"2016-08-03",35300,39450,26450,NA,11500,8680,8970,5970,7938
"2016-08-04",35500,39700,26500,NA,11450,8620,8860,5970,7918
"2016-08-05",36200,40100,27000,NA,11500,8740,8890,6010,7918
"2016-08-08",37400,40900,28000,NA,11700,8840,9020,6030,7858
"2016-08-09",38000,40850,28800,NA,11750,8900,9020,6070,7878
"2016-08-10",37900,40550,29050,NA,11700,8910,8990,6060,7848
"2016-08-11",37650,40800,28150,NA,11550,8880,8920,6040,7759
"2016-08-12",37700,41050,28400,NA,11850,9000,9030,6020,7739
"2016-08-16",37600,40550,28450,NA,11700,9030,9100,5990,7779
"2016-08-17",37400,40900,28000,NA,11750,8880,9080,5940,7650
"2016-08-18",37200,40650,28150,NA,11600,8700,8940,5940,7610
"2016-08-19",37200,39950,28000,NA,11550,8610,8870,5850,7769
"2016-08-22",37100,40150,28000,NA,11450,8550,8780,5860,7700
"2016-08-23",37300,40200,28600,NA,11650,8720,9050,5860,7829
"2016-08-24",36850,39850,28400,NA,11500,8670,9020,5880,7908
"2016-08-25",38100,40600,29000,NA,11550,8740,9060,5970,7908
"2016-08-26",37350,40050,28500,NA,11450,8660,9000,5950,7918
"2016-08-29",38400,40550,29350,NA,11600,8650,9000,5840,8821
"2016-08-30",38750,40750,29350,NA,11650,8860,9100,5860,8642
"2016-08-31",38900,41000,29300,NA,11750,8850,9140,5910,8186
"2016-09-01",39550,41500,29700,NA,11850,8880,9200,5910,8225
"2016-09-02",39000,41000,28600,NA,11800,8760,9180,5870,8027
"2016-09-05",39750,41400,29000,NA,11900,8820,9190,5910,8136
"2016-09-06",39500,41100,29050,NA,11900,8750,9190,5880,8136
"2016-09-07",39900,41300,29500,NA,12050,8880,9200,5830,8126
"2016-09-08",39400,41050,29200,NA,12150,8930,9300,5920,8096
"2016-09-09",39750,41300,29450,NA,12100,8910,9290,5910,7987
"2016-09-12",39300,40750,29350,NA,12300,8880,9200,5970,8027
"2016-09-13",38350,40050,28400,NA,11950,8670,9160,5900,8087
"2016-09-19",38400,39850,28700,NA,11850,8560,9160,5880,8037
"2016-09-20",38500,39500,29000,NA,11900,8580,9160,5840,7958
"2016-09-21",38900,40050,29100,NA,12000,8630,9220,5860,7829
"2016-09-22",38550,39700,28850,NA,11900,8660,9170,5920,7958
"2016-09-23",38950,40100,29000,NA,12000,8680,9170,5950,8146
"2016-09-26",38650,40450,28900,NA,12050,8640,9160,5930,7968
"2016-09-27",38650,40550,29000,NA,12100,8630,9110,5920,7918
"2016-09-28",38250,40350,28650,NA,12100,8620,9080,5920,7839
"2016-09-29",38000,40600,28400,NA,12150,8620,9080,5940,7848
"2016-09-30",37850,40150,27850,NA,11950,8580,9030,5930,7779
"2016-10-04",38400,40700,28850,NA,11950,8650,9160,5880,7819
"2016-10-05",38100,40700,28800,NA,11900,8700,9090,5820,7759
"2016-10-06",38750,40400,28700,NA,11800,8630,9040,5780,7868
"2016-10-07",38400,39950,28700,NA,11750,8610,9060,5760,7809
"2016-10-10",39200,40900,29700,NA,12150,8680,9100,5820,7968
"2016-10-11",40000,41750,30650,NA,12400,8820,9200,5930,7968
"2016-10-12",39500,42100,30850,NA,12450,8830,9230,5930,7948
"2016-10-13",38950,41350,30000,NA,12250,8750,9060,5900,7958
"2016-10-14",39150,41950,30300,NA,12350,8740,9170,5860,7858
"2016-10-17",39800,42550,31300,NA,12450,8710,9210,5960,7739
"2016-10-18",41200,43900,31900,NA,12850,9000,9460,6030,7918
"2016-10-19",41100,44050,31800,NA,13050,9270,9560,6050,8057
"2016-10-20",41700,43900,31900,NA,13150,9490,9610,6200,8077
"2016-10-21",42400,43800,32000,NA,13050,9540,9720,6130,8027
"2016-10-24",43350,43950,32900,NA,13400,9720,9940,6290,8196
"2016-10-25",43900,44150,33100,NA,13400,9670,9990,6250,8166
"2016-10-26",42950,43350,32150,NA,13150,9490,9880,6080,7987
"2016-10-27",42800,43850,32150,NA,13100,9560,9940,6050,8017
"2016-10-28",41950,43600,32200,NA,13100,9420,9670,5990,7829
"2016-10-31",42300,43850,32800,NA,13200,9290,9600,5940,7710
"2016-11-01",41950,43600,32450,NA,13050,9200,9470,5920,7590
"2016-11-02",41000,42950,32400,NA,13050,9100,9290,5640,7402
"2016-11-03",41000,43400,32600,NA,12950,9100,9370,5650,7581
"2016-11-04",40400,43300,32600,NA,13000,9070,9280,5720,7561
"2016-11-07",40850,43400,32700,NA,13000,9080,9370,5750,7610
"2016-11-08",40650,42550,32700,NA,13000,9110,9360,5770,7630
"2016-11-09",40650,42100,32300,NA,12950,8930,9220,5630,7442
"2016-11-10",41950,44000,34500,NA,13350,9130,9400,5660,7571
"2016-11-11",42500,45600,34350,NA,13600,9560,9570,5770,7759
"2016-11-14",41900,45050,34050,NA,13150,9570,9410,5760,7888
"2016-11-15",41900,45150,34100,NA,13250,9530,9460,5760,7868
"2016-11-16",41200,44500,33500,NA,13150,9420,9550,5770,7809
"2016-11-17",40500,43750,32600,NA,13050,9260,9600,5750,7789
"2016-11-18",40800,44150,33050,NA,13050,9280,9690,5780,7839
"2016-11-21",40350,43950,32450,NA,13000,9100,9560,5650,7749
"2016-11-22",40750,43150,32500,NA,12950,9040,9540,5690,7700
"2016-11-23",41850,44350,33000,NA,13400,9130,9630,5740,7769
"2016-11-24",41800,44100,32900,NA,13500,9170,9850,5720,7759
"2016-11-25",41950,43950,33000,NA,13250,9060,9800,5620,7700
"2016-11-28",41950,43650,32250,NA,13200,9030,9690,5660,7710
"2016-11-29",42050,43700,32050,NA,13200,9030,9650,5670,7660
"2016-11-30",42100,44100,32150,NA,13050,8960,9570,5720,7779
"2016-12-01",41850,43900,32300,NA,13200,8900,9570,5730,7948
"2016-12-02",42000,43850,32700,NA,13350,8930,9820,5690,7987
"2016-12-05",41400,43000,32750,NA,13250,8860,9720,5690,7729
"2016-12-06",40850,43000,32700,NA,13450,8850,9790,5720,7749
"2016-12-07",41850,44800,33300,NA,13550,8830,9930,5730,7680
"2016-12-08",44400,47300,34000,NA,13850,9060,10000,5750,7809
"2016-12-09",43400,47050,33650,NA,13750,8910,10000,5770,7878
"2016-12-12",43700,47100,33900,NA,13800,9200,10150,5810,7868
"2016-12-13",43100,46150,33900,NA,13450,9040,9960,5820,7819
"2016-12-14",43050,47550,33500,NA,13500,9040,10050,5840,7829
"2016-12-15",42650,46200,33750,NA,13500,9020,9960,5830,7779
"2016-12-16",44100,47600,34000,NA,13650,9020,10150,5910,7749
"2016-12-19",44250,47350,33950,NA,13500,8980,10200,5880,7650
"2016-12-20",44000,47250,33800,NA,13500,8970,10200,5900,7610
"2016-12-21",44000,47700,33700,NA,13350,8940,10000,5890,7581
"2016-12-22",44000,47300,33500,NA,13350,8930,10000,5880,7561
"2016-12-23",43550,46800,32950,NA,13450,8930,9970,5860,7541
"2016-12-26",43600,47250,32600,NA,13600,8910,9950,5830,7531
"2016-12-27",43400,47550,32600,NA,13450,8900,10050,5850,7541
"2016-12-28",43300,45750,31900,NA,13050,8770,9820,5840,7571
"2016-12-29",42800,45250,31250,NA,12700,8680,9770,5780,7581
"2017-01-02",42600,45300,30900,NA,12600,8670,9650,5720,7511
"2017-01-03",43700,46450,31450,NA,12750,8590,9600,5660,7511
"2017-01-04",44150,47000,32000,NA,12700,8670,9760,5700,7511
"2017-01-05",42800,45100,31600,NA,12400,8700,9740,5720,7461
"2017-01-06",42650,45300,31900,NA,12400,8700,9820,5820,7461
"2017-01-09",42400,44850,32000,NA,12300,8640,9550,5680,7412
"2017-01-10",43250,44900,31450,NA,12250,8680,9560,5690,7342
"2017-01-11",43350,45300,32100,NA,12450,8730,9620,5690,7313
"2017-01-12",44100,45400,32600,NA,12400,8800,9430,5670,7283
"2017-01-13",43850,44800,32400,NA,12250,8720,9500,5670,7204
"2017-01-16",45150,45650,33050,NA,12700,8700,9640,5660,7263
"2017-01-17",45850,46350,33600,NA,12800,8810,9750,5600,7313
"2017-01-18",45800,46500,33800,NA,12900,8870,9940,5640,7293
"2017-01-19",45550,46500,33250,NA,12850,8840,9980,5650,7243
"2017-01-20",45400,46300,33300,NA,12900,8790,10050,5670,7243
"2017-01-23",44750,45600,33000,NA,12550,8700,10000,5580,7104
"2017-01-24",45100,45300,33000,NA,12650,8680,9950,5570,7144
"2017-01-25",46300,45800,33950,NA,12600,8610,10000,5690,7134
"2017-01-26",47200,46250,34750,NA,12750,8610,10100,5700,7184
"2017-01-31",47000,45900,34450,NA,12700,8530,9870,5600,7223
"2017-02-01",47800,46100,35350,NA,12900,8660,10350,5660,7273
"2017-02-02",47350,46050,35700,NA,12800,8600,10200,5650,7233
"2017-02-03",47550,46200,36000,NA,12850,8630,10300,5620,7213
"2017-02-06",47900,46450,36400,NA,12800,8570,10300,5560,7223
"2017-02-07",47950,46200,36300,NA,13050,8550,10250,5560,7362
"2017-02-08",47250,46050,36300,NA,12850,8570,10350,5500,7303
"2017-02-09",47600,46650,35850,NA,13250,8650,10600,5530,7332
"2017-02-10",47800,47500,36250,NA,13300,8900,10850,5590,7422
"2017-02-13",47950,47100,36000,NA,13250,8900,10850,5720,7392
"2017-02-14",48000,47250,36000,NA,13300,8930,10700,5740,7303
"2017-02-15",46950,46750,36000,NA,12750,8990,10600,5680,7303
"2017-02-16",46950,46900,35750,NA,12500,8930,10500,5690,7263
"2017-02-17",47300,47050,36400,NA,12550,8930,10500,5690,7253
"2017-02-20",47350,46450,36300,NA,12450,8830,10400,5700,7273
"2017-02-21",47550,47050,36500,NA,12550,8860,10750,5720,7283
"2017-02-22",47200,47200,36250,NA,12550,8840,10700,5730,7263
"2017-02-23",47650,47250,36250,NA,12500,8890,10700,5710,7184
"2017-02-24",47700,46800,36200,NA,12550,8720,10650,5710,7233
"2017-02-27",45850,45800,34550,NA,12400,8670,10300,5690,7213
"2017-02-28",46900,46700,35250,NA,12350,8680,10400,5680,7184
"2017-03-02",48050,47050,36700,NA,12500,8720,10650,5750,7243
"2017-03-03",47400,47150,36300,NA,12350,8710,10650,5740,7223
"2017-03-06",47500,46800,35650,NA,12250,8670,10800,5740,7233
"2017-03-07",47950,46950,36000,NA,12250,8690,10950,5790,7263
"2017-03-08",48900,47150,37200,NA,12400,8700,11200,5820,7253
"2017-03-09",49000,46650,36750,NA,12400,8710,11200,5830,7233
"2017-03-10",49000,47350,37350,NA,12500,8910,11450,5780,7293
"2017-03-13",50700,49050,39250,NA,12600,9180,11650,5840,7372
"2017-03-14",51600,49700,40100,NA,12600,9250,11600,5840,7372
"2017-03-15",51400,49400,40100,NA,12700,9320,11650,5850,7491
"2017-03-16",51700,49450,39650,NA,12550,9310,11600,5850,7422
"2017-03-17",51900,49750,40100,NA,12800,9450,11750,6050,7422
"2017-03-20",50900,49000,39850,NA,12650,9360,11250,5990,7332
"2017-03-21",50600,48500,39050,NA,12550,9420,11300,5970,7392
"2017-03-22",49700,47750,37700,NA,12400,9280,11050,5870,7273
"2017-03-23",50300,48350,39100,NA,12450,9390,11350,6000,7233
"2017-03-24",50200,49000,39100,NA,12500,9400,11100,6020,7293
"2017-03-27",49200,48050,38050,NA,12350,9210,11050,5830,7233
"2017-03-28",49400,47800,37600,NA,12300,9310,11150,5830,7204
"2017-03-29",49900,47300,37450,NA,12200,9220,11150,5890,7213
"2017-03-30",49350,46950,37500,NA,12250,9200,11000,5890,7184
"2017-03-31",49000,46600,36950,NA,12200,9180,10850,5960,7233
"2017-04-03",49200,46800,37250,NA,12200,9260,11050,5990,7233
"2017-04-04",48650,46700,36600,NA,12100,9210,10900,5940,7164
"2017-04-05",49000,47300,37650,NA,12200,9300,11150,5930,7194
"2017-04-06",48700,47700,37350,NA,12200,9270,11150,5840,7164
"2017-04-07",48600,46850,37000,NA,12200,9220,11350,5830,7213
"2017-04-10",47500,46000,35750,NA,12000,9110,11100,5770,7084
"2017-04-11",47400,45800,35750,NA,12050,9110,10800,5720,7094
"2017-04-12",47000,45600,35550,NA,11950,9030,10650,5680,7154
"2017-04-13",48550,46550,36900,NA,12100,9130,10950,5800,7184
"2017-04-14",48250,46250,36950,NA,12150,9080,11000,5730,7164
"2017-04-17",50400,47000,37400,NA,12300,9140,11000,5770,7283
"2017-04-18",49850,47050,37500,NA,12250,9170,11150,5830,7253
"2017-04-19",50100,47200,37050,NA,12300,9050,11100,5850,7283
"2017-04-20",50000,47650,36250,NA,12300,9150,11150,5830,7273
"2017-04-21",50600,47650,37200,NA,12350,9200,11050,5860,7283
"2017-04-24",51200,48800,39900,NA,12500,9400,11350,5970,7313
"2017-04-25",52000,48900,39900,NA,12550,9570,11350,6020,7342
"2017-04-26",51400,48650,39850,NA,12700,9560,11300,6020,7342
"2017-04-27",51100,48000,39950,NA,12500,9590,11600,6030,7332
"2017-04-28",50100,47550,39200,NA,12500,9560,11650,6050,7362
"2017-05-02",51300,48150,40000,NA,12600,9570,11750,6090,7402
"2017-05-04",51900,48450,40200,NA,12650,9620,11750,6150,7402
"2017-05-08",53500,49850,41700,NA,12800,9730,11900,6170,7422
"2017-05-10",53000,49300,41150,NA,12700,9620,11950,6150,7313
"2017-05-11",53900,50800,43000,NA,12850,9920,12200,6250,7422
"2017-05-12",52900,50100,42150,NA,12800,9840,12300,6280,7392
"2017-05-15",54000,50100,42650,NA,12800,9790,12450,6210,7342
"2017-05-16",54000,49900,42200,NA,12700,9880,12550,6160,7323
"2017-05-17",53400,49100,41800,NA,12500,9840,12050,6110,7352
"2017-05-18",52900,48700,41850,NA,12400,9820,11800,6070,7332
"2017-05-19",52900,48800,41400,NA,12500,9840,11850,6170,7392
"2017-05-22",52900,49100,41950,NA,12500,9890,12000,6130,7382
"2017-05-23",53900,49500,42550,NA,12700,9870,11900,6190,7511
"2017-05-24",53200,49300,41550,NA,12600,9930,11700,6200,7511
"2017-05-25",53800,49400,41400,NA,12800,9910,11450,6160,7531
"2017-05-26",54500,49650,42200,NA,12750,9920,11550,6170,7561
"2017-05-29",54000,49750,42150,NA,12750,9890,11500,6170,7590
"2017-05-30",53700,49050,41750,NA,12750,10000,11400,6200,7858
"2017-05-31",53600,49450,41050,NA,12900,10000,11500,6190,7819
"2017-06-01",52600,49250,41200,NA,12850,9990,11300,6160,7759
"2017-06-02",53900,49900,42750,NA,13150,10050,11450,6270,7819
"2017-06-05",55000,49400,42700,NA,13200,10050,11450,6170,7759
"2017-06-07",55400,49300,42300,NA,13450,10200,11500,6270,7829
"2017-06-08",55700,49400,42150,NA,13200,10350,11500,6380,7819
"2017-06-09",55900,49900,42650,NA,13600,10600,11600,6360,7938
"2017-06-12",56300,50300,43750,NA,13750,10650,11900,6370,8047
"2017-06-13",55600,50100,43150,NA,13900,10600,11850,6370,8077
"2017-06-14",55700,50700,43050,NA,13900,10850,11850,6390,8087
"2017-06-15",54900,50100,42500,NA,13650,10700,11850,6330,7918
"2017-06-16",55500,50600,42100,NA,13850,10850,11950,6390,8007
"2017-06-19",55600,50200,42550,NA,13650,10800,12000,6350,7997
"2017-06-20",55400,49600,42550,NA,13700,10800,11950,6270,7968
"2017-06-21",54200,48450,41750,NA,13650,10400,11450,6160,7908
"2017-06-22",55000,48750,42150,NA,13750,10750,11450,6100,7888
"2017-06-23",55200,48800,42800,NA,13750,10850,11450,6200,7878
"2017-06-26",54900,48550,42450,NA,13700,10600,11350,6060,7878
"2017-06-27",54900,48500,42000,NA,13650,10600,11350,6110,7948
"2017-06-28",56300,49900,44450,NA,14000,10700,11500,6160,7987
"2017-06-29",57800,49900,45300,NA,14250,10950,11700,6350,8077
"2017-06-30",57700,49300,45250,NA,14250,10950,11800,6360,8007
"2017-07-03",57800,49550,45600,NA,14250,10750,11500,6400,7968
"2017-07-04",57800,49900,45950,NA,14450,10800,11450,6620,8017
"2017-07-05",57300,49550,44900,NA,14400,10800,11500,6610,8037
"2017-07-06",58100,49200,45500,NA,14250,10800,11350,6610,7938
"2017-07-07",56700,48900,45500,NA,14150,10850,11400,6610,7918
"2017-07-10",57400,49400,46450,NA,14750,10800,11650,6710,7918
"2017-07-11",57000,49950,47100,NA,14600,11000,11700,6770,7928
"2017-07-12",57200,49600,46350,NA,14600,10950,11650,6750,7908
"2017-07-13",56600,49050,46600,NA,14500,10700,11600,6780,7968
"2017-07-14",57300,49100,47900,NA,14700,10850,11800,6780,8007
"2017-07-17",57400,49300,48100,NA,14700,10700,11800,6790,8007
"2017-07-18",57400,50100,48050,NA,14500,10800,11800,6680,7997
"2017-07-19",56600,50800,47550,NA,14450,10700,11650,6720,8037
"2017-07-20",57400,50600,48300,NA,14950,10850,11900,6720,8027
"2017-07-21",59800,52300,50200,NA,15250,11050,12200,6850,8027
"2017-07-24",60200,52600,50600,NA,15150,11250,12100,6830,7928
"2017-07-25",59600,52400,51000,NA,15200,11200,11950,6730,7759
"2017-07-26",60100,53000,52000,NA,15650,11100,11800,6800,7739
"2017-07-27",59700,52800,51900,NA,15700,11050,11750,6770,7739
"2017-07-28",58600,52800,50600,NA,15350,10850,11600,6630,7680
"2017-07-31",59400,53200,51000,NA,15450,11300,11950,6930,7660
"2017-08-01",59800,54200,51700,NA,15600,11550,11850,6890,7739
"2017-08-02",58200,53400,50800,NA,15750,11300,11850,6970,7739
"2017-08-03",57300,53200,50900,NA,15500,11050,11650,6900,7630
"2017-08-04",57700,54400,50700,NA,15500,11200,11600,6830,7571
"2017-08-07",59000,55200,51400,NA,15750,11050,11750,6820,7680
"2017-08-08",58700,54800,50800,NA,15750,10950,11800,6890,7710
"2017-08-09",58000,55300,49700,NA,15350,10800,11900,6800,7640
"2017-08-10",58000,55400,49700,NA,15200,10850,11700,6760,7630
"2017-08-11",56400,53100,48300,NA,15050,10700,11500,6600,7590
"2017-08-14",56800,53500,49500,NA,15200,10900,11650,6560,7581
"2017-08-16",57300,53100,50200,NA,15200,10950,11500,6590,7521
"2017-08-17",57000,52600,50200,NA,15050,10750,11500,6520,7442
"2017-08-18",56500,51900,50000,NA,15150,10650,11450,6570,7521
"2017-08-21",56200,51600,49650,NA,15000,10350,11350,6430,7501
"2017-08-22",56100,52100,49200,NA,15150,10350,11300,6460,7442
"2017-08-23",56600,52200,49250,NA,15150,10250,11200,6390,7372
"2017-08-24",55600,52200,48650,NA,15150,9990,10900,6340,7332
"2017-08-25",57200,53300,50500,NA,15550,10100,11250,6340,7362
"2017-08-28",57100,53400,50100,NA,15600,10150,11450,6250,7342
"2017-08-29",56400,52600,50200,NA,15300,10100,11450,6230,7342
"2017-08-30",56600,52600,49600,NA,15350,10050,11200,6200,7432
"2017-08-31",55400,52000,49000,NA,14950,9860,11000,6220,7461
"2017-09-01",54900,51500,48300,NA,14950,10150,11100,6230,7432
"2017-09-04",53900,50800,47650,NA,14650,9960,10900,6130,7392
"2017-09-05",51100,48950,45000,NA,13950,9660,10150,5900,7313
"2017-09-06",51100,48000,43850,NA,14000,9510,9970,5850,7313
"2017-09-07",52000,49000,45150,NA,14300,9680,10300,6000,7422
"2017-09-08",51800,48650,44550,NA,14300,9590,10200,5880,7422
"2017-09-11",52800,48750,45450,NA,14350,9650,10150,5840,7412
"2017-09-12",53100,48950,45250,NA,14400,9840,10250,5970,7392
"2017-09-13",52800,48750,45750,NA,14350,9780,10250,5930,7402
"2017-09-14",53600,49700,45750,NA,14450,9960,10200,5980,7332
"2017-09-15",54000,50900,46050,NA,14750,9970,10450,6040,7412
"2017-09-18",55000,51600,47100,NA,14850,10200,10650,6100,7372
"2017-09-19",55600,51200,47450,NA,14750,10150,10550,6070,7263
"2017-09-20",55600,51300,47650,NA,14650,10100,10700,5950,7283
"2017-09-21",56000,51300,48900,NA,14650,10300,10750,6000,7243
"2017-09-22",57100,51700,50100,NA,14950,10250,10700,5970,7273
"2017-09-25",55400,50600,48550,NA,14450,10050,10550,5860,7144
"2017-09-26",54500,50400,47250,NA,14200,10050,10300,5870,6846
"2017-09-27",54100,49650,46250,NA,14000,9840,10150,5800,6797
"2017-09-28",55400,50400,47900,NA,14350,10100,10350,5970,6717
"2017-09-29",56100,50300,47350,NA,14400,10000,10500,6000,6638
"2017-10-10",57900,50100,49500,NA,14750,10100,10650,6030,6658
"2017-10-11",57700,50500,48700,NA,14600,10150,10600,5940,6707
"2017-10-12",58600,50600,49500,NA,14650,10300,10550,5990,6737
"2017-10-13",58000,50700,48700,NA,14600,10300,10600,5840,6826
"2017-10-16",57100,49650,47450,NA,14550,10250,10650,5830,6817
"2017-10-17",57300,49400,47150,NA,14600,10100,10450,5770,6896
"2017-10-18",57000,49800,46750,NA,14450,9870,10200,5760,6866
"2017-10-19",57300,50800,47400,NA,14400,9990,10350,5780,6856
"2017-10-20",57100,50900,47300,NA,14550,9980,10300,5760,6826
"2017-10-23",57400,50200,46900,NA,14300,9880,10200,5800,6807
"2017-10-24",57700,50600,48750,NA,14650,9900,10300,5760,6846
"2017-10-25",59100,51300,50000,NA,15000,9940,10350,5860,6876
"2017-10-26",58800,51700,48800,NA,15100,9980,10250,5800,6767
"2017-10-27",58900,51100,48250,NA,15400,9950,10200,5830,6846
"2017-10-30",59200,50900,49050,NA,15550,9950,10400,5850,6807
"2017-10-31",58400,50200,47950,NA,15350,9940,10450,5890,6787
"2017-11-01",59000,50200,47900,NA,15450,9900,10300,5880,6836
"2017-11-02",59100,50300,48200,NA,15500,9390,10100,5810,6876
"2017-11-03",59900,51000,48550,NA,15550,9390,10200,5950,6876
"2017-11-06",57800,49650,47000,NA,15450,9320,10100,5980,6946
"2017-11-07",57900,50100,46300,NA,15400,9390,10000,5920,6926
"2017-11-08",57400,48600,45650,NA,15100,9300,9810,5820,6836
"2017-11-09",57700,48400,46200,NA,15050,9280,9360,5860,6846
"2017-11-10",57400,48000,45850,NA,15050,9310,9420,5790,7015
"2017-11-13",56600,48150,45350,NA,15050,9100,9220,5740,6995
"2017-11-14",56800,48350,45700,NA,15100,9190,9320,5650,6916
"2017-11-15",57300,48450,45850,NA,15200,9260,9430,5700,6866
"2017-11-16",58000,48750,47600,NA,15350,9410,9600,5800,6926
"2017-11-17",56900,48200,46300,NA,15300,9320,9750,5900,6975
"2017-11-20",57100,48300,46300,NA,15300,9370,9860,5890,7035
"2017-11-21",55800,47900,45850,NA,15450,9310,9730,5840,7084
"2017-11-22",56200,48200,46550,NA,15800,9300,9810,5940,7104
"2017-11-23",56700,47800,46100,NA,15800,9340,9830,5940,7144
"2017-11-24",56700,47750,45850,NA,15750,9320,9730,5900,7194
"2017-11-27",57500,47650,46600,NA,15750,9330,10000,5930,7223
"2017-11-28",58300,48150,47700,NA,15800,9460,9910,5990,7303
"2017-11-29",59200,48300,47700,NA,15750,9400,9940,5940,7213
"2017-11-30",59900,48400,47450,NA,15900,9510,9980,5970,7213
"2017-12-01",58300,47100,45650,NA,15300,9350,9930,5900,7253
"2017-12-04",60000,48000,46700,NA,15650,9390,10100,5900,7303
"2017-12-05",59900,48500,46900,NA,15750,9450,10150,5980,7362
"2017-12-06",60200,48350,47550,NA,15650,9460,10050,5940,7293
"2017-12-07",59200,48050,46650,NA,15550,9360,9950,5900,7144
"2017-12-08",59500,48200,46950,NA,15550,9280,10300,5850,7045
"2017-12-11",59000,48000,47200,NA,15600,9340,10200,5970,7134
"2017-12-12",58300,47950,46300,NA,15650,9280,10350,5910,7045
"2017-12-13",60800,48400,48000,NA,15850,9370,10450,5980,7045
"2017-12-14",61400,49650,48850,NA,16100,9230,10350,5970,7134
"2017-12-15",62600,50100,49350,NA,16150,9380,10350,6050,7134
"2017-12-18",62300,50300,49500,NA,16100,9430,10500,5960,7045
"2017-12-19",62400,50400,49150,NA,16200,9370,10700,5950,7084
"2017-12-20",62800,50900,50500,NA,16400,9500,10600,5990,7084
"2017-12-21",61900,50700,50800,NA,16800,9490,10750,5990,6975
"2017-12-22",62300,50700,50300,NA,17200,9690,11050,6150,7045
"2017-12-26",63800,50900,51400,NA,17100,9560,10700,6120,7055
"2017-12-27",63000,49500,50100,NA,16600,9340,10650,6090,7035
"2017-12-28",63400,49400,49800,NA,16450,9420,10550,6070,7094
"2018-01-02",63100,49400,50900,NA,16400,9430,10500,6150,6985
"2018-01-03",63100,49950,51400,NA,16450,9310,10650,6160,6965
"2018-01-04",63000,49400,51300,NA,16400,9280,10600,6220,7005
"2018-01-05",64100,50100,52300,NA,16750,9280,10900,6340,6985
"2018-01-08",66600,52000,54200,NA,16800,9480,10900,6410,6975
"2018-01-09",67200,52300,54600,NA,16800,9560,10800,6330,6936
"2018-01-10",66000,52500,54400,NA,16900,9640,11050,6380,6946
"2018-01-11",67700,52000,55100,NA,17100,9620,11100,6430,6955
"2018-01-12",67700,53000,55200,NA,17100,9820,11300,6400,6946
"2018-01-15",67600,53300,54300,NA,16900,10000,11500,6300,6896
"2018-01-16",65800,52200,53700,NA,16550,10050,11500,6230,6916
"2018-01-17",65400,52700,53700,NA,16850,10100,11700,6200,6936
"2018-01-18",65700,51100,54000,NA,16500,10100,11500,6320,6946
"2018-01-19",67100,52900,55500,NA,16700,10250,11650,6380,7005
"2018-01-22",65700,51800,53300,NA,16550,10200,11650,6400,7005
"2018-01-23",68600,53000,54500,NA,17000,10400,12100,6410,7124
"2018-01-24",67500,52700,52700,NA,16900,10500,12250,6520,7084
"2018-01-25",66600,51900,51900,NA,16650,10400,12000,6580,7134
"2018-01-26",67400,51800,51200,NA,16600,10550,12100,6580,7134
"2018-01-29",67200,52700,50900,NA,16650,10650,12150,6710,7213
"2018-01-30",66900,53400,51600,NA,16750,10600,12350,6620,7184
"2018-01-31",67300,53300,52100,NA,16650,10600,12400,6600,7223
"2018-02-01",66100,52600,51200,NA,16650,10600,12100,6650,7243
"2018-02-02",66400,52800,51400,NA,16750,10500,12550,6690,7223
"2018-02-05",67700,52500,53200,NA,17100,10650,13150,6860,7303
"2018-02-06",64200,50600,50300,NA,16300,10200,12600,6740,7025
"2018-02-07",63100,49400,49150,NA,16200,10250,12550,6430,6965
"2018-02-08",61400,49600,49800,NA,15950,10050,12350,6480,6995
"2018-02-09",61000,47800,48450,NA,15700,10350,11950,6420,6876
"2018-02-12",64300,48350,50900,NA,16450,10400,11950,6620,6906
"2018-02-13",64200,47900,50400,NA,16350,10250,11500,6510,6846
"2018-02-14",64800,47300,49600,NA,16400,10350,11600,6450,6846
"2018-02-19",66800,48100,50900,NA,16800,10750,12150,6590,6876
"2018-02-20",66700,48200,50200,NA,16700,10750,12100,6500,6797
"2018-02-21",65500,48150,50000,NA,16500,10850,12100,6460,6856
"2018-02-22",64900,47750,50200,NA,16700,10800,12200,6500,6846
"2018-02-23",64700,48450,51600,NA,16800,10900,12550,6660,6856
"2018-02-26",64100,47450,50700,NA,17050,11150,12850,6670,6965
"2018-02-27",64000,46950,50200,NA,17150,11050,12650,6450,6995
"2018-02-28",64000,47400,49150,NA,17200,11200,12400,6350,6926
"2018-03-02",63500,46450,48800,NA,16750,11000,12200,6330,6836
"2018-03-05",62200,45150,48050,NA,16300,10750,12300,6270,6727
"2018-03-06",62300,44650,47850,NA,16250,10650,12250,6290,6777
"2018-03-07",61500,44550,46100,NA,16100,10450,12300,6280,6688
"2018-03-08",61800,44950,47650,NA,16000,10450,12050,6320,6777
"2018-03-09",62500,45250,47100,NA,15400,10500,12350,6340,6757
"2018-03-12",64000,46000,49350,NA,15950,10850,12600,6570,6926
"2018-03-13",62200,45250,47150,NA,15850,10750,12400,6490,6866
"2018-03-14",61600,44750,46400,NA,15800,10650,11900,6350,6836
"2018-03-15",61700,44700,46300,NA,15800,10650,11950,6340,6866
"2018-03-16",62700,45050,47200,NA,16350,10600,12300,6410,6886
"2018-03-19",62900,45050,48100,NA,16350,10750,12100,6350,6807
"2018-03-20",63600,45050,47700,NA,16150,10800,12100,6270,6817
"2018-03-21",63000,45400,47600,NA,16350,11050,12000,6320,6817
"2018-03-22",63900,46100,48950,NA,16750,11200,12450,6380,6797
"2018-03-23",61600,44750,47400,NA,16000,10750,12000,6180,6717
"2018-03-26",60800,45100,46400,NA,16000,10850,12000,6170,6797
"2018-03-27",61300,45950,46700,NA,16250,10900,11950,6210,6856
"2018-03-28",60100,45050,45300,NA,15600,10600,11500,6100,6658
"2018-03-29",61600,45150,45600,NA,15600,10650,11650,6080,6697
"2018-03-30",60700,45700,45750,NA,15350,10400,11650,6190,6846
"2018-04-02",59500,45400,44950,NA,15150,10400,11400,6110,6846
"2018-04-03",57800,43950,42450,NA,14800,10150,10950,6010,6717
"2018-04-04",57600,44200,41800,NA,15050,10200,10950,6020,6668
"2018-04-05",58100,44300,41750,NA,15200,10200,10900,6070,6618
"2018-04-06",58300,44700,42050,NA,15250,10200,11050,6020,6549
"2018-04-09",56600,44850,41600,NA,15600,10150,11100,5990,6618
"2018-04-10",58600,44900,42800,NA,15800,10300,11200,6030,6568
"2018-04-11",58500,44800,42300,NA,15750,10300,11150,6040,6509
"2018-04-12",59200,45000,42900,NA,15950,10300,11350,6050,6568
"2018-04-13",59900,45450,43450,NA,15900,10550,11500,6120,6549
"2018-04-16",59800,45650,43400,NA,15800,10550,11700,6080,6449
"2018-04-17",59000,45450,43650,NA,15700,10400,11650,6010,6499
"2018-04-18",58900,46100,44150,NA,15800,10400,11700,6030,6529
"2018-04-19",60000,46050,45000,NA,15750,10400,11650,6100,6529
"2018-04-20",60500,45400,44000,NA,16050,10350,11700,6130,6539
"2018-04-23",60800,46100,47200,NA,16600,10350,11900,6140,6588
"2018-04-24",61300,46900,47900,NA,16750,10450,11950,6250,6578
"2018-04-25",60500,46500,46750,NA,16600,10350,12050,6120,6588
"2018-04-26",60100,47050,47500,NA,16450,10350,12050,6200,6529
"2018-04-27",59900,47200,47500,NA,16750,10300,12050,6210,6568
"2018-04-30",61200,47650,47750,NA,16850,10450,12000,6150,6568
"2018-05-02",60700,48150,46850,NA,16750,10500,12000,6220,6568
"2018-05-03",60300,47600,46450,NA,16400,10350,12050,6270,6559
"2018-05-04",59200,46800,45950,NA,16400,10150,11700,6240,6559
"2018-05-08",58400,46950,45300,NA,16350,10250,11300,6210,6568
"2018-05-09",58200,46700,45500,NA,16750,10100,11300,6070,6499
"2018-05-10",58000,48000,45800,NA,16750,10050,11100,6100,6539
"2018-05-11",58200,47700,46200,NA,16950,10000,11300,6210,6549
"2018-05-14",58200,48100,46350,NA,16850,10150,11300,6320,6539
"2018-05-15",57300,48100,45650,NA,16700,10250,11250,6270,6539
"2018-05-16",57600,48400,45950,NA,17000,10500,11400,6280,6529
"2018-05-17",57600,48200,45600,NA,16800,10400,11000,6320,6519
"2018-05-18",56400,47750,44700,NA,16550,10450,10900,6280,6539
"2018-05-21",55900,47950,45200,NA,16400,10350,11050,6300,6509
"2018-05-23",55400,47000,44200,NA,16400,10300,10850,6180,6499
"2018-05-24",56000,47050,44000,NA,16350,10300,10650,6140,6479
"2018-05-25",55400,46350,43500,NA,16200,10250,10600,6150,6340
"2018-05-28",55100,46350,43600,NA,16250,9870,10500,6120,6330
"2018-05-29",54600,46250,43250,NA,16150,9770,10750,6090,6330
"2018-05-30",52400,44750,41850,NA,15500,9430,10400,6000,6330
"2018-05-31",51800,43750,41600,NA,15600,9530,10350,6060,6340
"2018-06-01",52300,44300,41900,NA,15500,9480,10350,5970,6350
"2018-06-04",54400,45500,44300,NA,15900,9790,10500,6110,6360
"2018-06-05",55000,45850,44550,NA,16000,9770,10700,6040,6410
"2018-06-07",56100,47150,46000,NA,16200,10000,10650,6180,6390
"2018-06-08",56000,47450,45800,NA,16150,10000,10800,6200,6400
"2018-06-11",57400,47550,46250,NA,16400,10050,10850,6270,6400
"2018-06-12",56900,47250,45950,NA,16450,10150,11100,6260,6400
"2018-06-14",56000,46700,45200,NA,16300,9790,10700,6170,6340
"2018-06-15",55000,45500,44000,NA,16000,9720,11000,5950,6261
"2018-06-18",55500,45900,44900,NA,16250,9710,10800,5920,6211
"2018-06-19",55100,45450,43900,NA,16050,9640,10550,5880,6072
"2018-06-20",55100,45000,44550,NA,16050,9540,10450,5880,6092
"2018-06-21",52700,43800,42700,NA,15600,9130,10050,5720,5943
"2018-06-22",52900,43800,43250,NA,15700,9330,10200,5710,5933
"2018-06-25",54500,44250,43850,NA,15700,9440,10350,5760,5795
"2018-06-26",54100,44600,43750,NA,15750,9490,10500,5780,5874
"2018-06-27",54100,44100,43950,NA,15700,9250,10200,5640,5785
"2018-06-28",52400,43000,42550,NA,15250,9160,10000,5520,5785
"2018-06-29",52800,43300,42850,NA,15400,9350,10250,5570,5785
"2018-07-02",52500,43050,42700,NA,15400,9100,9900,5520,5685
"2018-07-03",52000,42950,41350,NA,15150,9080,9830,5520,5596
"2018-07-04",51900,42800,41450,NA,15200,8970,9830,5500,5556
"2018-07-05",52700,42900,41500,NA,15450,9080,9850,5490,5546
"2018-07-06",54200,43900,42650,NA,15750,9370,10000,5510,5656
"2018-07-09",55200,44600,43750,NA,16050,9460,10100,5570,5705
"2018-07-10",54500,44550,42950,NA,15900,9440,10150,5670,5755
"2018-07-11",53800,44550,43250,NA,15900,9280,10050,5720,5725
"2018-07-12",52900,44050,42400,NA,15600,9060,9800,5660,5755
"2018-07-13",55300,45200,43950,NA,16000,9180,10050,6050,5775
"2018-07-16",53900,45150,43050,NA,15850,8990,9850,6080,5725
"2018-07-17",55400,45700,43950,NA,15650,8910,9860,6070,5735
"2018-07-18",55200,44950,43250,NA,15500,8770,9720,6060,5735
"2018-07-19",53600,44500,42400,NA,15450,8710,9570,5870,5656
"2018-07-20",53900,44500,42250,NA,15600,8740,9630,5820,5666
"2018-07-23",53900,45400,43650,NA,15700,8770,9550,5790,5606
"2018-07-24",53400,44400,44250,NA,15500,8820,9550,5950,5636
"2018-07-25",54400,44250,45200,NA,15750,8990,9740,5990,5795
"2018-07-26",53500,43450,44350,NA,15550,8940,9770,5960,5874
"2018-07-27",53600,43750,45400,NA,15600,8890,9650,5950,5894
"2018-07-30",53900,43600,45050,NA,15650,8920,9550,6000,5904
"2018-07-31",53600,43550,44900,NA,15650,8970,9350,5950,5914
"2018-08-01",53900,43300,45000,NA,15600,8930,9890,6030,5924
"2018-08-02",52500,42550,43900,NA,15100,8660,10250,6100,5884
"2018-08-03",52800,43050,43900,NA,15200,8500,10100,6290,5904
"2018-08-06",53100,43000,44100,NA,15200,8590,10200,6260,5864
"2018-08-07",52800,42650,43850,NA,14900,8570,10250,6200,5834
"2018-08-08",52600,43400,44450,NA,15350,8560,10200,6290,5814
"2018-08-09",51800,43100,43600,NA,15350,8510,10000,6160,5824
"2018-08-10",51700,43100,43250,NA,15200,8530,10100,6200,5834
"2018-08-13",51100,42550,42650,NA,15200,8400,9860,6020,5755
"2018-08-14",50400,43000,43500,NA,15150,8410,10000,6060,5755
"2018-08-16",50200,42650,43200,NA,15300,8250,9980,6030,5745
"2018-08-17",51200,42900,43550,NA,15250,8100,9970,6010,5735
"2018-08-20",51200,42800,44150,NA,15050,8220,10100,6050,5695
"2018-08-21",51300,42900,43750,NA,15100,8280,10200,6200,5735
"2018-08-22",50900,42150,42950,NA,15100,8260,10150,6200,5596
"2018-08-23",50800,41450,42450,NA,14950,8200,9990,6140,5656
"2018-08-24",51600,41800,42650,NA,15050,8220,10100,6100,5636
"2018-08-27",52800,42950,43300,NA,15050,8200,10200,6130,5656
"2018-08-28",52700,43300,43900,NA,15150,8300,10300,6190,5685
"2018-08-29",52700,43400,43900,NA,15100,8290,10450,6180,5715
"2018-08-30",51400,43300,42700,NA,14900,8250,10250,6210,5785
"2018-08-31",51700,43600,42700,NA,14900,8340,10250,6210,5795
"2018-09-03",51300,43900,42750,NA,14800,8310,10150,6060,5755
"2018-09-04",51400,43850,42950,NA,14700,8270,10050,6160,5765
"2018-09-05",50400,42450,42400,NA,14500,8210,10150,6160,5804
"2018-09-06",50500,42150,41850,NA,14350,8170,10000,6150,5765
"2018-09-07",50700,42200,41850,NA,14650,8320,10100,6100,5725
"2018-09-10",51000,42000,41900,NA,14650,8400,10300,6080,5685
"2018-09-11",51100,42050,42200,NA,14550,8350,10200,6110,5209
"2018-09-12",51400,42750,42500,NA,14550,8330,10100,6160,5130
"2018-09-13",52200,43200,43800,NA,14700,8390,10000,6140,5189
"2018-09-14",51100,42750,43100,NA,14700,8390,10250,6120,5239
"2018-09-17",50400,42650,42650,NA,14550,8370,10050,6010,5209
"2018-09-18",50300,42000,42050,NA,14500,8210,9940,5980,5130
"2018-09-19",50400,42250,41900,NA,14350,8200,9830,5910,5120
"2018-09-20",51500,43250,43200,NA,14500,8240,9930,5990,5080
"2018-09-21",53200,44200,43750,NA,14750,8340,10050,5960,5110
"2018-09-27",53700,44600,43400,NA,14950,8500,10150,6030,5100
"2018-09-28",54200,45000,44550,NA,15250,8600,10150,6030,5110
"2018-10-01",55600,45150,45750,NA,15300,8660,10450,6050,5110
"2018-10-02",54500,45350,45600,NA,15200,8640,10450,6000,5090
"2018-10-04",56100,45900,46150,NA,15550,8620,10550,5980,5080
"2018-10-05",56200,45850,46400,NA,15350,8620,10450,6010,5060
"2018-10-08",56000,45550,46150,NA,15350,8700,10550,6020,5100
"2018-10-10",55400,46150,45850,NA,15100,8620,10400,5840,5020
"2018-10-11",52800,43900,43200,NA,14300,8210,10100,5570,4925
"2018-10-12",52400,43250,42600,NA,14450,8120,10400,5750,4940
"2018-10-15",52500,43550,43100,NA,14450,7990,10200,5710,4925
"2018-10-16",51900,43200,43250,NA,14450,7990,10200,5740,4970
"2018-10-17",52500,43950,43600,NA,14550,8040,10250,5770,4990
"2018-10-18",51400,43600,42900,NA,14400,7970,9910,5790,4990
"2018-10-19",51100,43250,42900,NA,14450,7880,9900,5910,4990
"2018-10-22",52400,45000,44150,NA,14650,7840,9820,5940,5020
"2018-10-23",51000,43800,42950,NA,14350,7760,9680,5930,4970
"2018-10-24",52100,45150,43200,NA,14750,7980,9730,5930,4965
"2018-10-25",51300,44050,41000,NA,14500,7960,9580,6050,4970
"2018-10-26",51000,43550,40600,NA,15000,7840,9540,5870,4905
"2018-10-29",51600,44300,40500,NA,14900,7810,9400,5660,4800
"2018-10-30",48750,42350,38550,NA,14400,7600,9360,5600,4840
"2018-10-31",47400,42550,38300,NA,14850,7590,9400,5490,4870
"2018-11-01",47750,42150,38150,NA,14700,7710,9120,5560,4900
"2018-11-02",49050,43000,39450,NA,15000,7850,9070,5690,4935
"2018-11-05",48650,42650,38400,NA,15050,7680,9030,5690,4975
"2018-11-06",48550,42700,38550,NA,15100,7800,8990,5780,4940
"2018-11-07",48000,42700,38150,NA,15050,7860,8860,5750,4915
"2018-11-08",48450,42850,38250,NA,15350,7840,9000,5850,4920
"2018-11-09",47800,43350,38300,NA,15100,7740,9010,5840,4960
"2018-11-12",47700,43400,38300,NA,15300,7790,8960,5900,4960
"2018-11-13",47050,43400,38250,NA,15300,7760,8920,5880,4920
"2018-11-14",47100,43100,38100,NA,15200,7710,8840,5820,4895
"2018-11-15",47100,42750,38700,NA,15050,7700,8680,5800,4915
"2018-11-16",47100,42750,38700,NA,15050,7870,8950,5880,4905
"2018-11-19",46900,42400,38650,NA,14900,7830,8920,5810,4990
"2018-11-20",46950,42650,38600,NA,15000,7940,8780,5740,4960
"2018-11-21",46550,42750,38650,NA,14900,7960,8790,5750,4970
"2018-11-22",46900,42750,38850,NA,15050,7880,8730,5680,4950
"2018-11-23",46850,42600,38300,NA,15050,7860,8740,5640,4915
"2018-11-26",47600,42550,38700,NA,15100,7940,8780,5830,4935
"2018-11-27",48350,42400,39500,NA,15100,7930,8740,5830,4910
"2018-11-28",48350,41500,38750,NA,14950,7860,8730,5830,4925
"2018-11-29",48500,42150,38700,NA,15100,7990,8900,5790,4930
"2018-11-30",47200,41200,37600,NA,14800,7670,8800,5700,4930
"2018-12-03",47200,41650,37150,NA,14800,7680,8760,5670,4930
"2018-12-04",47950,42150,36650,NA,14900,7580,8790,5660,4910
"2018-12-05",48000,42250,36450,NA,14850,7490,8680,5700,4905
"2018-12-06",47750,41850,36400,NA,14800,7510,8620,5710,4845
"2018-12-07",47050,41300,36650,NA,14800,7570,8680,5620,4830
"2018-12-10",45200,39950,36350,NA,14450,7490,8590,5500,4710
"2018-12-11",45600,39700,35950,NA,14350,7390,8480,5480,4705
"2018-12-12",46800,39950,37000,NA,14500,7380,8510,5590,4745
"2018-12-13",47300,39950,37150,NA,14650,7460,8650,5600,4765
"2018-12-14",47950,40400,37250,NA,14950,7590,8650,5550,4720
"2018-12-17",48200,40550,37400,NA,14800,7520,8590,5590,4720
"2018-12-18",48950,40900,37950,NA,15000,7700,8690,5560,4695
"2018-12-19",48200,40950,37600,NA,15050,7620,8680,5620,4685
"2018-12-20",48850,40850,37800,NA,15150,7710,8690,5670,4675
"2018-12-21",48950,41400,38050,NA,15250,7670,8710,5610,4660
"2018-12-24",48750,41250,38000,NA,15050,7670,8750,5710,4655
"2018-12-26",47800,40300,37300,NA,14900,7600,8630,5650,4610
"2018-12-27",45450,39050,35700,NA,14050,7350,8380,5590,4610
"2018-12-28",46500,39600,36250,NA,14050,7330,8310,5700,4655
"2019-01-02",45950,39400,36150,NA,13550,7000,8050,5540,4660
"2019-01-03",46450,39100,35550,NA,13650,6880,8140,5580,4650
"2019-01-04",45650,39000,35050,NA,13350,6880,8300,5590,4640
"2019-01-07",45450,38750,34850,NA,13300,6850,8200,5600,4645
"2019-01-08",45500,38500,34750,NA,13450,6740,8170,5620,4645
"2019-01-09",46450,39350,35550,NA,13650,6790,8210,5600,4715
"2019-01-10",45500,38350,35400,NA,13550,6680,8050,5540,4710
"2019-01-11",45350,38450,35650,NA,13650,6720,8190,5550,4695
"2019-01-14",44550,38350,35100,NA,13400,6670,8140,5460,4750
"2019-01-15",46750,39700,36800,NA,13700,6810,8190,5580,4750
"2019-01-16",47450,40800,37950,NA,13900,6830,8260,5580,4765
"2019-01-17",47600,41350,38400,NA,13850,6940,8300,5680,4755
"2019-01-18",46700,40750,38050,NA,13750,6980,8330,5670,4760
"2019-01-21",46100,40600,37800,NA,13700,6950,8340,5640,4760
"2019-01-22",45750,40600,37650,NA,13600,6910,8360,5650,4765
"2019-01-23",45350,40600,37500,NA,13650,7040,8360,5650,4795
"2019-01-24",45900,41950,38300,NA,13850,7060,8400,5680,4790
"2019-01-25",46300,42200,38350,NA,13900,7160,8380,5710,4800
"2019-01-28",45800,42350,38100,NA,13850,7160,8430,5700,4790
"2019-01-29",46100,42250,38400,NA,13950,7070,8420,5820,4765
"2019-01-30",46650,42600,38500,NA,14150,7200,8490,6030,4790
"2019-01-31",48050,43200,39950,NA,14250,7350,8680,6210,4855
"2019-02-01",48600,43500,40100,NA,14350,7350,8790,6240,4900
"2019-02-07",48050,43700,40300,NA,14500,7340,8770,6300,4895
"2019-02-08",48100,43850,40350,NA,14050,7280,8680,6250,4890
"2019-02-11",46350,43300,40200,NA,13900,7250,8620,6060,4855
"2019-02-12",45500,42450,39750,NA,13900,7250,8820,6080,4850
"2019-02-13",46150,43350,40550,15300,14050,7320,8860,6170,4890
"2019-02-14",46200,44250,40500,16000,14100,7350,8760,6130,4900
"2019-02-15",46000,43700,39700,15650,14000,7340,8790,6150,4900
"2019-02-18",46100,43600,39800,15750,14250,7350,8730,6180,4925
"2019-02-19",46050,42850,39500,15550,14050,7270,8730,6100,4930
"2019-02-20",45850,43100,39600,15250,14050,7270,8740,6090,4910
"2019-02-21",45550,43300,39700,15100,14100,7190,8680,6050,4910
"2019-02-22",45650,43700,39500,14850,14000,7180,8600,6180,4910
"2019-02-25",45900,43750,39500,14900,14150,7220,8710,6220,4905
"2019-02-26",45200,43000,38950,14700,14000,7170,8530,6160,4890
"2019-02-27",44650,43250,38500,14800,14050,7140,8480,6010,4885
"2019-02-28",44350,43650,38850,14800,13950,7090,8480,5940,4815
"2019-03-04",43050,42800,38150,14400,13850,7020,8440,5930,4835
"2019-03-05",43150,42750,38000,14250,14000,7010,8410,5910,4830
"2019-03-06",43000,42600,38400,14350,13950,6980,8400,5900,4835
"2019-03-07",43100,42650,37700,14200,13950,6950,8440,5930,4800
"2019-03-08",42150,42000,36800,14000,13800,6820,8320,5850,4765
"2019-03-11",42700,42900,37750,14150,13950,6860,8240,5870,4755
"2019-03-12",42950,43000,37950,14400,14150,6960,8400,5850,4915
"2019-03-13",42200,43150,37550,14550,14200,6860,8400,5850,4955
"2019-03-14",42650,43800,38000,14350,14200,6960,8530,5890,4975
"2019-03-15",43950,44200,37850,14850,14600,7350,8660,6030,5080
"2019-03-18",44100,44100,38050,14950,14650,7260,8670,5950,5080
"2019-03-19",43850,43950,37950,14900,14700,7260,8660,5870,4980
"2019-03-20",43500,44100,37850,15000,14500,7110,8660,5860,4930
"2019-03-21",43000,43300,37250,14650,14350,7020,8630,5830,4870
"2019-03-22",42500,43250,37000,14050,14200,6950,8660,5790,4910
"2019-03-25",41550,42950,36600,13400,14150,6780,8460,5580,4805
"2019-03-26",41400,42750,36000,13350,13950,6710,8320,5550,4790
"2019-03-27",41450,42750,36100,13500,14100,6690,8330,5600,4785
"2019-03-28",40750,42050,35900,13550,13950,6640,8290,5550,4780
"2019-03-29",41850,42000,36400,13750,14050,6680,8170,5570,4765
"2019-04-01",44000,43750,37550,14150,14350,6900,8340,5660,4870
"2019-04-02",45000,44800,39000,14250,14550,6990,8530,5830,4885
"2019-04-03",45250,45300,39250,14400,14550,7100,8570,5850,5010
"2019-04-04",45400,45450,39400,14450,14650,7120,8600,5790,4940
"2019-04-05",45300,45600,39500,14400,14600,7140,8480,5770,4860
"2019-04-08",45000,45600,39550,14300,14500,7130,8440,5730,4915
"2019-04-09",44800,45500,39200,14350,14450,7120,8330,5680,4980
"2019-04-10",45200,45750,39150,14350,14550,7200,8410,5700,4970
"2019-04-11",45200,45750,38950,14350,14450,7250,8410,5760,4970
"2019-04-12",45450,45800,38800,14300,14700,7280,8400,5690,4990
"2019-04-15",45700,45650,39050,14300,14600,7300,8460,5720,5010
"2019-04-16",46300,45700,38650,14200,14650,7320,8540,5730,4990
"2019-04-17",46150,45550,38500,14150,14650,7280,8590,5710,4985
"2019-04-18",45750,45150,38000,14000,14450,7110,8430,5620,4955
"2019-04-19",45350,44650,37850,13950,14450,7090,8480,5600,4980
"2019-04-22",45200,44700,37350,13850,14450,6990,8400,5590,4965
"2019-04-23",45900,45050,37450,14000,14550,7070,8510,5620,4965
"2019-04-24",45350,44050,36950,13850,14200,6960,8380,5600,4925
"2019-04-25",45750,44450,37300,14000,14300,6990,8400,5590,4910
"2019-04-26",45400,43700,36450,13850,14100,6980,8340,5570,4900
"2019-04-29",46450,44550,37350,14000,14400,7040,8370,5570,4925
"2019-04-30",46200,44100,36800,13850,14150,7010,8420,5690,4905
"2019-05-02",46700,45150,36900,14200,14450,7200,8460,5710,4915
"2019-05-03",46600,45200,36500,13950,14200,7090,8690,5690,4935
"2019-05-07",46600,45500,36900,14050,14300,7110,8690,5680,4925
"2019-05-08",46800,45300,37100,14050,14250,7080,8690,5660,4865
"2019-05-09",46100,44450,36500,13850,13900,6930,8690,5560,4790
"2019-05-10",46350,44900,36300,13800,14000,7020,8530,5580,4780
"2019-05-13",46200,45200,36000,13600,13900,6890,8310,5520,4750
"2019-05-14",46150,44700,35500,13700,13900,6870,8230,5490,4800
"2019-05-15",46100,44950,36550,13850,13950,7010,8410,5500,4835
"2019-05-16",46100,44700,36800,13800,14000,6890,8340,5500,4810
"2019-05-17",45700,44950,36400,13700,13950,6960,8280,5530,4810
"2019-05-20",46350,45400,36600,13750,13800,7040,8340,5540,4800
"2019-05-21",46400,45600,37400,13850,14000,7080,8350,5560,4780
"2019-05-22",46200,46050,37050,14050,13950,7080,8250,5520,4775
"2019-05-23",46150,46300,36750,13950,13900,7110,8230,5510,4745
"2019-05-24",46200,46850,37650,14250,13900,7140,8220,5500,4750
"2019-05-27",45750,46850,37300,14100,13900,7060,8180,5450,4745
"2019-05-28",45800,48000,37300,14150,13750,7020,8130,5310,4715
"2019-05-29",45150,45700,36800,14000,13650,6930,8050,5450,4655
"2019-05-30",44650,45200,37150,14100,14000,6960,8150,5540,4675
"2019-05-31",43800,44450,36300,13900,13850,6900,8080,5580,4690
"2019-06-03",44550,45150,36700,14000,13900,7040,8090,5650,4700
"2019-06-04",45350,45400,37100,14100,13950,7140,8210,5780,4730
"2019-06-05",44450,44900,37000,13850,13850,7110,8260,5680,4730
"2019-06-07",44300,44900,37500,13750,13850,7070,8300,5740,4705
"2019-06-10",44900,45500,37750,13850,13950,7150,8340,5790,4770
"2019-06-11",44450,45600,37600,13900,13950,7300,8310,5760,4800
"2019-06-12",44850,45850,37550,14000,14000,7350,8280,5770,4815
"2019-06-13",44300,45200,37200,14000,13950,7290,8170,5950,4750
"2019-06-14",44300,45200,37250,13950,13950,7330,8280,5920,4810
"2019-06-17",44300,45250,37300,14100,13900,7330,8250,6010,4780
"2019-06-18",44700,45600,37500,14100,14050,7370,8220,6000,4760
"2019-06-19",45750,46000,37250,14400,14050,7400,8230,6030,4770
"2019-06-20",45500,45000,36500,14400,13950,7300,8200,5920,4800
"2019-06-21",45350,44900,36650,14000,13900,7310,8110,5970,4775
"2019-06-24",45050,44850,36950,14050,13950,7390,8180,5990,4770
"2019-06-25",44950,44950,36850,13950,13950,7420,8230,5950,4725
"2019-06-26",45400,44600,37500,14000,14050,7470,8220,5980,4735
"2019-06-27",45750,45150,37400,14100,14050,7450,8170,5960,4730
"2019-06-28",45850,44900,37400,14050,14050,7490,8150,5910,4705
"2019-07-01",46700,45050,37550,14000,14100,7470,8170,6010,4705
"2019-07-02",46050,44800,37500,14050,14050,7510,8160,6000,4705
"2019-07-03",45050,44450,36600,13900,13800,7250,7870,5880,4685
"2019-07-04",45350,44450,36600,14000,13900,7360,7910,5880,4670
"2019-07-05",44350,44400,36600,14050,13850,7400,7890,5910,4695
"2019-07-08",43600,43650,35900,13850,13750,7250,7740,5770,4630
"2019-07-09",43350,43650,35500,13700,13650,7340,7790,5780,4615
"2019-07-10",43350,43600,35950,13650,13550,7300,7820,5720,4615
"2019-07-11",43350,44300,35800,13900,13600,7250,7780,5740,4660
"2019-07-12",43850,44550,36100,13850,13750,7460,7840,5770,4665
"2019-07-15",44100,44900,36200,13800,13900,7370,7800,5720,4675
"2019-07-16",44700,45150,36200,13900,13800,7470,7830,5790,4615
"2019-07-17",44900,45200,36250,13800,13800,7420,7820,5700,4600
"2019-07-18",45000,45250,35450,13800,13700,7210,7730,5730,4585
"2019-07-19",45500,45800,36000,13800,13800,7330,7780,5750,4595
"2019-07-22",45450,45450,36050,13800,13750,7230,7740,5670,4590
"2019-07-23",46100,46300,36700,14000,13850,7410,7860,5730,4570
"2019-07-24",45500,45850,36250,14000,13900,7300,7790,5640,4545
"2019-07-25",44150,45100,35450,13700,13700,7290,7740,5630,4510
"2019-07-26",43800,43650,35350,13500,13550,7310,7770,5610,4495
"2019-07-29",43600,43900,35100,13150,13300,7220,7680,5530,4395
"2019-07-30",43350,43800,35000,13050,13200,7090,7520,5520,4405
"2019-07-31",43400,43500,34750,13100,13150,7000,7530,5510,4400
"2019-08-01",43200,44200,35200,13100,13050,7060,7550,5540,4425
"2019-08-02",41500,42750,33900,12550,12650,6910,7280,5590,4360
"2019-08-05",40900,43050,33400,12500,12600,6860,7080,5550,4200
"2019-08-06",40250,42550,33200,12250,12550,6790,6990,5540,4165
"2019-08-07",39550,42100,32750,12100,12600,6640,6900,5540,4220
"2019-08-08",39250,41200,32800,12100,12400,6690,6900,5560,4265
"2019-08-09",39250,41050,32700,12150,12700,6730,6910,5500,4215
"2019-08-12",38950,41050,32500,11950,12450,6660,6850,5490,4180
"2019-08-13",38250,40400,31850,11750,12150,6570,6770,5430,4170
"2019-08-14",38700,40450,31450,11600,12100,6550,6700,5470,4200
"2019-08-16",38450,40200,31550,11300,12100,6500,6700,5400,4205
"2019-08-19",39250,40600,32400,11600,12350,6550,6910,5460,4235
"2019-08-20",39400,40500,32050,11600,12250,6500,6870,5450,4245
"2019-08-21",39450,40250,31850,11600,12250,6550,6890,5430,4245
"2019-08-22",39300,40450,31800,11650,12200,6570,6950,5560,4225
"2019-08-23",39000,40350,32100,11550,12150,6520,6870,5460,4185
"2019-08-26",38500,39700,32100,11550,11950,6460,6770,5350,4120
"2019-08-27",38650,39650,31550,11250,11800,6370,6680,5320,4110
"2019-08-28",38700,39900,31900,11200,12000,6430,6660,5350,4150
"2019-08-29",38850,39950,32100,11250,12050,6480,6690,5400,4110
"2019-08-30",39700,40750,32500,11900,12400,6700,6890,5490,4150
"2019-09-02",39600,40850,32550,11900,12400,6650,6860,5480,4165
"2019-09-03",39450,40900,32550,11900,12300,6620,6890,5500,4150
"2019-09-04",40050,41200,33000,12100,12350,6710,7090,5540,4185
"2019-09-05",39750,40900,32950,12050,12400,6710,7180,5560,4215
"2019-09-06",40550,41450,33750,12050,12500,6720,7120,5570,4220
"2019-09-09",41150,41500,34150,12100,12700,6790,7120,5590,4230
"2019-09-10",42500,42200,35000,12350,13000,6890,7270,5640,4270
"2019-09-11",43700,42250,35300,12450,13300,7120,7420,5790,4325
"2019-09-16",44650,43050,35900,12600,13400,7230,7710,5820,4365
"2019-09-17",44100,42750,35800,12550,13300,7300,7700,5800,4355
"2019-09-18",43250,42200,35500,12550,13350,7220,7570,5800,4360
"2019-09-19",42900,42250,35450,12400,13200,7180,7510,5780,4360
"2019-09-20",44200,42850,36900,12600,13450,7270,7760,5870,4365
"2019-09-23",43800,42850,36350,12500,13500,7210,7660,5810,4335
"2019-09-24",44000,42650,35850,12600,13300,7180,7620,5750,4315
"2019-09-25",43500,42800,35400,12400,13300,7140,7580,5680,4270
"2019-09-26",43950,43000,35800,12600,13400,7210,7580,5710,4280
"2019-09-27",42400,41850,35000,12100,12850,7070,7390,5590,4225
"2019-09-30",42700,41800,35250,12450,13200,7190,7450,5620,4205
"2019-10-01",42500,42350,34850,12300,13200,7210,7470,5630,4210
"2019-10-02",41850,41650,34300,11900,12950,7060,7340,5530,4215
"2019-10-04",41650,40950,34050,11900,12750,7030,7180,5450,4225
"2019-10-07",41250,41100,34050,11750,12800,6990,7150,5460,4220
"2019-10-08",41700,41400,33900,11750,12550,7000,7030,5430,4235
"2019-10-10",40850,40900,32700,11200,12300,6850,6910,5360,4210
"2019-10-11",41950,41350,33650,11500,12450,6910,7000,5400,4225
"2019-10-14",42800,42500,35000,11800,12750,7080,7180,5460,4250
"2019-10-15",42700,42550,35200,11700,12650,7020,7130,5450,4230
"2019-10-16",42700,42700,35150,11800,12650,7120,7190,5480,4230
"2019-10-17",42900,42700,35350,12100,12750,7180,7230,5470,4200
"2019-10-18",42850,42100,35150,12050,12600,7180,7280,5520,4200
"2019-10-21",43150,42850,35500,12150,12700,7220,7290,5480,4215
"2019-10-22",44100,43400,35950,12600,12850,7250,7320,5480,4185
"2019-10-23",43900,43550,35600,12350,12600,7140,7260,5430,4180
"2019-10-24",44000,43850,36250,12450,12700,7120,7200,5410,4155
"2019-10-25",42800,43550,35350,12400,12700,7150,7160,5400,4120
"2019-10-28",42900,43650,33850,12000,12100,7040,7060,5400,4050
"2019-10-29",42600,44000,34450,12100,12050,7010,7050,5380,4045
"2019-10-30",42450,43150,33800,11800,11800,7010,6970,5330,4005
"2019-10-31",41950,42500,33700,11750,11800,6950,7030,5340,4010
"2019-11-01",42300,42650,34200,11800,11900,6820,6820,5330,4015
"2019-11-04",43200,42800,34700,12100,12100,6960,6920,5410,4065
"2019-11-05",43950,43450,35550,12100,12200,7070,7030,5440,4105
"2019-11-06",43250,43400,35250,12100,12100,7090,7110,5480,4070
"2019-11-07",43200,43300,35350,12300,12250,7200,7240,5500,4060
"2019-11-08",43300,43850,36000,12300,12250,7230,7280,5530,4075
"2019-11-11",43000,43350,35900,12200,12250,7180,7250,5600,4055
"2019-11-12",43550,43600,36050,12400,12300,7260,7290,5530,4060
"2019-11-13",43400,43300,35600,12100,12150,7130,7180,5430,4060
"2019-11-14",43700,43700,35550,12000,12000,7190,7140,5420,4055
"2019-11-15",43700,43800,35900,12400,12250,7230,7270,5470,4110
"2019-11-18",44000,43700,36050,12250,12250,7150,7190,5430,4105
"2019-11-19",44900,43750,36400,12200,12100,7130,7240,5450,4070
"2019-11-20",45950,44200,36550,12250,12100,7140,7280,5450,4060
"2019-11-21",45650,43600,35800,11850,11900,7040,7120,5380,4010
"2019-11-22",46200,44200,35650,12050,11900,7050,7160,5440,4030
"2019-11-25",46050,44350,36100,11950,12000,7100,7200,5440,4045
"2019-11-26",45850,44950,36300,11850,11900,7080,7230,5440,4060
"2019-11-27",46100,44650,36350,11850,11950,7080,7190,5420,4055
"2019-11-28",46550,44500,36300,11800,11900,7070,7120,5420,4045
"2019-11-29",46050,43550,35750,11700,11750,6960,7090,5400,4045
"2019-12-02",45950,43600,36000,11700,11850,7140,7110,5390,4030
"2019-12-03",45850,43450,35700,11550,11750,7090,7010,5360,4030
"2019-12-04",46050,43350,35500,11550,11750,7050,6990,5360,4025
"2019-12-05",46650,43400,35750,11400,11750,7380,7130,5390,4025
"2019-12-06",47000,43750,35800,11350,11900,7390,7080,5430,4020
"2019-12-09",48050,44100,36750,11450,11900,7380,7100,5470,4010
"2019-12-10",48300,44050,36850,11350,11850,7370,7080,5440,4020
"2019-12-11",48000,43650,37000,11350,11850,7520,7150,5480,4025
"2019-12-12",48350,44200,37600,11800,12100,7600,7290,5540,4030
"2019-12-13",50000,45650,38600,12150,12400,7870,7470,5660,4075
"2019-12-16",49050,44400,37650,11950,12250,7740,7390,5600,4065
"2019-12-17",47950,44350,37500,11850,12250,7760,7490,5650,4050
"2019-12-18",49400,45300,38400,11900,12400,7820,7470,5660,4055
"2019-12-19",49400,45450,38600,12000,12350,7860,7460,5640,4060
"2019-12-20",49050,45350,38550,12000,12300,7890,7390,5700,4050
"2019-12-23",49900,45800,38700,12150,12450,7870,7420,5700,4070
"2019-12-24",49450,45550,38250,12050,12400,7850,7390,5700,4070
"2019-12-26",49400,45750,38650,12250,12500,7770,7460,5730,4090
"2019-12-27",48050,44100,37500,11650,11900,7620,7150,5560,4070
"2019-12-30",47650,43350,36900,11600,11800,7660,7120,5490,4055
"2020-01-02",46550,42600,35950,11400,11550,7470,7040,5370,4050
"2020-01-03",47150,42750,36200,11300,11600,7490,7060,5420,4040
"2020-01-06",46600,42100,35450,11050,11350,7350,6940,5350,4005
"2020-01-07",47000,42750,35550,11100,11400,7430,6960,5340,4010
"2020-01-08",46150,42000,34950,10650,11150,7330,6840,5130,3965
"2020-01-09",46500,42200,35050,10650,11100,7180,6800,5140,3985
"2020-01-10",46800,41350,34950,10500,11100,7090,6840,5170,3955
"2020-01-13",46700,41750,34750,10600,11150,7100,6820,5180,3960
"2020-01-14",47850,41850,35300,10650,11200,7210,6880,5200,3990
"2020-01-15",47900,41500,35350,10750,11250,7220,6850,5220,3975
"2020-01-16",48000,41300,35350,10650,11200,7230,6850,5320,3980
"2020-01-17",47900,41050,35150,10650,11250,7250,6920,5270,3995
"2020-01-20",48300,41300,35100,10900,11250,7220,6970,5300,3985
"2020-01-21",47350,41400,35250,10750,11200,7210,6890,5280,3925
"2020-01-22",47550,41000,35050,10850,11150,7210,6900,5330,3945
"2020-01-23",46700,41200,35100,10800,11100,7240,6900,5280,3925
"2020-01-28",44500,40150,33850,10350,10700,6910,6640,5150,3840
"2020-01-29",44250,39800,33450,10400,10800,6920,6690,5180,3815
"2020-01-30",43800,39900,33450,10400,10800,6880,6630,5110,3780
"2020-01-31",43950,39150,33200,10150,10750,6750,6500,5110,3745
"2020-02-03",43850,39300,33200,10100,10650,6850,6440,5040,3700
"2020-02-04",43500,38900,33400,10150,10550,6910,6470,5030,3700
"2020-02-05",44200,39250,34300,10250,10600,6940,6490,5050,3730
"2020-02-06",45250,39800,34900,10500,10900,7090,6630,5120,3805
"2020-02-07",44400,39150,34500,10300,10850,6900,6640,5050,3765
"2020-02-10",43250,38150,34000,10150,10600,6820,6490,5050,3690
"2020-02-11",43100,38500,34300,10350,10600,6850,6620,5080,3715
"2020-02-12",43500,38450,35500,10350,10500,7020,6680,5140,3730
"2020-02-13",42750,37900,34300,10300,10400,6850,6570,5260,3710
"2020-02-14",42750,37750,33900,10200,10200,6800,6630,5260,3675
"2020-02-17",42400,36900,33350,10250,10150,6760,6560,5290,3680
"2020-02-18",41750,36450,33300,10100,10050,6710,6470,5270,3690
"2020-02-19",41800,36550,33050,10050,10100,6720,6420,5230,3710
"2020-02-20",42200,36200,32900,9950,10000,6550,6380,5300,3675
"2020-02-21",41150,35650,32900,9810,9900,6510,6210,5160,3650
"2020-02-24",39050,34000,31650,9400,9480,6210,5930,4980,3585
"2020-02-25",39250,34200,31600,9790,9690,6320,5980,5060,3575
"2020-02-26",39050,34150,31400,9810,9660,6300,5900,5030,3565
"2020-02-27",39400,33500,31800,9910,9780,6390,5850,5030,3525
"2020-02-28",38900,32300,31400,9610,9510,6170,5610,5010,3395
"2020-03-02",38400,32200,30750,9490,9430,6100,5410,4925,3405
"2020-03-03",38100,32050,30100,9470,9390,6090,5380,4910,3435
"2020-03-04",38950,33150,30650,9630,9450,6050,5260,4920,3430
"2020-03-05",38700,32750,30200,9410,9390,5960,5400,4920,3470
"2020-03-06",37450,31900,29850,9200,9020,5810,5300,4840,3400
"2020-03-09",35150,30050,27900,8600,8520,5460,5070,4610,3245
"2020-03-10",35150,30150,27600,8500,8410,5440,5040,4550,3220
"2020-03-11",35300,30350,27350,8570,8420,5450,5060,4505,3160
"2020-03-12",33450,29100,24950,8220,7910,5090,4720,4395,3040
"2020-03-13",32900,27500,24100,7770,7450,4795,4560,4135,2710
"2020-03-16",32100,26800,23400,7630,7100,4585,4380,4115,2650
"2020-03-17",29850,25200,21200,7310,6710,4295,4030,3855,2485
"2020-03-18",29050,24400,21200,7000,6510,3920,3835,3740,2405
"2020-03-19",26050,22450,18550,6560,5870,3830,3480,3375,2160
"2020-03-20",30850,24200,20650,7440,6620,3970,3720,3820,2180
"2020-03-23",27650,22200,18450,6560,6130,3650,3420,3480,2055
"2020-03-24",29150,23950,19200,6950,6680,3830,3615,3620,2110
"2020-03-25",32000,27350,21200,7410,7370,4175,4030,3935,2280
"2020-03-26",32900,27350,21900,7300,7270,4140,4035,4125,2375
"2020-03-27",35750,28400,23750,7600,7370,4300,4250,4250,2370
"2020-03-30",34750,27500,23000,7490,7270,4295,4320,4340,2345
"2020-03-31",34550,28600,23100,7650,7500,4435,4590,4475,2425
"2020-04-01",31600,26750,21850,7270,7160,4355,4400,4410,2425
"2020-04-02",31700,26750,22550,7390,7230,4475,4380,4470,2480
"2020-04-03",31150,26550,22400,7300,7230,4360,4370,4380,2500
"2020-04-06",32850,27350,23800,7620,7440,4595,4485,4390,2540
"2020-04-07",33100,28500,24350,7750,7560,4655,4565,4390,2660
"2020-04-08",32100,27850,23700,7540,7450,4580,4530,4410,2695
"2020-04-09",32500,28100,23950,7640,7510,4650,4595,4380,2780
"2020-04-10",33650,29050,25300,7970,7820,4810,4895,4480,2910
"2020-04-13",32550,28500,24600,7900,7750,4830,4915,4425,2915
"2020-04-14",33200,29050,25000,8160,7900,4875,4910,4430,2915
"2020-04-16",31900,28050,24250,8100,7720,4685,4770,4345,2915
"2020-04-17",32350,28500,24750,8220,7880,4800,4950,4410,2970
"2020-04-20",31900,28200,24550,8120,7700,4780,4955,4440,3045
"2020-04-21",31700,27700,23750,7940,7480,4695,4860,4370,3080
"2020-04-22",31500,27600,23700,7970,7340,4675,4800,4335,3040
"2020-04-23",31300,27500,23600,7910,7320,4665,4820,4410,3095
"2020-04-24",31100,27150,23150,7850,7200,4635,4700,4365,3020
"2020-04-27",34200,30000,27050,8330,7620,4875,4920,4605,3330
"2020-04-28",34150,30100,27350,8430,7720,4970,5150,4690,3340
"2020-04-29",34750,30550,27600,8440,7900,5050,5270,4835,3345
"2020-05-04",33000,29800,26350,8000,7660,4845,5170,4660,3305
"2020-05-06",32700,29900,26350,8060,7670,4845,5070,4635,3275
"2020-05-07",32450,30050,26750,8020,7720,4805,5200,4600,3265
"2020-05-08",32800,30050,26850,8070,7740,4865,5130,4615,3265
"2020-05-11",32150,29550,26250,8010,7600,4785,5090,4595,3245
"2020-05-12",31550,28900,25400,7850,7440,4600,5000,4500,3235
"2020-05-13",31450,29450,25800,8010,7450,4560,4930,4460,3210
"2020-05-14",30950,28900,24800,7810,7370,4440,4750,4325,3140
"2020-05-15",31450,29350,25350,7950,7550,4515,4805,4425,3145
"2020-05-18",31000,28950,24900,7850,7460,4470,4705,4465,3090
"2020-05-19",31950,30450,26100,8150,7730,4820,4985,4745,3175
"2020-05-20",32050,29850,26050,8070,7680,4730,4950,4675,3180
"2020-05-21",32000,29450,25900,8040,7740,4730,4980,4720,3270
"2020-05-22",31100,29050,25250,7830,7560,4680,4975,4595,3170
"2020-05-25",31350,29200,25600,8030,7620,4680,4950,4565,3190
"2020-05-26",32600,29700,26750,8190,7770,4755,4980,4635,3185
"2020-05-27",33100,29750,27200,8360,7960,4900,5150,4740,3205
"2020-05-28",34200,30250,28450,8740,8240,5090,5330,4825,3255
"2020-05-29",34000,30150,29750,9130,8280,5080,5260,4750,3285
"2020-06-01",34600,30700,30100,9120,8480,5170,5420,4870,3300
"2020-06-02",36250,32000,31600,9700,9000,5500,5610,5040,3385
"2020-06-03",38600,35750,32250,10350,9730,5780,5870,5240,3465
"2020-06-04",37000,34650,31250,10000,9540,5800,5870,5230,3450
"2020-06-05",38050,35000,31250,10050,9730,5800,5910,5300,3475
"2020-06-08",38200,34750,31050,10050,9680,5770,5870,5300,3450
"2020-06-09",38500,34550,30900,9850,9480,5600,5810,5250,3440
"2020-06-10",37550,33200,29650,9830,9280,5580,5700,5090,3400
"2020-06-11",36350,32500,29000,9550,8840,5330,5480,4930,3320
"2020-06-12",34650,31150,27800,9350,8590,5160,5300,5060,3275
"2020-06-15",33250,29500,26550,8880,8310,5100,5130,4750,3150
"2020-06-16",35700,32000,28850,9440,8900,5360,5440,4920,3235
"2020-06-17",35000,31000,28250,9280,8820,5370,5510,4820,3235
"2020-06-18",35250,30750,28050,9220,8810,5420,5510,4805,3240
"2020-06-19",36000,30800,27850,9310,8640,5240,5400,4740,3250
"2020-06-22",34850,30050,27450,9190,8400,5080,5330,4715,3240
"2020-06-23",34700,29800,27150,9160,8270,5000,5350,4735,3215
"2020-06-24",34900,30200,27650,9250,8300,5100,5350,4820,3230
"2020-06-25",33750,29300,26850,8890,8110,4945,5150,4800,3085
"2020-06-26",34800,29700,27550,8940,8180,5040,5200,4800,3100
"2020-06-29",33900,29000,26800,8690,8020,4930,5140,4700,3000
"2020-06-30",33950,28750,27000,8810,8080,5000,5110,4740,3030
"2020-07-01",34400,29700,27300,8930,8120,5050,5120,4750,3050
"2020-07-02",34450,29900,27250,8920,8150,5150,5180,4745,3060
"2020-07-03",34800,30050,27250,8950,8170,5150,5170,4740,3065
"2020-07-06",35750,30300,27600,9060,8210,5230,5230,4765,3085
"2020-07-07",35800,30150,27100,8930,8140,5060,5180,4785,3060
"2020-07-08",35050,30000,26800,8810,8130,5150,5150,4755,3070
"2020-07-09",34700,29800,26500,8710,8020,5160,5110,4800,3080
"2020-07-10",33950,29000,25750,8410,7870,5030,5010,4770,3050
"2020-07-13",35350,29600,27200,8600,8150,5130,5120,4855,3105
"2020-07-14",35100,29400,27400,8500,8100,5130,5080,4800,3085
"2020-07-15",35650,29800,27800,8790,8260,5160,5180,4880,3100
"2020-07-16",35950,30050,28050,8890,8290,5210,5270,4835,3115
"2020-07-17",35650,29750,28000,8820,8200,5180,5300,4830,3095
"2020-07-20",36900,30450,29550,8970,8330,5190,5320,4870,3100
"2020-07-21",36700,30400,29900,8940,8260,5210,5280,4855,3100
"2020-07-22",36200,30450,28900,8860,8350,5170,5230,4820,3090
"2020-07-23",35850,30500,28650,8820,8250,5140,5170,4770,3090
"2020-07-24",35400,30500,28850,8800,8250,5080,5100,4770,3080
"2020-07-27",35450,30500,28750,8780,8290,5090,5110,4740,3090
"2020-07-28",35700,30750,28700,8680,8300,5120,5110,4715,3095
"2020-07-29",36200,31050,29700,8670,8260,5270,5230,4720,3085
"2020-07-30",35950,30950,30100,8680,8240,5240,5250,4710,3100
"2020-07-31",35250,30100,29500,8500,8110,5140,5150,4600,3100
"2020-08-03",35250,29900,29550,8390,8080,5070,5130,4525,3105
"2020-08-04",35500,30200,29200,8570,8200,5160,5280,4635,3125
"2020-08-05",35500,30000,28800,8560,8160,5130,5270,4635,3125
"2020-08-06",36550,30700,29350,8670,8290,5240,5330,4660,3135
"2020-08-07",36150,30200,29300,8640,8230,5160,5250,4600,3135
"2020-08-10",37150,30850,30250,8890,8400,5290,5400,4705,3135
"2020-08-11",38800,32850,31250,9050,8680,5400,5650,4730,3190
"2020-08-12",40350,33800,31900,9240,8800,5500,5670,4760,3190
"2020-08-13",41500,33800,31950,9210,8820,5520,5610,4720,3185
"2020-08-14",39800,32700,30800,9100,8700,5470,5570,4685,3180
"2020-08-18",38150,31600,29050,8760,8300,5380,5340,4570,3060
"2020-08-19",38000,31400,29050,8760,8390,5360,5380,4530,3050
"2020-08-20",36450,30250,27800,8450,8120,5100,5240,4380,2955
"2020-08-21",36750,30750,28350,8590,8190,5130,5250,4360,2975
"2020-08-24",36950,30700,28450,8680,8280,5120,5230,4310,2975
"2020-08-25",37950,31400,29350,8810,8420,5290,5350,4365,3015
"2020-08-26",37100,30700,29150,8800,8350,5300,5340,4345,3015
"2020-08-27",36950,30000,28700,8610,8220,5200,5310,4310,2995
"2020-08-28",38000,30300,28950,8640,8260,5190,5400,4325,2980
"2020-08-31",36850,29650,28200,8460,8090,5080,5290,4290,2990
"2020-09-01",37400,30050,28500,8580,8170,5140,5390,4310,2985
"2020-09-02",37700,30200,28500,8620,8220,5200,5360,4395,3000
"2020-09-03",37400,30000,28050,8590,8290,5200,5350,4500,2995
"2020-09-04",36950,29650,27950,8460,8200,5140,5340,4515,2995
"2020-09-07",38250,29100,28050,8460,8270,5110,5330,4545,3005
"2020-09-08",37800,29050,28050,8490,8230,5110,5370,4560,3010
"2020-09-09",37500,28400,27700,8420,8130,5080,5360,4590,2975
"2020-09-10",37550,28500,27850,8420,8200,5110,5370,4670,2955
"2020-09-11",37150,28450,28200,8390,8180,5090,5400,4650,2975
"2020-09-14",38300,28750,28700,8530,8200,5150,5500,4720,2995
"2020-09-15",38350,28750,28600,8530,8170,5190,5570,4680,2995
"2020-09-16",37900,28700,28450,8510,8150,5210,5570,4630,3005
"2020-09-17",37950,28550,28450,8440,8120,5140,5430,4630,3010
"2020-09-18",37750,28350,28150,8410,8000,5140,5430,4685,3010
"2020-09-21",37650,28150,28150,8390,8000,5100,5400,4645,3035
"2020-09-22",37450,27600,27750,8260,7880,5020,5280,4530,3030
"2020-09-23",37550,27600,27700,8250,7910,5000,5300,4505,3005
"2020-09-24",37200,27200,27550,8080,7790,4935,5280,4460,2910
"2020-09-25",38200,27350,27550,8240,7850,4995,5410,4480,2980
"2020-09-28",38200,27500,27750,8430,7910,5000,5510,4515,3000
"2020-09-29",37550,27600,28100,8580,8010,5060,5490,4520,3020
"2020-10-05",39050,28550,29300,8650,8110,5070,5520,4590,3015
"2020-10-06",39000,28350,29300,8500,8110,5140,5620,4750,3010
"2020-10-07",39900,28500,29650,8670,8160,5140,5650,4725,3005
"2020-10-08",39850,28350,29950,8660,8150,5200,5880,4770,3005
"2020-10-12",40750,28450,30550,8710,8140,5190,5870,4770,3135
"2020-10-13",40200,28350,30000,8690,8160,5160,5910,4775,3145
"2020-10-14",38750,27950,29100,8560,8090,5170,5930,4705,3130
"2020-10-15",39050,28050,29300,8470,8080,5290,6060,4700,3120
"2020-10-16",39400,27950,29100,8410,8080,5350,6210,4735,3105
"2020-10-19",40700,29000,29950,8600,8220,5460,6250,4810,3135
"2020-10-20",40750,29000,30400,8570,8210,5460,6270,4835,3125
"2020-10-21",41450,29200,31400,8700,8280,5610,6380,4915,3215
"2020-10-22",41900,30200,32150,8880,8450,5770,6660,5020,3270
"2020-10-23",42250,31350,32950,9220,8720,5910,6900,5130,3295
"2020-10-26",42400,30950,32650,9130,8520,5810,6890,5050,3250
"2020-10-27",41750,30200,31100,8830,8340,5600,6580,5010,3230
"2020-10-28",42050,31500,31400,9060,8430,5760,6670,5070,3255
"2020-10-29",41000,31450,30800,9010,8320,5670,6490,5130,3175
"2020-10-30",40100,30350,30400,8890,8170,5510,6180,5100,3150
"2020-11-02",42000,31750,32250,9230,8440,5700,6660,5320,3230
"2020-11-03",42650,32000,32850,9310,8500,5830,6940,5390,3260
"2020-11-04",41550,31150,31800,9300,8450,5750,6730,5350,3270
"2020-11-05",42900,31500,32200,9480,8550,5850,6830,5470,3285
"2020-11-06",42650,31600,32550,9520,8570,5860,6920,5450,3285
"2020-11-09",42950,31750,33000,9610,8630,5910,6940,5420,3310
"2020-11-10",44700,32950,34900,9860,8860,6030,7090,5580,3350
"2020-11-11",47250,33650,36000,10100,9250,6180,7400,5880,3455
"2020-11-12",46350,32900,35250,9950,9060,6090,7540,5940,3430
"2020-11-13",44950,32250,34650,9770,9020,5980,7400,5960,3425
"2020-11-16",45700,33200,36500,9890,9150,6020,7630,6060,3450
"2020-11-17",46550,33350,36750,9910,9100,6050,7840,6010,3450
"2020-11-18",46850,33500,36100,10000,9120,5990,7590,5860,3425
"2020-11-19",46500,33250,35700,9900,9080,5980,7410,5800,3400
"2020-11-20",45650,33500,35400,9970,9330,6040,7290,5740,3410
"2020-11-23",46450,33950,35800,10050,9510,6010,7410,5840,3425
"2020-11-24",46400,33900,35550,10100,9570,5960,7450,5860,3415
"2020-11-25",48300,34650,36100,10150,9680,5990,7390,5800,3435
"2020-11-26",48450,34350,36100,10300,9630,5850,7480,5770,3465
"2020-11-27",47950,34050,35600,10200,9620,5680,7500,5680,3460
"2020-11-30",45350,32200,33850,9830,9300,5630,7300,5470,3465
"2020-12-01",45900,33150,34800,10100,9500,5720,7420,5630,3455
"2020-12-02",46800,34200,35450,10200,9560,5970,7460,5640,3470
"2020-12-03",47150,34050,35850,10100,9580,5920,7460,5620,3415
"2020-12-04",47200,34600,36550,10050,9590,5890,7440,5580,3425
"2020-12-07",47200,34050,35400,10050,9460,5800,7400,5540,3370
"2020-12-08",45900,33800,34750,9950,9350,5700,7270,5510,3325
"2020-12-09",46150,34050,35100,10000,9420,5820,7260,5650,3385
"2020-12-10",46400,34250,35500,10050,9420,5820,7260,5700,3380
"2020-12-11",47100,34550,36150,10300,9520,5840,7640,5860,3370
"2020-12-14",47000,34100,36050,10100,9420,5780,7450,5900,3355
"2020-12-15",46300,33550,36250,10000,9350,5890,7390,6070,3360
"2020-12-16",46050,33700,36150,10050,9450,5950,7420,6250,3410
"2020-12-17",45250,33250,36050,10100,9440,5870,7380,5920,3395
"2020-12-18",44950,33350,35800,9950,9360,5850,7320,5860,3415
"2020-12-21",45150,33500,36050,10000,9410,5830,7300,5900,3415
"2020-12-22",44550,33150,35550,9970,9330,5800,7300,5910,3360
"2020-12-23",44000,32850,34900,10000,9350,5810,7210,5920,3385
"2020-12-24",45450,33300,35800,10150,9450,5940,7290,5870,3380
"2020-12-28",45600,33500,35850,10150,9480,6050,7220,5890,3375
"2020-12-29",43400,32000,34100,9690,8880,5670,6860,5630,3315
"2020-12-30",43400,32050,34500,9730,8840,5680,6790,5640,3310
"2021-01-04",42450,31550,33450,9510,8620,5560,6660,5480,3280
"2021-01-05",43550,32100,34050,9610,8710,5580,6780,5590,3250
"2021-01-06",44000,32400,34750,9580,8700,5570,6800,5520,3255
"2021-01-07",46000,33750,36800,9840,8870,5780,7200,5680,3355
"2021-01-08",46500,33650,37700,9910,8830,5780,7230,5710,3465
"2021-01-11",45900,32900,37700,9720,8670,5720,7020,5640,3725
"2021-01-12",46200,33100,39150,9720,8680,5940,7150,5690,4190
"2021-01-13",47300,34200,40200,10050,8880,6030,7350,5740,4055
"2021-01-14",46550,34050,39250,10100,8840,5990,7390,5880,3970
"2021-01-15",45200,33350,38150,9920,8670,5880,7340,5820,3830
"2021-01-18",45250,32600,38150,9750,8560,5770,7140,5750,4000
"2021-01-19",45200,33050,38250,9900,8630,5850,7140,5830,4435
"2021-01-20",45150,33100,37250,9740,8560,5790,7090,5770,4250
"2021-01-21",44750,33350,37150,9640,8570,5730,7120,5740,4585
"2021-01-22",44050,32850,36350,9520,8480,5610,6950,5640,4435
