"","115160","064240","078890","028080","297570","134580"
"2016-01-25",15550,6830,10926,7910,NA,3980
"2016-01-26",15300,6570,10926,7850,NA,3870
"2016-01-27",15250,6360,11166,7860,NA,3880
"2016-01-28",14950,7160,11262,7840,NA,3865
"2016-01-29",15000,7180,11262,7850,NA,3890
"2016-02-01",14700,7170,11022,7700,NA,3865
"2016-02-02",14600,7410,11070,7600,NA,3850
"2016-02-03",14450,7760,10926,7500,NA,3845
"2016-02-04",14500,7540,10974,7490,NA,3840
"2016-02-05",14600,7850,11022,7450,NA,3850
"2016-02-11",13950,7990,10397,7290,NA,3710
"2016-02-12",12750,7970,9579,6860,NA,3715
"2016-02-15",12750,7970,9549,6910,NA,3750
"2016-02-16",12850,7660,9675,7020,NA,3750
"2016-02-17",12700,8100,9607,7020,NA,3735
"2016-02-18",12800,8680,9723,7090,NA,3780
"2016-02-19",13100,8750,10300,7210,NA,3695
"2016-02-22",12950,8600,10300,7200,NA,3785
"2016-02-23",12900,8100,10059,7140,NA,3735
"2016-02-24",12950,8210,10011,7180,NA,3765
"2016-02-25",13000,7980,9915,7320,NA,3825
"2016-02-26",13000,7430,9963,7320,NA,3810
"2016-02-29",13250,7450,9963,7450,NA,3845
"2016-03-02",13200,7470,9771,7440,NA,3865
"2016-03-03",13300,7550,9771,7420,NA,3890
"2016-03-04",13350,7580,9867,7260,NA,3890
"2016-03-07",13150,7450,9867,7570,NA,3890
"2016-03-08",13450,7300,9675,7550,NA,3890
"2016-03-09",13400,7290,9963,7540,NA,3890
"2016-03-10",13800,7520,10059,7530,NA,3910
"2016-03-11",13500,7510,9819,7530,NA,3900
"2016-03-14",13600,7570,10348,7520,NA,3770
"2016-03-15",13450,7330,10348,7520,NA,3760
"2016-03-16",13400,7540,10204,7530,NA,3700
"2016-03-17",13400,7550,10300,7530,NA,3700
"2016-03-18",13550,7590,10397,7540,NA,3760
"2016-03-21",13200,7450,10397,7500,NA,3760
"2016-03-22",13200,7500,10397,7650,NA,3780
"2016-03-23",13200,7360,10445,7720,NA,3880
"2016-03-24",13050,7220,10204,7780,NA,3900
"2016-03-25",13000,7200,10204,7840,NA,3875
"2016-03-28",13100,6830,10156,7850,NA,3800
"2016-03-29",13200,7200,10541,7850,NA,3820
"2016-03-30",13000,7320,10734,7920,NA,3850
"2016-03-31",13150,7410,11166,7970,NA,3960
"2016-04-01",12900,7460,11166,8000,NA,3940
"2016-04-04",12900,7610,11070,7920,NA,3870
"2016-04-05",13200,7470,10878,7790,NA,4020
"2016-04-06",13250,7470,11070,7670,NA,4005
"2016-04-07",13200,7300,11022,7590,NA,4010
"2016-04-08",13100,7300,11214,7600,NA,3955
"2016-04-11",13100,7220,11070,7400,NA,4020
"2016-04-12",13300,7980,11070,7370,NA,4100
"2016-04-14",13400,7880,11070,7490,NA,4125
"2016-04-15",13800,7920,11070,7480,NA,4080
"2016-04-18",13600,8010,10974,7530,NA,4080
"2016-04-19",13400,7800,11022,7490,NA,4165
"2016-04-20",13300,7760,11408,7480,NA,4165
"2016-04-21",13600,8400,11408,7560,NA,4230
"2016-04-22",13650,8230,11600,7570,NA,4210
"2016-04-25",13650,8530,11552,7560,NA,4185
"2016-04-26",13400,8470,11600,7400,NA,4160
"2016-04-27",13500,8420,11456,7400,NA,4180
"2016-04-28",13350,9000,11696,7340,NA,4140
"2016-04-29",13250,8970,11840,7430,NA,4055
"2016-05-02",13200,8450,11552,7380,NA,4040
"2016-05-03",13200,8520,11552,7380,NA,4055
"2016-05-04",13450,9020,11408,7370,NA,4055
"2016-05-09",13550,9010,10830,7300,NA,4070
"2016-05-10",13750,8960,10878,7320,NA,4060
"2016-05-11",13550,9380,10974,7270,NA,4065
"2016-05-12",14000,9280,11022,7280,NA,4025
"2016-05-13",13400,9300,10974,7180,NA,4010
"2016-05-16",13200,8970,10878,7100,NA,3740
"2016-05-17",12900,9400,10878,7130,NA,3750
"2016-05-18",12750,9980,10541,7250,NA,3700
"2016-05-19",12450,9350,10156,7200,NA,3700
"2016-05-20",12400,9580,10300,7270,NA,3680
"2016-05-23",12300,10000,10204,7190,NA,3695
"2016-05-24",12100,9920,10059,7060,NA,3650
"2016-05-25",12150,9000,9915,7010,NA,3665
"2016-05-26",12200,8950,10252,7080,NA,3660
"2016-05-27",12400,8990,10685,7100,NA,3665
"2016-05-30",12300,8490,10782,7090,NA,3680
"2016-05-31",12600,8900,10830,7100,NA,3675
"2016-06-01",13000,9120,10637,7090,NA,3690
"2016-06-02",12800,9200,10782,7140,NA,3690
"2016-06-03",12700,9400,10637,7190,NA,3690
"2016-06-07",12700,9660,10541,7190,NA,3670
"2016-06-08",12950,9610,10493,7190,NA,3645
"2016-06-09",13000,9340,10541,7140,NA,3655
"2016-06-10",12850,9310,10493,7090,NA,3645
"2016-06-13",12600,8850,10252,7050,NA,3560
"2016-06-14",12550,9000,9963,7000,NA,3535
"2016-06-15",12650,8920,9963,7050,NA,3535
"2016-06-16",12650,8590,9723,6960,NA,3490
"2016-06-17",12900,8590,10011,7010,NA,3485
"2016-06-20",12800,8810,10059,7140,NA,3445
"2016-06-21",13000,8680,10059,7060,NA,3440
"2016-06-22",13200,8500,10204,7110,NA,3455
"2016-06-23",13350,8260,10011,7010,NA,3390
"2016-06-24",12900,7460,9771,6870,NA,3350
"2016-06-27",13200,7890,9819,6810,NA,3295
"2016-06-28",13400,8010,9867,6970,NA,3240
"2016-06-29",13550,8080,9867,7080,NA,3225
"2016-06-30",13600,8210,10348,7080,NA,3210
"2016-07-01",14100,8170,10348,7190,NA,3235
"2016-07-04",14050,8120,10445,7250,NA,3260
"2016-07-05",14200,8210,10445,7330,NA,3295
"2016-07-06",14300,8400,10541,7250,NA,3325
"2016-07-07",14350,8600,10926,7340,NA,3375
"2016-07-08",14250,8420,11166,7350,NA,3350
"2016-07-11",14300,9330,11262,7300,NA,3440
"2016-07-12",14100,9150,11022,7370,NA,3445
"2016-07-13",14400,9200,11214,7390,NA,3445
"2016-07-14",14500,8890,11262,7400,NA,3425
"2016-07-15",14500,9260,11312,7420,NA,3555
"2016-07-18",14400,9260,11118,7390,NA,3585
"2016-07-19",14200,9070,11022,7390,NA,3620
"2016-07-20",14400,9270,11118,7320,NA,3650
"2016-07-21",14300,9900,11070,7400,NA,3640
"2016-07-22",14200,9570,11504,7360,NA,3655
"2016-07-25",14600,9410,11504,7400,NA,3650
"2016-07-26",14600,9980,11408,7380,NA,3680
"2016-07-27",14350,9950,10878,7360,NA,3700
"2016-07-28",14600,9810,11408,7440,NA,3825
"2016-07-29",14600,9920,11456,7430,NA,3910
"2016-08-01",14650,12850,11504,7460,NA,3890
"2016-08-02",14050,13250,11312,7420,NA,3895
"2016-08-03",13600,14450,10541,7380,NA,3835
"2016-08-04",13450,15500,10782,7390,NA,3895
"2016-08-05",13650,16400,10348,7390,NA,3870
"2016-08-08",14000,17700,10397,7400,NA,3780
"2016-08-09",14000,18300,10252,7400,NA,3730
"2016-08-10",13700,18200,10204,7400,NA,3910
"2016-08-11",13550,19000,10252,7390,NA,3890
"2016-08-12",13150,19350,10445,7390,NA,4130
"2016-08-16",13400,18200,10445,7400,NA,4000
"2016-08-17",13700,17400,10252,7390,NA,3985
"2016-08-18",13350,18000,10445,7390,NA,4005
"2016-08-19",13800,18000,10445,7390,NA,4060
"2016-08-22",14000,16850,10589,7390,NA,4080
"2016-08-23",13950,17050,10445,7370,NA,4095
"2016-08-24",14100,19300,10445,7400,NA,4155
"2016-08-25",14300,20150,10300,7410,NA,4145
"2016-08-26",13950,19750,10397,7400,NA,4035
"2016-08-29",14200,22000,10108,7400,NA,3940
"2016-08-30",13800,22500,10108,7370,NA,3950
"2016-08-31",13450,24950,10156,7400,NA,3850
"2016-09-01",13750,25400,10348,7400,NA,3945
"2016-09-02",13850,25450,10397,7380,NA,3860
"2016-09-05",14100,27750,10348,7440,NA,3700
"2016-09-06",14100,27100,10300,7400,NA,3700
"2016-09-07",14300,23700,10348,7410,NA,3650
"2016-09-08",14000,21600,10108,7410,NA,3655
"2016-09-09",14000,23400,10108,7380,NA,3655
"2016-09-12",14000,24500,9723,7360,NA,3620
"2016-09-13",14000,25200,9915,7400,NA,3700
"2016-09-19",14000,24450,9915,7410,NA,3620
"2016-09-20",14100,25300,10011,7450,NA,3650
"2016-09-21",13950,23600,10059,7810,NA,3615
"2016-09-22",14300,24800,9963,7800,NA,4380
"2016-09-23",14050,24050,9963,7860,NA,4135
"2016-09-26",14200,22500,10108,7750,NA,4215
"2016-09-27",14250,22750,10300,7780,NA,4250
"2016-09-28",14350,21800,10300,7740,NA,4360
"2016-09-29",14400,20200,10300,7730,NA,4545
"2016-09-30",14500,24000,10589,7700,NA,4370
"2016-10-04",14750,23650,10589,7700,NA,4370
"2016-10-05",14500,23000,10493,7660,NA,4140
"2016-10-06",14650,22850,10589,7690,NA,4245
"2016-10-07",14600,22600,10589,7690,NA,4050
"2016-10-10",14600,22800,10685,7720,NA,4100
"2016-10-11",14650,22600,10493,7700,NA,4085
"2016-10-12",14600,22000,10300,7700,NA,4110
"2016-10-13",14400,21600,10252,7680,NA,4050
"2016-10-14",14500,22550,10493,7620,NA,3990
"2016-10-17",14750,23250,10493,7670,NA,3985
"2016-10-18",14600,23600,10493,7650,NA,4000
"2016-10-19",14650,23200,10445,7630,NA,4115
"2016-10-20",14750,23300,10252,7640,NA,4100
"2016-10-21",14850,23100,10300,7570,NA,4090
"2016-10-24",14750,22750,10300,7540,NA,4085
"2016-10-25",14950,21700,10204,7500,NA,4015
"2016-10-26",15000,21150,10204,7420,NA,3870
"2016-10-27",15050,20550,10059,7500,NA,3870
"2016-10-28",14200,20150,10059,7490,NA,3830
"2016-10-31",14600,18550,10011,7340,NA,3695
"2016-11-01",14750,24100,9867,7370,NA,3750
"2016-11-02",14600,24550,9867,7170,NA,3540
"2016-11-03",14850,25500,9771,7240,NA,3410
"2016-11-04",14850,24500,9819,7250,NA,3460
"2016-11-07",15050,23850,9963,7260,NA,3550
"2016-11-08",14700,24250,9915,7120,NA,3565
"2016-11-09",14350,28050,9521,6970,NA,3050
"2016-11-10",14700,28200,9723,7100,NA,3215
"2016-11-11",14200,27900,9819,7100,NA,3240
"2016-11-14",13950,27950,9771,7030,NA,3300
"2016-11-15",13800,29400,9723,6890,NA,3230
"2016-11-16",13800,29000,9771,6960,NA,3240
"2016-11-17",13650,27600,9819,7040,NA,3275
"2016-11-18",13250,27850,9819,7120,NA,3150
"2016-11-21",13600,26000,9627,7120,NA,3215
"2016-11-22",13700,25350,9675,7140,NA,3210
"2016-11-23",14000,23850,9675,7040,NA,3155
"2016-11-24",13950,23150,9549,6980,NA,3085
"2016-11-25",13900,24250,9559,7000,NA,3120
"2016-11-28",13950,22150,9723,7000,NA,3120
"2016-11-29",13750,22700,9867,7000,NA,3155
"2016-11-30",13400,22300,9675,7020,NA,3145
"2016-12-01",13500,22450,9771,6990,NA,3135
"2016-12-02",13050,21550,9675,6980,NA,3200
"2016-12-05",12800,20050,9531,6880,NA,3140
"2016-12-06",12800,19250,9531,6860,NA,3140
"2016-12-07",12700,20100,9627,6840,NA,3155
"2016-12-08",12200,20600,9569,6930,NA,3580
"2016-12-09",12450,20900,9579,6920,NA,4115
"2016-12-12",12600,20250,9627,6970,NA,5340
"2016-12-13",12700,20750,9723,6990,NA,5340
"2016-12-14",12750,17300,9771,7020,NA,6530
"2016-12-15",12950,18800,9675,7040,NA,6440
"2016-12-16",12950,17900,9723,7040,NA,5900
"2016-12-19",12850,17850,9771,7070,NA,5700
"2016-12-20",13000,16600,9723,7060,NA,6300
"2016-12-21",12950,18000,9819,7070,NA,5680
"2016-12-22",12950,16800,9819,7010,NA,5650
"2016-12-23",13500,16800,10300,7050,NA,5810
"2016-12-26",13250,16850,10108,7000,NA,5980
"2016-12-27",13350,16350,9963,7000,NA,5820
"2016-12-28",13400,17500,10156,7080,NA,6300
"2016-12-29",13750,17600,10204,6990,NA,6180
"2017-01-02",13700,17300,10156,7040,NA,6280
"2017-01-03",13400,17700,10204,7080,NA,6230
"2017-01-04",13250,17550,10204,7080,NA,6230
"2017-01-05",13300,18350,10204,7070,NA,6090
"2017-01-06",13200,18300,10108,7050,NA,6120
"2017-01-09",13050,18200,10300,7070,NA,6350
"2017-01-10",13000,18400,10059,7050,NA,6120
"2017-01-11",13000,18050,9963,6990,NA,6210
"2017-01-12",12850,17150,9963,7070,NA,6020
"2017-01-13",12800,17400,10011,7040,NA,5960
"2017-01-16",12600,16750,9819,6980,NA,5770
"2017-01-17",12700,16450,9819,7000,NA,5790
"2017-01-18",12500,17100,10445,6990,NA,6000
"2017-01-19",12500,17050,10252,6980,NA,6990
"2017-01-20",12350,18100,10204,6900,NA,6930
"2017-01-23",12250,17250,10252,6840,NA,7070
"2017-01-24",12300,16750,10011,6810,NA,6340
"2017-01-25",12200,16500,10156,6790,NA,5000
"2017-01-26",12400,16750,10108,6790,NA,5060
"2017-01-31",12250,16950,9963,6800,NA,5080
"2017-02-01",12250,17200,10397,6830,NA,5150
"2017-02-02",11950,14350,10397,6700,NA,4900
"2017-02-03",11750,10050,10252,6710,NA,4055
"2017-02-06",11900,12250,10397,6730,NA,4460
"2017-02-07",11900,12400,10156,6700,NA,4200
"2017-02-08",11850,8890,10493,6650,NA,3720
"2017-02-09",11850,10250,10541,6550,NA,3840
"2017-02-10",11800,9900,10685,6500,NA,3930
"2017-02-13",11850,9670,10734,6500,NA,3960
"2017-02-14",11800,10200,10397,6450,NA,3950
"2017-02-15",11800,9800,10445,6400,NA,3960
"2017-02-16",11750,9550,10445,6650,NA,3960
"2017-02-17",11750,9680,10541,6550,NA,4000
"2017-02-20",11750,9970,10397,6590,NA,4005
"2017-02-21",12350,9820,10397,6540,NA,4000
"2017-02-22",12200,9360,10782,6490,NA,3970
"2017-02-23",11950,9260,10830,6510,NA,3890
"2017-02-24",11900,9260,10445,6610,NA,3830
"2017-02-27",11900,9760,10445,6640,NA,3840
"2017-02-28",12050,9380,10493,6730,NA,3830
"2017-03-02",11900,9230,10397,6640,NA,3700
"2017-03-03",11700,9100,10300,6470,NA,3545
"2017-03-06",11650,9670,10493,6450,NA,3820
"2017-03-07",11600,9630,10637,6460,NA,3830
"2017-03-08",11650,10400,10830,6430,NA,3870
"2017-03-09",11750,10500,10830,6460,NA,3780
"2017-03-10",11700,11600,10926,6450,NA,3795
"2017-03-13",11600,11600,10637,6470,NA,3800
"2017-03-14",11550,11600,10397,6550,NA,3780
"2017-03-15",11700,12150,10589,6450,NA,3800
"2017-03-16",11750,12000,10637,6510,NA,3850
"2017-03-17",11850,12300,11214,6570,NA,3775
"2017-03-20",11700,12000,11504,6570,NA,3730
"2017-03-21",11650,11850,11552,6460,NA,3705
"2017-03-22",11650,11650,11648,6410,NA,3840
"2017-03-23",11900,11000,11600,6380,NA,3760
"2017-03-24",11900,10900,11408,6380,NA,3800
"2017-03-27",11700,10100,11214,6440,NA,3705
"2017-03-28",11900,10300,11456,6460,NA,3680
"2017-03-29",11800,9990,11552,6440,NA,3620
"2017-03-30",11850,9860,11504,6690,NA,3500
"2017-03-31",11900,9920,11600,6560,NA,3520
"2017-04-03",11850,9970,11696,6630,NA,3400
"2017-04-04",11750,10000,11696,6460,NA,3185
"2017-04-05",11850,10450,11744,6500,NA,3300
"2017-04-06",11800,10050,12226,6470,NA,3440
"2017-04-07",11800,10700,12514,6480,NA,3475
"2017-04-10",11750,10350,12081,6660,NA,3355
"2017-04-11",11650,10700,12177,6450,NA,3445
"2017-04-12",11600,10650,11888,6400,NA,3425
"2017-04-13",11600,10500,11937,6380,NA,3420
"2017-04-14",11600,10050,11504,6340,NA,3395
"2017-04-17",11600,10200,11744,6330,NA,3445
"2017-04-18",11550,10300,11937,6290,NA,3440
"2017-04-19",11800,10150,11937,6290,NA,3370
"2017-04-20",11850,10050,11552,6220,NA,3550
"2017-04-21",11800,9890,11312,6240,NA,3560
"2017-04-24",11850,9290,11504,6180,NA,3475
"2017-04-25",11900,9540,11744,6220,NA,3460
"2017-04-26",11900,9280,11744,6260,NA,3475
"2017-04-27",12000,9030,11696,6310,NA,3375
"2017-04-28",11900,9050,11360,6290,NA,3380
"2017-05-02",11800,9120,11214,6210,NA,3330
"2017-05-04",11800,9310,11408,6220,NA,3390
"2017-05-08",11800,9620,11504,6220,NA,3375
"2017-05-10",11700,9540,11214,6210,NA,3370
"2017-05-11",11700,9550,11022,6200,NA,3360
"2017-05-12",11650,10200,11022,6190,NA,3365
"2017-05-15",11650,10700,10878,6160,NA,3545
"2017-05-16",11450,11100,10685,6110,NA,3590
"2017-05-17",11400,10650,10974,6080,NA,3675
"2017-05-18",11400,11050,11022,6040,NA,3690
"2017-05-19",11250,10700,11166,6020,NA,3485
"2017-05-22",11100,10600,10974,6030,NA,3510
"2017-05-23",11250,10200,10830,6050,NA,3460
"2017-05-24",11450,10250,11118,6030,NA,3410
"2017-05-25",11250,10150,11070,6010,NA,3350
"2017-05-26",11250,10200,11214,6090,NA,3405
"2017-05-29",11350,10100,11456,6060,NA,3550
"2017-05-30",11300,9810,11648,6040,NA,3790
"2017-05-31",11400,9780,11792,6040,NA,3870
"2017-06-01",11700,9400,11552,6130,NA,3870
"2017-06-02",11800,9360,11504,6160,NA,3690
"2017-06-05",11800,10050,11360,6170,NA,3690
"2017-06-07",11750,9960,11262,6160,NA,3690
"2017-06-08",11850,10300,11408,6130,NA,3585
"2017-06-09",12000,10250,11166,6140,NA,3450
"2017-06-12",11850,9980,11070,6070,NA,3390
"2017-06-13",11900,9770,11118,6100,NA,3450
"2017-06-14",12000,9650,11118,6140,NA,3465
"2017-06-15",11950,9920,11070,6110,NA,3460
"2017-06-16",11600,9850,11360,6100,NA,3510
"2017-06-19",11750,9980,11166,6100,NA,3630
"2017-06-20",11700,10100,11070,6060,NA,3665
"2017-06-21",11700,9890,11070,6040,NA,3555
"2017-06-22",11500,9600,11552,6000,NA,3475
"2017-06-23",11650,9580,11552,5970,NA,3695
"2017-06-26",11600,9440,11552,5910,NA,3745
"2017-06-27",11550,9320,11360,5900,NA,3785
"2017-06-28",11350,9320,10926,5830,NA,3665
"2017-06-29",11550,9310,11022,5830,NA,3690
"2017-06-30",11600,9270,11022,5850,NA,3710
"2017-07-03",11550,8980,11022,5830,NA,3690
"2017-07-04",11550,8990,11214,5860,NA,3700
"2017-07-05",11500,9320,11118,5840,NA,4810
"2017-07-06",11550,9290,11070,5850,NA,4750
"2017-07-07",11350,9330,11214,5840,NA,4745
"2017-07-10",11350,9000,11214,5790,NA,4340
"2017-07-11",11200,8820,11408,5780,NA,4420
"2017-07-12",11300,8850,11552,5680,NA,4795
"2017-07-13",11300,8840,11792,5640,NA,5090
"2017-07-14",11250,9050,11888,5630,NA,4900
"2017-07-17",11300,8960,11888,5650,NA,5060
"2017-07-18",11300,9180,11888,5660,NA,5320
"2017-07-19",11200,9330,11696,5680,NA,5000
"2017-07-20",11200,9260,11696,5710,NA,4855
"2017-07-21",11250,9500,12033,5700,NA,4700
"2017-07-24",11250,9430,12129,5710,NA,4670
"2017-07-25",11100,9410,12033,5710,NA,4790
"2017-07-26",11200,9020,12033,5670,NA,4590
"2017-07-27",11200,9010,12033,5680,NA,4550
"2017-07-28",11050,9130,11456,5700,NA,4685
"2017-07-31",10800,9030,11408,5660,NA,4650
"2017-08-01",10850,9190,11456,5650,NA,4680
"2017-08-02",11050,9200,11504,5610,NA,4880
"2017-08-03",11000,8990,11408,5610,NA,4745
"2017-08-04",10850,8910,11070,5600,NA,4480
"2017-08-07",11000,8970,11022,5610,NA,4340
"2017-08-08",10900,9800,11022,5600,NA,4360
"2017-08-09",10800,9100,11022,5600,NA,4230
"2017-08-10",10700,9020,10974,5570,NA,4130
"2017-08-11",11000,8670,10782,5550,NA,4000
"2017-08-14",10800,7420,10734,5560,NA,3980
"2017-08-16",10950,8000,11166,5490,NA,3980
"2017-08-17",11200,8300,11022,5510,NA,4010
"2017-08-18",11200,8330,11070,5510,NA,4015
"2017-08-21",11050,8220,10830,5500,NA,4000
"2017-08-22",10850,8230,10878,5490,NA,4010
"2017-08-23",10850,8030,10926,5530,NA,3975
"2017-08-24",10550,8080,10830,5270,NA,3865
"2017-08-25",10700,8000,10974,5250,NA,3850
"2017-08-28",10600,10400,11022,5100,NA,4020
"2017-08-29",10500,11100,10974,5110,NA,3905
"2017-08-30",10500,10550,11070,5110,NA,3925
"2017-08-31",10550,11150,10878,5100,NA,3975
"2017-09-01",10500,10800,10782,5100,NA,4085
"2017-09-04",10400,10150,10541,5030,NA,3975
"2017-09-05",10350,9760,10397,4945,NA,3980
"2017-09-06",10300,9900,10782,4980,NA,3900
"2017-09-07",10250,9590,10926,5030,NA,3915
"2017-09-08",9990,9660,10974,5030,NA,3950
"2017-09-11",9960,10100,10926,5040,NA,3895
"2017-09-12",10000,9900,11022,5040,NA,3790
"2017-09-13",9960,9650,10830,4955,NA,3700
"2017-09-14",9840,9660,10637,5000,NA,3700
"2017-09-15",9970,9330,10589,4995,NA,3640
"2017-09-18",9930,9260,10637,4930,NA,3625
"2017-09-19",9880,10250,10734,4840,NA,3630
"2017-09-20",9780,10100,10445,4840,NA,3465
"2017-09-21",9730,9620,10300,4730,NA,3440
"2017-09-22",9690,9900,9771,4705,NA,3365
"2017-09-25",9460,10050,9617,4545,NA,3370
"2017-09-26",9200,9980,9433,4545,NA,3290
"2017-09-27",9310,10650,9867,4540,NA,3455
"2017-09-28",9250,10450,10108,4520,NA,3455
"2017-09-29",9290,10250,10156,4615,NA,3530
"2017-10-10",9370,11150,9867,4600,NA,3415
"2017-10-11",9650,11450,9627,4660,NA,3495
"2017-10-12",9440,11550,9617,4720,NA,3470
"2017-10-13",9450,14200,9347,4720,NA,3475
"2017-10-16",9520,14550,9155,4675,NA,3400
"2017-10-17",9500,13950,9125,4720,NA,3430
"2017-10-18",9380,14400,9125,4660,NA,3370
"2017-10-19",9450,12900,9174,4645,NA,3550
"2017-10-20",9490,12800,9193,4655,NA,3520
"2017-10-23",9470,12850,9213,4615,NA,3490
"2017-10-24",9460,13400,9213,4640,NA,3455
"2017-10-25",9340,12600,9117,4695,NA,3455
"2017-10-26",9290,12450,9125,4670,NA,3455
"2017-10-27",9260,12450,9117,4685,NA,3430
"2017-10-30",9360,13250,9117,4730,NA,3485
"2017-10-31",9420,13500,9309,4700,NA,3445
"2017-11-01",9380,13650,9299,4695,NA,3440
"2017-11-02",9410,13150,9309,4650,NA,3370
"2017-11-03",9180,13250,9482,4675,NA,3375
"2017-11-06",9130,14850,9261,4620,NA,3355
"2017-11-07",9190,14300,9771,4690,NA,3350
"2017-11-08",9250,14800,9675,4635,NA,3395
"2017-11-09",9200,16500,9915,4615,NA,3450
"2017-11-10",9260,15900,9963,4605,NA,3395
"2017-11-13",9440,16200,10011,4650,NA,3415
"2017-11-14",9290,16800,9771,4700,NA,3460
"2017-11-15",9310,16250,9531,4715,NA,4495
"2017-11-16",9230,16650,9867,4705,NA,4360
"2017-11-17",9190,16600,10059,4655,NA,4275
"2017-11-20",9210,16350,10204,4690,NA,4210
"2017-11-21",9160,19000,10589,4760,NA,4125
"2017-11-22",9010,17350,10974,4735,NA,3935
"2017-11-23",9030,17600,11022,4930,NA,3890
"2017-11-24",9020,17600,10782,4905,NA,3995
"2017-11-27",9100,17000,10830,4900,NA,3995
"2017-11-28",9080,16950,10734,4860,NA,3895
"2017-11-29",9020,17150,11360,4875,NA,3890
"2017-11-30",9160,17400,11262,4860,NA,3885
"2017-12-01",9590,18600,11792,4900,NA,3875
"2017-12-04",9850,18050,12033,4930,NA,4060
"2017-12-05",9700,18350,11937,5010,NA,4080
"2017-12-06",9920,18100,12033,4980,NA,3960
"2017-12-07",10150,16500,11840,4970,NA,3890
"2017-12-08",9970,14900,11504,4925,NA,3820
"2017-12-11",10050,15250,11937,4920,NA,4240
"2017-12-12",9720,15350,11792,4960,NA,4275
"2017-12-13",9660,15850,11648,4850,NA,4345
"2017-12-14",9810,15700,11600,4850,NA,3910
"2017-12-15",9620,15750,11600,4910,NA,3820
"2017-12-18",9530,15800,11408,4860,NA,3725
"2017-12-19",9050,14950,11214,4755,NA,3555
"2017-12-20",8860,14150,11360,4605,NA,3550
"2017-12-21",8460,13500,10974,4630,NA,3530
"2017-12-22",8410,14150,11648,4580,NA,3560
"2017-12-26",8620,14000,11792,4575,NA,3480
"2017-12-27",8820,14900,12177,4640,NA,3545
"2017-12-28",8920,14550,11696,4640,NA,3785
"2018-01-02",9170,15700,13189,4640,NA,3865
"2018-01-03",9140,15500,13525,4660,NA,3805
"2018-01-04",9130,14350,12899,4620,NA,3770
"2018-01-05",9040,14800,12995,4640,NA,3720
"2018-01-08",8790,14250,12322,4615,NA,4075
"2018-01-09",8800,13850,12274,4615,NA,4140
"2018-01-10",8770,13700,12611,4615,NA,4000
"2018-01-11",8610,14100,12177,4550,NA,4000
"2018-01-12",8580,13900,11696,4555,NA,3820
"2018-01-15",8620,14100,11937,4555,NA,3945
"2018-01-16",8760,14700,12177,4550,NA,4095
"2018-01-17",8700,14400,11696,4590,NA,4050
"2018-01-18",8720,14900,11456,4560,NA,4090
"2018-01-19",8730,14650,11792,4530,NA,4115
"2018-01-22",8640,15150,12129,4595,NA,4010
"2018-01-23",8730,15250,11937,4595,NA,4070
"2018-01-24",8680,15200,11985,4565,NA,4090
"2018-01-25",8750,15300,12514,4630,NA,4100
"2018-01-26",8850,15050,12611,4710,NA,4055
"2018-01-29",8970,14300,12466,4725,NA,4190
"2018-01-30",8790,13850,12322,4715,NA,4165
"2018-01-31",8770,14050,12755,4705,NA,4140
"2018-02-01",8880,14700,12803,4730,NA,4090
"2018-02-02",8900,14150,12129,4700,NA,3950
"2018-02-05",8660,12750,11600,4620,NA,3720
"2018-02-06",8400,12350,11312,4500,NA,3630
"2018-02-07",8310,11300,11022,4475,NA,3580
"2018-02-08",8320,12550,11118,4520,NA,3730
"2018-02-09",8220,12000,10782,4405,NA,3540
"2018-02-12",8110,12150,10926,4395,NA,3505
"2018-02-13",7940,11700,10589,4400,NA,3455
"2018-02-14",7960,12400,10685,4365,NA,3500
"2018-02-19",8350,12900,10782,4480,NA,3440
"2018-02-20",8310,12650,10878,4455,NA,3515
"2018-02-21",8280,12750,10974,4475,NA,3515
"2018-02-22",8260,13050,10926,4645,NA,3510
"2018-02-23",8750,12650,10685,5180,NA,3490
"2018-02-26",8610,12600,10685,5380,NA,3465
"2018-02-27",8910,12600,10637,5270,NA,3400
"2018-02-28",8820,11950,10397,5290,NA,3420
"2018-03-02",8580,12100,10204,5160,NA,3390
"2018-03-05",8350,11650,10011,4930,NA,3445
"2018-03-06",8510,12100,10397,4970,NA,3490
"2018-03-07",8630,11500,10397,4990,NA,3460
"2018-03-08",8640,11750,10589,4980,NA,3480
"2018-03-09",8940,12250,10782,4990,NA,3525
"2018-03-12",9080,12750,10830,4980,NA,3535
"2018-03-13",9040,12900,10589,4900,NA,3655
"2018-03-14",9100,12650,10493,4840,NA,3715
"2018-03-15",9080,12400,10589,4835,NA,3760
"2018-03-16",9040,13050,10589,4710,NA,3730
"2018-03-19",9020,12300,10541,4630,NA,3555
"2018-03-20",8900,12400,10252,4635,NA,3390
"2018-03-21",8850,12100,10300,4600,NA,3265
"2018-03-22",8670,13250,10300,4585,NA,3305
"2018-03-23",8450,11950,9819,4485,NA,3285
"2018-03-26",8410,12150,9819,4540,NA,2975
"2018-03-27",8420,12550,9627,4550,NA,3060
"2018-03-28",8570,12300,9395,4720,NA,3040
"2018-03-29",8430,12500,9607,4660,NA,3085
"2018-03-30",9010,12550,9915,4755,NA,3165
"2018-04-02",8930,12250,10108,4715,NA,3120
"2018-04-03",8700,12150,9915,4710,NA,3070
"2018-04-04",8460,11800,9607,4550,NA,3055
"2018-04-05",8470,11900,9559,4530,NA,3110
"2018-04-06",8350,11550,9559,4510,NA,3075
"2018-04-09",8410,11600,9357,4475,NA,2935
"2018-04-10",8290,11150,9222,4500,NA,2840
"2018-04-11",8340,11300,9579,4390,NA,2820
"2018-04-12",8240,11550,9675,4425,NA,2805
"2018-04-13",8310,11350,9511,4455,NA,2895
"2018-04-16",8270,11250,9549,4425,NA,2870
"2018-04-17",8260,10900,9491,4420,NA,2820
"2018-04-18",8210,10600,9723,4520,NA,2760
"2018-04-19",8080,10150,9675,4500,NA,2720
"2018-04-20",8060,10250,9521,4530,NA,2740
"2018-04-23",8180,9950,9627,4480,NA,2825
"2018-04-24",8620,10050,9723,4570,NA,3670
"2018-04-25",8410,9800,9607,4600,NA,3200
"2018-04-26",8240,10250,9511,4550,NA,3850
"2018-04-27",8170,10100,9463,4560,NA,3620
"2018-04-30",8150,9640,9443,4555,NA,3430
"2018-05-02",8090,9210,9241,4560,NA,3815
"2018-05-03",8360,9160,9367,4560,NA,3540
"2018-05-04",8220,8830,9607,4595,NA,3580
"2018-05-08",8030,8390,9482,4615,NA,3265
"2018-05-09",8030,9040,9463,4595,NA,3470
"2018-05-10",8120,8930,9261,4580,NA,3475
"2018-05-11",8390,9210,9723,4800,NA,3495
"2018-05-14",8400,8850,10541,4950,NA,3380
"2018-05-15",8270,8890,10974,4970,NA,3275
"2018-05-16",8370,8670,10493,4865,NA,3110
"2018-05-17",8420,8810,10589,4915,NA,3060
"2018-05-18",8690,8900,10830,5020,NA,3200
"2018-05-21",8630,8960,11070,5020,NA,3265
"2018-05-23",8540,8690,10589,4960,NA,3220
"2018-05-24",8720,8720,10348,4910,NA,3190
"2018-05-25",8590,9190,9867,4755,NA,3110
"2018-05-28",8590,8800,10011,4850,NA,3080
"2018-05-29",9000,8510,9771,4870,NA,3040
"2018-05-30",8640,8220,9771,4950,NA,3030
"2018-05-31",8740,8340,9607,4925,NA,3000
"2018-06-01",9060,8610,9627,4955,NA,3055
"2018-06-04",9070,8590,9501,4985,NA,3100
"2018-06-05",8940,8520,9453,4980,NA,3110
"2018-06-07",9170,8900,9627,5010,NA,3940
"2018-06-08",9300,8980,9501,5030,NA,3980
"2018-06-11",9000,8700,9627,5010,NA,3840
"2018-06-12",8930,8520,9597,4910,NA,3700
"2018-06-14",8830,8210,9501,4905,NA,3505
"2018-06-15",9010,8390,9463,5020,NA,3845
"2018-06-18",8620,7850,9001,4935,NA,4230
"2018-06-19",8440,7380,8423,4860,NA,4080
"2018-06-20",8600,7670,8433,4950,NA,4135
"2018-06-21",8630,7870,7952,5030,NA,4000
"2018-06-22",8530,8120,8028,5030,NA,4050
"2018-06-25",8600,8240,8106,5100,NA,4145
"2018-06-26",8620,8500,8106,5340,NA,4165
"2018-06-27",8600,8130,7836,5220,NA,4060
"2018-06-28",8730,7760,7306,4900,NA,4170
"2018-06-29",8330,7720,7374,4950,NA,4480
"2018-07-02",7900,7110,7028,4515,NA,3990
"2018-07-03",7460,6950,7056,4450,NA,3960
"2018-07-04",7520,7220,6931,4425,NA,3790
"2018-07-05",7420,7270,6787,4360,NA,4255
"2018-07-06",7530,7260,7046,4440,NA,4485
"2018-07-09",7520,7360,6854,4330,NA,4270
"2018-07-10",7610,7630,7114,4350,NA,4270
"2018-07-11",7400,7270,7076,4400,NA,4110
"2018-07-12",7420,7450,7336,4430,NA,4000
"2018-07-13",7500,7450,7422,4425,NA,4020
"2018-07-16",7560,7550,7402,4415,NA,4115
"2018-07-17",7720,8430,7326,4455,NA,4225
"2018-07-18",7600,8070,7133,4450,NA,4225
"2018-07-19",7580,8690,7094,4425,NA,4385
"2018-07-20",7530,8730,7200,4280,3267,4800
"2018-07-23",7460,8200,6835,4160,3311,4370
"2018-07-24",7540,8410,7085,4190,3318,4390
"2018-07-25",7640,7910,7046,4190,3340,4155
"2018-07-26",7660,8230,7345,4195,3355,4550
"2018-07-27",7630,8200,7634,4215,3370,4495
"2018-07-30",7620,7740,7750,4240,3399,4305
"2018-07-31",7640,7700,8000,4190,3421,4305
"2018-08-01",7750,7900,7952,4250,3399,4430
"2018-08-02",7700,7540,7894,4200,3399,4570
"2018-08-03",7800,7590,8000,4220,3377,4625
"2018-08-06",7770,7710,8019,4230,3399,4475
"2018-08-07",7750,7910,7932,4230,3443,4570
"2018-08-08",7830,8160,7884,4210,3436,4595
"2018-08-09",7850,8370,7942,4225,3421,4500
"2018-08-10",7330,8210,7894,4105,3428,4470
"2018-08-13",6900,7950,7354,3955,3340,4295
"2018-08-14",6850,7860,7200,3980,3362,4300
"2018-08-16",6750,7660,7402,3980,3399,4235
"2018-08-17",6770,8160,7450,3950,3399,4260
"2018-08-20",6810,8340,7556,3970,3399,4220
"2018-08-21",6660,8530,7614,3920,3384,4210
"2018-08-22",6610,8400,7826,3870,3384,4225
"2018-08-23",6420,8950,8019,3865,3421,4180
"2018-08-24",6510,9020,8019,3865,3443,4270
"2018-08-27",6460,8790,7855,3800,3487,4280
"2018-08-28",6400,9180,7884,3765,3487,4200
"2018-08-29",6570,9180,8221,3810,3824,4300
"2018-08-30",6560,8620,8327,3835,3714,4275
"2018-08-31",6500,8790,8327,3790,3670,4310
"2018-09-03",6710,8780,8058,4050,4542,4335
"2018-09-04",6600,8930,8048,4020,4395,4400
"2018-09-05",6570,8790,8028,4080,4476,4390
"2018-09-06",6590,9050,7990,3910,4359,4315
"2018-09-07",6610,9120,7952,4000,4110,4235
"2018-09-10",6750,8880,7932,3970,4263,4350
"2018-09-11",6830,9160,8067,4000,4066,4405
"2018-09-12",6620,8970,7990,3920,3941,4305
"2018-09-13",6670,9040,7855,3935,3941,4310
"2018-09-14",6710,9000,7750,3960,3831,4320
"2018-09-17",6650,8750,7720,3925,3758,4305
"2018-09-18",6680,8600,7720,3930,3773,4205
"2018-09-19",6600,8420,7518,3920,3663,3920
"2018-09-20",6490,8480,7364,3850,3685,4110
"2018-09-21",6540,8430,7384,3795,3758,4190
"2018-09-27",6500,8260,7432,3785,3882,4140
"2018-09-28",6450,8320,7364,3845,4000,4160
"2018-10-01",6390,8300,7172,3770,3970,4210
"2018-10-02",6300,7800,6989,3720,3853,4300
"2018-10-04",6190,7700,6844,3740,3802,4300
"2018-10-05",6050,7600,6738,3620,3809,4205
"2018-10-08",6120,7580,6767,3595,3802,4105
"2018-10-10",5780,7570,6209,3525,3472,3990
"2018-10-11",5430,7000,5930,3370,3516,3580
"2018-10-12",5480,7210,6084,3255,3619,3700
"2018-10-15",5350,7110,6180,3185,3560,3695
"2018-10-16",5330,7230,6315,3180,3567,3600
"2018-10-17",5370,7280,6296,3215,3502,3605
"2018-10-18",5380,7270,6180,3220,3560,3590
"2018-10-19",5420,7330,6017,3200,3545,3640
"2018-10-22",5310,7550,6045,3195,3597,3670
"2018-10-23",5180,7240,5863,3160,3531,3640
"2018-10-24",5150,6910,5593,3125,3531,3635
"2018-10-25",5000,6640,5535,3025,3450,3570
"2018-10-26",4850,5960,5237,3030,3392,3370
"2018-10-29",4485,5200,4909,2890,3370,2960
"2018-10-30",4500,5410,5035,2920,3428,2905
"2018-10-31",4490,5630,5459,2950,3428,3040
"2018-11-01",4620,5650,5573,3020,3428,3015
"2018-11-02",4860,6080,5767,3050,3531,3380
"2018-11-05",4795,6100,5669,3030,3619,3375
"2018-11-06",4830,6130,5583,3040,3685,3415
"2018-11-07",4850,6070,5651,3010,3692,3700
"2018-11-08",4865,6110,5969,3030,3714,4100
"2018-11-09",4805,6110,6045,2940,3611,4075
"2018-11-12",4820,5810,5978,2905,3655,3880
"2018-11-13",4660,5920,5824,2895,3604,3880
"2018-11-14",4535,5850,6035,2880,3663,3880
"2018-11-15",4465,5770,5891,2895,3611,3870
"2018-11-16",4675,6240,5815,2905,3663,3785
"2018-11-19",4930,6230,5805,2960,3641,3785
"2018-11-20",4900,5990,5613,2910,3560,3530
"2018-11-21",5140,5930,5651,3025,3516,3390
"2018-11-22",5120,6050,5621,2965,3516,3340
"2018-11-23",4960,5840,5583,2975,3465,3980
"2018-11-26",4985,5920,5709,2935,3458,4005
"2018-11-27",5190,5890,5997,2940,3472,3850
"2018-11-28",5210,5930,6026,2975,3465,3680
"2018-11-29",5100,6000,5921,2950,3458,3585
"2018-11-30",5070,5840,5997,2960,3560,3715
"2018-12-03",5010,5850,6084,2940,3531,3695
"2018-12-04",4940,5720,6093,2975,3494,3655
"2018-12-05",4940,5470,6305,2950,3472,3545
"2018-12-06",4810,5200,6267,2930,3487,3530
"2018-12-07",4875,5210,6315,2930,3516,3560
"2018-12-10",4795,5030,6247,2850,3516,3440
"2018-12-11",4640,5350,6219,2860,3487,3440
"2018-12-12",4790,5480,6286,2900,3421,3440
"2018-12-13",4905,5110,6536,2900,3399,3425
"2018-12-14",4895,5220,6594,2870,3428,3375
"2018-12-17",4860,5050,6710,2880,3465,3140
"2018-12-18",5030,4775,6719,2905,3458,3130
"2018-12-19",5850,4900,7855,3025,3443,3060
"2018-12-20",5620,4455,7846,2945,3443,2910
"2018-12-21",5500,4425,7759,2900,3465,2945
"2018-12-24",5300,4410,7518,2880,3406,2900
"2018-12-26",5200,4210,7326,2870,3340,2740
"2018-12-27",5320,4415,7702,2900,3348,2735
"2018-12-28",5400,4615,7692,2900,3443,2890
"2019-01-02",5330,4570,7432,2835,3480,2845
"2019-01-03",5700,4430,7508,2925,3524,2830
"2019-01-04",5730,4475,7682,3005,3443,2900
"2019-01-07",6070,4470,7662,3175,3443,2860
"2019-01-08",6220,4390,7644,3110,3545,2910
"2019-01-09",6240,4615,7720,3050,3465,3000
"2019-01-10",6220,4565,7807,3055,3538,3080
"2019-01-11",6170,4625,7778,3115,3480,3075
"2019-01-14",6220,4455,7730,3080,3545,3060
"2019-01-15",6180,4635,7653,3055,3509,3035
"2019-01-16",6300,4690,8125,3120,3626,3005
"2019-01-17",6500,4730,8144,3145,3611,2930
"2019-01-18",6930,4700,8192,3290,3589,2930
"2019-01-21",6820,4835,8106,3310,3494,3390
"2019-01-22",6660,4830,7961,3335,3480,3290
"2019-01-23",6660,4705,8230,3370,3502,3290
"2019-01-24",6700,4870,8240,3395,3545,3345
"2019-01-25",6730,4975,8279,3415,3604,3260
"2019-01-28",6740,4955,8269,3440,3663,3300
"2019-01-29",6730,4905,8125,3445,3736,3280
"2019-01-30",6730,4855,8096,3535,3670,3260
"2019-01-31",6740,4905,8019,3515,3611,3365
"2019-02-01",6580,4845,7922,3480,3663,3270
"2019-02-07",6580,4995,7970,3480,3648,3290
"2019-02-08",6580,4915,7836,3485,3721,3290
"2019-02-11",6610,5080,7874,3495,3729,3240
"2019-02-12",6690,5020,8230,3535,3670,3275
"2019-02-13",6780,5070,8317,3505,3663,3285
"2019-02-14",6820,5210,8279,3570,3670,3290
"2019-02-15",6690,5160,8269,3575,3633,3270
"2019-02-18",6570,5150,8298,3570,3743,3275
"2019-02-19",6670,5150,8317,3510,3765,3335
"2019-02-20",6620,5140,8423,3575,3780,3410
"2019-02-21",6620,5170,8394,3575,3765,3335
"2019-02-22",6570,5080,8394,3540,3765,3260
"2019-02-25",6630,5050,8519,3530,3780,3360
"2019-02-26",6650,4720,8471,3555,3795,3360
"2019-02-27",6640,4805,8240,3575,3787,3350
"2019-02-28",6350,4660,8317,3575,3780,3300
"2019-03-04",6560,4830,8953,3605,3809,3310
"2019-03-05",6560,4900,8895,3600,3817,3310
"2019-03-06",6550,4800,9087,3590,3699,3245
"2019-03-07",6630,4715,9165,3600,3751,3175
"2019-03-08",6730,4610,9068,3485,3677,3090
"2019-03-11",6950,4490,9425,3630,3773,2975
"2019-03-12",6980,4500,9271,3640,4263,3045
"2019-03-13",6950,4500,9271,3620,4014,3045
"2019-03-14",6710,4565,9261,3620,4036,3015
"2019-03-15",6580,4340,9261,3610,3846,3035
"2019-03-18",6740,4450,9183,3605,3795,3040
"2019-03-19",6860,5120,9241,3615,3736,3155
"2019-03-20",6820,5180,9107,3605,3736,3025
"2019-03-21",6760,5070,8712,3610,3758,3040
"2019-03-22",6800,5460,8596,3600,3758,3190
"2019-03-25",6760,4930,8558,3500,3802,3125
"2019-03-26",6770,5010,8558,3500,3751,3125
"2019-03-27",6750,4850,8635,3430,3729,2945
"2019-03-28",6890,4580,8721,3415,3743,3030
"2019-03-29",6860,4535,9174,3415,3773,3030
"2019-04-01",6890,5020,9299,3515,3875,3055
"2019-04-02",6880,5320,9289,3515,4014,3120
"2019-04-03",6930,5980,9117,3490,4058,3205
"2019-04-04",7440,6320,9531,3510,4102,3255
"2019-04-05",7210,6030,9453,3500,4095,3250
"2019-04-08",7170,5980,9675,3560,4051,3245
"2019-04-09",7170,6540,10348,3540,4051,3300
"2019-04-10",7010,6510,10108,3555,4080,3290
"2019-04-11",7280,6440,10156,3645,4197,3250
"2019-04-12",7520,6700,10397,3720,4249,3315
"2019-04-15",7370,6750,10108,3930,4300,3340
"2019-04-16",7520,6410,10059,3950,4300,3280
"2019-04-17",7590,6790,10011,4020,4300,3275
"2019-04-18",7430,6910,9597,3880,4300,3275
"2019-04-19",7370,6960,9549,3840,4300,3310
"2019-04-22",7310,6610,9491,3890,4300,3230
"2019-04-23",7250,6720,9482,3975,4300,3220
"2019-04-24",7300,6340,10059,3975,4300,3075
"2019-04-25",7350,6250,10108,3985,4300,3160
"2019-04-26",7220,5920,9588,3975,4300,3025
"2019-04-29",7030,5930,9289,3950,4300,3010
"2019-04-30",6890,5760,9819,3960,4300,3080
"2019-05-02",6660,5840,10734,3880,4300,3065
"2019-05-03",6750,5840,10493,3835,4300,3050
"2019-05-07",6750,5600,10156,3835,4300,3025
"2019-05-08",7050,5460,10252,3900,4300,3055
"2019-05-09",6970,5300,10108,3800,4300,2975
"2019-05-10",7000,5250,10011,3800,4300,2980
"2019-05-13",7000,5220,10252,3680,4300,3000
"2019-05-14",6880,5120,10204,3680,4300,2940
"2019-05-15",6790,5310,10926,3670,4300,3000
"2019-05-16",6490,5050,10541,3665,4300,2905
"2019-05-17",6120,5060,10445,3510,4300,2875
"2019-05-20",6000,4875,10348,3425,4300,2800
"2019-05-21",5950,5100,10782,3455,4300,2815
"2019-05-22",5940,5110,10445,3415,4300,2860
"2019-05-23",5710,5010,10397,3235,4300,2840
"2019-05-24",5480,4900,10589,3220,4300,2955
"2019-05-27",5450,4785,9867,3155,4300,2795
"2019-05-28",5620,4900,10348,3180,4300,2820
"2019-05-29",5580,4690,11262,3180,4300,2815
"2019-05-30",5550,4640,11456,3195,4300,2825
"2019-05-31",5600,4870,11648,3240,4300,2865
"2019-06-03",6470,4975,11408,3270,4300,2830
"2019-06-04",6780,5060,12033,3365,4300,2800
"2019-06-05",6770,5150,12129,3380,4300,2820
"2019-06-07",7050,5130,12707,3410,4300,2805
"2019-06-10",7470,5170,12947,3635,4300,2855
"2019-06-11",7750,5270,12947,3670,4300,2870
"2019-06-12",7620,5170,13091,3690,4300,2885
"2019-06-13",7950,5260,13141,3700,4300,2830
"2019-06-14",8000,5350,13189,3690,3710,2920
"2019-06-17",8060,5200,13237,3740,4820,2860
"2019-06-18",8140,5100,12707,3690,4260,2795
"2019-06-19",7650,5000,12611,3660,4250,2825
"2019-06-20",7970,5110,12611,3735,4090,2810
"2019-06-21",7960,5010,12514,3710,4075,2845
"2019-06-24",7820,4830,12418,3535,4130,2760
"2019-06-25",7030,4920,11985,3435,4020,2715
"2019-06-26",7160,4810,11888,3435,4040,2740
"2019-06-27",7160,4720,11888,3450,4060,2715
"2019-06-28",7120,4775,11888,3460,4125,2660
"2019-07-01",6950,4945,11408,3495,4140,2680
"2019-07-02",7080,4845,11648,3625,4270,2745
"2019-07-03",6740,4680,11360,3720,4160,2700
"2019-07-04",6810,4595,11744,3765,4145,2640
"2019-07-05",6940,4600,11744,3765,4120,2680
"2019-07-08",6230,4685,12129,3600,3870,2650
"2019-07-09",6150,4625,10974,3600,3600,2510
"2019-07-10",6120,4700,10493,3790,3695,2535
"2019-07-11",6080,4770,10445,3785,3800,2565
"2019-07-12",5970,5050,10589,3770,3845,2585
"2019-07-15",5750,4980,9963,3795,3795,2550
"2019-07-16",5720,5110,9675,3805,3730,2550
"2019-07-17",5680,4985,9627,3725,3685,2560
"2019-07-18",5570,4655,9675,3665,3660,2560
"2019-07-19",5650,4630,9867,3675,3735,2570
"2019-07-22",5620,4600,10059,3660,3845,2600
"2019-07-23",5490,4885,9963,3620,3835,2595
"2019-07-24",5650,4610,9771,3600,3910,2595
"2019-07-25",5510,4540,9627,3555,3910,2500
"2019-07-26",5420,4450,9511,3460,3825,2480
"2019-07-29",5030,3860,8943,3250,3755,2375
"2019-07-30",5150,4040,9443,3370,3800,2475
"2019-07-31",5220,4925,9675,3330,3655,2520
"2019-08-01",5030,4845,10011,3305,3655,2480
"2019-08-02",5070,5030,9915,3350,3590,2485
"2019-08-05",4830,3900,9049,3175,3245,2410
"2019-08-06",4610,3460,8539,2965,3175,2300
"2019-08-07",4760,3825,8885,3055,3060,2330
"2019-08-08",4875,4080,9309,3170,3280,2300
"2019-08-09",5050,4140,9241,3150,3440,2325
"2019-08-12",5120,4155,9241,3155,3210,2280
"2019-08-13",5030,4170,9271,3050,3075,2250
"2019-08-14",5370,4305,9867,3250,3050,2250
"2019-08-16",5370,4270,9491,3230,3045,2250
"2019-08-19",5350,4340,10059,3240,3025,2280
"2019-08-20",5400,4405,10108,3290,2985,2300
"2019-08-21",5530,4540,9963,3320,2960,2320
"2019-08-22",5400,4520,9771,3300,2950,2300
"2019-08-23",5300,4450,9771,3300,3040,2275
"2019-08-26",5160,4400,9097,3265,3025,2180
"2019-08-27",5160,4380,9203,3300,2955,2205
"2019-08-28",5210,4595,9675,3390,2920,2160
"2019-08-29",5320,4560,9319,3275,2950,2120
"2019-08-30",5710,4625,9463,3585,3000,2145
"2019-09-02",5840,4640,9867,3695,3090,2115
"2019-09-03",5690,4815,9723,3580,3285,2150
"2019-09-04",5620,4860,10108,3570,3370,2120
"2019-09-05",5610,4875,9915,3505,3370,2170
"2019-09-06",5570,4855,9771,3460,3220,2180
"2019-09-09",5540,4810,9453,3690,3165,2200
"2019-09-10",5510,4755,9289,3450,3200,2130
"2019-09-11",5570,4915,9491,3530,3210,2145
"2019-09-16",5530,4825,9607,3530,3215,2205
"2019-09-17",5480,4900,9559,3505,3155,2240
"2019-09-18",5500,4865,9491,3535,3075,2325
"2019-09-19",5470,4870,9617,3520,3100,2350
"2019-09-20",5640,4870,9723,3515,3080,2475
"2019-09-23",5540,4790,9723,3435,3090,2890
"2019-09-24",5480,4880,9617,3440,3020,2925
"2019-09-25",5340,4700,9241,3400,2965,2930
"2019-09-26",5300,4655,9251,3395,2955,2750
"2019-09-27",5320,4610,9193,3310,2955,2720
"2019-09-30",5310,4575,9319,3395,2970,2800
"2019-10-01",5330,4710,9367,3355,2960,2755
"2019-10-02",5260,4600,9241,3425,2605,2675
"2019-10-04",5130,4520,9155,3425,2505,2565
"2019-10-07",5070,4625,9125,3300,2375,2600
"2019-10-08",5130,4850,9415,3305,2850,2540
"2019-10-10",5150,4800,9771,3270,2685,2410
"2019-10-11",5130,4815,9627,3370,2525,2460
"2019-10-14",5280,4900,9347,3395,2460,2545
"2019-10-15",5290,4950,9675,3295,2430,2540
"2019-10-16",5380,4965,9607,3360,2390,2670
"2019-10-17",5360,4915,9385,3270,2530,2800
"2019-10-18",5350,4850,9357,3320,2455,2870
"2019-10-21",5300,4830,9183,3280,2420,2850
"2019-10-22",5290,4685,9183,3430,2440,2850
"2019-10-23",5200,4915,8856,3350,2405,2750
"2019-10-24",5180,4740,8953,3300,2410,2715
"2019-10-25",5190,4575,8751,3300,2340,2745
"2019-10-28",5160,4570,8866,3330,2355,2695
"2019-10-29",5240,4680,8847,3360,2425,2700
"2019-10-30",5200,4680,8596,3360,2430,2575
"2019-10-31",4995,4715,8519,3280,2465,2600
"2019-11-01",4945,4740,8664,3320,2520,2515
"2019-11-04",5040,4865,8625,3260,2490,2495
"2019-11-05",5120,4900,8587,3285,2470,2510
"2019-11-06",5250,4850,8625,3315,2455,2570
"2019-11-07",5170,4910,8587,3315,2545,2560
"2019-11-08",5280,4930,8548,3310,2605,2490
"2019-11-11",5240,4900,7740,3335,2560,2435
"2019-11-12",5200,4880,7846,3275,2590,2480
"2019-11-13",5110,4760,7961,3250,2575,2470
"2019-11-14",5050,4920,7932,3290,2650,2400
"2019-11-15",5000,4900,8009,3250,2650,2420
"2019-11-18",4935,4910,8038,3210,2710,2460
"2019-11-19",4910,4810,7894,3250,2800,2450
"2019-11-20",4820,4650,7798,3255,2635,2460
"2019-11-21",4610,4465,7422,3080,2625,2305
"2019-11-22",4600,4415,7518,2990,2540,2260
"2019-11-25",4670,4425,7702,3035,2555,2300
"2019-11-26",4685,4375,7846,3105,2535,2295
"2019-11-27",4720,4270,7702,3090,2530,2250
"2019-11-28",4710,4135,7720,3050,2510,2260
"2019-11-29",4665,4150,7566,3020,2485,2220
"2019-12-02",4600,4230,7836,3020,2465,2220
"2019-12-03",4590,4115,7788,3025,2415,2275
"2019-12-04",4550,4100,7692,3020,2385,2260
"2019-12-05",4460,3955,7498,3020,2375,2220
"2019-12-06",4525,3945,7884,3090,2330,2235
"2019-12-09",4580,3875,7855,3110,2195,2240
"2019-12-10",4575,3800,7913,3070,2240,2230
"2019-12-11",4595,3850,7990,3050,2230,2190
"2019-12-12",4710,3860,7990,3095,2305,2245
"2019-12-13",4845,3975,8000,3120,2265,2190
"2019-12-16",4920,4395,8086,3060,2245,2240
"2019-12-17",4990,4435,8058,3075,2305,2215
"2019-12-18",5040,4530,8173,3140,2295,2310
"2019-12-19",4960,4605,8019,3110,2315,2370
"2019-12-20",5080,4600,7980,3170,2295,2305
"2019-12-23",5090,4575,7913,3110,2255,2230
"2019-12-24",5030,4380,7922,3140,2200,2245
"2019-12-26",5090,4370,8134,3125,2220,2220
"2019-12-27",5190,4435,8183,3150,2325,2260
"2019-12-30",5200,4665,8095,3140,2400,2330
"2020-01-02",5470,4815,8262,3675,2430,2390
"2020-01-03",5410,4925,8134,3535,2420,3105
"2020-01-06",5260,4845,7840,3410,2390,3280
"2020-01-07",5330,4915,7869,3400,2410,3200
"2020-01-08",5220,4600,7359,3265,2255,2890
"2020-01-09",5250,4890,7604,3250,2375,3400
"2020-01-10",5220,4835,7712,3265,2400,3270
"2020-01-13",5200,4800,7850,3265,2420,3370
"2020-01-14",5130,4710,7889,3310,2430,3550
"2020-01-15",5090,4665,7938,3310,2425,3515
"2020-01-16",5130,4655,7987,3265,2400,3205
"2020-01-17",5190,4600,8085,3280,2415,3040
"2020-01-20",5130,4540,7987,3255,2495,2645
"2020-01-21",5100,4380,8223,3205,2445,2680
"2020-01-22",5000,4370,8183,3210,2490,2685
"2020-01-23",4945,4360,8026,3175,2660,2680
"2020-01-28",4755,4195,7487,3145,2745,2590
"2020-01-29",4720,4210,7497,3105,2700,2600
"2020-01-30",4655,4150,7281,3105,2670,2515
"2020-01-31",4590,3920,7006,3025,2500,2485
"2020-02-03",4525,3940,6790,3080,2610,2495
"2020-02-04",4635,4150,7232,3065,2635,2555
"2020-02-05",4705,4195,7261,3145,2750,2515
"2020-02-06",4760,4500,7320,3120,2670,2585
"2020-02-07",4795,4495,7359,3170,2645,2610
"2020-02-10",4810,4540,7369,3215,2600,2585
"2020-02-11",5000,4505,7565,3230,2670,2555
"2020-02-12",5160,4470,7595,3235,2700,2600
"2020-02-13",5170,4450,7526,3260,2675,2600
"2020-02-14",5190,4720,7614,3255,2660,2505
"2020-02-17",5280,4800,7742,3205,2740,2475
"2020-02-18",5120,4695,7555,3185,2630,2450
"2020-02-19",5120,4750,7634,3140,2555,2470
"2020-02-20",5030,4655,7261,3140,2475,2380
"2020-02-21",5000,4640,6937,3130,2430,2380
"2020-02-24",4755,4375,6525,3130,2340,2235
"2020-02-25",4845,4510,6741,3175,2345,2260
"2020-02-26",4745,4625,6662,3190,2330,2220
"2020-02-27",4535,4450,6437,3120,2265,2165
"2020-02-28",4330,4105,5946,3030,2100,2070
"2020-03-02",4340,4260,6133,3075,2160,2070
"2020-03-03",4335,4225,6133,3050,2150,2075
"2020-03-04",4435,4255,6280,3050,2240,2080
"2020-03-05",4520,4390,6447,3090,2275,2090
"2020-03-06",4435,4335,6250,3060,2170,2090
"2020-03-09",4180,4030,5946,2925,2080,2060
"2020-03-10",4130,4000,5976,2920,2135,1960
"2020-03-11",3975,3915,5603,2925,2060,1780
"2020-03-12",3650,3495,5063,2840,1880,1610
"2020-03-13",3350,2960,4592,2630,1695,1435
"2020-03-16",3170,2780,4401,2545,1550,1375
"2020-03-17",3120,2880,4435,2540,1620,1370
"2020-03-18",2900,2615,4214,2490,1500,1345
"2020-03-19",2250,1985,3434,2140,1310,1110
"2020-03-20",2450,2310,3694,2160,1380,1145
"2020-03-23",2280,2060,3454,1985,1200,1035
"2020-03-24",2385,2250,3945,2035,1235,1145
"2020-03-25",2520,2400,4327,2055,1335,1215
"2020-03-26",2600,2475,4366,2165,1400,1235
"2020-03-27",2675,2550,4425,2165,1395,1300
"2020-03-30",2700,2625,4514,2250,1450,1395
"2020-03-31",2850,2870,4779,2305,1535,1480
"2020-04-01",2870,2770,4955,2305,1530,1475
"2020-04-02",2920,2875,5093,2280,1580,1535
"2020-04-03",2960,3010,5191,2290,1610,1615
"2020-04-06",3085,3140,5299,2335,1720,1700
"2020-04-07",3150,3350,5456,2420,1735,1770
"2020-04-08",3245,3610,5573,2385,1730,1855
"2020-04-09",3380,3555,5583,2470,1820,1875
"2020-04-10",3410,3370,5505,2435,1880,1865
"2020-04-13",3320,3435,5200,2470,1755,1755
"2020-04-14",3275,3480,5436,2490,1720,1770
"2020-04-16",3265,3500,5632,2485,1740,1865
"2020-04-17",3365,3540,5917,2525,1780,1800
"2020-04-20",3450,3890,5936,2560,1825,1845
"2020-04-21",3405,3710,5809,2520,1700,1840
"2020-04-22",3320,3710,5760,2570,1685,1855
"2020-04-23",3410,3650,5848,2595,1735,1795
"2020-04-24",3315,3550,5613,2590,1675,1725
"2020-04-27",3360,3640,5789,2705,1715,1750
"2020-04-28",3375,3585,5760,2690,1775,1735
"2020-04-29",3410,3580,5799,2790,2305,1760
"2020-05-04",3340,3700,5740,2750,2275,1780
"2020-05-06",3400,3740,5828,2770,2330,1780
"2020-05-07",3600,3755,6133,2770,2300,1790
"2020-05-08",3605,3795,6270,2740,2310,1815
"2020-05-11",3540,3700,6201,2745,2325,1850
"2020-05-12",3450,3710,5936,2725,2240,1790
"2020-05-13",3420,3690,5907,2700,2265,1790
"2020-05-14",3300,3665,5819,2575,2245,1730
"2020-05-15",2950,3610,5730,2525,2235,1780
"2020-05-18",2940,3600,5701,2445,2065,1765
"2020-05-19",2980,3640,5848,2485,2140,1810
"2020-05-20",3170,3745,6142,2500,2200,1890
"2020-05-21",3375,3795,6358,2550,2260,1900
"2020-05-22",3325,3655,6015,2470,2185,1805
"2020-05-25",3260,3595,6103,2470,2230,1765
"2020-05-26",3430,3620,6201,2615,2295,1780
"2020-05-27",3400,3640,6162,2675,2180,1895
"2020-05-28",3255,3565,5985,2660,2085,1825
"2020-05-29",3185,3635,5946,2740,2030,1850
"2020-06-01",3365,3640,5985,2710,2110,1870
"2020-06-02",3615,4250,6123,2740,2120,1940
"2020-06-03",3475,4065,6123,2725,2150,1870
"2020-06-04",3545,4105,6123,2750,2145,1865
"2020-06-05",3700,4095,6201,2820,2125,1855
"2020-06-08",3720,4045,6152,2800,2130,1820
"2020-06-09",3720,4000,6221,2800,2100,1820
"2020-06-10",3660,3960,6201,2840,2130,1800
"2020-06-11",3620,3990,6025,2825,2185,1825
"2020-06-12",3370,3835,5789,2690,2105,1785
"2020-06-15",3040,3450,5348,2545,1905,1635
"2020-06-16",3190,3610,5622,2620,2000,1725
"2020-06-17",3065,3565,5691,2620,1995,1755
"2020-06-18",3120,3575,5632,2665,2000,1715
"2020-06-19",3045,3500,5730,2665,2005,1780
"2020-06-22",3075,3410,5701,2690,2005,1720
"2020-06-23",3050,3485,5642,2690,2265,1720
"2020-06-24",3105,3485,5603,2750,2210,1695
"2020-06-25",3025,3490,5436,2680,2175,1665
"2020-06-26",3060,3475,5514,2680,2205,1710
"2020-06-29",2980,3340,5377,2655,2040,1680
"2020-06-30",3055,3470,5514,2670,2035,1710
"2020-07-01",3065,3520,5377,2690,1940,1665
"2020-07-02",3110,3555,5436,2695,2005,1690
"2020-07-03",3115,3510,5485,2725,2010,1665
"2020-07-06",3220,3635,5868,2775,1990,1680
"2020-07-07",3130,3690,5750,2740,2020,1700
"2020-07-08",3190,3705,5828,2780,2120,1730
"2020-07-09",3185,3685,5819,2740,2120,1695
"2020-07-10",3135,3600,5730,2725,2090,1730
"2020-07-13",3195,3600,5770,2775,2155,1720
"2020-07-14",3215,3605,5878,2785,2090,1680
"2020-07-15",3285,3530,5936,2810,2140,1720
"2020-07-16",3260,3500,6035,2800,2110,1720
"2020-07-17",3230,3505,5995,2760,2105,1720
"2020-07-20",3235,3400,6054,2745,2050,1700
"2020-07-21",3310,3510,6035,2780,2085,1705
"2020-07-22",3370,3535,6093,2785,2100,1685
"2020-07-23",3335,3475,5976,2750,2025,1725
"2020-07-24",3295,3500,5936,2795,2010,1720
"2020-07-27",3335,3455,5897,2705,2005,1685
"2020-07-28",4335,3505,5976,3300,2000,1705
"2020-07-29",4190,3480,5927,3050,2040,1670
"2020-07-30",4450,3505,5897,3270,2050,1680
"2020-07-31",4400,3560,5838,3300,2035,1665
"2020-08-03",4220,3495,5770,3130,2015,1700
"2020-08-04",4240,3510,5799,3105,2020,1720
"2020-08-05",4505,3690,5848,3170,2025,1730
"2020-08-06",4475,3565,5838,3130,2010,1720
"2020-08-07",4395,3610,5779,3100,2010,1705
"2020-08-10",4560,3595,5838,3160,1990,1800
"2020-08-11",4640,3530,5878,3145,1985,1805
"2020-08-12",4430,3600,6054,3170,1995,1945
"2020-08-13",5750,3830,6015,4120,2020,1935
"2020-08-14",5850,3790,5887,4500,1990,1910
"2020-08-18",5300,3435,5495,3855,1870,1905
"2020-08-19",5810,3505,5564,3950,1905,1900
"2020-08-20",5300,3435,5151,3640,1810,1915
"2020-08-21",5100,3610,5181,3545,1825,2060
"2020-08-24",5200,3625,5220,3545,1865,2060
"2020-08-25",5100,3930,5465,3575,1975,2135
"2020-08-26",5000,4015,5554,3560,1975,2195
"2020-08-27",5130,3770,5465,3560,1910,2060
"2020-08-28",5000,3660,5554,3570,1925,2125
"2020-08-31",4475,3705,5701,3365,1935,2085
"2020-09-01",4460,3730,5760,3435,1955,2120
"2020-09-02",4600,3670,5760,3580,2005,2070
"2020-09-03",4750,3620,5730,3675,2080,2135
"2020-09-04",4720,3580,5662,3680,2005,2045
"2020-09-07",4890,3580,6192,3690,2035,2070
"2020-09-08",4895,3520,6025,3750,2010,1950
"2020-09-09",4805,3515,6417,3690,2000,1955
"2020-09-10",4880,3725,6476,3780,2010,2000
"2020-09-11",4940,3640,6280,3770,2020,1970
"2020-09-14",5120,3620,6437,3880,2100,2075
"2020-09-15",5180,3780,6378,3880,2075,2010
"2020-09-16",4925,3680,6407,3700,2135,2075
"2020-09-17",4730,3615,6201,3640,2120,2015
"2020-09-18",4580,3595,6241,3695,2170,2020
"2020-09-21",4505,3490,6035,3620,2150,2045
"2020-09-22",4205,3400,5740,3350,2065,2000
"2020-09-23",4305,3390,5721,3440,2145,2005
"2020-09-24",4075,3255,5622,3275,2300,1965
"2020-09-25",4100,3230,5642,3370,2145,1965
"2020-09-28",4370,3355,5789,3710,2305,1965
"2020-09-29",4470,3370,5927,3605,2325,2000
"2020-10-05",4600,3395,5976,3730,2330,2000
"2020-10-06",4755,3385,5936,3770,2280,2010
"2020-10-07",4745,3430,6162,3720,2290,2010
"2020-10-08",5150,3415,6113,4430,2290,2020
"2020-10-12",5090,3420,6142,4260,2245,2040
"2020-10-13",5290,3365,6211,4840,2335,2050
"2020-10-14",5360,3275,6211,4910,2425,2060
"2020-10-15",5100,3230,6035,4650,2300,1995
"2020-10-16",5100,3150,5936,4400,2245,1995
"2020-10-19",4930,3200,5887,4360,2225,1935
"2020-10-20",5110,3090,5976,4440,2215,1945
"2020-10-21",5140,3025,6123,4415,2215,2020
"2020-10-22",5020,3040,5966,4205,2230,2020
"2020-10-23",5060,3060,5927,4310,2250,2025
"2020-10-26",4905,3030,5760,4060,2170,1975
"2020-10-27",4820,2960,5809,4040,2120,1905
"2020-10-28",4895,3035,5927,4100,2145,1910
"2020-10-29",4745,3020,5828,3995,2140,1895
"2020-10-30",4610,2955,5671,3910,2095,1920
"2020-11-02",4855,2910,5750,4135,2260,1895
"2020-11-03",4970,2870,5868,4280,2320,1945
"2020-11-04",4850,2860,5858,4115,2315,2000
"2020-11-05",5090,2965,5917,4395,2375,2025
"2020-11-06",5030,2965,5917,4325,2360,1965
"2020-11-09",5150,2955,5936,4475,2410,2190
"2020-11-10",5220,3010,5976,4505,2435,2210
"2020-11-11",5070,2990,6054,4350,2440,2100
"2020-11-12",5080,3000,6005,4375,2430,2180
"2020-11-13",4820,2980,5976,4550,2390,2140
"2020-11-16",4715,3150,5995,4385,2360,2050
"2020-11-17",4750,3135,5907,4260,2410,2050
"2020-11-18",4725,3125,5976,4230,2340,2070
"2020-11-19",4635,3070,5956,4160,2335,2050
"2020-11-20",4765,3055,6044,4240,2330,2055
"2020-11-23",4800,3150,6025,4140,2340,2045
"2020-11-24",4815,3205,6133,4140,2410,2070
"2020-11-25",4840,3150,6054,4220,2450,2165
"2020-11-26",4880,3170,6054,4190,2675,2160
"2020-11-27",5160,3180,6133,4275,2520,2165
"2020-11-30",5390,3170,6152,4240,2525,2110
"2020-12-01",5230,3125,6133,4180,2445,2060
"2020-12-02",4995,3150,6280,4115,2545,2095
"2020-12-03",5140,3090,6299,4155,2490,2205
"2020-12-04",5210,3240,6231,4120,2500,2170
"2020-12-07",4995,3160,6035,4185,2440,2195
"2020-12-08",4875,3070,6064,4135,2375,2215
"2020-12-09",5050,3080,6084,4105,2410,2350
"2020-12-10",5070,3005,6221,4105,2425,2315
"2020-12-11",5080,3065,6162,4130,2485,2250
"2020-12-14",4925,3015,6172,4025,2515,2300
"2020-12-15",4935,2995,6270,3970,2465,2320
"2020-12-16",4955,3025,6290,4015,2425,2250
"2020-12-17",5100,3035,6231,4040,2430,2260
"2020-12-18",5700,3015,6456,4520,2400,2265
"2020-12-21",6000,2970,6417,5040,2430,2435
"2020-12-22",6010,2905,6142,4915,2395,2375
"2020-12-23",6060,2840,6182,4705,2420,2430
"2020-12-24",5580,2995,6250,4495,2385,2580
"2020-12-28",5440,2900,6270,4350,2460,2620
"2020-12-29",5540,3020,6320,4430,2580,2945
"2020-12-30",5740,3010,6380,4435,2570,2800
"2021-01-04",5880,2940,6430,4530,2570,2810
"2021-01-05",5930,2900,6540,4455,2550,2885
"2021-01-06",5870,2950,6490,4455,2895,2795
"2021-01-07",5980,3000,6570,4460,2870,2995
"2021-01-08",5880,3000,6420,4370,2905,2910
"2021-01-11",6320,2880,6360,4445,3245,2760
"2021-01-12",6080,2785,6890,4325,3615,2700
"2021-01-13",6170,2865,7080,4335,3365,2685
"2021-01-14",6170,2885,8610,4320,3250,2760
"2021-01-15",6090,2845,7600,4385,3210,2775
"2021-01-18",6000,2700,7180,4240,3180,2635
"2021-01-19",6000,2765,7180,4230,3245,2750
"2021-01-20",5810,2795,7370,4270,3405,2690
"2021-01-21",5790,2725,8140,4250,3300,2735
"2021-01-22",5690,2775,8240,4250,3215,2820
