"","028150","057050","290510","138250","119860","122900","036030","035080","053280","069920"
"2016-01-25",165200,111000,NA,18250,4662,21500,8680,10000,9500,6570
"2016-01-26",161500,114500,NA,18100,4586,21400,8630,9990,9480,6980
"2016-01-27",160000,111500,NA,17800,4520,21850,8400,10050,9370,7040
"2016-01-28",161500,112500,NA,18000,4490,22100,8630,10900,9200,7280
"2016-01-29",163000,111500,NA,18350,4465,21950,8790,10750,9210,7270
"2016-02-01",163100,113000,NA,18500,4546,22500,8880,10500,9320,7190
"2016-02-02",163000,114000,NA,18600,4510,21350,8920,10400,9300,7300
"2016-02-03",174500,117000,NA,19200,4500,20950,8730,10000,9410,6850
"2016-02-04",176500,122500,NA,18900,4566,20850,8750,9950,9660,6460
"2016-02-05",175000,120500,NA,19100,4667,20850,8880,9910,9650,6260
"2016-02-11",174000,121000,NA,18300,4530,19850,8620,9730,9090,6210
"2016-02-12",169200,118000,NA,18000,4272,19700,8090,9150,8630,5880
"2016-02-15",178000,118000,NA,17800,4399,19600,8310,9380,8870,5990
"2016-02-16",183600,121500,NA,18200,4536,18550,8350,9500,8830,6400
"2016-02-17",186800,125000,NA,17800,4485,18450,8190,9080,8760,6390
"2016-02-18",187600,120000,NA,18350,4652,18850,8290,9300,8730,6320
"2016-02-19",187700,121000,NA,18400,4758,18850,8480,9770,8770,6230
"2016-02-22",187700,121500,NA,19000,4698,18900,8250,9610,8840,6130
"2016-02-23",187900,122000,NA,19150,4632,19000,8280,9350,8680,6040
"2016-02-24",185100,125000,NA,19150,4622,18750,8140,9350,8730,6010
"2016-02-25",188900,124500,NA,19200,4576,18700,8140,9350,8660,6000
"2016-02-26",184700,123000,NA,19350,4576,19150,8150,9310,8680,6050
"2016-02-29",184000,127000,NA,19500,4541,19700,8080,9370,8750,6040
"2016-03-02",182300,121500,NA,19100,4753,19350,8100,9650,8750,5970
"2016-03-03",180600,121000,NA,19250,4743,19200,8080,9930,8690,5900
"2016-03-04",179000,122500,NA,19200,5118,19550,8270,9800,8730,6030
"2016-03-07",182900,124000,NA,18850,5007,18850,8410,9730,8790,5930
"2016-03-08",186000,127000,NA,19000,5017,19200,8390,9510,8790,6000
"2016-03-09",184800,126500,NA,19150,5012,18950,8430,9510,8670,5850
"2016-03-10",188500,126500,NA,18900,5057,19500,8500,9600,8700,6020
"2016-03-11",183900,125500,NA,19100,5093,19150,8350,9920,8720,6420
"2016-03-14",179700,125500,NA,19200,5032,19050,8310,9960,8870,6500
"2016-03-15",178100,126500,NA,19050,5093,19000,8310,9740,8750,6380
"2016-03-16",176500,123500,NA,19050,5093,19500,8260,9600,8730,6140
"2016-03-17",179000,126000,NA,19100,5042,19100,8330,9500,8740,6370
"2016-03-18",180000,125000,NA,19250,5047,19650,8230,9860,8780,6380
"2016-03-21",174100,122000,NA,19100,5063,19200,8280,9780,8710,6190
"2016-03-22",175900,124000,NA,19400,5068,19250,8320,9610,8680,6240
"2016-03-23",178000,126500,NA,19400,5052,19400,8270,9610,8590,6250
"2016-03-24",179900,128500,NA,19400,5093,19400,8270,9520,8450,6210
"2016-03-25",180300,131000,NA,19450,5052,19200,8450,9440,8330,6200
"2016-03-28",179000,131000,NA,19000,4961,19250,8360,9550,8430,6560
"2016-03-29",180000,129000,NA,18950,4941,19050,8350,9480,8360,6810
"2016-03-30",180300,130500,NA,19000,5068,19300,8400,9500,8410,6810
"2016-03-31",185700,130500,NA,18800,5093,18950,8720,9420,8330,7200
"2016-04-01",188700,129500,NA,18400,5118,18950,8690,9450,8300,6850
"2016-04-04",189000,129500,NA,18300,5169,18950,8730,9590,8330,6890
"2016-04-05",194000,129500,NA,18400,5093,18750,8860,9410,8320,6810
"2016-04-06",191000,130000,NA,18700,5057,18200,8900,9320,8200,6590
"2016-04-07",193000,132500,NA,18850,5017,17400,8680,9430,8350,6600
"2016-04-08",187000,130500,NA,18850,5017,16200,8660,9260,8280,6540
"2016-04-11",186400,130500,NA,18350,5042,16450,8930,9230,8190,6590
"2016-04-12",185000,132000,NA,17900,5037,16750,8770,9070,8150,6540
"2016-04-14",187600,130500,NA,17850,5032,16750,8680,8960,8060,6440
"2016-04-15",189900,130500,NA,17350,5052,16800,8700,9160,8380,6260
"2016-04-18",184300,129500,NA,17150,5169,16450,8540,9070,8360,6220
"2016-04-19",185500,132000,NA,17300,5549,16850,8490,9120,8360,6110
"2016-04-20",184200,133500,NA,17550,5397,16950,8440,9000,8340,6250
"2016-04-21",185400,134500,NA,18150,5448,17100,8430,8750,8480,6270
"2016-04-22",186200,133000,NA,18200,5397,17300,8620,8900,8410,6210
"2016-04-25",186700,132500,NA,18150,5321,17450,8620,8890,8420,6100
"2016-04-26",186100,132000,NA,17500,5321,17250,8620,8910,8360,5990
"2016-04-27",187600,130500,NA,17350,5296,17300,8880,8880,8360,6080
"2016-04-28",186500,133000,NA,16800,5372,17200,9230,8900,8350,6000
"2016-04-29",184500,133500,NA,15000,5473,16950,8770,8810,8330,6080
"2016-05-02",184500,133000,NA,15600,5321,16950,8250,8590,8160,6090
"2016-05-03",184500,134500,NA,16100,5397,17200,8360,8830,8110,6020
"2016-05-04",184900,129000,NA,15850,5346,16650,8340,8980,8080,5990
"2016-05-09",190000,132000,NA,16150,5118,16400,8350,8580,7890,5870
"2016-05-10",194000,133000,NA,16200,5093,16500,8250,8460,8030,5700
"2016-05-11",192900,138500,NA,16450,5118,16250,8270,8420,8060,5430
"2016-05-12",197000,139000,NA,16400,5270,13800,8250,8160,7950,5400
"2016-05-13",195900,141500,NA,17050,5220,13700,8230,7770,7900,5360
"2016-05-16",192300,139500,NA,17000,5853,13550,8140,7600,7790,5230
"2016-05-17",189500,138500,NA,17300,5929,13450,8080,7410,7760,5000
"2016-05-18",191000,138000,NA,17200,6436,13250,8010,7350,7460,5100
"2016-05-19",190000,138000,NA,17200,6335,13000,8040,7180,7730,5100
"2016-05-20",191000,140500,NA,17150,5980,13300,8000,7200,7630,5090
"2016-05-23",187100,136000,NA,17150,5980,13100,8080,7240,7570,4985
"2016-05-24",191000,139500,NA,16700,6157,12900,8060,7180,7360,4995
"2016-05-25",187100,137000,NA,17000,6385,13000,8070,7360,7390,4980
"2016-05-26",187000,136500,NA,17300,6233,13400,8100,7300,7330,4995
"2016-05-27",182500,131000,NA,17350,6233,13150,8080,7370,7190,5000
"2016-05-30",181000,132000,NA,17100,6056,13200,8310,7380,7160,5010
"2016-05-31",184500,134500,NA,17850,5929,13050,8450,7450,7140,5010
"2016-06-01",185500,137500,NA,17650,6157,13650,8450,7390,7290,4965
"2016-06-02",186500,138000,NA,17600,6132,14050,8460,7350,7270,5160
"2016-06-03",183700,136500,NA,17150,6005,14150,8500,7210,7400,5030
"2016-06-07",183800,139000,NA,17600,6030,14200,8480,7290,7570,5010
"2016-06-08",181000,138500,NA,17050,6233,13550,8350,7130,7430,5000
"2016-06-09",185500,139000,NA,16600,6106,13600,8370,7060,7410,4930
"2016-06-10",181100,132000,NA,17000,6030,13650,8710,6850,7360,4950
"2016-06-13",178000,131000,NA,16700,6056,13150,8710,6630,7300,4950
"2016-06-14",180500,133500,NA,17100,6005,13250,8650,6660,7220,4880
"2016-06-15",179900,133500,NA,16900,6005,12950,8740,6450,7190,5020
"2016-06-16",178000,132000,NA,17100,5929,12600,8630,6150,7150,5020
"2016-06-17",172800,131000,NA,17300,5904,13000,8420,6210,7110,5100
"2016-06-20",176900,130500,NA,17850,6056,12700,8510,6250,7210,5080
"2016-06-21",172000,129000,NA,18600,6106,12800,8470,6410,7130,5000
"2016-06-22",174900,130000,NA,18300,6081,12500,8510,6290,7190,5010
"2016-06-23",177400,130500,NA,18600,6005,12150,8410,6160,6980,4930
"2016-06-24",173500,127500,NA,18550,5625,11350,8080,5970,6540,4320
"2016-06-27",169000,128500,NA,18450,5726,11350,8000,5800,6310,4435
"2016-06-28",170500,126000,NA,17850,5828,11800,8050,5790,6490,5240
"2016-06-29",169800,128500,NA,18800,5853,11650,8100,5900,6730,5300
"2016-06-30",171500,127000,NA,19250,5954,11600,8140,5960,6890,5300
"2016-07-01",172600,125000,NA,19100,6056,11600,8230,6040,6940,5100
"2016-07-04",173600,122500,NA,18650,6157,12200,8190,6210,6830,5100
"2016-07-05",171500,123500,NA,18350,6309,12400,8120,6190,6840,5180
"2016-07-06",168100,120500,NA,18050,6284,12150,8120,6180,6790,5040
"2016-07-07",171800,122500,NA,18400,6664,12500,8140,6330,6850,5010
"2016-07-08",166900,119000,NA,17800,6537,12450,8140,6280,6840,4895
"2016-07-11",171000,121000,NA,18150,6816,12600,8200,6280,6790,4705
"2016-07-12",172800,121000,NA,18650,6943,13200,8120,6300,6610,4945
"2016-07-13",170600,121000,NA,18900,6841,13400,8000,6380,6480,4925
"2016-07-14",167100,124000,NA,19000,6689,13050,8090,6340,6220,4930
"2016-07-15",167400,123500,NA,19050,6892,12750,8080,6200,6420,4930
"2016-07-18",169000,125000,NA,18800,7069,12900,8310,6230,6550,4935
"2016-07-19",170500,123000,NA,18050,6867,13250,8130,6200,6440,4890
"2016-07-20",166800,124000,NA,18350,6791,13350,8070,6210,6430,4790
"2016-07-21",165800,123500,NA,18200,6791,13050,8080,6130,6470,4800
"2016-07-22",166500,123500,NA,18150,6917,13200,8100,6120,6460,4845
"2016-07-25",166000,121500,NA,18150,6943,13100,8160,6050,6650,4885
"2016-07-26",168000,122500,NA,18000,7095,13000,8250,6000,6650,4900
"2016-07-27",169800,127000,NA,17900,7044,12950,8230,6020,6750,4935
"2016-07-28",168500,123000,NA,17850,6993,12800,8280,5910,6800,4960
"2016-07-29",170100,121500,NA,17900,6993,12550,8160,5950,6830,4970
"2016-08-01",172900,124500,NA,17650,6993,12550,8090,5820,6750,5000
"2016-08-02",172000,126000,NA,17700,6943,12750,8110,5810,6800,5000
"2016-08-03",172500,128000,NA,17950,7171,12500,8070,5930,6560,4950
"2016-08-04",166600,128500,NA,18200,7069,13350,8040,6000,6550,4985
"2016-08-05",169600,127000,NA,18800,6892,13300,8020,5850,6570,4870
"2016-08-08",164900,128000,NA,18350,6968,13450,8070,5860,6690,4825
"2016-08-09",163300,124000,NA,17800,6993,13650,8100,5950,6660,4815
"2016-08-10",163200,124500,NA,17650,6943,13650,8100,5890,6720,4800
"2016-08-11",163100,123500,NA,17450,7272,12800,8010,5610,6860,4815
"2016-08-12",163200,124000,NA,17450,7120,13250,8030,5650,6990,4745
"2016-08-16",162000,124000,NA,17200,6487,13250,8010,5470,6820,4795
"2016-08-17",161500,124500,NA,17400,6335,12950,7950,5420,6710,4710
"2016-08-18",160100,122500,NA,17150,6512,12950,7950,5400,6560,4750
"2016-08-19",160000,122500,NA,17150,6512,12850,7900,5430,6580,4725
"2016-08-22",160200,124000,NA,16750,6309,12800,7810,5430,6500,4570
"2016-08-23",157900,122000,NA,16200,6309,12550,7810,5410,6460,4605
"2016-08-24",157600,122000,NA,16200,6259,12450,7780,5450,6300,4680
"2016-08-25",155700,122500,NA,16050,6056,12800,7770,5510,6350,4525
"2016-08-26",158300,125000,NA,16050,6309,13800,7600,5490,6450,4500
"2016-08-29",155100,125000,NA,16050,6208,13600,7450,5350,6180,4340
"2016-08-30",157100,125500,NA,15950,6233,13500,7430,5310,6320,4580
"2016-08-31",157200,123000,NA,15550,6233,13300,7430,5190,6430,4950
"2016-09-01",159000,123500,NA,16050,6208,13300,7590,5190,6480,4860
"2016-09-02",159500,123000,NA,15750,6284,13150,7660,5350,6550,4865
"2016-09-05",161400,124000,NA,15800,6360,13500,7650,5400,6610,4750
"2016-09-06",160800,123000,NA,16450,6360,13400,7660,5360,6590,4740
"2016-09-07",161600,124500,NA,16450,6309,13500,7560,5270,6540,4745
"2016-09-08",159600,124500,NA,16150,6411,13000,7500,5210,6380,4620
"2016-09-09",161300,123000,NA,16300,6208,12850,7420,5170,6260,4685
"2016-09-12",160300,122000,NA,16000,6182,12550,7380,5110,6180,4630
"2016-09-13",160300,121000,NA,16400,6233,12800,7370,5040,6130,4500
"2016-09-19",161600,119500,NA,15900,6309,12650,7600,5000,6130,4570
"2016-09-20",160800,122000,NA,15500,6335,12850,7730,5010,6180,4500
"2016-09-21",161400,123500,NA,15300,6360,12650,7700,5040,6480,4495
"2016-09-22",162200,124000,NA,15550,6512,12900,7640,5050,6380,4540
"2016-09-23",162100,126500,NA,15900,6461,13350,7720,5180,6460,4535
"2016-09-26",165300,125000,NA,15900,6385,13050,7800,5080,6630,4565
"2016-09-27",162500,126000,NA,16100,6385,13250,7870,5140,6520,4630
"2016-09-28",164900,127000,NA,15900,6335,12900,7800,5160,6610,4660
"2016-09-29",165000,123500,NA,15900,6411,12800,7890,5170,6560,4680
"2016-09-30",164700,122000,NA,16000,6461,12850,7910,5050,6380,4650
"2016-10-04",169700,122500,NA,16200,6487,13150,7870,5130,6320,4525
"2016-10-05",169800,122500,NA,16150,6436,13250,7850,5140,6450,4545
"2016-10-06",170000,119500,NA,16200,6436,13100,7910,5250,6470,4570
"2016-10-07",169500,119500,NA,16000,6309,13750,7820,5330,6390,4560
"2016-10-10",169400,119500,NA,16100,6385,13200,7740,5360,6390,4535
"2016-10-11",171800,120500,NA,16200,6335,13000,7730,5280,6240,4565
"2016-10-12",171900,121000,NA,16200,6335,13600,7700,5420,6250,4535
"2016-10-13",171700,119000,NA,16150,6259,13300,7670,5310,6180,4520
"2016-10-14",173000,117500,NA,15950,6284,13750,7710,5350,6130,4580
"2016-10-17",175000,117000,NA,16000,6132,13300,7570,5310,6090,4565
"2016-10-18",175400,116500,NA,15950,6132,13300,7560,5380,5960,4550
"2016-10-19",176900,116500,NA,15950,6005,12900,7590,5310,5950,4495
"2016-10-20",178900,117500,NA,16000,5980,12800,7530,5280,6080,4455
"2016-10-21",177600,119500,NA,16200,5954,13200,7560,5170,5900,4560
"2016-10-24",179800,118000,NA,16350,6030,12900,7470,5120,5720,4560
"2016-10-25",172500,117000,NA,16350,6005,12950,7350,5050,5470,4525
"2016-10-26",169900,116000,NA,16300,6056,12500,7320,5130,5250,4390
"2016-10-27",176000,114500,NA,16400,6284,12750,7500,5200,5320,4240
"2016-10-28",172500,114000,NA,16550,6284,12650,7540,5140,5370,4240
"2016-10-31",175800,113500,NA,16500,6259,12800,7370,4995,5260,4170
"2016-11-01",178200,115000,NA,16450,6182,12800,7380,4875,5300,4170
"2016-11-02",180100,112500,NA,16100,5980,11850,7250,4660,5050,4170
"2016-11-03",178400,112500,NA,16150,6005,11950,7170,4795,5080,4145
"2016-11-04",179900,112500,NA,16000,6132,12150,7190,4915,5120,4050
"2016-11-07",177800,112500,NA,15950,6157,11950,7220,4945,5200,4055
"2016-11-08",176900,113500,NA,16050,6157,12100,7210,4980,5620,4120
"2016-11-09",172500,113000,NA,15750,6182,11350,7080,4785,5670,3875
"2016-11-10",175900,109000,NA,16000,6259,11750,7180,4910,5730,4045
"2016-11-11",178100,108500,NA,15950,6360,11750,7160,5030,5790,4050
"2016-11-14",175900,111500,NA,16000,6461,11900,7150,4910,5460,4040
"2016-11-15",176900,109500,NA,16000,6487,11700,6960,4875,5520,3940
"2016-11-16",180300,109000,NA,15650,6385,11800,7120,4900,5670,3930
"2016-11-17",178000,111000,NA,15800,6689,11800,7120,4950,5630,3955
"2016-11-18",178500,109500,NA,15900,6740,11850,7180,4940,5560,3955
"2016-11-21",180800,110000,NA,15750,6841,11750,7110,4865,5340,3950
"2016-11-22",180900,111500,NA,15850,6917,11650,7100,5040,5410,3950
"2016-11-23",184400,110500,NA,15850,6765,11500,7100,5020,5160,3875
"2016-11-24",185100,110000,NA,15700,6715,10500,7130,4805,5260,3900
"2016-11-25",179500,108500,NA,15600,6791,10350,7120,4860,5330,3900
"2016-11-28",174500,106000,NA,15250,6765,10100,7120,4745,5220,3895
"2016-11-29",167000,107000,NA,15500,6816,10100,7110,4845,5380,3880
"2016-11-30",172000,107000,NA,15500,6816,10300,7040,4750,5320,3880
"2016-12-01",176000,106500,NA,15400,6765,10300,6930,4775,5280,3865
"2016-12-02",176700,108500,NA,15250,6613,10300,6760,4785,5250,3670
"2016-12-05",177500,109000,NA,14850,6689,10050,6680,4715,5250,3045
"2016-12-06",177600,109000,NA,14450,6588,10100,6660,4815,5260,3955
"2016-12-07",176700,107500,NA,14400,6639,10100,6650,4700,5210,3890
"2016-12-08",175000,111000,NA,15050,6588,10350,6170,4855,5300,3830
"2016-12-09",176900,109000,NA,14600,6816,10300,6100,5030,5340,3700
"2016-12-12",174000,108500,NA,14700,6867,10550,6340,5160,5350,3840
"2016-12-13",173500,111000,NA,14950,6639,10700,6340,5090,5470,4590
"2016-12-14",172000,110500,NA,15050,6664,10500,6250,5010,5470,4510
"2016-12-15",172700,110500,NA,15150,6740,10750,6320,5090,5740,4580
"2016-12-16",173300,109000,NA,14800,6892,10700,6260,5050,5680,4450
"2016-12-19",175600,110000,NA,14750,7019,10750,6270,5120,5590,4435
"2016-12-20",174200,112500,NA,14800,6943,10700,6290,5040,5700,4445
"2016-12-21",173800,112000,NA,15100,6993,10550,6280,4985,5980,4400
"2016-12-22",172300,112500,NA,15000,6968,10550,6330,4930,5930,4490
"2016-12-23",173300,114000,NA,15000,7044,10650,6400,4930,6080,4540
"2016-12-26",172200,113500,NA,15400,6993,10700,6460,4945,5900,4540
"2016-12-27",174600,113500,NA,15450,7120,10750,6550,4995,5970,4535
"2016-12-28",172000,112000,NA,15400,7000,10500,6530,5000,5880,4500
"2016-12-29",172000,111500,NA,15350,7000,10400,6540,5020,5910,4420
"2017-01-02",171900,112500,NA,15400,7120,10150,6570,4900,6050,4420
"2017-01-03",168500,110000,NA,15650,7170,10000,6520,4965,6160,4340
"2017-01-04",164300,107500,NA,15550,7170,10200,6740,4965,6140,4370
"2017-01-05",164000,109500,NA,15450,7130,11350,6740,5070,6140,4380
"2017-01-06",168400,108000,NA,15100,7120,11800,6720,5080,6110,4280
"2017-01-09",166600,108000,NA,15150,7170,11600,6760,5100,5970,4280
"2017-01-10",165500,107000,NA,15100,7140,11600,6770,5200,5950,4285
"2017-01-11",162200,105500,NA,15100,7220,11250,6750,5140,5840,4465
"2017-01-12",164600,108500,NA,15200,7250,11250,6720,5160,5840,4605
"2017-01-13",165400,108500,NA,15200,7480,11050,6800,5080,5890,4605
"2017-01-16",168200,108500,NA,14950,7410,10900,6920,5030,6030,4510
"2017-01-17",167600,108500,NA,14950,7450,10950,6920,4970,5900,4600
"2017-01-18",169600,108500,NA,15000,7400,10850,6910,4950,5980,4600
"2017-01-19",170000,107000,NA,15100,7130,10700,7060,4870,5820,4595
"2017-01-20",171000,108000,NA,15150,6850,10900,7000,4770,5940,4580
"2017-01-23",167500,106000,NA,15400,6780,10650,7000,4800,5660,4425
"2017-01-24",177000,107000,NA,15550,6760,10350,7020,4750,5550,4485
"2017-01-25",180000,107500,NA,15350,6760,10600,7030,4690,5520,4350
"2017-01-26",181000,106500,NA,14950,6940,10650,7030,4700,5510,4285
"2017-01-31",180800,108500,NA,15050,7110,10450,7060,4730,5540,4275
"2017-02-01",188000,111500,NA,15200,7360,10800,7060,4820,5580,4195
"2017-02-02",182100,108500,NA,15250,7280,10700,7120,4760,5790,4250
"2017-02-03",186600,111000,NA,16000,7160,10400,7110,4685,5710,4245
"2017-02-06",190000,109000,NA,15750,7180,10650,7100,4580,5780,4290
"2017-02-07",195700,112500,NA,15900,7130,10750,7070,4645,5870,4195
"2017-02-08",197200,113000,NA,15250,7040,10850,6950,4640,5780,4170
"2017-02-09",199700,116000,NA,15050,6970,11350,6970,4690,5830,4165
"2017-02-10",204800,112000,NA,15200,7010,11200,6970,4695,5800,4190
"2017-02-13",206000,112500,NA,15350,7020,11200,6920,4675,5800,4220
"2017-02-14",204400,111000,NA,15650,7030,11650,6930,4715,5830,4285
"2017-02-15",208500,113500,NA,15750,7020,11850,6880,4780,5900,4250
"2017-02-16",202000,112500,NA,16100,7000,11750,7090,4780,5830,4250
"2017-02-17",205800,111000,NA,16000,6970,11600,7350,4690,5800,4120
"2017-02-20",207700,110500,NA,16000,6900,11250,7390,4620,5820,4180
"2017-02-21",207700,115000,NA,16200,6930,11350,7390,4635,5880,4180
"2017-02-22",208800,114500,NA,16200,7120,11350,7400,4695,5930,4100
"2017-02-23",207100,114000,NA,16500,7060,11550,7170,4720,5900,4090
"2017-02-24",217500,115000,NA,16550,7010,11450,7360,4680,5840,4005
"2017-02-27",216900,117500,NA,16650,6890,12000,7370,4750,5760,4035
"2017-02-28",215700,114500,NA,16500,6860,11850,7350,4780,5750,4090
"2017-03-02",210900,111500,NA,16550,6810,11750,7250,4805,5750,4050
"2017-03-03",209000,110500,NA,16300,6760,11500,7260,4695,5590,4025
"2017-03-06",212600,112000,NA,16350,6630,11700,7180,4720,5610,4000
"2017-03-07",213400,113000,NA,16550,6660,11950,7120,4705,5640,3990
"2017-03-08",210500,110500,NA,16650,6700,11900,7080,4640,5650,3975
"2017-03-09",215000,112000,NA,16950,6670,12150,7000,4620,5650,3960
"2017-03-10",215300,113500,NA,16800,6800,11850,7000,4580,5710,3925
"2017-03-13",215400,114000,NA,16750,6750,12150,7040,4660,5770,4045
"2017-03-14",215000,111500,NA,16600,6770,11850,7010,4640,5830,3910
"2017-03-15",207700,109500,NA,16400,6670,11050,6910,4625,5830,3875
"2017-03-16",210700,109000,NA,16500,6720,11150,7010,4685,5890,3875
"2017-03-17",212500,110500,NA,16800,6760,11450,7000,4765,5820,3820
"2017-03-20",209400,110000,NA,16750,6750,11550,7020,4740,5710,3815
"2017-03-21",210900,110000,NA,16800,6590,12300,7010,4745,5720,3845
"2017-03-22",210000,112000,NA,16650,6580,12600,7000,4675,5670,3860
"2017-03-23",211500,112000,NA,16450,6500,13000,7050,4720,5670,3825
"2017-03-24",222000,117000,NA,16850,6570,13100,7000,4725,5700,3770
"2017-03-27",230300,123000,NA,16800,6520,13000,6880,4770,5660,3700
"2017-03-28",231700,121500,NA,16550,6510,13100,6880,4725,5620,3745
"2017-03-29",223500,122500,NA,16800,6560,13150,6820,4720,5630,3765
"2017-03-30",224500,123500,NA,16800,6700,13150,7020,4810,5680,3770
"2017-03-31",230000,127500,NA,16950,6700,13350,7180,4800,5700,3740
"2017-04-03",225200,126000,NA,17000,6690,13150,7210,5000,5740,3845
"2017-04-04",221400,124500,NA,17000,6680,13050,7130,5120,6070,3845
"2017-04-05",220000,122500,NA,17050,6890,12800,7190,5200,6230,3850
"2017-04-06",219900,123000,NA,16950,6850,12750,7130,5250,6320,4500
"2017-04-07",217300,122500,NA,17000,6930,13350,7080,5220,6330,4460
"2017-04-10",211000,120000,NA,16900,6870,13050,7020,5170,6220,4350
"2017-04-11",214100,120000,NA,16500,6910,13250,6950,5220,6110,4435
"2017-04-12",214000,123500,NA,16400,6880,13200,6920,5310,6530,4385
"2017-04-13",209500,127000,NA,16400,6900,13350,6940,5260,6430,4390
"2017-04-14",213000,126500,NA,16900,6850,12900,6850,5120,6430,4385
"2017-04-17",213000,125500,NA,17400,6940,12850,6920,5200,6650,4315
"2017-04-18",214600,123000,NA,17000,6940,12950,6940,5320,6670,4215
"2017-04-19",209700,122500,NA,17000,7160,13400,6930,5340,6750,4150
"2017-04-20",211800,124000,NA,17000,6990,13300,6970,5450,6790,4040
"2017-04-21",213400,123000,NA,17000,6990,13000,6900,5290,6810,4135
"2017-04-24",217600,121500,NA,17000,6940,12800,6900,5250,6650,4200
"2017-04-25",223500,121000,NA,17000,7080,12950,6900,5350,6710,4220
"2017-04-26",213600,123000,NA,17000,7110,13100,7020,5400,6900,4300
"2017-04-27",207100,123000,NA,17000,7090,13200,7100,5430,6900,4250
"2017-04-28",203500,122000,NA,17000,7130,13300,7040,5370,6900,4185
"2017-05-02",211500,120500,NA,17000,7070,13000,7000,5370,6840,4600
"2017-05-04",217600,122500,NA,17000,7140,12900,7000,5390,6870,4540
"2017-05-08",216300,124500,NA,17000,7230,13400,7030,5370,6930,4450
"2017-05-10",216300,123000,NA,17000,7160,13050,6980,5380,6840,4270
"2017-05-11",216300,132000,NA,16150,7150,13050,7020,5240,6800,4320
"2017-05-12",210000,131500,NA,16000,7250,13300,7030,5320,6700,4260
"2017-05-15",209000,132000,NA,16150,8080,14100,6960,5700,6740,4190
"2017-05-16",207800,128000,NA,16350,8220,14050,6790,5690,6750,4340
"2017-05-17",208000,129500,NA,16450,8090,14050,6750,5770,6720,4245
"2017-05-18",205600,129000,NA,16550,8140,13700,6710,5860,6880,4250
"2017-05-19",207400,131500,NA,16700,8660,13600,6790,5800,6880,4170
"2017-05-22",209900,130000,NA,16500,8450,12500,6770,5810,7150,4225
"2017-05-23",214700,132500,NA,16550,8530,12850,6760,5950,7250,4330
"2017-05-24",212500,129500,NA,16300,8350,13050,6780,5970,7310,4270
"2017-05-25",212400,130500,NA,16450,8690,12900,6720,6000,7050,4250
"2017-05-26",214300,133500,NA,16450,8670,13050,6720,5970,7050,4290
"2017-05-29",211900,133000,NA,16450,8750,13150,6640,5820,7080,4270
"2017-05-30",218300,133500,NA,16350,8900,13350,6630,5820,7240,4260
"2017-05-31",221300,137000,NA,17300,8910,13350,6470,6110,7220,4245
"2017-06-01",219800,138000,NA,18000,8800,13500,6640,6140,7240,4220
"2017-06-02",236600,137000,NA,18050,9150,13600,6640,6160,7240,4140
"2017-06-05",233100,137000,NA,18200,9030,13950,6700,6290,7230,4150
"2017-06-07",239600,138000,NA,18350,9270,13900,6700,6360,7240,4225
"2017-06-08",240000,139500,NA,17900,9680,13700,6670,6360,7370,4255
"2017-06-09",244600,138500,NA,17950,9680,13950,6710,6500,7280,4200
"2017-06-12",245200,134500,NA,17600,9140,13900,6670,6590,7190,4130
"2017-06-13",242000,138000,NA,17850,9140,14150,6680,6680,7250,4140
"2017-06-14",239000,136500,NA,17500,9110,14350,6660,6650,7220,4150
"2017-06-15",242000,134500,NA,17650,9120,13750,6630,6400,7150,4210
"2017-06-16",232000,131000,NA,17400,9360,14100,6650,6340,6980,4150
"2017-06-19",233700,132500,NA,17000,9840,13750,6680,6140,7200,4150
"2017-06-20",224100,129500,NA,17100,9730,13850,6630,6240,7240,4245
"2017-06-21",229500,132000,NA,16950,9580,13450,6600,6230,7240,4230
"2017-06-22",225100,129000,NA,17200,9840,13250,6660,6170,7250,4425
"2017-06-23",221900,129500,NA,16900,9840,13200,6580,6120,7340,4650
"2017-06-26",222200,129000,NA,17250,9750,13350,6520,5930,7290,4615
"2017-06-27",230000,131500,NA,17300,9790,13450,6480,6260,7210,4650
"2017-06-28",231000,132500,NA,16950,9690,13250,6440,5940,7210,4500
"2017-06-29",237800,130000,NA,16950,9700,13150,6470,6010,7210,4990
"2017-06-30",231400,131000,NA,17200,10050,13600,6490,6050,7210,4815
"2017-07-03",231700,133500,NA,16800,10300,13300,6510,6020,7180,4880
"2017-07-04",225100,132000,NA,17100,10600,12850,6600,6140,7180,5040
"2017-07-05",221500,129000,NA,17150,10900,12850,6670,6240,7680,4910
"2017-07-06",224000,128500,NA,16900,11700,13100,6830,6190,7780,4805
"2017-07-07",227200,128500,NA,17050,11300,12750,6790,6010,8110,4945
"2017-07-10",223000,129500,NA,16850,11350,12000,6720,6080,8020,5120
"2017-07-11",222700,133000,NA,16650,11300,12000,6650,6100,8340,5230
"2017-07-12",220000,130000,NA,16700,10850,12150,6730,6000,8400,5580
"2017-07-13",225900,133500,NA,17000,11100,11850,6760,5980,8480,5570
"2017-07-14",228500,135000,NA,16700,11550,11850,6720,5670,8270,5500
"2017-07-17",225100,132000,NA,16850,11450,12000,6720,5610,8170,5470
"2017-07-18",225200,132500,NA,17000,12150,12100,6670,5760,8220,5470
"2017-07-19",229800,133500,NA,16900,12300,12300,6710,6030,8150,5500
"2017-07-20",226800,134500,NA,16800,12100,12900,6680,5820,8000,5710
"2017-07-21",227300,132000,NA,16500,12550,12800,6710,5730,8440,5720
"2017-07-24",232100,133000,NA,16450,12550,12750,6720,5730,8150,5720
"2017-07-25",233900,135000,NA,16400,12300,12700,6690,5830,7430,5450
"2017-07-26",237700,137500,NA,16550,12600,12650,6700,5830,7250,5490
"2017-07-27",239500,139500,NA,16700,13300,12750,6700,5830,6870,5180
"2017-07-28",234800,139000,NA,16900,13100,12900,6660,5770,6600,5280
"2017-07-31",235500,138000,NA,16700,11500,12750,6640,5730,6750,5340
"2017-08-01",232700,137500,NA,16950,12050,12750,6540,5920,6460,5260
"2017-08-02",228800,135500,NA,16850,12450,12750,6530,6120,6470,5230
"2017-08-03",228000,134500,NA,16250,11950,12350,6440,5950,6360,5190
"2017-08-04",231600,140000,NA,16550,12000,12800,6470,6090,6300,5120
"2017-08-07",230500,137500,NA,16300,11250,12650,6520,5990,6420,5090
"2017-08-08",233900,140500,NA,16900,11250,12700,6490,5890,6300,4950
"2017-08-09",230800,144000,NA,17000,10900,11400,6420,5590,6190,4810
"2017-08-10",228600,144000,NA,17000,11150,11250,6260,5600,6150,4885
"2017-08-11",233900,147500,NA,16850,10900,11000,6170,5320,6060,4605
"2017-08-14",231000,140000,NA,16550,9800,11050,6100,5170,6000,4715
"2017-08-16",229200,138000,NA,16650,9700,11350,6000,4980,6120,4835
"2017-08-17",227600,138000,NA,16900,9650,11400,6110,5010,6150,4850
"2017-08-18",222100,137000,NA,16850,9600,11500,6110,5010,6070,4880
"2017-08-21",222700,136500,NA,16850,9540,11350,6090,5150,6030,4760
"2017-08-22",220900,137000,NA,16450,10100,11200,6100,5050,6140,4765
"2017-08-23",220100,137000,NA,16600,10000,11350,6130,4955,6110,4900
"2017-08-24",224900,138500,NA,16500,10000,11450,6140,4970,6090,4880
"2017-08-25",221800,138000,NA,16450,10300,11400,6200,5010,6090,4660
"2017-08-28",221800,136000,NA,16500,10550,11300,6190,4920,6080,4540
"2017-08-29",218000,135500,NA,16450,10450,11350,6170,4865,6500,4540
"2017-08-30",213900,136500,NA,16300,11200,11500,6110,4840,6250,4385
"2017-08-31",220500,137500,NA,16400,11250,11350,6130,4850,6200,4475
"2017-09-01",217400,137500,NA,16350,11050,11450,6130,4760,6210,4530
"2017-09-04",213500,136500,NA,16050,10850,11200,6070,4665,6050,4450
"2017-09-05",213000,136500,NA,16150,10950,10600,6050,4585,6210,4340
"2017-09-06",213000,135500,NA,16100,11600,10650,6050,4615,6220,4375
"2017-09-07",212000,137500,NA,16150,11700,10800,6040,4620,6220,4495
"2017-09-08",211800,140000,NA,16050,11950,10700,6070,4545,6130,4490
"2017-09-11",213800,136000,NA,15550,12150,10750,6060,4450,6010,4485
"2017-09-12",214000,134000,NA,15750,12500,10700,6040,4450,6040,4500
"2017-09-13",210900,130500,NA,15450,12450,10350,6070,4480,6000,4515
"2017-09-14",209200,131000,NA,15150,12550,10400,5990,4480,6030,4715
"2017-09-15",208500,130500,NA,15500,12400,10450,5970,4450,6010,4700
"2017-09-18",203600,126500,NA,15000,12450,10600,5960,4495,6000,4770
"2017-09-19",204700,124500,NA,14600,12200,10550,5880,4455,5950,4865
"2017-09-20",203600,122000,NA,14800,11650,10450,5750,4355,6060,5090
"2017-09-21",204500,122000,NA,14950,11650,10200,5680,4300,5900,5100
"2017-09-22",206900,120500,NA,14900,11500,9880,5350,4275,5700,5100
"2017-09-25",207500,119000,NA,14900,11300,9200,5200,4030,5510,5130
"2017-09-26",208900,122500,NA,15000,11700,9230,5150,4115,5560,5140
"2017-09-27",204500,120500,NA,14350,11650,9240,5310,4140,5500,5150
"2017-09-28",215600,122500,NA,14750,11900,9400,5280,4125,5600,5200
"2017-09-29",217200,121000,NA,15000,11350,9610,5320,4260,5850,4860
"2017-10-10",209100,120500,NA,15200,11050,9290,5370,4165,5690,4990
"2017-10-11",208500,122500,NA,14950,11350,9500,5470,4230,5720,5050
"2017-10-12",205300,123500,NA,15150,11250,9550,5480,4175,5690,5770
"2017-10-13",204000,120000,NA,14600,10850,9500,5450,4070,5610,5640
"2017-10-16",204700,121000,NA,14700,10300,9620,5460,4050,5580,4855
"2017-10-17",202400,121500,NA,14550,10500,9650,5450,4055,5710,4480
"2017-10-18",201100,122000,NA,14500,10500,9550,5310,3985,5710,4230
"2017-10-19",206200,121000,NA,14450,10700,9470,5290,4080,5720,4225
"2017-10-20",209200,121000,NA,15700,10500,9720,5320,4100,5840,4150
"2017-10-23",211500,120000,NA,15100,10450,9600,5300,4185,5730,4170
"2017-10-24",212900,121000,NA,15000,10700,9720,5290,4220,5670,4130
"2017-10-25",216200,124500,NA,15100,10750,9630,5300,4190,5680,4150
"2017-10-26",214400,125000,NA,14700,10500,9510,5240,4130,5660,4000
"2017-10-27",213000,123500,NA,14900,10150,9380,5240,4115,5650,4015
"2017-10-30",214000,123500,NA,14900,10050,9480,5270,4255,5620,4000
"2017-10-31",210200,122000,NA,15050,10200,9570,5280,4185,5560,3900
"2017-11-01",212400,121500,NA,14850,10250,9440,5300,4205,5560,3850
"2017-11-02",206200,118500,NA,15000,10200,9460,5340,4320,5460,3655
"2017-11-03",208000,120000,NA,15000,10150,9480,5340,4300,5470,3680
"2017-11-06",208000,121500,NA,15000,10100,9680,5410,4370,5590,3795
"2017-11-07",212500,122500,NA,15550,10800,9680,5430,4390,5650,3700
"2017-11-08",214300,123000,NA,15500,10650,9680,5530,4320,5620,3950
"2017-11-09",219600,128000,NA,15100,10600,9800,5610,4305,5610,4250
"2017-11-10",219500,125000,NA,14850,10750,9310,5670,4120,5640,4050
"2017-11-13",222200,125500,NA,14900,10800,9320,5620,4195,5770,4045
"2017-11-14",230400,123000,NA,15300,11600,9450,5520,4375,5750,3790
"2017-11-15",237600,127000,NA,15000,11750,9350,5390,4250,5770,3750
"2017-11-16",229500,126000,NA,15050,11750,9310,5280,4205,5770,3800
"2017-11-17",224600,124000,NA,14950,11750,9230,5320,4100,5770,3750
"2017-11-20",230000,123500,NA,15150,12300,9530,5380,4090,5750,3730
"2017-11-21",223200,123500,NA,15500,12400,9710,5350,4020,5660,3750
"2017-11-22",219700,121500,NA,15500,12450,9830,5490,4030,5640,3715
"2017-11-23",223300,122000,NA,15900,12950,10250,5880,4145,5630,3770
"2017-11-24",225100,123000,NA,15650,13150,10150,5890,4075,5750,3850
"2017-11-27",225600,124500,NA,15700,13150,10600,5680,4100,5760,3935
"2017-11-28",220000,123000,NA,16000,12500,10350,5680,4095,5980,4050
"2017-11-29",220900,124500,NA,15500,13100,10400,5620,4065,5900,4130
"2017-11-30",213100,130500,NA,15800,13250,10450,5700,3890,5830,4055
"2017-12-01",217000,130000,NA,15900,13250,10300,5720,4000,5850,3905
"2017-12-04",220500,127500,NA,16100,13300,10200,5690,4035,5870,3770
"2017-12-05",220700,128000,NA,16700,13800,10100,5760,4145,5900,3775
"2017-12-06",216400,127000,NA,16350,13650,9990,5750,4065,5860,3730
"2017-12-07",212000,126000,NA,16000,14050,9710,5650,4010,5840,3730
"2017-12-08",211000,124000,NA,16250,13800,9660,5630,3930,5780,3680
"2017-12-11",216300,124500,NA,16300,13750,9810,5600,3930,5780,3790
"2017-12-12",209300,122000,NA,16300,13900,9680,5590,3870,5720,3920
"2017-12-13",212700,122500,NA,16550,13200,9810,5640,3955,5740,4005
"2017-12-14",213000,118000,NA,16750,13250,9500,5770,3845,5720,4000
"2017-12-15",212800,124000,NA,17350,13300,9200,5910,3960,5670,3980
"2017-12-18",217700,124000,NA,17150,13450,9210,6480,4050,5690,3925
"2017-12-19",215600,123000,NA,16850,13750,9180,6230,3930,5650,3865
"2017-12-20",221000,124000,NA,16550,13000,9070,6230,3895,5560,3985
"2017-12-21",218300,123500,NA,16850,13450,9050,6290,3865,5450,3935
"2017-12-22",228300,123000,NA,16850,13550,9080,6360,3815,5420,3920
"2017-12-26",233000,125500,NA,17100,13000,9180,6200,4020,5430,3790
"2017-12-27",221000,123000,NA,16300,13700,8890,6370,3910,5490,3760
"2017-12-28",216800,120500,NA,16300,13600,9010,6430,3940,5480,3705
"2018-01-02",215800,119000,NA,16050,13700,9030,6680,3930,5580,3720
"2018-01-03",212500,118500,NA,15750,14350,9040,6980,3895,5580,3745
"2018-01-04",204000,114500,NA,15750,14000,9050,6840,3850,5510,3665
"2018-01-05",207300,114500,NA,15650,13950,9260,6790,3820,5540,3460
"2018-01-08",208900,117000,NA,15850,13750,9220,6710,3755,5480,3480
"2018-01-09",205600,118500,NA,15450,13950,9180,6940,3725,5470,3415
"2018-01-10",205800,120500,NA,15900,13600,9280,7420,3720,5530,3390
"2018-01-11",211100,119000,NA,15700,13200,9630,7240,3810,5500,3370
"2018-01-12",210200,118500,NA,15550,13200,9490,7190,3690,5430,3370
"2018-01-15",208000,118500,NA,15100,13550,9530,7270,3565,5470,3285
"2018-01-16",209000,119500,NA,15300,13650,9460,6850,3650,5500,3200
"2018-01-17",222000,122500,NA,15400,14800,9500,6680,3710,5490,3140
"2018-01-18",223500,119500,NA,15350,14450,9420,6840,3730,5450,3135
"2018-01-19",226600,117500,NA,15450,14400,9650,7020,4010,5520,3130
"2018-01-22",228700,118500,NA,15350,14200,10000,6940,4175,5610,3145
"2018-01-23",228300,119500,NA,15350,14250,9850,6910,4280,5640,3345
"2018-01-24",220500,120500,NA,15450,14650,10100,6970,4225,5720,3540
"2018-01-25",217600,118000,NA,16000,14800,10050,6900,4335,5730,3540
"2018-01-26",223500,121500,NA,15950,14600,10300,6860,4285,5750,3590
"2018-01-29",218500,124500,NA,15750,14800,10350,6780,4270,5830,3620
"2018-01-30",217500,121000,NA,15900,15950,10400,6730,4175,5810,3585
"2018-01-31",221000,119500,NA,16150,15650,10150,6690,4235,5750,3590
"2018-02-01",226500,120500,NA,16250,15300,10700,7140,4450,5750,3560
"2018-02-02",227000,118000,NA,15900,14850,10900,7070,4280,5660,3485
"2018-02-05",218500,116000,NA,15500,15350,10250,6750,4070,5550,3535
"2018-02-06",219000,115500,NA,15600,14800,10500,6520,4010,5380,3535
"2018-02-07",227000,113500,NA,15400,14700,10400,6650,4180,5430,3485
"2018-02-08",218400,112500,NA,15250,14850,10550,6840,4450,5410,3490
"2018-02-09",206200,111500,NA,14700,14600,10450,6600,4305,5320,3440
"2018-02-12",210000,108500,NA,14650,14350,10350,6480,4275,5300,3375
"2018-02-13",205400,106500,NA,14500,14000,10200,6400,4120,5300,3395
"2018-02-14",208500,107500,NA,14550,13800,10200,6200,4195,5290,3375
"2018-02-19",215000,108500,NA,14850,14000,10550,6370,4175,5290,3430
"2018-02-20",206600,108500,NA,14500,14450,10400,6180,4050,5440,3435
"2018-02-21",210000,108000,NA,14650,14550,10450,6260,4180,5460,3435
"2018-02-22",210000,107500,NA,14500,14250,10450,6230,4100,5430,3450
"2018-02-23",209700,109000,NA,14850,14600,10550,6260,4145,5410,3475
"2018-02-26",205600,109500,NA,14850,14300,10300,6310,4200,5350,3530
"2018-02-27",205500,108000,NA,14450,14200,10450,6260,4115,5310,3550
"2018-02-28",201900,110000,NA,14150,13900,10300,6130,4130,5270,3660
"2018-03-02",197000,107000,NA,14300,13900,10300,6060,4030,5250,3745
"2018-03-05",192100,106000,NA,14400,13650,10300,5880,3900,5200,3660
"2018-03-06",200200,107000,NA,14200,13650,10150,6050,3925,5200,3635
"2018-03-07",199700,104500,NA,14250,13800,10250,6050,3850,5190,3645
"2018-03-08",196300,106000,NA,14100,13600,10150,6090,4000,5210,3670
"2018-03-09",197800,106000,NA,14100,13300,10150,6100,4075,5180,3620
"2018-03-12",198000,106000,NA,14100,13200,10300,6140,4160,5190,3580
"2018-03-13",195400,105000,NA,14000,13200,10350,6020,4080,5300,3535
"2018-03-14",193500,105000,NA,13750,12750,10250,5950,4070,5350,3630
"2018-03-15",196800,106500,NA,13700,12950,10300,5950,3905,5340,3560
"2018-03-16",196400,106000,NA,14000,13300,10150,5950,3885,5300,3560
"2018-03-19",193800,105000,NA,13900,13650,10000,5910,3785,5370,3475
"2018-03-20",190100,103500,NA,14050,13800,10000,5800,3740,5360,3465
"2018-03-21",189000,104500,NA,14150,13800,9970,5720,3735,5380,3460
"2018-03-22",188500,104000,NA,14000,13700,10050,5730,3710,5350,3500
"2018-03-23",180000,103500,NA,13950,13200,9700,5660,3570,5190,3475
"2018-03-26",191000,103000,NA,14250,13450,9580,5620,3675,5170,3500
"2018-03-27",189500,105000,NA,14250,13650,10050,5800,3680,5250,3470
"2018-03-28",188000,105000,NA,14050,13750,10000,5830,3590,5250,3460
"2018-03-29",187900,104000,NA,13900,14350,10000,5900,3645,5240,3440
"2018-03-30",188500,106500,NA,13850,15450,10000,5910,3620,5270,3405
"2018-04-02",188200,106500,NA,14100,16950,10050,5800,3645,5250,3390
"2018-04-03",187000,107000,NA,14150,16850,9870,5720,3605,5370,3345
"2018-04-04",182800,106000,NA,13900,15700,9570,5740,3480,5200,3230
"2018-04-05",185500,106000,NA,14400,16800,9380,5850,3385,5310,3230
"2018-04-06",182900,106000,NA,14350,16150,9180,5700,3410,5360,3225
"2018-04-09",182500,106000,NA,13800,16550,9270,5770,3410,5330,3320
"2018-04-10",181500,105500,NA,13900,17100,9240,5770,3310,5310,3310
"2018-04-11",180500,105500,NA,13700,16850,9300,5770,3360,5240,3225
"2018-04-12",178800,104500,NA,13800,16950,9450,5900,3350,5320,3160
"2018-04-13",177200,104000,NA,13600,18000,9350,5850,3335,5290,3210
"2018-04-16",177000,103500,NA,13550,17550,9390,5910,3415,5360,3200
"2018-04-17",176800,104500,NA,13650,18050,9220,5930,3415,5350,3165
"2018-04-18",179400,105000,NA,13850,17600,9360,5940,3445,5430,3150
"2018-04-19",180500,105000,NA,13850,17550,9370,5870,3480,5540,3145
"2018-04-20",179800,106000,NA,13900,17300,9390,5960,3515,5680,3125
"2018-04-23",177600,105000,NA,13800,17650,9320,6050,3460,5640,3180
"2018-04-24",176000,105500,NA,13950,17950,9350,6050,3485,5680,3465
"2018-04-25",176800,107000,NA,13900,18000,9410,6030,3425,5620,3640
"2018-04-26",176400,106500,NA,14200,18250,9300,6100,3455,5680,3580
"2018-04-27",176900,106000,NA,14400,17950,9370,6000,3515,5770,3540
"2018-04-30",173900,108500,NA,14000,17950,9070,5840,3515,5870,3540
"2018-05-02",175400,111000,NA,14050,18200,9190,5730,3460,5820,3455
"2018-05-03",175000,110500,NA,14150,16300,9240,5760,3470,5970,3360
"2018-05-04",174700,110000,NA,14050,17300,9130,5770,3475,5970,3340
"2018-05-08",172600,108500,NA,13700,16850,9050,5690,3400,5700,3400
"2018-05-09",176700,108000,NA,13600,17200,8990,5610,3405,5480,3400
"2018-05-10",174900,108500,NA,13700,17000,9180,5640,3280,5620,3365
"2018-05-11",176100,109500,NA,13850,16500,8980,5600,3350,5670,3385
"2018-05-14",176000,110500,NA,13850,17550,8950,5630,3260,5780,3350
"2018-05-15",176300,111500,NA,14200,17700,8970,5640,3285,5770,3300
"2018-05-16",175700,110500,NA,14100,17100,8980,5640,3250,5590,3295
"2018-05-17",175500,110000,NA,14150,17200,8920,5630,3250,5630,3240
"2018-05-18",178400,111000,NA,14150,17650,8820,5770,3265,5600,3230
"2018-05-21",175900,112000,NA,14200,17100,8900,5860,3210,5600,3240
"2018-05-23",175000,110000,NA,13900,17350,8730,5870,3090,5520,3200
"2018-05-24",176200,110000,NA,13850,17150,8640,5830,3015,5510,3200
"2018-05-25",175700,108500,NA,13750,17000,8240,5730,3100,5440,3270
"2018-05-28",173900,107000,NA,13950,17350,8230,5640,3155,5510,3495
"2018-05-29",172400,106500,NA,13950,16900,8130,5690,3110,6000,3510
"2018-05-30",170900,105500,NA,13700,17050,8100,5600,3075,6350,3525
"2018-05-31",169200,106500,NA,13400,18050,7840,5650,2995,6230,3540
"2018-06-01",172800,105500,NA,13600,18400,7890,5660,2970,5980,3585
"2018-06-04",174200,106000,NA,13650,18700,8080,5580,2975,6180,3570
"2018-06-05",176400,107500,NA,13800,18550,8080,5570,3040,5990,3590
"2018-06-07",177900,109000,NA,14050,18600,8260,5640,3130,5730,3700
"2018-06-08",177500,108500,NA,14050,17750,8260,5560,3100,5770,3690
"2018-06-11",180800,110500,NA,13950,18600,8170,5510,3095,5830,3575
"2018-06-12",182500,111500,NA,14050,18150,8180,5510,3105,5650,3650
"2018-06-14",182900,110500,NA,13700,17850,7890,5540,3035,5670,3650
"2018-06-15",181300,109500,NA,14200,17500,7810,5790,3045,5680,3705
"2018-06-18",180100,112500,NA,13650,16950,7630,5800,2925,5460,3730
"2018-06-19",180900,114000,NA,13450,16650,7330,5560,2870,5220,3955
"2018-06-20",184600,112500,NA,13650,16800,7120,5620,2870,5300,5140
"2018-06-21",184600,113000,NA,13300,16600,7030,5560,2860,5160,4900
"2018-06-22",183400,112500,NA,13300,16500,6910,5560,2865,5120,4400
"2018-06-25",182800,112000,NA,13200,16300,6870,5760,2880,5120,4385
"2018-06-26",183000,112000,NA,13200,16100,6750,5710,2875,5120,4650
"2018-06-27",178100,112500,NA,13200,17050,6760,5670,2870,5120,4785
"2018-06-28",177000,111000,NA,13150,16250,6710,5570,2850,5030,4635
"2018-06-29",179900,112500,NA,13200,16150,6910,5550,2825,4995,4440
"2018-07-02",171600,112500,NA,12900,15650,6460,5380,2735,4850,4200
"2018-07-03",173900,112500,NA,13000,15400,6550,5380,2615,4915,4155
"2018-07-04",174900,114500,NA,12800,15950,6360,5340,2640,5020,4300
"2018-07-05",175500,113500,NA,12650,15650,6260,5320,2610,4960,4080
"2018-07-06",188600,114000,NA,13100,15500,6360,5390,2685,5020,3925
"2018-07-09",193000,116500,NA,12950,15350,6350,5420,2655,5080,3950
"2018-07-10",190000,113500,NA,13000,15750,6580,5420,2685,5200,4470
"2018-07-11",186300,112000,NA,13200,15350,6590,5370,2665,5250,4510
"2018-07-12",186600,111500,NA,13100,15600,6590,5280,2655,5360,4510
"2018-07-13",189000,110000,NA,13100,16150,6610,5280,2685,5390,4840
"2018-07-16",184000,111000,NA,13150,16650,6610,5700,2685,5300,4435
"2018-07-17",181200,110000,NA,13050,17200,6600,5600,2685,5360,4475
"2018-07-18",182300,109000,NA,13100,17050,6400,5530,2870,5340,4240
"2018-07-19",180000,109000,NA,12750,16850,6240,5540,2850,5300,4210
"2018-07-20",181100,109500,NA,12850,16750,6240,5540,2865,5320,4155
"2018-07-23",180900,110500,NA,12600,16300,6120,5380,2705,5500,3920
"2018-07-24",193300,112000,NA,12750,16600,6250,5370,2715,5560,3795
"2018-07-25",188900,112000,NA,12350,16500,6550,5370,2650,5480,3635
"2018-07-26",191600,111500,NA,12500,16450,6690,5490,2675,5470,3495
"2018-07-27",190900,110000,NA,12550,16450,6840,5510,2675,5540,3555
"2018-07-30",187700,109000,NA,12700,16200,7030,5570,2675,5550,3675
"2018-07-31",198800,110000,NA,12550,16250,7040,5700,2710,5570,3500
"2018-08-01",199900,111500,NA,12550,16250,7070,5710,2750,5560,3535
"2018-08-02",195500,110000,NA,12200,16250,7080,5660,2680,5610,3435
"2018-08-03",198900,111500,NA,12350,17250,7110,5750,2700,5600,3430
"2018-08-06",197600,113500,NA,12550,16800,7070,5730,2685,5530,3440
"2018-08-07",200700,113000,NA,12600,16950,7250,5620,2675,5550,3450
"2018-08-08",197600,115000,NA,12500,17350,7200,5620,2725,5560,3475
"2018-08-09",197700,117000,NA,12550,17650,7220,5720,2700,5540,3460
"2018-08-10",199100,118000,NA,12550,17300,7260,5700,2665,5430,3470
"2018-08-13",198600,118000,NA,12200,16800,7090,5660,2610,5190,3375
"2018-08-14",201600,116000,NA,12150,16850,7100,5710,2565,5190,3425
"2018-08-16",202400,118500,NA,12000,17500,7080,5590,2520,5140,3395
"2018-08-17",201700,113000,NA,12350,18150,7090,5560,2515,5160,3400
"2018-08-20",196400,113000,NA,12400,18150,7040,5460,2525,5180,3530
"2018-08-21",200000,114500,NA,12400,18100,6950,5460,2550,5180,3625
"2018-08-22",197600,112500,NA,12200,19950,6950,5560,2540,5150,3740
"2018-08-23",200000,112000,NA,12050,19950,7090,5510,2520,5130,3920
"2018-08-24",202200,112500,NA,12300,20550,6960,5500,2495,5170,3870
"2018-08-27",202200,112500,NA,12400,20300,6940,5460,2505,5150,4035
"2018-08-28",204200,114500,NA,12350,20300,6950,5590,2490,5090,4245
"2018-08-29",204800,114000,NA,12350,20150,7040,5600,2500,5150,4290
"2018-08-30",206200,112000,NA,12350,20450,7100,5650,2540,5250,4295
"2018-08-31",207500,113500,NA,12400,21400,7000,5590,2575,5170,4315
"2018-09-03",201500,114000,NA,12500,22100,7010,5620,2595,5190,4255
"2018-09-04",201700,114000,NA,12150,22250,6900,5770,2580,5240,4210
"2018-09-05",197700,112500,NA,12600,21550,6920,5700,2540,5240,4185
"2018-09-06",195300,111500,NA,12650,21650,6680,5740,2520,5190,4165
"2018-09-07",194200,113000,NA,12900,20950,6780,5680,2530,5150,4200
"2018-09-10",195200,111000,NA,12700,21400,6550,5650,2520,5000,4225
"2018-09-11",198700,111500,NA,12800,21000,6630,5700,2545,5120,4210
"2018-09-12",200300,112000,NA,12400,21300,6590,5760,2495,5120,4210
"2018-09-13",203000,113000,NA,12500,21600,6620,5730,2560,5150,3845
"2018-09-14",203500,114000,NA,12700,21750,6600,5790,2615,5190,4030
"2018-09-17",200100,113000,NA,12500,22400,6640,5760,2600,5170,4210
"2018-09-18",203200,114000,NA,12250,22250,6690,5660,2615,5250,4200
"2018-09-19",201200,111500,NA,12050,23000,6800,5660,2575,5350,4170
"2018-09-20",202900,110500,NA,12250,22250,6680,5650,2545,5260,4160
"2018-09-21",199500,110500,NA,12350,22650,6650,5550,2520,5140,4140
"2018-09-27",207300,109500,NA,12750,22150,6660,5470,2535,5130,4070
"2018-09-28",202500,111000,NA,12900,21950,6580,5540,2500,5060,4020
"2018-10-01",201200,110000,NA,12800,22100,6650,5410,2435,5100,3900
"2018-10-02",202400,111000,NA,12800,22100,6740,5400,2320,5100,3985
"2018-10-04",210000,109500,NA,12300,21350,6500,5290,2260,5030,4000
"2018-10-05",207700,110000,NA,12350,21000,6720,5300,2215,4970,4010
"2018-10-08",211900,107000,NA,12350,21000,6770,5330,2170,4945,3895
"2018-10-10",218900,108500,NA,11800,20000,7560,5220,2060,4810,3980
"2018-10-11",219900,105000,NA,10950,19200,6460,5000,1980,4630,3905
"2018-10-12",208700,104000,NA,11700,19750,6390,4865,2025,4635,4005
"2018-10-15",204500,100500,NA,11600,19900,6340,4855,1965,4600,4005
"2018-10-16",206000,98800,NA,11550,20150,6370,4905,1980,4645,4145
"2018-10-17",212500,101000,NA,11950,20000,6520,4975,2020,4695,4250
"2018-10-18",202000,98000,NA,11800,20200,6720,4995,2000,4690,4260
"2018-10-19",203000,102000,NA,12000,19900,6850,4920,2010,4680,4275
"2018-10-22",207500,101000,NA,11800,19600,6880,4950,2210,4700,4290
"2018-10-23",211300,98100,NA,11700,18800,6710,4840,2060,4645,4225
"2018-10-24",210000,101000,NA,11800,18950,7180,4700,2170,4510,4240
"2018-10-25",210000,99800,NA,11550,18600,6910,4490,2165,4495,4080
"2018-10-26",208200,99800,NA,11050,17900,6700,4325,2150,4445,4120
"2018-10-29",207400,101000,NA,10600,17050,6050,4030,2060,4315,4120
"2018-10-30",205900,97500,NA,10950,18000,6180,4030,2110,4080,4040
"2018-10-31",193800,97600,NA,10800,18150,6460,4030,2120,4070,3995
"2018-11-01",193000,98200,NA,10650,18400,6630,4320,2100,4145,4130
"2018-11-02",201800,98000,NA,10800,19000,6650,4805,2135,4225,4285
"2018-11-05",197900,94300,NA,10350,17950,6460,4885,2085,4235,4295
"2018-11-06",191000,96100,NA,10650,17450,6730,5100,2080,4390,4770
"2018-11-07",197000,91500,NA,10350,16950,6550,5220,2075,4385,4520
"2018-11-08",191600,92200,NA,10550,17800,6650,5350,2170,4385,4595
"2018-11-09",192000,92900,NA,11250,17150,7480,5280,2245,4485,4550
"2018-11-12",190900,92200,NA,11250,17350,7670,5080,2315,4420,4380
"2018-11-13",191500,90600,NA,11400,16650,7610,5000,2300,4465,4425
"2018-11-14",192900,90600,NA,11300,16050,7750,5030,2300,4540,4150
"2018-11-15",196500,92300,NA,11650,16000,7610,5050,2290,4580,4120
"2018-11-16",198100,93100,NA,11750,16950,7750,5090,2315,4680,4195
"2018-11-19",199000,94100,NA,11700,17400,8030,5110,2310,4710,4180
"2018-11-20",193000,94000,NA,11700,17200,7880,5080,2280,4670,4350
"2018-11-21",192900,94500,NA,11950,16750,7880,4990,2285,4640,4095
"2018-11-22",193000,95100,NA,12150,16600,7610,4980,2305,4700,3890
"2018-11-23",193800,96200,NA,12400,16600,7620,4890,2260,4735,3915
"2018-11-26",195900,97500,NA,12350,16850,7800,4900,2255,4700,3960
"2018-11-27",197300,96900,NA,12200,17350,8290,4930,2350,4700,4160
"2018-11-28",194200,98600,NA,12650,17300,8110,4910,2375,4730,4200
"2018-11-29",199500,98700,NA,12650,18000,7930,4985,2355,4640,4205
"2018-11-30",195600,99800,NA,12700,17450,7770,4900,2300,4660,4205
"2018-12-03",202900,97700,NA,12700,17400,7800,4950,2370,4670,4130
"2018-12-04",197000,97400,NA,12550,17400,7730,4945,2430,4670,4110
"2018-12-05",198000,99300,NA,12600,17150,7840,4905,2530,4590,4125
"2018-12-06",195500,99400,NA,12550,16550,7610,4860,2470,4515,4100
"2018-12-07",195000,99000,NA,12800,16500,7670,4840,2435,4945,4020
"2018-12-10",195500,98200,NA,12350,16100,7660,4720,2365,4900,4100
"2018-12-11",191700,100000,NA,12450,15650,7450,4645,2325,4500,4010
"2018-12-12",192000,100500,NA,12850,16600,7450,4685,2330,4675,4075
"2018-12-13",191000,99400,NA,12800,16450,7250,4645,2310,4730,4090
"2018-12-14",187500,100000,NA,13300,16000,7340,4565,2630,4700,4120
"2018-12-17",191000,102000,NA,13400,16100,7000,4615,2710,4630,4110
"2018-12-18",188000,102500,NA,12850,15750,6980,4650,2530,4625,4120
"2018-12-19",187800,103500,NA,12850,15700,6960,4850,2640,4650,4110
"2018-12-20",183600,105500,NA,13100,15050,6870,4790,2460,4610,4060
"2018-12-21",183000,102500,NA,12650,15300,6930,4845,2475,4500,4105
"2018-12-24",186600,103500,NA,12600,15150,7170,4890,2460,4510,4025
"2018-12-26",189000,101000,NA,12850,15150,6980,4800,2395,4540,4000
"2018-12-27",179700,98900,NA,13300,15000,6880,4830,2395,4790,4000
"2018-12-28",179600,99000,NA,12800,15300,6920,4820,2350,4800,4030
"2019-01-02",173100,99900,NA,12600,14900,6690,4660,2300,4780,4065
"2019-01-03",173000,98900,NA,12600,14150,6640,4655,2345,4780,4050
"2019-01-04",177300,99200,NA,12600,14450,6820,4615,2380,4805,3995
"2019-01-07",176300,98900,NA,13150,14800,6990,4645,2380,4830,4000
"2019-01-08",177000,99500,NA,13150,15100,6860,4660,2410,4865,4000
"2019-01-09",181100,100000,NA,13150,16100,6950,4780,2510,4980,3935
"2019-01-10",186500,100000,NA,13300,15750,6960,4680,2515,4970,3935
"2019-01-11",191800,99600,NA,13400,15750,7110,4645,2545,4850,3945
"2019-01-14",189100,99500,NA,13300,15500,7100,4635,2645,4910,3900
"2019-01-15",192400,99800,NA,13400,15700,7030,5070,2700,4900,3900
"2019-01-16",195700,100000,NA,13350,16250,7030,5010,2640,4870,4000
"2019-01-17",188200,101000,NA,13400,15950,7030,5030,2605,4880,4075
"2019-01-18",193200,101500,NA,13650,16250,7140,5160,2645,4950,4095
"2019-01-21",191400,100000,NA,13550,16400,7140,5160,2535,4950,4130
"2019-01-22",188600,99900,NA,13350,16400,7270,5150,2540,4925,4120
"2019-01-23",190800,102500,NA,13100,16400,7590,5180,2525,4895,4145
"2019-01-24",187000,102000,NA,13500,16200,7710,5250,2590,4920,4140
"2019-01-25",186600,103500,NA,13400,16500,7950,5350,2575,4970,4140
"2019-01-28",188200,103000,NA,13500,17100,7850,5590,2570,4880,4005
"2019-01-29",191700,103000,NA,13600,17000,7940,5520,2550,4815,4050
"2019-01-30",193400,104500,NA,13300,18150,8010,5720,2545,4860,4080
"2019-01-31",190000,103000,NA,13550,17750,8000,5650,2500,4940,4060
"2019-02-01",187200,104000,NA,13550,17600,7820,5330,2505,4910,4080
"2019-02-07",188000,104000,NA,13550,17450,7820,5320,2450,4930,4090
"2019-02-08",185300,102000,NA,13500,17800,7730,5180,2440,4880,4055
"2019-02-11",183300,101500,NA,13350,17400,7660,5200,2415,4855,4055
"2019-02-12",183300,103000,NA,13200,18000,7850,5090,2400,4910,4090
"2019-02-13",183300,104500,NA,13300,18400,8850,5170,2470,4975,4125
"2019-02-14",186200,106000,NA,13250,18750,8660,5170,2420,4965,4140
"2019-02-15",184000,105000,NA,13200,19650,8750,5080,2455,4975,4145
"2019-02-18",186400,105000,NA,13200,21650,8750,5080,2545,4990,4165
"2019-02-19",184500,104000,NA,13200,21200,8850,5150,2545,4970,4235
"2019-02-20",184700,103500,NA,12750,21700,9130,5170,2545,4945,4270
"2019-02-21",184900,103000,NA,12800,20550,9170,5120,2610,5010,4245
"2019-02-22",183800,103500,NA,13150,20550,9200,5060,2570,5040,4250
"2019-02-25",186400,105500,NA,12700,21000,9350,5060,2555,5000,4250
"2019-02-26",184900,105500,NA,12500,20850,9330,5100,2575,5000,4230
"2019-02-27",184200,107000,NA,12450,21500,9440,5100,2550,4950,4215
"2019-02-28",184000,109000,NA,12350,20800,9200,5030,2480,4810,4210
"2019-03-04",186800,109000,NA,12350,21300,9320,5030,2580,4920,4230
"2019-03-05",188200,110000,NA,12400,22200,9320,5070,2585,4925,4240
"2019-03-06",186500,110500,NA,12200,22050,9520,5030,2575,4950,4280
"2019-03-07",187700,113000,NA,12350,21700,9330,5030,2550,4950,4280
"2019-03-08",184100,109000,NA,12500,21850,9390,4985,2570,4925,4280
"2019-03-11",187100,113500,NA,12000,22050,9300,4925,2460,4870,4265
"2019-03-12",192400,112000,NA,12200,21900,9400,4960,2525,4885,4280
"2019-03-13",187600,111500,NA,12350,21900,9540,4895,2550,4900,4280
"2019-03-14",187500,116500,NA,12450,22750,9840,4960,2565,4895,4280
"2019-03-15",192500,117500,NA,12600,22450,10100,4895,2585,4845,4280
"2019-03-18",188600,116500,NA,12500,22550,10100,4830,2595,4580,4300
"2019-03-19",186500,114500,NA,12450,21850,10000,4860,2560,4580,4300
"2019-03-20",184800,114000,NA,12200,23950,9980,4930,2540,4575,4280
"2019-03-21",181500,111500,NA,12250,23400,9750,4950,2465,4610,4215
"2019-03-22",179600,111500,NA,12150,23050,9600,4855,2460,4550,4275
"2019-03-25",177600,110000,NA,11950,22300,9610,4820,2390,4445,4300
"2019-03-26",179100,110500,NA,12050,23100,9620,4830,2430,4465,4290
"2019-03-27",178400,108500,NA,11950,22600,9630,4835,2415,4430,4280
"2019-03-28",176600,107000,NA,11900,22450,9590,4815,2355,4360,4280
"2019-03-29",178900,109000,NA,11850,22700,9610,4740,2380,4410,4245
"2019-04-01",180400,108000,NA,11950,22550,9640,4700,2390,4460,4280
"2019-04-02",181000,106000,NA,11800,21650,9630,4750,2400,4480,4265
"2019-04-03",180700,107000,NA,11800,22000,9650,4730,2430,4480,4255
"2019-04-04",180200,106500,NA,11650,21800,9680,4750,2390,4505,4270
"2019-04-05",180400,106500,NA,11600,21700,9620,4765,2400,4510,4285
"2019-04-08",177200,106000,NA,11700,22050,9670,4875,2390,4535,4280
"2019-04-09",178000,105000,NA,11650,21900,9620,4960,2380,4515,4230
"2019-04-10",178300,106000,NA,11950,21350,9700,4920,2420,4545,4230
"2019-04-11",176800,105000,NA,12150,22200,9740,4885,2405,4590,4215
"2019-04-12",177600,104500,NA,12200,21550,9720,4930,2440,4545,4080
"2019-04-15",178900,105500,NA,12200,21650,9640,4780,2455,4575,4175
"2019-04-16",178100,106000,NA,12250,21850,9700,4835,2435,4575,4200
"2019-04-17",177700,105500,NA,12150,22800,9690,4865,2430,4555,4200
"2019-04-18",175600,103000,NA,12250,22050,9510,4850,2405,4535,4210
"2019-04-19",176200,103000,NA,13150,21800,9580,4850,2420,4555,4180
"2019-04-22",177000,102500,NA,14150,22250,9580,4900,2425,4555,4200
"2019-04-23",174900,103500,NA,14500,21350,9590,4930,2390,4580,4200
"2019-04-24",174500,101500,NA,14150,21400,9620,4930,2370,4530,4200
"2019-04-25",172800,101000,NA,14300,21750,9640,4910,2325,4525,4195
"2019-04-26",171000,100000,NA,13800,21700,9690,4860,2350,4515,4195
"2019-04-29",171000,101500,NA,14300,22550,9750,4870,2445,4500,4140
"2019-04-30",171200,100000,NA,14300,23100,9740,4835,2480,4515,4200
"2019-05-02",172300,100000,NA,14300,22850,9700,4850,2480,4500,4195
"2019-05-03",171000,98700,NA,13750,23000,9680,4880,2535,4545,4195
"2019-05-07",177000,98500,NA,13650,22800,9640,4790,2535,4490,4185
"2019-05-08",175700,99600,NA,13950,23350,9950,4705,2495,4455,4185
"2019-05-09",174700,97100,NA,13250,22900,10150,4565,2480,4400,4200
"2019-05-10",171100,97400,NA,13550,23600,10500,4610,2500,4390,4235
"2019-05-13",169800,96800,NA,12750,23300,10900,4575,2600,4610,4220
"2019-05-14",167000,96300,NA,12750,23000,10750,4520,2515,4715,4220
"2019-05-15",170500,96600,NA,13000,26200,10750,4540,2685,4900,4210
"2019-05-16",169400,94800,NA,12850,26300,10500,4510,2660,6370,4200
"2019-05-17",168100,94100,NA,12850,28300,10250,4460,2600,6310,4200
"2019-05-20",169000,94200,NA,12350,26800,9980,4305,2575,6070,4195
"2019-05-21",169400,95100,NA,12550,27200,10150,4310,2525,6190,4200
"2019-05-22",167500,93700,NA,12400,27800,10750,4240,2570,5990,4170
"2019-05-23",166800,93200,NA,12250,27350,11100,4225,2580,5740,4160
"2019-05-24",167300,93400,NA,12100,27750,10950,4220,2550,5930,4155
"2019-05-27",170000,93800,NA,12300,26700,10850,4180,2485,6120,4130
"2019-05-28",167800,94100,NA,11750,27150,10700,4245,2440,6130,4100
"2019-05-29",166500,92400,NA,11900,26350,10550,4225,2430,6580,4120
"2019-05-30",166100,92000,NA,12350,26400,10350,4230,2360,6700,4120
"2019-05-31",166000,91400,NA,12700,26400,10400,4320,2325,6500,4050
"2019-06-03",171000,91500,NA,12650,26100,10800,4315,2335,6580,4045
"2019-06-04",169800,91500,NA,12800,26100,10450,4360,2345,6800,4030
"2019-06-05",171300,91700,NA,12550,27350,10350,4375,2335,6730,4005
"2019-06-07",172000,91200,NA,12750,25650,10200,4395,2345,6690,4060
"2019-06-10",173200,91600,NA,12550,25800,10400,4390,2360,6550,4065
"2019-06-11",172800,93100,NA,12850,26150,10200,4510,2360,6530,4050
"2019-06-12",173600,95600,NA,13050,26350,10750,4555,2350,6860,4030
"2019-06-13",169200,97700,NA,13150,29400,10750,4745,2355,6820,3990
"2019-06-14",171000,99100,NA,12850,27750,12150,4710,2435,6890,3960
"2019-06-17",172500,100500,NA,12650,27750,12400,4800,2460,6830,4000
"2019-06-18",174000,101000,NA,12400,27650,12500,4765,2465,6760,4025
"2019-06-19",174300,103500,NA,12350,27000,12500,4790,2455,6770,4000
"2019-06-20",174400,102000,NA,12350,26550,12100,4780,2470,6720,3985
"2019-06-21",172000,104500,NA,12250,26050,11650,4830,2520,6690,4135
"2019-06-24",172000,103000,NA,12200,26400,11600,4885,2490,6400,4130
"2019-06-25",173100,101500,NA,11950,25950,11600,4910,2480,6400,4115
"2019-06-26",172500,103000,NA,12000,25900,11800,4895,2420,6350,4025
"2019-06-27",174500,105500,NA,12100,25850,11650,4840,2420,6360,4020
"2019-06-28",172100,106000,NA,12000,25500,11750,4845,2415,6430,4090
"2019-07-01",174900,106000,NA,12000,24800,11500,4875,2400,6730,4080
"2019-07-02",172300,103500,NA,11850,25000,11500,4875,2400,7060,4700
"2019-07-03",170300,102500,NA,11550,25500,11600,4885,2360,7030,4325
"2019-07-04",170600,102000,NA,11600,24800,11500,4875,2340,7040,4450
"2019-07-05",170400,103500,NA,11400,24150,11800,4825,2315,7010,4270
"2019-07-08",166900,102500,NA,11000,23850,11200,4600,2285,6820,4020
"2019-07-09",165700,101500,NA,10850,23350,11050,4520,2235,7140,4000
"2019-07-10",163700,102500,NA,11000,23550,11100,4590,2240,7070,3950
"2019-07-11",167600,102000,NA,10950,23100,11500,4650,2290,7000,3960
"2019-07-12",168500,103500,NA,11000,23500,11300,4645,2275,7250,3975
"2019-07-15",169300,101000,NA,10800,22950,10950,4600,2270,6850,4005
"2019-07-16",173700,102500,NA,10800,23000,11150,4565,2210,6810,3680
"2019-07-17",169800,101000,NA,10600,22600,11000,4440,2200,6600,4010
"2019-07-18",171800,101000,NA,10600,22550,11150,4400,2200,6600,4000
"2019-07-19",171900,100500,NA,10750,22500,11250,4435,2230,6740,4135
"2019-07-22",172700,98400,NA,10750,22450,11350,4580,2235,6600,4210
"2019-07-23",174000,98600,NA,10750,22800,11650,4595,2205,6420,4175
"2019-07-24",176000,96600,NA,10700,22650,11750,4585,2245,6420,4300
"2019-07-25",171900,95600,NA,10700,22300,11200,4545,2230,6400,4285
"2019-07-26",170500,95200,NA,10500,22200,11750,4525,2180,6300,4285
"2019-07-29",167800,94800,NA,10100,21500,11400,4310,2150,6020,4230
"2019-07-30",170000,93600,NA,10150,21350,12250,4385,2155,6110,4200
"2019-07-31",167300,93300,NA,10350,22050,11750,5700,2195,6390,4200
"2019-08-01",167300,92100,NA,10350,21200,11600,5340,2180,6300,4200
"2019-08-02",164200,90400,NA,9980,21700,11400,5860,2160,6270,4180
"2019-08-05",160700,88800,NA,9580,20850,10850,5550,2040,6230,3990
"2019-08-06",159000,88500,NA,9350,19800,10800,5370,2020,6340,4030
"2019-08-07",166000,87800,NA,9700,20200,11150,5440,2015,6520,4145
"2019-08-08",163500,89000,NA,9910,21300,11200,5440,2085,6460,4110
"2019-08-09",159500,88800,NA,9910,21950,11450,5160,2190,6720,4170
"2019-08-12",162900,88600,NA,10250,21750,11400,5310,2195,6900,4140
"2019-08-13",157900,91700,NA,10150,21600,11250,5660,2180,6900,4160
"2019-08-14",158500,91300,NA,10250,20700,11400,5740,2210,6680,4145
"2019-08-16",154900,94600,NA,9930,20550,10900,5510,2165,6160,4080
"2019-08-19",156800,95900,NA,10050,21550,10900,5350,2125,6680,4080
"2019-08-20",158000,95300,NA,10100,23350,11150,5440,2145,6650,4110
"2019-08-21",163100,95100,NA,10300,22550,11150,5400,2155,6550,4140
"2019-08-22",160900,94800,NA,10400,22700,11100,5560,2135,6370,4120
"2019-08-23",160400,93200,NA,10250,22150,11650,5690,2110,6390,4150
"2019-08-26",154400,92600,NA,9900,21600,11250,5420,2040,6290,4045
"2019-08-27",154200,92400,NA,9600,21600,11400,5600,2050,6290,4035
"2019-08-28",156100,92900,NA,9730,21550,11650,5670,2065,6400,4085
"2019-08-29",157300,93000,NA,10050,21500,11450,5640,2095,6340,4085
"2019-08-30",159500,93100,NA,10100,21200,11450,6150,2120,6530,4080
"2019-09-02",159200,92900,NA,10000,21450,11350,6010,2160,6540,4125
"2019-09-03",157000,94100,NA,9870,20900,11350,6360,2160,6450,4175
"2019-09-04",157800,93600,NA,9870,21750,11450,6280,2170,6350,4190
"2019-09-05",158500,94000,NA,9890,21700,11400,6180,2165,6350,4145
"2019-09-06",157200,93300,NA,9930,21350,11200,6080,2160,6650,4160
"2019-09-09",156000,93000,NA,9930,22350,11050,6070,2175,6620,4245
"2019-09-10",156100,93800,NA,10250,22350,11500,6040,2195,6600,4225
"2019-09-11",157700,97700,NA,10300,22200,11350,5960,2230,6710,4360
"2019-09-16",159300,95100,NA,10450,22000,11150,5860,2255,6670,4470
"2019-09-17",159300,94600,NA,10500,22050,11500,6090,2260,6710,4485
"2019-09-18",158500,94600,NA,10550,22300,11500,5990,2265,6660,4470
"2019-09-19",159500,94900,NA,10250,23050,11250,6120,2275,6580,4605
"2019-09-20",159700,95100,NA,10150,23300,11300,5910,2265,6550,4600
"2019-09-23",160200,94400,NA,10150,23650,11450,5710,2330,6350,4750
"2019-09-24",158300,93900,NA,10200,23500,11250,5770,2355,6400,4770
"2019-09-25",156100,91400,NA,9980,23200,11150,5600,2335,6330,4795
"2019-09-26",158400,91800,NA,9980,23250,10950,5650,2350,6300,4850
"2019-09-27",156600,91900,NA,9860,23300,10550,5560,2325,6240,4850
"2019-09-30",155100,91500,NA,9770,23300,10400,5590,2340,6130,4800
"2019-10-01",156900,91000,NA,9800,23650,10550,5750,2315,6060,4885
"2019-10-02",151600,89100,NA,9710,23150,10650,5800,2285,6040,4880
"2019-10-04",150200,86800,NA,9600,23050,10750,5800,2250,6080,4865
"2019-10-07",147900,86100,NA,9550,23350,10850,6310,2200,6340,4800
"2019-10-08",151900,86600,NA,9530,23500,10550,6170,2225,6380,4910
"2019-10-10",149000,85000,NA,9420,23350,10050,6110,2300,6450,4920
"2019-10-11",148800,84700,NA,9600,24950,10150,6220,2260,6500,4900
"2019-10-14",152000,84800,NA,10000,24450,10100,6190,2270,6490,4920
"2019-10-15",148300,84300,NA,9870,23900,10050,6270,2295,6600,4875
"2019-10-16",149000,85900,NA,10150,25250,10200,6250,2310,6850,4915
"2019-10-17",150700,86300,NA,10200,25100,10400,6120,2275,6690,4905
"2019-10-18",150100,86400,NA,10250,25100,10300,6330,2280,6500,4845
"2019-10-21",150300,86600,NA,10200,24350,10300,6230,2275,6570,4795
"2019-10-22",150700,86600,NA,9950,24250,10500,6220,2290,6570,4835
"2019-10-23",150700,85200,NA,9790,24650,10300,6550,2280,6390,4800
"2019-10-24",150000,85000,NA,9750,24300,10650,6430,2305,6390,4705
"2019-10-25",150100,85500,NA,9730,24500,10500,6420,2305,6290,4720
"2019-10-28",150600,86800,NA,9680,24300,10700,6160,2290,6540,4680
"2019-10-29",149500,86300,NA,9680,24600,10700,6230,2290,6690,4585
"2019-10-30",149800,86300,NA,9700,24500,10700,6240,2340,6580,4455
"2019-10-31",148800,84500,NA,9730,24500,10850,6140,2400,6740,4480
"2019-11-01",150100,84600,NA,9750,24950,10850,6240,2470,6610,4485
"2019-11-04",152100,86100,NA,9760,25600,11200,6290,2490,6650,4525
"2019-11-05",152200,85600,NA,9700,25550,11200,6270,2475,6560,4485
"2019-11-06",152700,87300,NA,9660,26300,11250,6290,2465,6520,4420
"2019-11-07",153000,87700,NA,9690,26200,11100,6500,2480,6690,4490
"2019-11-08",151600,87600,NA,9640,26100,10900,6010,2465,6870,4400
"2019-11-11",152200,86500,NA,9700,26900,11200,5860,2435,6850,4390
"2019-11-12",153800,86900,NA,10100,27250,11350,5900,2430,6880,4380
"2019-11-13",152900,86400,NA,10000,27550,11350,5880,2395,6960,4375
"2019-11-14",151800,86800,NA,10400,26100,11200,5880,2415,6710,4370
"2019-11-15",151400,86600,NA,10750,25300,10950,5810,2400,6550,4380
"2019-11-18",150800,86800,NA,10250,25400,11000,5900,2340,6210,4390
"2019-11-19",150000,85800,NA,10000,24950,10950,5780,2310,6170,4395
"2019-11-20",148600,85300,NA,10000,24150,10650,5750,2305,6250,4395
"2019-11-21",147100,85400,NA,9830,23200,10500,5710,2255,6280,4395
"2019-11-22",149000,84600,NA,9900,23350,10550,5700,2270,6350,4390
"2019-11-25",150700,84700,NA,9870,23400,10550,5750,2275,6360,4390
"2019-11-26",150000,84800,NA,9780,23650,10550,5810,2285,6430,4450
"2019-11-27",151000,84500,NA,9790,23200,10500,5730,2275,6680,4485
"2019-11-28",151600,85100,NA,9890,23000,10000,5750,2260,6850,4430
"2019-11-29",149500,85000,7658,9850,23050,10000,5760,2225,7000,4330
"2019-12-02",150000,85000,6518,9770,22800,9990,5740,2225,7780,4380
"2019-12-03",148200,84500,6284,9790,22900,10000,5720,2225,7830,4140
"2019-12-04",146000,83900,7021,9670,23900,9930,5700,2160,7880,4220
"2019-12-05",145800,83400,6870,9650,23800,10150,5630,2120,7660,4205
"2019-12-06",147800,81000,6652,9590,23600,10200,5630,2125,7930,4195
"2019-12-09",149000,79300,6166,9610,23250,10250,5580,2100,7720,4160
"2019-12-10",148500,80200,6166,9520,23950,10150,5550,2055,7820,4220
"2019-12-11",150100,80200,6150,9650,24300,10150,5540,2055,7780,4130
"2019-12-12",151300,80000,6183,9530,23650,10050,5760,2070,7950,4195
"2019-12-13",154000,79700,6250,9320,23950,10100,5770,2085,7720,4180
"2019-12-16",152500,79800,6552,9220,23950,10200,5740,2090,7500,4180
"2019-12-17",154500,79500,6652,9310,23700,10450,5720,2120,7500,4145
"2019-12-18",152700,79100,6569,9330,24300,10350,5630,2125,7580,4135
"2019-12-19",154000,80600,6435,9340,24300,10550,5410,2110,7540,4280
"2019-12-20",154700,80700,6099,9130,23700,10500,5300,2095,7500,4275
"2019-12-23",155300,81000,5714,9150,23700,10700,5370,2115,7500,4280
"2019-12-24",155300,81000,5764,9150,23650,10650,5400,2105,7490,4280
"2019-12-26",157700,81000,5932,9280,23400,11000,5380,2145,7460,4290
"2019-12-27",151800,80200,5764,9380,24000,10450,5360,2140,7540,4295
"2019-12-30",148600,80500,5681,9450,23850,10400,5400,2170,7460,4385
"2020-01-02",146500,79800,5815,9610,23950,10250,5460,2175,7480,4420
"2020-01-03",145800,80600,6099,9560,24200,10200,5500,2180,7330,4395
"2020-01-06",143000,78300,5865,9290,24150,9810,5510,2140,7180,4290
"2020-01-07",142000,79100,6083,9200,24400,9990,5490,2145,7160,4340
"2020-01-08",139400,76700,5647,9010,24200,9620,5310,2030,6880,4315
"2020-01-09",142500,77600,5898,9120,25350,9730,5280,2080,7190,4365
"2020-01-10",144000,77300,6116,9170,26100,9540,5300,2115,7220,4395
"2020-01-13",146400,77100,6032,9180,25900,9830,5290,2135,7320,4400
"2020-01-14",146500,77200,6049,9260,25450,10050,5320,2145,7190,4420
"2020-01-15",143200,77400,6116,9260,26350,10250,5360,2170,7340,4330
"2020-01-16",144900,76900,6166,9160,26500,10150,5450,2155,7340,4330
"2020-01-17",145200,76700,5932,9160,25600,9960,5600,2155,7280,4330
"2020-01-20",143000,76300,5764,9070,25150,9860,5470,2150,7250,4290
"2020-01-21",142600,76400,5748,9070,24950,9870,5480,2140,7230,4355
"2020-01-22",144500,77000,5647,9110,25050,9780,5380,2130,7130,4335
"2020-01-23",142400,76300,5580,9060,25050,9700,5380,2110,7100,4340
"2020-01-28",137500,75700,5278,8950,24350,9390,5240,2010,6890,4275
"2020-01-29",138000,75900,5329,8950,24800,9470,5290,2000,6850,4235
"2020-01-30",135500,75300,5027,8860,24550,9300,5190,1955,6640,4225
"2020-01-31",130900,75100,5010,8770,24250,9330,5120,2015,6640,4210
"2020-02-03",131600,75400,5010,8780,26150,9380,5050,2000,6610,4200
"2020-02-04",129600,74600,5262,8790,26000,9420,5160,2055,6610,4160
"2020-02-05",131600,75800,5128,8670,26650,9170,5170,2100,6440,4015
"2020-02-06",133000,76800,5111,8660,26700,9410,5250,2105,6540,3995
"2020-02-07",133200,77100,5094,8530,26300,9420,5260,2115,6540,4000
"2020-02-10",134100,77200,5128,8540,25800,9520,5190,2125,6420,4190
"2020-02-11",137400,81700,5111,8600,25400,9570,5210,2130,6360,4190
"2020-02-12",137800,81400,5278,8680,24750,9510,6350,2115,6500,4190
"2020-02-13",137000,81300,5195,8680,25000,9380,8010,2115,6430,4145
"2020-02-14",137400,81300,5345,8560,25100,9550,6740,2115,6290,4200
"2020-02-17",135000,81000,5412,8510,25150,9590,6770,2115,6350,4180
"2020-02-18",134000,80700,5412,8580,25800,9540,6180,2095,6290,4190
"2020-02-19",134900,81000,5597,8400,26100,9330,5960,2070,6200,4180
"2020-02-20",131600,79500,5681,8140,25750,9300,5790,2040,6150,4250
"2020-02-21",128500,76900,5647,7920,24850,9100,5810,2010,5900,4195
"2020-02-24",125000,74700,5697,7500,24750,8800,5840,1875,5690,4175
"2020-02-25",126700,74800,5463,7600,24900,9600,6040,1915,5780,4095
"2020-02-26",126000,75600,5865,7650,24250,9280,5930,1930,5780,4070
"2020-02-27",125000,75500,5429,7530,23150,9230,6200,1895,5600,4070
"2020-02-28",124000,74200,5010,7350,22000,9280,6000,1760,5330,4035
"2020-03-02",126400,74000,5161,7420,23300,9130,5970,1775,5330,4100
"2020-03-03",125200,74100,5211,7550,23400,9050,5750,1800,5220,4090
"2020-03-04",127300,74200,5228,7590,24100,9140,5950,1820,5400,4075
"2020-03-05",125800,75600,5111,7650,24300,9080,5930,1830,5480,4045
"2020-03-06",121500,74600,5077,7510,23850,9410,6200,1810,5330,4040
"2020-03-09",116800,73700,4591,7250,22850,8740,5750,1695,5210,3895
"2020-03-10",117200,72000,4457,7190,22900,8610,5640,1675,4950,3945
"2020-03-11",117000,71400,3971,6890,23350,8330,5350,1665,4805,4010
"2020-03-12",112500,66500,3754,6490,22400,7930,4940,1480,4365,3660
"2020-03-13",105900,68300,3345,5950,21100,7540,4530,1300,3900,3830
"2020-03-16",103000,67400,3217,5800,20850,7250,4240,1300,3865,3985
"2020-03-17",102500,66900,3184,5470,20700,7240,4165,1285,3710,4035
"2020-03-18",99400,60400,2922,4830,19700,6980,3975,1180,3470,4130
"2020-03-19",88600,45250,2225,4800,17800,6330,3525,1005,3050,4120
"2020-03-20",108400,48500,2423,5350,20150,7830,3675,1025,3350,4155
"2020-03-23",96000,45050,2403,4770,19300,7750,3370,942,3290,3935
"2020-03-24",111300,48100,2527,5100,22800,8360,3595,1020,3545,4000
"2020-03-25",113900,51700,2668,5300,24450,8610,3800,1110,3940,3985
"2020-03-26",108000,53900,2725,5270,22600,8850,3870,1175,3835,3960
"2020-03-27",108200,57700,2775,5770,22650,8830,4040,1185,3880,3840
"2020-03-30",106500,57800,2835,5910,22900,9130,4175,1260,4100,3800
"2020-03-31",106000,57700,3348,6130,22900,9050,4540,1310,4150,3830
"2020-04-01",102500,57400,3452,6410,23100,9020,4500,1325,4090,3860
"2020-04-02",109300,58400,3653,7120,25400,9100,4655,1720,4330,3870
"2020-04-03",107200,58100,3619,7470,26450,9080,4720,1725,4440,3850
"2020-04-06",110500,60500,3754,7250,26900,9280,4970,1740,4440,3600
"2020-04-07",110900,60800,4038,7050,26700,9320,4980,1755,4870,3625
"2020-04-08",113000,60100,4022,7040,26050,9550,4960,1730,4890,3600
"2020-04-09",112000,60400,4038,7130,26200,9520,5710,1785,5010,3505
"2020-04-10",111700,61900,3971,7000,25200,9680,5530,1750,4920,3560
"2020-04-13",109500,60700,3686,7170,24600,9570,5270,1685,4925,3530
"2020-04-14",114200,61200,3754,7400,24800,9640,5250,1655,4900,3555
"2020-04-16",112900,60700,3988,7540,25700,9690,5410,1635,4980,3570
"2020-04-17",116300,63900,3955,7730,27700,9900,5680,1675,5260,3590
"2020-04-20",115200,66400,3854,7630,26650,9930,5680,1720,5350,3890
"2020-04-21",116300,67300,3737,7540,26100,9520,5460,1685,5300,3820
"2020-04-22",119000,66900,3938,7530,26150,9690,5460,1690,5290,3845
"2020-04-23",119700,67900,4826,7720,26650,10050,5550,1710,5780,3775
"2020-04-24",118000,66500,4591,7590,27000,10150,5430,1685,5790,3750
"2020-04-27",125400,68100,4893,7740,26800,10200,5790,1720,5790,3745
"2020-04-28",129500,71300,4994,7790,27100,10000,5660,1800,5730,3710
"2020-04-29",127700,72000,4658,7750,26900,10150,5620,1830,5790,3650
"2020-05-04",123200,69600,4658,7670,28050,10100,5540,1910,5640,3620
"2020-05-06",122100,71000,5111,8030,28400,10300,5900,2000,5800,3620
"2020-05-07",122400,70800,5362,8460,29000,10500,5880,1990,5760,3595
"2020-05-08",125000,70700,5262,8610,29550,10900,5950,2015,5760,3635
"2020-05-11",121000,69800,5815,8900,31000,11000,5810,1980,5720,3630
"2020-05-12",121800,66900,5614,8800,31500,10900,5800,1965,5720,3700
"2020-05-13",122500,66700,5597,8880,30900,10650,6090,1975,5640,3700
"2020-05-14",122600,65300,5681,8800,32200,10550,6370,1960,5590,3735
"2020-05-15",123000,65700,5479,8900,30000,10500,5920,1890,5570,3860
"2020-05-18",125800,66500,5312,8830,30000,10500,5780,1850,5480,4005
"2020-05-19",129700,68400,5027,8780,27650,10450,5770,1895,5480,4060
"2020-05-20",128400,69000,5128,8840,28050,10450,5840,1930,5540,4080
"2020-05-21",129000,68900,5329,9310,29000,10350,5760,1955,5460,4125
"2020-05-22",124100,67300,5412,9640,28050,10350,5530,1910,5420,4100
"2020-05-25",124500,67100,5915,11300,28450,10350,5510,1920,5390,4070
"2020-05-26",124500,68000,5949,10650,27550,10700,5730,1900,5470,3920
"2020-05-27",123000,67900,5513,9920,27000,10750,5610,1905,5430,3990
"2020-05-28",121600,67300,5245,9860,26400,10800,5450,1860,5430,3990
"2020-05-29",119300,67000,4926,9550,26400,10700,5540,1845,5440,3990
"2020-06-01",122400,67400,4994,10000,27200,10650,5520,1860,5350,3925
"2020-06-02",121500,68400,5010,10700,26950,10800,5570,1885,5320,3860
"2020-06-03",122600,69400,5027,10050,26700,10550,5520,1885,5330,3850
"2020-06-04",122000,72600,5513,10050,26900,10100,5540,1875,5460,3930
"2020-06-05",122100,72000,5329,9940,26750,10150,5420,1875,5340,4020
"2020-06-08",122500,71800,5195,10000,26400,9980,5370,1870,5370,4090
"2020-06-09",122300,72400,5128,10000,26300,10000,5380,1870,5370,4180
"2020-06-10",121800,72000,5195,10350,26700,9800,5370,1865,5300,4150
"2020-06-11",119700,71600,4994,10250,25950,9400,5210,1855,5250,4075
"2020-06-12",116400,71600,4943,10100,25100,8900,5110,1805,5080,4065
"2020-06-15",108500,66500,4390,9950,25100,8220,4745,1685,4990,4085
"2020-06-16",112600,71000,4692,10700,26900,8400,4955,1750,5200,4090
"2020-06-17",112700,69400,4625,10800,26800,8710,4955,1835,5290,4100
"2020-06-18",115200,67800,4742,10900,29000,8780,4945,1845,5440,4100
"2020-06-19",119000,68400,4709,11050,28950,8640,4965,1835,5390,4160
"2020-06-22",115900,66100,4926,12050,28800,8460,4910,1885,5340,4200
"2020-06-23",116100,66000,4876,12300,29400,8650,4890,1900,5280,4260
"2020-06-24",114000,66900,4876,13250,29250,8410,4970,1935,5270,4270
"2020-06-25",111100,64500,4809,13350,28650,8300,4935,1950,5190,4230
"2020-06-26",113000,65400,4625,13050,29100,8180,4915,2130,5230,4265
"2020-06-29",109800,63800,4424,12550,28150,8240,4780,2455,5170,4235
"2020-06-30",109200,64000,4424,12950,27900,8710,4815,2295,5170,4220
"2020-07-01",110100,64400,4508,13600,28250,8970,4725,2275,5190,4200
"2020-07-02",112300,64500,4541,13550,29750,8850,4735,2325,5270,4170
"2020-07-03",112500,64600,4575,13600,30200,8610,4750,2325,6840,4090
"2020-07-06",112600,64700,4608,13900,29850,8630,4835,2335,6730,4020
"2020-07-07",111300,64200,5061,13600,30500,8590,4800,2295,6700,3985
"2020-07-08",108800,63700,5329,13450,29500,8560,4900,2380,6700,4040
"2020-07-09",109600,62800,5228,13850,30200,8590,4950,2405,6620,3975
"2020-07-10",107700,61700,5295,13350,31100,8580,4900,2335,6390,3955
"2020-07-13",108900,63100,5496,13700,31000,8430,5020,2480,6560,3990
"2020-07-14",107800,64500,5195,13400,30600,8560,5050,2640,6950,4085
"2020-07-15",107400,64500,5262,13550,29700,8470,5040,2625,6880,4085
"2020-07-16",107300,64700,5111,12550,29500,8450,5000,2400,6780,4130
"2020-07-17",107300,65000,5128,12650,29450,8510,5000,2410,7340,4120
"2020-07-20",109000,64600,4977,12550,29050,8400,4965,2315,7640,4080
"2020-07-21",107500,64600,4994,12300,29150,8500,5000,2255,7630,4120
"2020-07-22",107100,63300,5061,12200,29650,8430,4975,2445,7550,4050
"2020-07-23",106500,62400,5144,12150,29450,8360,5010,2350,7380,3950
"2020-07-24",106500,62500,5195,12400,29500,8360,4980,2285,7220,3950
"2020-07-27",106300,62200,5195,12050,29100,8400,4970,2255,7330,4050
"2020-07-28",107700,61600,5161,12300,28950,8380,5040,2210,7330,4100
"2020-07-29",107700,60800,5228,12550,28050,8470,4995,2230,7110,4090
"2020-07-30",107300,60800,5111,12550,27300,8490,4970,2395,7200,4090
"2020-07-31",106000,60600,4994,12600,27400,8500,4960,2565,7110,3940
"2020-08-03",106000,60100,4977,12550,28300,8370,4955,2375,7130,3940
"2020-08-04",108100,61000,5010,13050,29900,8400,5000,2370,7430,3955
"2020-08-05",110700,60800,4926,12650,30100,8340,5190,2400,8080,3950
"2020-08-06",111500,61800,4910,12300,30050,8330,5160,2350,8600,3850
"2020-08-07",109700,62100,5396,12000,29550,8200,5570,2310,8600,3860
"2020-08-10",113100,62500,5429,12450,29300,8150,5540,2255,8950,3825
"2020-08-11",114300,62800,5982,12150,29150,8170,5420,2250,8700,3840
"2020-08-12",114100,62900,6250,12350,28250,8150,5530,2275,8680,3845
"2020-08-13",114000,64300,6368,12050,29350,8260,5720,2310,8620,3725
"2020-08-14",115300,64000,6099,12350,28650,8300,5500,2270,8550,3810
"2020-08-18",111900,61600,6485,12050,28000,8020,5130,2145,7990,3895
"2020-08-19",113600,61700,7239,11500,28800,8030,5130,2150,8450,3925
"2020-08-20",109100,57900,7373,11450,27400,7750,4870,2105,8050,3980
"2020-08-21",111300,58300,6904,11450,28750,7700,4990,2075,8080,4095
"2020-08-24",111800,58800,6200,11400,30950,7690,5070,2085,8050,4095
"2020-08-25",114100,60000,6485,11650,31800,7840,5130,2145,8360,4090
"2020-08-26",112400,58900,6317,12250,31550,7920,5070,2100,8320,4085
"2020-08-27",111900,58300,6401,11800,32300,7760,5000,2065,8160,3890
"2020-08-28",113500,61800,6837,11750,31950,7790,5040,2035,8400,3885
"2020-08-31",117000,65300,7758,11700,31150,7710,5180,2040,9000,3980
"2020-09-01",119300,64900,7825,12250,31400,7730,5230,2145,8870,3995
"2020-09-02",118800,65200,7608,12800,31300,7750,5270,2135,9090,3990
"2020-09-03",120400,65200,7172,14800,31000,7800,5210,2125,9480,3990
"2020-09-04",117900,63400,7205,14300,30400,7670,5120,2080,11000,3900
"2020-09-07",116800,62800,6887,14900,31050,7750,5140,2095,14300,3890
"2020-09-08",118800,65800,6937,15200,30900,7840,5160,2070,13400,3930
"2020-09-09",120600,66900,6736,15500,30850,7860,5210,2090,14200,3900
"2020-09-10",122000,68100,6719,16100,31500,7950,5240,2115,13750,3855
"2020-09-11",129900,72500,7205,16050,31000,8060,5210,2160,13100,3855
"2020-09-14",128400,76000,7624,15150,31000,8160,5320,2275,13100,3805
"2020-09-15",128900,75800,7490,15250,31150,8140,5320,2270,17000,3865
"2020-09-16",133400,74700,7222,15000,31550,8070,5340,2190,16500,3850
"2020-09-17",129400,74300,6937,14700,30400,8040,5240,2145,16800,3840
"2020-09-18",132500,75900,6954,14850,31600,7980,5310,2150,16300,3930
"2020-09-21",133200,74100,6636,14450,31000,8040,5200,2100,15450,4070
"2020-09-22",130800,72400,6334,14000,30600,8050,5030,2055,14800,3810
"2020-09-23",128100,72900,6351,14050,30550,7850,5100,2065,14650,3800
"2020-09-24",126900,70100,6133,13150,29950,7710,5050,1985,15150,3790
"2020-09-25",126300,67900,6133,13100,31250,7650,5120,1990,14150,3775
"2020-09-28",126300,69500,6418,13150,31250,7760,5160,2015,14650,3825
"2020-09-29",128800,71300,6703,13150,30750,8020,5140,2035,15350,3845
"2020-10-05",130600,71500,6770,13400,30650,7960,5130,2040,16200,3795
"2020-10-06",129600,70200,6703,13200,31000,7990,5170,2050,15700,3835
"2020-10-07",129200,70900,6770,13200,30600,8050,5200,2130,15600,3790
"2020-10-08",130000,70900,6736,13000,30550,8070,5190,2120,15200,3830
"2020-10-12",134800,72400,6703,13150,30200,8130,5190,2185,15000,3880
"2020-10-13",134700,73400,6468,12800,30300,8170,5190,2170,14550,3815
"2020-10-14",135000,73500,6384,12550,30100,8180,5140,2130,14700,3810
"2020-10-15",134900,71500,7004,12500,30050,8200,5060,2110,13900,3795
"2020-10-16",132500,72500,7088,11950,29600,7950,5240,2100,13300,3740
"2020-10-19",134200,74200,6803,11900,29500,8170,5150,2120,12950,3815
"2020-10-20",137700,74900,7071,11500,30650,8120,5140,2110,13350,3945
"2020-10-21",141400,75400,7205,12400,30500,8350,5170,2120,13500,3950
"2020-10-22",141700,75300,7289,12000,30500,8830,5110,2090,13150,3980
"2020-10-23",145700,77000,7289,12250,30500,8800,5070,2090,12950,3980
"2020-10-26",140000,72500,6854,11950,29850,8600,5040,2095,13050,3945
"2020-10-27",144400,71900,6736,11750,29800,8480,5030,2110,13000,3880
"2020-10-28",144700,72500,6820,12300,30600,8630,5040,2160,13250,3860
"2020-10-29",146900,73100,7980,12500,30300,8570,5040,2105,13150,3830
"2020-10-30",138700,70700,7720,12250,29650,8510,4985,2130,12800,3930
"2020-11-02",142500,71600,7890,12550,29950,8630,5080,2150,12800,3820
"2020-11-03",140700,71700,7700,12600,30050,8640,5070,2155,13050,3900
"2020-11-04",140400,72000,7500,12600,30350,8630,5090,2165,13250,3900
"2020-11-05",141200,71300,7540,12700,30750,8760,5100,2190,13800,3900
"2020-11-06",142600,71600,7430,13100,30200,8780,5110,2280,13400,3895
"2020-11-09",146100,74000,7840,13750,29900,8750,5180,2235,13550,3895
"2020-11-10",143200,74700,7870,13700,29000,8710,5170,2250,13700,3890
"2020-11-11",144100,74800,8000,13750,29200,8800,5230,2280,15050,3880
"2020-11-12",141900,74200,7910,14600,28900,8810,5200,2310,14950,3885
"2020-11-13",139300,73900,7920,14100,29550,8780,5180,2270,14750,3870
"2020-11-16",140600,74800,8250,14000,30350,8860,5160,2255,14550,3840
"2020-11-17",140200,74800,7910,14000,30400,8860,5130,2245,14250,3660
"2020-11-18",139500,73300,10250,13550,30350,8760,5070,2235,14200,3815
"2020-11-19",138800,72900,11550,13200,30000,8790,5140,2220,14200,4260
"2020-11-20",141900,73700,9250,13500,29700,8810,5290,2245,14650,4130
"2020-11-23",140100,73900,9590,13550,29900,8880,5250,2310,14650,4055
"2020-11-24",140100,74500,9420,13300,29700,8940,5340,2305,14500,3990
"2020-11-25",139500,74100,9260,13200,28750,8970,5430,2285,14250,3850
"2020-11-26",139000,73700,9700,13650,28650,9020,5420,2265,14350,4050
"2020-11-27",138800,73300,9180,13450,29050,9080,5740,2275,14850,3955
"2020-11-30",137000,72800,8730,13050,29250,9080,6170,2260,15900,3935
"2020-12-01",137800,74300,8850,13000,29350,9080,5580,2280,15950,3965
"2020-12-02",137200,75300,8530,12550,29100,9040,5470,2345,17000,4100
"2020-12-03",138400,75700,8260,12300,29100,9060,5420,2450,18300,4000
"2020-12-04",138600,79000,8600,12000,28750,9020,5450,2365,18400,4060
"2020-12-07",139200,76600,8550,12000,28500,8970,5490,2320,17950,4195
"2020-12-08",138600,76600,9030,12000,28800,9020,5380,2345,17400,4130
"2020-12-09",138300,77500,9170,12150,28700,9010,5350,2355,17600,4055
"2020-12-10",139200,78400,9180,12150,29400,8980,5290,2315,17500,4105
"2020-12-11",141500,83000,9230,12050,29900,9690,5430,2355,17950,4125
"2020-12-14",142200,84800,9250,12050,29200,9730,5430,2320,16500,4065
"2020-12-15",140500,84200,9080,11900,29450,9600,5430,2330,15650,4100
"2020-12-16",142200,86600,8600,11800,29400,9520,5410,2325,15800,4125
"2020-12-17",142200,85700,8610,12300,29850,9380,5430,2270,15750,4110
"2020-12-18",142500,82600,8570,12800,30150,9350,5450,2275,16000,4110
"2020-12-21",142400,83800,8390,12950,30150,9500,5430,2230,14900,4080
"2020-12-22",141000,81700,8110,12200,29550,9370,5350,2150,13950,4050
"2020-12-23",141000,81300,8140,11900,29750,9360,5340,2115,14150,3945
"2020-12-24",143500,83600,8130,12400,30500,9400,5500,2170,14600,3995
"2020-12-28",145400,82600,7910,11950,30700,9480,5550,2145,14600,4000
"2020-12-29",139400,81400,7810,12050,30700,8850,5750,2145,14600,3980
"2020-12-30",139000,81500,7780,12100,30750,8740,5750,2150,14750,3980
"2021-01-04",138400,79500,8020,12000,30250,8470,5740,2180,15650,3980
"2021-01-05",138300,80000,7950,12950,29850,8480,5710,2180,15450,3965
"2021-01-06",138600,78700,7950,13300,29850,8480,5690,2280,15300,3965
"2021-01-07",139600,79400,7960,14300,29900,8580,6150,2305,15200,3940
"2021-01-08",140600,80400,8010,13800,29850,8550,6030,2310,14900,3960
"2021-01-11",139500,78700,7700,13050,31800,8160,7510,2305,14250,3900
"2021-01-12",139900,80700,7580,13600,30900,8200,9760,2325,14450,3600
"2021-01-13",140600,81000,7920,13550,30700,8540,9760,3020,14800,3600
"2021-01-14",141900,81100,7810,14100,31200,8490,8440,3190,14850,3600
"2021-01-15",140500,80100,8040,14150,31700,8400,8180,3095,14600,3415
"2021-01-18",139900,78600,7710,13300,31800,8270,7900,3265,14350,3380
"2021-01-19",140000,79900,7850,13500,31150,8270,8060,3210,14300,3595
"2021-01-20",139700,80800,7970,13600,32100,8310,8470,3265,15050,4010
"2021-01-21",139500,84200,8080,13750,32250,8300,8130,3285,14850,3950
"2021-01-22",139400,84300,7970,13300,32250,8360,8300,3595,14750,3965
