"","038540","007330"
"2016-01-25",2926,5450
"2016-01-26",2992,5600
"2016-01-27",3067,5890
"2016-01-28",3092,5900
"2016-01-29",3133,6140
"2016-02-01",3167,6030
"2016-02-02",3158,5950
"2016-02-03",3233,5940
"2016-02-04",3258,6000
"2016-02-05",3191,5650
"2016-02-11",3100,5480
"2016-02-12",3050,5150
"2016-02-15",3009,5280
"2016-02-16",3050,5350
"2016-02-17",3050,5370
"2016-02-18",3058,5180
"2016-02-19",3058,5330
"2016-02-22",3167,5330
"2016-02-23",3175,5290
"2016-02-24",3158,5290
"2016-02-25",3042,5290
"2016-02-26",3042,5270
"2016-02-29",3050,5280
"2016-03-02",3108,6080
"2016-03-03",3125,5620
"2016-03-04",3108,5620
"2016-03-07",3266,5730
"2016-03-08",3191,5690
"2016-03-09",3183,5770
"2016-03-10",3158,5760
"2016-03-11",3324,5760
"2016-03-14",3432,5610
"2016-03-15",3416,5690
"2016-03-16",3399,5730
"2016-03-17",3499,5620
"2016-03-18",3399,5680
"2016-03-21",3308,5900
"2016-03-22",3399,5790
"2016-03-23",3374,5760
"2016-03-24",3300,5780
"2016-03-25",3233,5750
"2016-03-28",3275,5870
"2016-03-29",3482,5830
"2016-03-30",3757,5830
"2016-03-31",3665,5870
"2016-04-01",3823,5760
"2016-04-04",3840,5700
"2016-04-05",3848,5760
"2016-04-06",3823,5830
"2016-04-07",3890,5860
"2016-04-08",3865,5810
"2016-04-11",3831,5810
"2016-04-12",3848,5890
"2016-04-14",3989,5890
"2016-04-15",3989,5870
"2016-04-18",3915,5920
"2016-04-19",3890,5930
"2016-04-20",3973,5830
"2016-04-21",3906,5840
"2016-04-22",3873,5980
"2016-04-25",3723,5910
"2016-04-26",3823,5970
"2016-04-27",3823,5870
"2016-04-28",3823,5850
"2016-04-29",3823,5820
"2016-05-02",3823,5970
"2016-05-03",3823,5820
"2016-05-04",3823,5890
"2016-05-09",3823,5860
"2016-05-10",3823,5760
"2016-05-11",3823,5750
"2016-05-12",3823,5720
"2016-05-13",3823,5860
"2016-05-16",3823,5800
"2016-05-17",3823,5700
"2016-05-18",3823,5700
"2016-05-19",3823,5700
"2016-05-20",3744,5710
"2016-05-23",3798,5720
"2016-05-24",3628,5750
"2016-05-25",3449,5730
"2016-05-26",3424,5660
"2016-05-27",3466,5650
"2016-05-30",3541,5610
"2016-05-31",3491,5700
"2016-06-01",3437,5750
"2016-06-02",3432,5750
"2016-06-03",3595,5750
"2016-06-07",3578,5610
"2016-06-08",3574,5650
"2016-06-09",3644,5500
"2016-06-10",3761,5550
"2016-06-13",3773,5630
"2016-06-14",3782,5620
"2016-06-15",3782,5600
"2016-06-16",3649,5660
"2016-06-17",3644,5500
"2016-06-20",3682,5620
"2016-06-21",3732,5610
"2016-06-22",3740,5450
"2016-06-23",3657,5360
"2016-06-24",3391,5230
"2016-06-27",3408,5300
"2016-06-28",3590,5330
"2016-06-29",3686,5390
"2016-06-30",3802,5350
"2016-07-01",3836,5470
"2016-07-04",4089,5350
"2016-07-05",4085,5250
"2016-07-06",4056,5290
"2016-07-07",4272,5290
"2016-07-08",4297,5320
"2016-07-11",4347,5380
"2016-07-12",4480,5350
"2016-07-13",4463,5300
"2016-07-14",4413,5300
"2016-07-15",4530,5280
"2016-07-18",4530,5210
"2016-07-19",4438,5300
"2016-07-20",4496,5300
"2016-07-21",4480,5290
"2016-07-22",4613,5290
"2016-07-25",4671,5360
"2016-07-26",4571,5420
"2016-07-27",4397,5430
"2016-07-28",4488,5460
"2016-07-29",4480,5460
"2016-08-01",4388,5470
"2016-08-02",4297,5430
"2016-08-03",4264,5430
"2016-08-04",4255,5420
"2016-08-05",4363,5420
"2016-08-08",4330,5420
"2016-08-09",4422,5330
"2016-08-10",4496,5300
"2016-08-11",4530,5410
"2016-08-12",4671,5380
"2016-08-16",4663,5350
"2016-08-17",4737,5370
"2016-08-18",4696,5700
"2016-08-19",4704,5590
"2016-08-22",4779,5720
"2016-08-23",4912,5720
"2016-08-24",5269,5600
"2016-08-25",5568,5670
"2016-08-26",5735,5830
"2016-08-29",6026,5920
"2016-08-30",6300,5940
"2016-08-31",6283,5900
"2016-09-01",6159,5870
"2016-09-02",6183,5810
"2016-09-05",6100,5960
"2016-09-06",6408,6030
"2016-09-07",6416,6060
"2016-09-08",6192,5980
"2016-09-09",6034,5910
"2016-09-12",6067,5930
"2016-09-13",6042,6030
"2016-09-19",5959,6010
"2016-09-20",6092,5800
"2016-09-21",6050,5930
"2016-09-22",6192,5910
"2016-09-23",6067,5900
"2016-09-26",5976,5840
"2016-09-27",5984,5680
"2016-09-28",5893,5740
"2016-09-29",5859,5790
"2016-09-30",5884,5790
"2016-10-04",6208,5760
"2016-10-05",6117,5820
"2016-10-06",6067,5820
"2016-10-07",5801,5880
"2016-10-10",5685,5800
"2016-10-11",5635,5790
"2016-10-12",5801,5760
"2016-10-13",5926,5730
"2016-10-14",5760,5720
"2016-10-17",5751,5580
"2016-10-18",5751,5790
"2016-10-19",5610,5740
"2016-10-20",5544,5800
"2016-10-21",5402,5750
"2016-10-24",5494,5810
"2016-10-25",5103,5800
"2016-10-26",5369,5700
"2016-10-27",5402,5850
"2016-10-28",5369,5800
"2016-10-31",5236,5810
"2016-11-01",5194,5790
"2016-11-02",4862,5650
"2016-11-03",5194,5750
"2016-11-04",5194,5780
"2016-11-07",5111,5780
"2016-11-08",5128,5770
"2016-11-09",4928,5550
"2016-11-10",5111,5610
"2016-11-11",5452,5750
"2016-11-14",5652,5830
"2016-11-15",5402,5740
"2016-11-16",5386,5850
"2016-11-17",5302,5870
"2016-11-18",5311,5850
"2016-11-21",5311,5900
"2016-11-22",5086,6090
"2016-11-23",5078,6120
"2016-11-24",5070,6000
"2016-11-25",5037,6140
"2016-11-28",4937,6000
"2016-11-29",4937,6090
"2016-11-30",4879,6140
"2016-12-01",4696,6150
"2016-12-02",4920,6120
"2016-12-05",4779,6150
"2016-12-06",4754,6160
"2016-12-07",4995,6170
"2016-12-08",5236,6160
"2016-12-09",5336,6150
"2016-12-12",5527,6100
"2016-12-13",5535,6130
"2016-12-14",5469,6140
"2016-12-15",5427,6110
"2016-12-16",5361,6080
"2016-12-19",5286,6080
"2016-12-20",5286,6130
"2016-12-21",5477,6100
"2016-12-22",5527,6100
"2016-12-23",5444,6100
"2016-12-26",5244,6070
"2016-12-27",5136,6110
"2016-12-28",5435,5900
"2016-12-29",5494,5880
"2017-01-02",5843,5880
"2017-01-03",5893,5760
"2017-01-04",5851,5760
"2017-01-05",5951,5760
"2017-01-06",5976,5780
"2017-01-09",5942,5730
"2017-01-10",5793,5760
"2017-01-11",5701,5760
"2017-01-12",5693,5800
"2017-01-13",5685,5780
"2017-01-16",5560,5760
"2017-01-17",5718,5800
"2017-01-18",5868,5760
"2017-01-19",6142,5770
"2017-01-20",6142,5670
"2017-01-23",6125,5710
"2017-01-24",6192,5500
"2017-01-25",6208,5610
"2017-01-26",6242,5570
"2017-01-31",6092,5570
"2017-02-01",6026,5720
"2017-02-02",6217,5700
"2017-02-03",6159,5650
"2017-02-06",6341,5700
"2017-02-07",6358,5660
"2017-02-08",6383,5660
"2017-02-09",6383,5640
"2017-02-10",6557,5700
"2017-02-13",6541,5950
"2017-02-14",6632,5900
"2017-02-15",6599,5790
"2017-02-16",6599,5830
"2017-02-17",6624,5880
"2017-02-20",6616,5920
"2017-02-21",6657,5960
"2017-02-22",6707,5950
"2017-02-23",6724,5930
"2017-02-24",6765,6550
"2017-02-27",6774,6440
"2017-02-28",6774,6540
"2017-03-02",6566,6820
"2017-03-03",6292,7030
"2017-03-06",6350,6870
"2017-03-07",6466,6760
"2017-03-08",6557,6910
"2017-03-09",6557,7150
"2017-03-10",6757,7030
"2017-03-13",6873,7150
"2017-03-14",6882,7060
"2017-03-15",6882,7100
"2017-03-16",6857,7100
"2017-03-17",6815,7100
"2017-03-20",6732,7120
"2017-03-21",6649,7120
"2017-03-22",6541,7080
"2017-03-23",6599,7070
"2017-03-24",6599,7070
"2017-03-27",6483,7040
"2017-03-28",6383,7050
"2017-03-29",6358,6970
"2017-03-30",6283,7010
"2017-03-31",6533,6990
"2017-04-03",6474,6830
"2017-04-04",6358,6900
"2017-04-05",6208,7000
"2017-04-06",6267,7040
"2017-04-07",6242,7080
"2017-04-10",6109,6880
"2017-04-11",6084,6920
"2017-04-12",6109,7040
"2017-04-13",6109,6950
"2017-04-14",6109,7040
"2017-04-17",6109,7080
"2017-04-18",6100,7080
"2017-04-19",6034,7160
"2017-04-20",6075,7150
"2017-04-21",6250,7180
"2017-04-24",6233,7170
"2017-04-25",6183,7150
"2017-04-26",6416,7090
"2017-04-27",6474,7110
"2017-04-28",6292,7120
"2017-05-02",6225,7240
"2017-05-04",6316,7640
"2017-05-08",6192,7750
"2017-05-10",6150,7730
"2017-05-11",6159,7720
"2017-05-12",6233,7870
"2017-05-15",6582,7860
"2017-05-16",6591,7860
"2017-05-17",6632,7900
"2017-05-18",6641,7900
"2017-05-19",6765,8100
"2017-05-22",6790,8000
"2017-05-23",6666,8010
"2017-05-24",6582,8100
"2017-05-25",6524,8050
"2017-05-26",6566,8080
"2017-05-29",6599,7800
"2017-05-30",6616,7900
"2017-05-31",6632,7750
"2017-06-01",6641,7580
"2017-06-02",6641,7780
"2017-06-05",6599,7960
"2017-06-07",7123,8190
"2017-06-08",7671,8200
"2017-06-09",7671,8220
"2017-06-12",8020,8310
"2017-06-13",7995,8210
"2017-06-14",7788,8250
"2017-06-15",7945,8170
"2017-06-16",8220,8220
"2017-06-19",8220,8070
"2017-06-20",7979,8100
"2017-06-21",7829,7980
"2017-06-22",7979,8040
"2017-06-23",7987,8100
"2017-06-26",7704,8110
"2017-06-27",8004,8130
"2017-06-28",7646,8060
"2017-06-29",7862,8120
"2017-06-30",7771,8170
"2017-07-03",7663,8170
"2017-07-04",7721,8050
"2017-07-05",7771,8050
"2017-07-06",7754,8050
"2017-07-07",7646,8040
"2017-07-10",7546,8090
"2017-07-11",7563,8140
"2017-07-12",7389,8100
"2017-07-13",7447,8060
"2017-07-14",7289,8080
"2017-07-17",7414,8030
"2017-07-18",7555,8040
"2017-07-19",7563,8050
"2017-07-20",7829,8140
"2017-07-21",7796,8030
"2017-07-24",7663,8060
"2017-07-25",7613,8070
"2017-07-26",7505,8050
"2017-07-27",7463,8050
"2017-07-28",7738,7990
"2017-07-31",8162,7990
"2017-08-01",8245,8040
"2017-08-02",8477,8060
"2017-08-03",8477,8050
"2017-08-04",8353,8060
"2017-08-07",8236,8030
"2017-08-08",8236,8000
"2017-08-09",8220,7970
"2017-08-10",8095,7920
"2017-08-11",7920,7740
"2017-08-14",7920,7880
"2017-08-16",7954,7890
"2017-08-17",7995,7940
"2017-08-18",7912,7900
"2017-08-21",7804,7820
"2017-08-22",7821,7930
"2017-08-23",8311,7970
"2017-08-24",8270,7980
"2017-08-25",8436,7970
"2017-08-28",8303,7960
"2017-08-29",8087,7960
"2017-08-30",7979,7970
"2017-08-31",8004,7850
"2017-09-01",8162,7830
"2017-09-04",7896,7760
"2017-09-05",7854,7540
"2017-09-06",7854,7490
"2017-09-07",7704,7690
"2017-09-08",7646,7750
"2017-09-11",7638,7750
"2017-09-12",7596,7730
"2017-09-13",7596,7710
"2017-09-14",7605,7730
"2017-09-15",7771,7680
"2017-09-18",7804,7810
"2017-09-19",7729,7750
"2017-09-20",7696,7770
"2017-09-21",7596,7780
"2017-09-22",7630,7650
"2017-09-25",7605,7640
"2017-09-26",7646,7650
"2017-09-27",7729,7720
"2017-09-28",7646,7800
"2017-09-29",7729,7940
"2017-10-10",7729,7870
"2017-10-11",7646,7750
"2017-10-12",7655,7700
"2017-10-13",7463,7690
"2017-10-16",7463,7680
"2017-10-17",7522,7740
"2017-10-18",7538,7750
"2017-10-19",7713,7690
"2017-10-20",7920,7690
"2017-10-23",7920,7700
"2017-10-24",8012,7700
"2017-10-25",8103,7750
"2017-10-26",8228,7740
"2017-10-27",8311,7840
"2017-10-30",8477,7880
"2017-10-31",8311,7870
"2017-11-01",8120,7900
"2017-11-02",8436,7920
"2017-11-03",8394,7940
"2017-11-06",8768,8000
"2017-11-07",8477,7940
"2017-11-08",8353,7890
"2017-11-09",8477,7890
"2017-11-10",8560,7820
"2017-11-13",8685,7650
"2017-11-14",9142,7690
"2017-11-15",9101,7520
"2017-11-16",9599,7410
"2017-11-17",9475,7400
"2017-11-20",9433,7260
"2017-11-21",9308,7250
"2017-11-22",9433,7300
"2017-11-23",9599,7360
"2017-11-24",9516,7350
"2017-11-27",9641,7300
"2017-11-28",9308,7360
"2017-11-29",9558,7450
"2017-11-30",10140,7530
"2017-12-01",9724,7650
"2017-12-04",9308,7840
"2017-12-05",9558,7800
"2017-12-06",9475,7830
"2017-12-07",9142,7700
"2017-12-08",8976,7860
"2017-12-11",9516,7730
"2017-12-12",9350,7730
"2017-12-13",9350,7800
"2017-12-14",9184,7680
"2017-12-15",9599,7740
"2017-12-18",9392,7760
"2017-12-19",9516,7720
"2017-12-20",9142,7740
"2017-12-21",8893,7600
"2017-12-22",9018,7740
"2017-12-26",8934,7730
"2017-12-27",9766,7300
"2017-12-28",10181,7200
"2018-01-02",10680,7100
"2018-01-03",10514,7100
"2018-01-04",10555,7020
"2018-01-05",10597,7030
"2018-01-08",10306,7040
"2018-01-09",10098,6940
"2018-01-10",10472,6990
"2018-01-11",10846,6990
"2018-01-12",10638,6970
"2018-01-15",10929,6960
"2018-01-16",11178,6970
"2018-01-17",12591,7010
"2018-01-18",13215,7050
"2018-01-19",15292,7090
"2018-01-22",15750,7090
"2018-01-23",17578,7160
"2018-01-24",17786,7300
"2018-01-25",18617,7320
"2018-01-26",21152,7350
"2018-01-29",20030,8070
"2018-01-30",20445,7940
"2018-01-31",20196,8000
"2018-02-01",19448,7980
"2018-02-02",20445,7940
"2018-02-05",20071,7840
"2018-02-06",19614,7830
"2018-02-07",18991,7750
"2018-02-08",21734,7910
"2018-02-09",22565,7740
"2018-02-12",24352,7760
"2018-02-13",25474,7890
"2018-02-14",25764,7940
"2018-02-19",26180,7960
"2018-02-20",25307,7800
"2018-02-21",25141,7790
"2018-02-22",26222,7680
"2018-02-23",24393,7730
"2018-02-26",25058,7730
"2018-02-27",25474,7760
"2018-02-28",26346,7780
"2018-03-02",24102,7780
"2018-03-05",22689,7700
"2018-03-06",21983,7730
"2018-03-07",22689,7690
"2018-03-08",21983,7720
"2018-03-09",21692,7720
"2018-03-12",22606,7710
"2018-03-13",22606,7650
"2018-03-14",21027,7660
"2018-03-15",21941,7670
"2018-03-16",21526,7670
"2018-03-19",21027,7670
"2018-03-20",21152,7710
"2018-03-21",21069,7750
"2018-03-22",20570,7800
"2018-03-23",18658,7690
"2018-03-26",19656,7730
"2018-03-27",19822,7700
"2018-03-28",18991,7690
"2018-03-29",19822,7680
"2018-03-30",19490,7710
"2018-04-02",19365,7680
"2018-04-03",19448,7660
"2018-04-04",17536,7600
"2018-04-05",18035,7640
"2018-04-06",18368,7600
"2018-04-09",17827,7690
"2018-04-10",18118,7720
"2018-04-11",18742,7750
"2018-04-12",18617,7760
"2018-04-13",19864,7780
"2018-04-16",20154,7800
"2018-04-17",20321,7800
"2018-04-18",19448,7970
"2018-04-19",19614,7980
"2018-04-20",19573,8000
"2018-04-23",19365,7940
"2018-04-24",18742,7970
"2018-04-25",17536,7950
"2018-04-26",18160,7980
"2018-04-27",18284,7990
"2018-04-30",18118,7950
"2018-05-02",17786,7970
"2018-05-03",17495,8010
"2018-05-04",17495,7920
"2018-05-08",16996,7720
"2018-05-09",17786,7790
"2018-05-10",18035,7860
"2018-05-11",18866,7900
"2018-05-14",19739,7840
"2018-05-15",19157,8180
"2018-05-16",18243,8200
"2018-05-17",18368,8220
"2018-05-18",18825,8330
"2018-05-21",18534,8320
"2018-05-23",18284,8400
"2018-05-24",18534,8250
"2018-05-25",18118,8190
"2018-05-28",17869,8210
"2018-05-29",18077,8180
"2018-05-30",17786,8200
"2018-05-31",18243,8150
"2018-06-01",17827,8190
"2018-06-04",17620,8200
"2018-06-05",17536,8260
"2018-06-07",17329,8300
"2018-06-08",17536,8260
"2018-06-11",17246,8360
"2018-06-12",17079,8400
"2018-06-14",17952,8380
"2018-06-15",17620,8280
"2018-06-18",15957,8280
"2018-06-19",15625,8250
"2018-06-20",15791,8250
"2018-06-21",15750,8180
"2018-06-22",15999,8150
"2018-06-25",16165,8200
"2018-06-26",16207,8230
"2018-06-27",17204,8210
"2018-06-28",16955,8220
"2018-06-29",17620,8220
"2018-07-02",17412,8230
"2018-07-03",17453,7920
"2018-07-04",17412,7880
"2018-07-05",17079,7800
"2018-07-06",17038,7810
"2018-07-09",17204,7570
"2018-07-10",18160,7820
"2018-07-11",17744,7810
"2018-07-12",17453,7850
"2018-07-13",17495,7820
"2018-07-16",17703,7850
"2018-07-17",18118,7830
"2018-07-18",18534,7830
"2018-07-19",18783,7820
"2018-07-20",18658,7900
"2018-07-23",18866,7870
"2018-07-24",19032,7840
"2018-07-25",18783,7860
"2018-07-26",18908,7920
"2018-07-27",19074,7900
"2018-07-30",18700,7880
"2018-07-31",18949,7900
"2018-08-01",19116,7920
"2018-08-02",18783,8010
"2018-08-03",18617,8000
"2018-08-06",18201,7980
"2018-08-07",18118,8030
"2018-08-08",18492,7950
"2018-08-09",18534,8000
"2018-08-10",18326,7940
"2018-08-13",18077,7960
"2018-08-14",18243,7930
"2018-08-16",17786,7950
"2018-08-17",18077,7950
"2018-08-20",18534,7990
"2018-08-21",19947,8010
"2018-08-22",19822,7990
"2018-08-23",20030,7930
"2018-08-24",20113,7990
"2018-08-27",20570,7960
"2018-08-28",20196,8030
"2018-08-29",20196,8080
"2018-08-30",19739,8050
"2018-08-31",20154,8090
"2018-09-03",19573,8050
"2018-09-04",19157,8090
"2018-09-05",18575,8110
"2018-09-06",18534,8200
"2018-09-07",18118,8180
"2018-09-10",17994,8120
"2018-09-11",18035,8130
"2018-09-12",17952,8110
"2018-09-13",18160,8120
"2018-09-14",17869,8140
"2018-09-17",17620,8090
"2018-09-18",17620,8140
"2018-09-19",17453,8140
"2018-09-20",17620,8150
"2018-09-21",17453,8150
"2018-09-27",17453,8150
"2018-09-28",17246,8150
"2018-10-01",16498,8230
"2018-10-02",16622,8230
"2018-10-04",16373,8250
"2018-10-05",16248,8310
"2018-10-08",16539,8320
"2018-10-10",16872,8240
"2018-10-11",16872,7980
"2018-10-12",16872,8010
"2018-10-15",15791,8070
"2018-10-16",15833,7970
"2018-10-17",15833,8010
"2018-10-18",15999,8010
"2018-10-19",16165,8000
"2018-10-22",15874,8010
"2018-10-23",15625,7950
"2018-10-24",15666,7950
"2018-10-25",15542,7720
"2018-10-26",15417,7720
"2018-10-29",15459,7760
"2018-10-30",15209,7810
"2018-10-31",14586,7910
"2018-11-01",13796,7920
"2018-11-02",14170,7950
"2018-11-05",14170,8000
"2018-11-06",14544,8090
"2018-11-07",14461,8020
"2018-11-08",14420,8090
"2018-11-09",14212,8090
"2018-11-12",14170,8160
"2018-11-13",14046,8130
"2018-11-14",14004,8160
"2018-11-15",14212,8290
"2018-11-16",14711,8330
"2018-11-19",14711,8300
"2018-11-20",14212,8350
"2018-11-21",14544,8370
"2018-11-22",14503,8440
"2018-11-23",14087,8400
"2018-11-26",14378,8400
"2018-11-27",14628,8410
"2018-11-28",15791,8440
"2018-11-29",15583,8460
"2018-11-30",15791,8520
"2018-12-03",15874,8420
"2018-12-04",15376,8400
"2018-12-05",14877,8390
"2018-12-06",14129,8250
"2018-12-07",14129,8300
"2018-12-10",13880,8160
"2018-12-11",13880,8230
"2018-12-12",14212,8360
"2018-12-13",14129,8370
"2018-12-14",13963,8250
"2018-12-17",13796,8190
"2018-12-18",13796,8200
"2018-12-19",13755,8170
"2018-12-20",13796,8220
"2018-12-21",13381,8300
"2018-12-24",13381,8340
"2018-12-26",13132,8300
"2018-12-27",13880,7800
"2018-12-28",14835,7800
"2019-01-02",14794,7630
"2019-01-03",14711,7620
"2019-01-04",14170,7580
"2019-01-07",14129,7760
"2019-01-08",13921,7790
"2019-01-09",14544,7850
"2019-01-10",14295,7830
"2019-01-11",14337,7790
"2019-01-14",14212,7790
"2019-01-15",14212,7790
"2019-01-16",14669,7780
"2019-01-17",14295,7750
"2019-01-18",14295,7760
"2019-01-21",13963,7700
"2019-01-22",14544,7740
"2019-01-23",14544,7750
"2019-01-24",14503,7770
"2019-01-25",14960,7760
"2019-01-28",14835,7770
"2019-01-29",14170,7720
"2019-01-30",14378,7730
"2019-01-31",14544,7730
"2019-02-01",15542,7740
"2019-02-07",15625,7740
"2019-02-08",15708,7720
"2019-02-11",16040,7630
"2019-02-12",16331,7650
"2019-02-13",16456,7710
"2019-02-14",16456,7710
"2019-02-15",16082,7700
"2019-02-18",16498,7700
"2019-02-19",16456,7770
"2019-02-20",16456,7790
"2019-02-21",16207,7770
"2019-02-22",16539,7770
"2019-02-25",16788,7760
"2019-02-26",16747,7740
"2019-02-27",17495,7740
"2019-02-28",17412,7690
"2019-03-04",16622,7750
"2019-03-05",16830,7780
"2019-03-06",15957,7790
"2019-03-07",16124,7780
"2019-03-08",16082,7740
"2019-03-11",16456,7720
"2019-03-12",16539,7700
"2019-03-13",16539,7710
"2019-03-14",16705,7720
"2019-03-15",16373,7750
"2019-03-18",16124,7780
"2019-03-19",15916,7910
"2019-03-20",15874,7960
"2019-03-21",15916,7860
"2019-03-22",15708,7900
"2019-03-25",15376,7820
"2019-03-26",15542,7800
"2019-03-27",15459,7860
"2019-03-28",15459,7850
"2019-03-29",15708,7870
"2019-04-01",15916,7870
"2019-04-02",15750,7920
"2019-04-03",15750,7910
"2019-04-04",15708,8110
"2019-04-05",15583,8110
"2019-04-08",15292,8100
"2019-04-09",15500,7980
"2019-04-10",15417,8020
"2019-04-11",15957,7990
"2019-04-12",16040,8080
"2019-04-15",15833,8070
"2019-04-16",15833,8040
"2019-04-17",15833,8090
"2019-04-18",15791,8030
"2019-04-19",16082,8080
"2019-04-22",16082,8070
"2019-04-23",16082,8150
"2019-04-24",16040,8190
"2019-04-25",16082,8160
"2019-04-26",15957,8080
"2019-04-29",15791,8140
"2019-04-30",15999,8120
"2019-05-02",15957,8240
"2019-05-03",17703,8310
"2019-05-07",18284,8390
"2019-05-08",18284,8500
"2019-05-09",18077,8490
"2019-05-10",19032,8470
"2019-05-13",18866,8330
"2019-05-14",18617,8270
"2019-05-15",18077,8230
"2019-05-16",18118,8380
"2019-05-17",18451,8380
"2019-05-20",18742,8350
"2019-05-21",18825,8280
"2019-05-22",18451,8310
"2019-05-23",18451,8320
"2019-05-24",18284,8290
"2019-05-27",18368,8250
"2019-05-28",18700,8290
"2019-05-29",19074,8200
"2019-05-30",19032,8330
"2019-05-31",18866,8290
"2019-06-03",18201,8270
"2019-06-04",18326,8320
"2019-06-05",18160,8350
"2019-06-07",18077,8390
"2019-06-10",17952,8420
"2019-06-11",17661,8430
"2019-06-12",17994,8480
"2019-06-13",17952,8470
"2019-06-14",17620,8780
"2019-06-17",18201,8740
"2019-06-18",18118,8720
"2019-06-19",18118,8840
"2019-06-20",18118,8870
"2019-06-21",17994,8840
"2019-06-24",17661,8950
"2019-06-25",17786,8860
"2019-06-26",18368,8730
"2019-06-27",18201,8730
"2019-06-28",18658,8710
"2019-07-01",18575,8710
"2019-07-02",18783,8690
"2019-07-03",18700,8620
"2019-07-04",18500,8620
"2019-07-05",18400,8630
"2019-07-08",18350,8560
"2019-07-09",18200,8450
"2019-07-10",18350,8450
"2019-07-11",19650,8470
"2019-07-12",19900,8480
"2019-07-15",21000,8480
"2019-07-16",20100,8460
"2019-07-17",19700,8430
"2019-07-18",20000,8350
"2019-07-19",20000,8430
"2019-07-22",20450,8400
"2019-07-23",19800,8400
"2019-07-24",19600,8440
"2019-07-25",19300,8360
"2019-07-26",19050,8310
"2019-07-29",18550,8200
"2019-07-30",18900,8210
"2019-07-31",18900,8270
"2019-08-01",18400,8220
"2019-08-02",17800,8200
"2019-08-05",16650,8070
"2019-08-06",12500,8000
"2019-08-07",10400,7950
"2019-08-08",11800,8090
"2019-08-09",12500,8160
"2019-08-12",12650,8120
"2019-08-13",11950,7980
"2019-08-14",11100,7900
"2019-08-16",11400,7830
"2019-08-19",11400,7850
"2019-08-20",11950,7980
"2019-08-21",11950,7990
"2019-08-22",11600,7970
"2019-08-23",11800,7930
"2019-08-26",11450,7810
"2019-08-27",11400,7940
"2019-08-28",11400,7930
"2019-08-29",11750,7890
"2019-08-30",11700,7960
"2019-09-02",12200,8000
"2019-09-03",12150,8160
"2019-09-04",12750,8150
"2019-09-05",13150,8200
"2019-09-06",12600,8090
"2019-09-09",12200,8130
"2019-09-10",12100,8160
"2019-09-11",12700,8180
"2019-09-16",13100,8210
"2019-09-17",12950,8220
"2019-09-18",12850,8220
"2019-09-19",12700,8250
"2019-09-20",13100,8250
"2019-09-23",13050,8260
"2019-09-24",13350,8230
"2019-09-25",13250,8190
"2019-09-26",12650,8190
"2019-09-27",12950,8150
"2019-09-30",12850,8110
"2019-10-01",12950,8120
"2019-10-02",13200,8000
"2019-10-04",12700,7980
"2019-10-07",12700,8000
"2019-10-08",13100,7990
"2019-10-10",12550,7930
"2019-10-11",11450,7980
"2019-10-14",12050,8060
"2019-10-15",12200,8080
"2019-10-16",12550,8150
"2019-10-17",12300,8160
"2019-10-18",12350,8140
"2019-10-21",12100,8150
"2019-10-22",12350,8150
"2019-10-23",12000,8150
"2019-10-24",12200,8130
"2019-10-25",11850,8140
"2019-10-28",11900,8170
"2019-10-29",11300,8130
"2019-10-30",11450,8120
"2019-10-31",12100,8160
"2019-11-01",11900,8150
"2019-11-04",11700,8170
"2019-11-05",11700,8180
"2019-11-06",11900,8200
"2019-11-07",12250,8220
"2019-11-08",12100,8290
"2019-11-11",12300,8250
"2019-11-12",10150,8200
"2019-11-13",10450,8240
"2019-11-14",10750,8100
"2019-11-15",10700,8100
"2019-11-18",10750,8080
"2019-11-19",10450,8070
"2019-11-20",10450,8080
"2019-11-21",7840,8030
"2019-11-22",8030,8040
"2019-11-25",8380,8120
"2019-11-26",8530,8120
"2019-11-27",8370,8110
"2019-11-28",8380,8130
"2019-11-29",8200,8130
"2019-12-02",8460,8100
"2019-12-03",8300,8050
"2019-12-04",8390,8050
"2019-12-05",8130,8030
"2019-12-06",8160,8070
"2019-12-09",8160,8080
"2019-12-10",7910,8100
"2019-12-11",8110,8080
"2019-12-12",8100,8110
"2019-12-13",8550,8060
"2019-12-16",8450,8130
"2019-12-17",8390,8140
"2019-12-18",9330,8250
"2019-12-19",8900,8200
"2019-12-20",8990,8190
"2019-12-23",8590,8150
"2019-12-24",8180,8190
"2019-12-26",8460,8180
"2019-12-27",8710,7830
"2019-12-30",8670,7830
"2020-01-02",8500,7720
"2020-01-03",8550,7800
"2020-01-06",8270,7730
"2020-01-07",8360,7720
"2020-01-08",8000,7580
"2020-01-09",8500,7520
"2020-01-10",8330,7570
"2020-01-13",8150,7580
"2020-01-14",8630,7570
"2020-01-15",8620,7620
"2020-01-16",8550,7620
"2020-01-17",9060,7600
"2020-01-20",9330,7600
"2020-01-21",9240,7610
"2020-01-22",9000,7590
"2020-01-23",8790,7600
"2020-01-28",8310,7410
"2020-01-29",8410,7560
"2020-01-30",8290,7570
"2020-01-31",8050,7550
"2020-02-03",8060,7500
"2020-02-04",8280,7520
"2020-02-05",8300,7530
"2020-02-06",8530,7580
"2020-02-07",8530,7670
"2020-02-10",8460,7670
"2020-02-11",8840,7690
"2020-02-12",8800,7700
"2020-02-13",8770,7680
"2020-02-14",8770,7680
"2020-02-17",8580,7660
"2020-02-18",8420,7630
"2020-02-19",8500,7650
"2020-02-20",8290,7640
"2020-02-21",8200,7530
"2020-02-24",7970,7420
"2020-02-25",8250,7410
"2020-02-26",8130,7330
"2020-02-27",7990,7280
"2020-02-28",7750,7150
"2020-03-02",7780,7190
"2020-03-03",7760,7240
"2020-03-04",7870,7400
"2020-03-05",7900,7400
"2020-03-06",7690,7400
"2020-03-09",7350,7240
"2020-03-10",7380,7220
"2020-03-11",7020,7150
"2020-03-12",6470,6920
"2020-03-13",6000,6650
"2020-03-16",5830,6790
"2020-03-17",5940,6720
"2020-03-18",5460,6650
"2020-03-19",4750,5960
"2020-03-20",5560,6290
"2020-03-23",5120,6140
"2020-03-24",5300,6330
"2020-03-25",5460,6450
"2020-03-26",5620,6510
"2020-03-27",5640,6750
"2020-03-30",5840,6800
"2020-03-31",6100,6940
"2020-04-01",6130,6990
"2020-04-02",6220,7000
"2020-04-03",6070,7080
"2020-04-06",6200,7120
"2020-04-07",6290,7230
"2020-04-08",6480,7200
"2020-04-09",6850,7200
"2020-04-10",6780,7200
"2020-04-13",6840,7140
"2020-04-14",7020,7170
"2020-04-16",7240,7130
"2020-04-17",8030,7200
"2020-04-20",8230,7170
"2020-04-21",8050,7180
"2020-04-22",7860,7100
"2020-04-23",7800,7130
"2020-04-24",7520,7150
"2020-04-27",7670,7380
"2020-04-28",7770,7390
"2020-04-29",7830,7570
"2020-05-04",7830,7530
"2020-05-06",7980,7530
"2020-05-07",8120,7640
"2020-05-08",8070,7660
"2020-05-11",7870,7620
"2020-05-12",7700,7650
"2020-05-13",7750,7560
"2020-05-14",7500,7470
"2020-05-15",7740,7470
"2020-05-18",7550,7470
"2020-05-19",7600,7540
"2020-05-20",7730,7690
"2020-05-21",8320,7790
"2020-05-22",7730,7770
"2020-05-25",7750,7760
"2020-05-26",8040,7770
"2020-05-27",8020,7760
"2020-05-28",7910,7750
"2020-05-29",7630,7760
"2020-06-01",7710,7860
"2020-06-02",7810,7980
"2020-06-03",8100,7880
"2020-06-04",7880,7850
"2020-06-05",8010,7850
"2020-06-08",8100,7870
"2020-06-09",8380,7850
"2020-06-10",8170,7800
"2020-06-11",7920,7760
"2020-06-12",7650,7630
"2020-06-15",6990,7520
"2020-06-16",7400,7620
"2020-06-17",7380,7600
"2020-06-18",7360,7670
"2020-06-19",7770,7830
"2020-06-22",7180,7830
"2020-06-23",6560,7830
"2020-06-24",6550,7800
"2020-06-25",6190,7770
"2020-06-26",6280,7770
"2020-06-29",6110,7740
"2020-06-30",6140,7730
"2020-07-01",6050,7670
"2020-07-02",5900,7700
"2020-07-03",5850,7710
"2020-07-06",6060,7740
"2020-07-07",6040,7780
"2020-07-08",6300,7750
"2020-07-09",6760,7780
"2020-07-10",6430,7810
"2020-07-13",6470,7800
"2020-07-14",6330,7800
"2020-07-15",6340,7840
"2020-07-16",6230,7860
"2020-07-17",6230,7840
"2020-07-20",6150,7880
"2020-07-21",6310,7880
"2020-07-22",6430,7860
"2020-07-23",6250,7770
"2020-07-24",6100,7830
"2020-07-27",6030,7840
"2020-07-28",6020,7900
"2020-07-29",5930,7940
"2020-07-30",5840,8020
"2020-07-31",5610,7970
"2020-08-03",5400,7990
"2020-08-04",5870,7920
"2020-08-05",5850,7910
"2020-08-06",5980,7980
"2020-08-07",5900,8030
"2020-08-10",5740,8100
"2020-08-11",6380,8100
"2020-08-12",6400,8040
"2020-08-13",6280,8000
"2020-08-14",6210,8000
"2020-08-18",6040,7900
"2020-08-19",6300,7980
"2020-08-20",5950,7890
"2020-08-21",6000,7920
"2020-08-24",6120,7900
"2020-08-25",6280,7950
"2020-08-26",6180,7960
"2020-08-27",5940,7920
"2020-08-28",6120,7910
"2020-08-31",5990,7940
"2020-09-01",6050,7950
"2020-09-02",6000,8000
"2020-09-03",6130,8000
"2020-09-04",5950,8000
"2020-09-07",5960,7970
"2020-09-08",5960,8050
"2020-09-09",5850,8000
"2020-09-10",5950,8030
"2020-09-11",5890,8060
"2020-09-14",5860,8060
"2020-09-15",5810,8090
"2020-09-16",5780,8040
"2020-09-17",5800,8050
"2020-09-18",5840,8060
"2020-09-21",5830,8050
"2020-09-22",5650,8040
"2020-09-23",5620,8030
"2020-09-24",5300,8000
"2020-09-25",5450,7950
"2020-09-28",5580,8000
"2020-09-29",5610,7990
"2020-10-05",5790,8010
"2020-10-06",5790,8040
"2020-10-07",5770,8040
"2020-10-08",5730,8040
"2020-10-12",5750,8040
"2020-10-13",5720,8020
"2020-10-14",5610,8000
"2020-10-15",5730,8000
"2020-10-16",5690,8120
"2020-10-19",5770,8070
"2020-10-20",5750,8110
"2020-10-21",5880,8200
"2020-10-22",5990,8250
"2020-10-23",5980,8270
"2020-10-26",5800,8230
"2020-10-27",5730,8220
"2020-10-28",5820,8250
"2020-10-29",5950,8250
"2020-10-30",5830,8180
"2020-11-02",5960,8250
"2020-11-03",6010,8410
"2020-11-04",6010,8410
"2020-11-05",6250,8450
"2020-11-06",6070,8410
"2020-11-09",6170,8460
"2020-11-10",6490,8520
"2020-11-11",6480,8590
"2020-11-12",6460,8510
"2020-11-13",6570,8390
"2020-11-16",6750,8420
"2020-11-17",6410,8530
"2020-11-18",6450,8580
"2020-11-19",6540,8540
"2020-11-20",6560,8670
"2020-11-23",6530,8700
"2020-11-24",6770,8790
"2020-11-25",6590,8790
"2020-11-26",6730,8950
"2020-11-27",6770,8860
"2020-11-30",6470,8990
"2020-12-01",6550,8940
"2020-12-02",6530,8950
"2020-12-03",6380,8860
"2020-12-04",6450,8820
"2020-12-07",6480,8780
"2020-12-08",6320,8750
"2020-12-09",6400,8730
"2020-12-10",6440,8730
"2020-12-11",6440,8740
"2020-12-14",6630,8760
"2020-12-15",6660,8810
"2020-12-16",6620,8830
"2020-12-17",6620,8840
"2020-12-18",6590,8920
"2020-12-21",6630,8910
"2020-12-22",6360,8900
"2020-12-23",6350,8910
"2020-12-24",6460,8960
"2020-12-28",6560,9080
"2020-12-29",6390,8420
"2020-12-30",6420,8280
"2021-01-04",6390,8180
"2021-01-05",6370,8370
"2021-01-06",6740,8250
"2021-01-07",6800,8280
"2021-01-08",6890,8170
"2021-01-11",6910,8070
"2021-01-12",6870,8040
"2021-01-13",7090,8110
"2021-01-14",7140,8080
"2021-01-15",6850,8110
"2021-01-18",6810,8010
"2021-01-19",6920,8100
"2021-01-20",7190,8090
"2021-01-21",7100,8080
"2021-01-22",7080,8050
