"","000080","005300","007390","000140","023900","018120","033920","004650","000890","043650","023150","189980"
"2016-01-25",28150,216119,5500,15100,6527,32567,32750,25700,1910,8292,7640,6344
"2016-01-26",27650,218120,5347,14950,6527,31913,31250,25700,1870,7987,7620,6404
"2016-01-27",27950,216219,4956,14950,6527,31913,31100,26150,1955,7942,7430,6654
"2016-01-28",29450,214519,5232,15600,6767,31510,31750,26050,1925,8224,7730,6664
"2016-01-29",29750,218020,5070,15850,6733,31309,30450,25850,1950,8337,7770,6644
"2016-02-01",30650,220420,5013,16200,6653,31007,30800,25000,1935,8224,7650,6234
"2016-02-02",30750,222020,4870,16100,6593,31913,32600,25150,2035,8303,7720,6284
"2016-02-03",30900,222720,4812,16000,6493,31409,32800,24550,2030,8156,7700,6144
"2016-02-04",29950,210019,5022,16000,6640,32315,32400,25100,1945,8055,7730,6134
"2016-02-05",30750,212019,5108,15700,6607,32215,31550,24300,1870,7931,7800,6074
"2016-02-11",31050,209519,5061,15500,6360,31158,30550,21450,1740,7244,7540,6004
"2016-02-12",30600,199518,4793,15300,6087,30604,28050,20300,1625,6816,6980,5543
"2016-02-15",31000,198318,4860,15850,6053,31007,28200,21000,1715,6883,6980,5913
"2016-02-16",31300,201018,5748,15850,6187,31007,28050,21800,1750,7018,6840,6174
"2016-02-17",30600,196118,5366,16100,6073,31107,28300,21150,1715,6906,6860,6134
"2016-02-18",31000,195118,5443,16550,6180,31460,30600,21500,1735,7007,6920,6144
"2016-02-19",30200,201018,5471,16100,6100,31560,30500,21450,1730,7097,7050,6144
"2016-02-22",30600,199918,5528,16250,6140,31812,30500,21150,1765,7007,7110,6004
"2016-02-23",30350,201618,5586,16450,6153,31560,31000,21150,1725,6940,7500,5803
"2016-02-24",29350,203318,5509,17000,6240,31560,31500,21100,1725,6973,8190,5523
"2016-02-25",30350,205018,5538,17250,6267,31409,32900,21150,1720,6985,8370,5463
"2016-02-26",30400,205919,5595,17250,6267,31963,33300,20750,1730,6985,8370,5283
"2016-02-29",29450,207519,5576,17100,6307,32114,34450,20300,1720,6985,8210,5353
"2016-03-02",29000,206219,5576,16900,6400,32013,33900,21750,1730,7041,8380,5333
"2016-03-03",28950,207819,5404,17000,6453,32315,34600,22250,1755,7210,8380,5533
"2016-03-04",28350,208219,5462,16550,6440,32164,33700,23400,1745,7187,8260,5503
"2016-03-07",29200,205218,5443,17050,6527,32215,33850,23400,1855,7379,8090,5473
"2016-03-08",29350,209519,5586,16600,6480,32315,32900,25050,1820,7616,8200,5353
"2016-03-09",29850,214219,5576,16650,6593,32567,33350,26450,1845,7525,8080,5383
"2016-03-10",29650,209919,5910,16250,6553,33171,34800,26300,1805,7627,8100,5423
"2016-03-11",29100,209519,5949,16250,6580,33423,33600,25200,1800,7559,8060,5503
"2016-03-14",29250,209219,5958,16450,6593,33221,33050,25450,1775,7503,8480,5463
"2016-03-15",31300,210319,5901,16900,6580,33070,34500,25250,1765,7604,8330,5353
"2016-03-16",30650,205318,5824,16250,6607,33070,35150,25000,1790,7480,8200,5453
"2016-03-17",31250,207119,5977,16150,6540,33221,36400,24350,1805,7559,8050,5773
"2016-03-18",31400,204618,5824,16850,6507,33221,35500,24750,1810,7661,7970,5673
"2016-03-21",31050,200618,5624,16400,6800,33221,35800,24300,1780,7537,8030,5663
"2016-03-22",31500,197518,5662,16650,6733,33221,35000,23850,1795,7706,7930,5663
"2016-03-23",31400,198218,5519,16550,6833,33171,34800,23500,1755,7762,7870,5713
"2016-03-24",30250,195418,5519,15800,6833,33121,34750,25000,1720,7807,7890,5663
"2016-03-25",30400,194518,4965,16050,6867,33121,35000,24800,1720,8055,7870,5603
"2016-03-28",30500,190717,5137,15850,6767,32970,34950,24000,1730,7987,7790,5443
"2016-03-29",30500,185117,5223,16050,6767,32919,35650,23550,1720,8190,7790,5403
"2016-03-30",29500,182716,5280,15800,6933,32567,35350,23800,1745,8145,7810,5463
"2016-03-31",28900,181916,5204,15300,6900,32768,36050,23650,1760,8021,7700,5353
"2016-04-01",26950,181416,5242,15150,6967,33523,35850,23650,1735,8010,7640,5313
"2016-04-04",27350,186517,5185,15850,7133,33977,35500,23000,1730,8314,7760,5363
"2016-04-05",27500,189017,5528,15600,7133,34430,35400,24000,1795,8337,7690,5243
"2016-04-06",27800,191417,5423,15750,7100,34379,34800,23900,1795,8224,7660,5253
"2016-04-07",27150,195318,5318,15600,7333,34631,33950,23450,1745,8449,7630,5153
"2016-04-08",27800,196518,5347,15300,7333,34480,33700,23450,1755,8280,7670,5013
"2016-04-11",27550,191717,5338,15250,7300,34430,33700,23200,1765,8156,7800,5083
"2016-04-12",26650,189617,5538,14850,7300,34581,32700,23000,1745,8190,7800,4993
"2016-04-14",26500,187117,5376,14950,7267,34581,33600,23350,1720,8201,7690,4803
"2016-04-15",27300,187817,5433,15200,7300,34681,33400,23350,1730,8111,7760,4863
"2016-04-18",26850,191117,5548,14900,7300,34530,34050,23150,1725,7987,7780,4913
"2016-04-19",26950,193017,5490,15050,7333,34430,33700,23200,1770,8111,7900,5063
"2016-04-20",27300,196818,5462,15500,7333,34178,33100,24050,1755,8201,7950,5043
"2016-04-21",27100,202918,5443,15700,7367,33926,32850,22650,1750,8201,8220,4963
"2016-04-22",27050,207019,5414,15850,7400,34530,32550,22250,1770,8123,8270,5163
"2016-04-25",27700,206019,5318,15550,7433,34430,31950,21150,1760,7976,8210,5373
"2016-04-26",28600,203818,5347,15500,7433,34228,32100,21450,1740,7931,8140,5433
"2016-04-27",28100,202018,5299,15500,7367,34228,32750,21300,1740,7785,8150,5293
"2016-04-28",27900,199018,5232,15750,7100,33826,32900,21300,1725,7807,8170,5333
"2016-04-29",27950,197018,5194,15500,7233,33926,32100,21100,1690,7717,8190,5223
"2016-05-02",27600,198418,5061,15250,7200,33674,32200,20650,1645,7751,8000,5143
"2016-05-03",27000,203718,5223,15300,7067,34128,31950,21150,1645,7739,7970,5683
"2016-05-04",26100,203018,5137,15000,7167,34077,31600,21500,1660,7728,7970,5653
"2016-05-09",27350,202018,6206,15050,7067,34279,32400,21900,1620,7503,7900,5663
"2016-05-10",27300,203718,5891,15100,7067,34329,33200,21950,1630,7559,8020,5843
"2016-05-11",27050,200818,5996,14950,7100,34379,33050,21900,1640,7582,8420,5843
"2016-05-12",27400,200918,5987,15150,7100,34329,32000,21350,1630,7762,8540,5763
"2016-05-13",26900,201818,5767,15200,7167,34279,32050,20850,1620,7818,8200,5713
"2016-05-16",26550,199218,5586,14900,7200,34329,31950,20800,1605,7886,8120,5543
"2016-05-17",26500,203618,5739,14600,7267,34379,30750,20750,1560,7999,8000,5573
"2016-05-18",25750,201518,5490,14100,7167,34128,30150,20750,1580,7773,7840,5313
"2016-05-19",25750,197118,5548,14100,7067,33725,29950,20900,1515,7728,7670,4983
"2016-05-20",25150,198018,5662,14350,7167,33977,29250,22000,1550,7706,7660,5113
"2016-05-23",26000,194718,5882,14300,7167,33826,29150,22500,1605,7683,7710,4993
"2016-05-24",25600,190817,5958,14100,7133,33826,28700,23950,1570,7480,7590,4853
"2016-05-25",25300,192117,5614,13950,7233,33876,30350,23500,1570,7548,7690,4843
"2016-05-26",24750,192917,5729,13900,7100,33674,29650,23700,1550,8145,7710,4733
"2016-05-27",25250,192017,5624,13800,7100,33826,29950,23250,1550,8314,7750,4853
"2016-05-30",25000,193717,5443,14100,7133,33977,30000,22700,1565,8021,7700,4833
"2016-05-31",25100,194217,5528,14200,7167,33926,29800,22900,1620,8021,7690,4763
"2016-06-01",25150,191117,5729,14100,7233,34077,29850,23050,1610,8190,7730,4913
"2016-06-02",24700,187017,5681,14000,7233,33876,29850,22700,1590,8077,7730,4873
"2016-06-03",24350,185217,5729,14050,7233,33674,29700,22550,1565,8089,7790,4833
"2016-06-07",24600,187717,5996,14250,7367,33574,29700,22450,1580,8156,7800,4843
"2016-06-08",24550,189617,6044,14650,7233,33574,29300,22500,1570,8077,7820,4923
"2016-06-09",25150,191617,6082,15200,7233,33473,28850,21950,1550,8337,7900,4963
"2016-06-10",25300,189017,6197,14750,7200,33725,29050,21900,1565,8246,7910,5023
"2016-06-13",24750,185617,5920,14350,7200,33624,28100,20850,1540,7841,7800,4893
"2016-06-14",24700,178316,5815,14100,7133,33624,26450,21100,1520,7773,7660,4733
"2016-06-15",24900,180016,5719,13950,7100,33574,26450,21700,1535,7875,7710,4603
"2016-06-16",24500,178616,5634,13550,6967,33322,26400,21300,1500,7706,7530,4333
"2016-06-17",24450,176916,5786,13650,6733,33372,26300,21400,1505,7897,7600,4303
"2016-06-20",24550,177916,5815,13850,6700,33674,26300,21750,1515,7987,7550,4313
"2016-06-21",24450,179316,5643,13700,6933,33624,25850,21800,1505,7976,7560,4403
"2016-06-22",24150,182816,5700,13950,7033,33574,25500,21500,1500,7999,7500,4503
"2016-06-23",24050,180616,5767,13750,6900,33423,25500,21300,1435,7965,7350,4363
"2016-06-24",23450,177016,5395,13350,6767,33171,24100,20500,1280,7548,7060,3882
"2016-06-27",23650,176716,5538,13100,6733,32919,23250,21150,1290,7548,7150,3742
"2016-06-28",23750,176216,5949,13350,6767,33070,23850,21300,1315,7751,7160,3882
"2016-06-29",24000,176116,5891,13400,6800,33121,24000,21550,1365,7762,7320,3812
"2016-06-30",23850,178616,5920,13400,6833,33423,24250,21500,1365,7773,7390,3722
"2016-07-01",23800,178416,5939,13650,6867,33272,24400,21550,1405,7683,7410,3762
"2016-07-04",23850,178816,6264,13750,6900,33423,23900,21450,1410,7706,7330,3612
"2016-07-05",24000,178916,6302,13800,6900,33574,23650,21250,1405,7672,7280,3622
"2016-07-06",24100,175816,6054,13850,6900,33725,23850,21150,1375,7627,7160,3712
"2016-07-07",24100,175616,6197,13900,6800,33725,24000,21600,1400,7751,7260,3762
"2016-07-08",24050,172116,6264,13800,6833,33826,23650,21250,1390,7830,7180,3792
"2016-07-11",24550,172116,7352,13950,6867,33926,23650,21350,1370,7841,7090,3792
"2016-07-12",24300,168915,7495,14000,6867,33926,23900,21300,1375,7920,7120,3782
"2016-07-13",24350,169115,6264,13850,6967,34178,23900,21000,1400,7841,7130,3742
"2016-07-14",24050,169115,6226,13700,6933,34178,23850,20950,1400,7807,7110,3732
"2016-07-15",24200,168615,6120,13900,6867,33977,24300,20800,1400,7908,7140,3692
"2016-07-18",24000,166615,5910,14050,6867,33926,24450,20800,1435,7987,7230,3732
"2016-07-19",23900,162915,5605,14050,6867,33876,24550,20750,1415,7965,7300,3752
"2016-07-20",23550,164915,5653,14100,6767,33826,24500,20600,1395,7886,7290,3762
"2016-07-21",23350,162115,5433,13900,6867,33977,24300,20800,1385,7920,7280,3842
"2016-07-22",23400,161315,5567,14150,6900,34027,24250,21350,1400,7908,7300,3942
"2016-07-25",23150,160514,5700,13900,6900,34027,24000,21650,1390,8168,7760,3952
"2016-07-26",23400,161515,5634,14000,6900,33725,24200,21800,1410,8201,7850,4082
"2016-07-27",23250,162615,5471,13700,6800,33977,24250,22150,1390,8213,8090,4002
"2016-07-28",23250,165915,5519,13600,6833,33977,24150,22700,1395,8145,8040,3962
"2016-07-29",22500,165015,5729,13650,6833,33674,23700,22750,1390,8123,7970,3932
"2016-08-01",22450,161715,5729,13400,7133,33826,23100,21800,1365,8134,7780,3862
"2016-08-02",22700,160714,5691,13300,7033,33725,23400,21150,1360,8055,7800,3882
"2016-08-03",22800,158614,5634,13200,7133,33674,23150,21100,1340,7920,7810,3802
"2016-08-04",22800,157414,5624,13250,7000,33775,22900,20950,1345,7863,7670,3822
"2016-08-05",22600,157514,5777,13000,7100,33725,22950,21550,1355,7739,7740,3722
"2016-08-08",22600,160114,5634,13000,6933,33423,23800,22100,1375,7908,7840,3842
"2016-08-09",23000,160714,5576,13150,6800,33523,23950,22200,1385,7942,7820,3892
"2016-08-10",22700,163415,5595,13050,6800,33423,24100,23600,1385,7920,8090,3952
"2016-08-11",22800,164315,5844,13000,6580,33322,24200,23550,1390,7908,8090,3842
"2016-08-12",22650,164515,5471,13600,6667,33372,24850,23500,1445,7987,7840,3852
"2016-08-16",22900,164815,5204,13650,6640,33221,24750,23450,1505,7852,8210,3832
"2016-08-17",22350,163115,5232,13500,6700,33423,24150,23700,1450,7785,8070,3722
"2016-08-18",22500,162615,5194,13350,6640,33020,23550,22950,1425,7818,8000,3732
"2016-08-19",21800,160114,5118,13050,6800,32869,23300,22750,1420,7920,7910,3652
"2016-08-22",21350,158814,4841,12850,6573,32768,22700,22450,1385,7841,7820,3632
"2016-08-23",21300,158814,4994,12950,6620,32215,23000,22050,1450,7920,7790,3672
"2016-08-24",21900,161315,5013,13050,6647,32366,23200,22000,1410,7942,7830,3652
"2016-08-25",21700,158314,4898,12800,6647,32114,22950,22000,1410,8077,7800,3672
"2016-08-26",21750,158614,4803,12850,6633,32265,23600,22950,1390,8010,7810,3682
"2016-08-29",21800,156314,4516,12650,6633,32164,23650,22800,1370,7717,7810,3562
"2016-08-30",22100,153014,4578,12850,6620,32013,23650,22250,1375,7616,7850,3552
"2016-08-31",21900,150113,4402,12650,6613,32265,23150,21800,1360,7627,8180,3422
"2016-09-01",21850,152514,4478,12500,6667,32215,23200,21650,1370,7627,8110,3462
"2016-09-02",22100,154114,4421,12550,6667,32366,24050,21700,1385,7638,8330,3532
"2016-09-05",22400,159114,4488,12900,6700,32366,24750,22550,1445,7841,8670,3552
"2016-09-06",22400,158414,4478,12600,6700,32718,24400,22300,1425,7830,8640,3532
"2016-09-07",22800,154814,4297,12800,6700,32819,24850,22300,1425,7739,8550,3532
"2016-09-08",23000,155314,4154,12800,7200,32315,24850,22050,1390,7751,8400,3482
"2016-09-09",23050,153714,4201,12700,7133,32265,24500,21200,1375,7728,8440,3432
"2016-09-12",23100,153014,4216,12300,6833,32215,24300,20900,1355,7537,8150,3302
"2016-09-13",23050,152114,4450,12450,7067,32416,24200,21150,1390,7638,8230,3412
"2016-09-19",22700,152014,4450,12350,7233,32366,23900,21350,1375,7649,8450,3512
"2016-09-20",22750,154314,4440,12500,7833,32114,23800,21200,1385,7717,8400,3542
"2016-09-21",23050,155114,4335,12550,7600,32164,23950,21450,1400,7728,8400,3492
"2016-09-22",23200,158314,4397,12700,7867,32215,24200,21500,1400,7762,8430,3482
"2016-09-23",23000,159814,4492,12850,7933,32265,24150,21450,1390,7762,8520,3522
"2016-09-26",23150,157414,4555,12750,7733,32265,24300,21600,1375,7818,8450,3552
"2016-09-27",23100,159314,4593,12850,7767,32416,24550,21600,1385,7751,8460,3532
"2016-09-28",22750,158314,4516,12750,7733,32617,24600,22150,1375,7762,8380,3572
"2016-09-29",22750,160914,4545,12950,8033,32567,24450,22200,1405,7796,8420,3572
"2016-09-30",22550,160014,4621,12450,8000,32718,23900,22150,1375,7886,8350,3552
"2016-10-04",22650,159514,4583,12550,7900,33121,24200,21850,1375,7965,8310,3562
"2016-10-05",22250,159414,4526,12450,7767,33221,24450,22000,1380,7999,8350,3542
"2016-10-06",21850,157814,4492,12200,7967,33322,24200,21900,1380,7976,8300,3702
"2016-10-07",22000,158214,4392,12350,7800,32869,23750,21250,1380,7886,8220,3632
"2016-10-10",22200,161315,4354,12600,7800,32265,25000,20900,1395,7954,8220,3682
"2016-10-11",22150,161214,4368,12450,7700,32215,25900,21200,1410,7987,8160,3742
"2016-10-12",22350,166315,4502,12550,8033,32114,26050,21200,1450,7920,8170,3792
"2016-10-13",22000,163515,4459,12450,8567,32114,25400,21150,1410,7841,8170,3732
"2016-10-14",21650,163415,4426,12750,8800,32114,25250,21200,1395,7954,8260,3652
"2016-10-17",21500,160214,4354,12400,8867,32315,24100,20950,1375,7942,8230,3512
"2016-10-18",21600,160914,4364,12250,8800,32416,23700,20800,1385,8111,8220,3482
"2016-10-19",21250,157014,4340,12300,8367,32517,23350,20650,1375,8077,8130,3512
"2016-10-20",21350,157814,4364,12300,7733,32114,22750,20550,1355,7920,8020,3442
"2016-10-21",21450,155414,4344,11900,8000,32215,23000,20700,1350,8032,8000,3432
"2016-10-24",21100,155514,4430,11550,8000,31711,23000,20600,1305,7965,8120,3262
"2016-10-25",20750,160814,4263,11600,7833,31711,23000,20300,1265,7852,8060,3112
"2016-10-26",20300,156814,4106,11300,8267,31913,22600,20150,1240,7683,8000,3102
"2016-10-27",20750,157914,4115,11450,8467,32013,23300,20500,1280,7830,8050,3132
"2016-10-28",21600,156414,4058,11750,8033,31913,23300,20400,1280,7649,8000,3052
"2016-10-31",22000,154014,3958,11950,8067,31812,22750,20050,1250,7525,7770,2952
"2016-11-01",21450,154714,4044,11600,8133,31913,22700,20000,1240,7480,7810,2942
"2016-11-02",21200,153714,3819,11150,7900,31359,22200,19400,1195,7199,7510,2812
"2016-11-03",21300,157914,3743,11200,7733,31359,22600,20150,1215,7244,7450,2822
"2016-11-04",21200,159114,3905,11450,7933,31510,23050,20150,1210,7210,7500,2812
"2016-11-07",21350,161015,3910,11300,8200,31611,23000,20100,1230,7368,7670,2792
"2016-11-08",21500,161214,3972,11850,8200,31510,23250,20050,1225,7379,7650,2842
"2016-11-09",21300,159814,3590,11950,7750,31460,22850,19300,1170,7131,7450,2632
"2016-11-10",21650,158914,3881,12200,7910,31611,23800,20100,1215,7300,7740,2832
"2016-11-11",21500,156014,3900,12350,7990,31963,24050,20100,1225,7345,7730,2832
"2016-11-14",21550,157014,3953,12750,8030,31812,24750,20100,1225,7345,7630,2962
"2016-11-15",21200,160814,3881,12850,7980,32064,24700,20250,1245,7683,7670,2882
"2016-11-16",21150,161615,3934,12950,7960,32164,24750,20500,1255,7683,7680,2922
"2016-11-17",21100,159614,3910,12850,7950,32215,24750,20350,1250,7773,7780,2972
"2016-11-18",20950,158114,3829,12850,7870,32215,24450,20350,1230,7841,7860,2952
"2016-11-21",20900,155114,3452,12400,7840,32064,23550,20300,1200,7796,7800,2842
"2016-11-22",20900,154914,3552,12350,7790,32265,23100,20000,1185,7942,7860,2782
"2016-11-23",20850,152314,3328,11950,7720,32013,22500,19750,1150,7908,7850,2632
"2016-11-24",20800,151014,4325,11900,7530,31862,21950,19500,1110,7739,7730,2431
"2016-11-25",21250,150614,4359,11950,7580,31711,21950,19850,1090,7717,7720,2481
"2016-11-28",21250,153014,4106,12100,7570,31762,21400,19900,1105,7638,7680,2511
"2016-11-29",21550,156614,3963,12200,7500,31913,22000,20350,1115,7649,7770,2562
"2016-11-30",21750,156714,4010,12200,7570,31963,21950,20350,1130,7616,7780,2662
"2016-12-01",21450,155414,4297,12100,7670,31913,21400,20300,1105,7661,7730,2652
"2016-12-02",21050,152014,4411,12400,7870,31862,21750,19700,1105,7796,7710,2642
"2016-12-05",21150,150014,4297,12050,7850,32064,21600,19650,1080,7616,7640,2491
"2016-12-06",21850,150113,4259,12150,7850,31862,21850,19750,1080,7593,7640,2531
"2016-12-07",21650,149713,4325,12150,7800,32114,22700,19600,1100,7469,7640,2582
"2016-12-08",21900,152014,4421,12150,7860,32215,23500,19500,1120,7503,7700,2612
"2016-12-09",21950,150714,4440,12100,7620,32215,22750,19450,1125,7571,7700,2612
"2016-12-12",21800,151114,4373,12250,7590,32215,23350,19400,1130,7638,7700,2752
"2016-12-13",21950,151014,4278,12200,7590,31913,24050,19600,1155,7875,7690,2782
"2016-12-14",21750,149813,4292,12150,7570,32164,23500,19700,1180,7886,7700,2742
"2016-12-15",21900,150314,4450,12250,7540,32215,23500,19700,1185,7920,7820,2802
"2016-12-16",21800,150714,4364,12150,7500,32215,23500,19850,1180,7931,7860,2802
"2016-12-19",22000,149813,4263,12250,7450,32265,23350,20000,1160,7999,7870,2762
"2016-12-20",22250,149813,4383,12350,7420,32315,22800,20100,1160,8010,7950,2752
"2016-12-21",22100,148413,4292,12300,7520,32416,22750,19850,1150,7886,8000,2742
"2016-12-22",22150,147513,4220,12400,7500,32416,23000,19650,1150,7954,8000,2531
"2016-12-23",22100,147013,4196,12400,7450,32466,23300,19650,1155,8044,7990,2551
"2016-12-26",22300,144013,4053,12600,7370,32517,23250,19950,1500,7661,8000,2582
"2016-12-27",22400,143213,4287,12600,7530,32819,23750,19950,1375,7717,8030,2612
"2016-12-28",21300,143713,4354,12350,7440,31711,23200,19950,1385,7807,7830,2712
"2016-12-29",21100,146013,4445,12450,7430,31611,22850,19500,1325,7818,7900,2752
"2017-01-02",20900,144513,4359,12400,7360,31107,22500,19200,1340,7897,7850,2682
"2017-01-03",21300,143413,4583,12650,7250,31158,22200,19450,1330,7908,7790,2672
"2017-01-04",21100,142113,4707,12550,7190,30906,22350,19350,1350,8010,7730,2722
"2017-01-05",21300,143413,4860,12500,7180,30906,22450,19500,1330,8032,7720,2742
"2017-01-06",21350,142913,4822,12350,7220,31158,22600,19450,1350,8010,7790,2832
"2017-01-09",21200,140913,4898,12000,7200,30755,22300,19200,1340,7931,7770,2722
"2017-01-10",20800,139613,4831,11900,7180,30705,22400,18900,1295,7841,7780,2702
"2017-01-11",20950,138512,4726,11850,7100,30906,22100,18800,1290,7999,7750,2652
"2017-01-12",20900,138912,4612,11800,7090,30906,22350,18800,1270,8044,7740,2662
"2017-01-13",20950,140413,4674,11900,7070,30604,22600,18800,1285,8348,7720,2692
"2017-01-16",20950,142213,4564,12000,6910,30654,22650,18750,1285,8190,7640,2672
"2017-01-17",21150,141313,4669,12050,6900,30956,22950,18600,1280,8370,7650,2642
"2017-01-18",21150,141013,4812,12100,6900,30705,23300,18200,1255,8370,7630,2642
"2017-01-19",21100,141113,4731,11750,6920,30554,23000,18350,1275,8168,7640,2602
"2017-01-20",21150,146413,4688,11900,6960,30453,23250,18300,1255,8145,7570,2582
"2017-01-23",21200,146413,4712,11850,6850,30453,23050,17950,1230,8010,7530,2551
"2017-01-24",21000,142613,4765,11650,6830,30453,22850,17900,1200,7908,7560,2501
"2017-01-25",20800,142113,4851,11450,6840,30302,22550,17050,1195,8066,7470,2491
"2017-01-26",20750,141513,4831,11250,6860,29950,22500,17000,1210,8066,7500,2431
"2017-01-31",20800,144913,4870,10950,6880,29346,22900,16950,1205,7942,7540,2451
"2017-02-01",20800,145513,4889,11450,6840,29698,23200,17300,1220,8044,7610,2521
"2017-02-02",20450,145013,4841,11400,7000,29799,23100,17150,1175,7863,7680,2481
"2017-02-03",20550,145313,4674,11350,6970,29497,22800,17000,1165,7875,7610,2401
"2017-02-06",20450,150314,4492,11400,6810,29597,22950,17350,1185,8055,7640,2431
"2017-02-07",20550,150113,4617,11400,6800,29446,23000,17150,1195,8089,7600,2481
"2017-02-08",20600,149914,4621,11600,6920,29698,22850,17100,1185,8032,7600,2461
"2017-02-09",20450,149413,4578,11650,6920,29698,22750,17200,1185,8179,7610,2441
"2017-02-10",20550,150514,4750,11850,6850,29950,23600,17050,1195,8168,7610,2481
"2017-02-13",20550,152114,4664,11900,6870,30453,23400,17200,1195,8010,7570,2511
"2017-02-14",20550,153014,4731,11950,6830,30302,23200,17350,1200,8055,7570,2541
"2017-02-15",20750,153014,4664,12050,6890,30302,23200,18050,1195,8156,7690,2521
"2017-02-16",20600,152114,4564,11700,6900,30302,22750,17850,1170,8224,7620,2521
"2017-02-17",20500,150814,4598,11650,6920,30352,22800,17900,1165,8235,7660,2521
"2017-02-20",20450,149613,4588,11650,6920,30755,22500,17650,1165,8224,7670,2471
"2017-02-21",21000,151514,4559,11800,6900,31107,22850,17850,1165,8224,7630,2471
"2017-02-22",20950,149813,4512,11700,6920,31057,22850,17700,1175,8089,7630,2501
"2017-02-23",21100,150614,4502,11600,6870,31309,22800,18000,1175,8156,7670,2491
"2017-02-24",21400,151214,4583,11700,6920,31309,23250,18200,1190,8224,7670,2501
"2017-02-27",21400,151014,4564,11750,6900,31309,23650,18000,1175,8258,7670,2501
"2017-02-28",21100,150814,4512,11700,6860,31309,23400,18200,1165,8449,7640,2551
"2017-03-02",20800,144813,4516,11600,6920,31309,23250,17950,1160,8292,7630,2481
"2017-03-03",20500,144613,4407,11650,6870,31258,22950,18050,1225,8134,7600,2361
"2017-03-06",20300,142513,4407,11500,6820,31208,23100,18300,1365,8100,7660,2351
"2017-03-07",20500,143613,4397,11550,6830,31309,23100,18200,1425,8066,7750,2351
"2017-03-08",20650,141513,4402,11500,6820,31208,23200,18150,1580,8337,7780,2341
"2017-03-09",20550,142213,4507,11650,6800,31107,23650,18450,1565,8246,7870,2311
"2017-03-10",20600,143513,4450,11400,6780,31208,23250,18000,1520,8337,7880,2341
"2017-03-13",20500,144013,4450,11450,6760,31208,22950,17700,1495,8325,7860,2351
"2017-03-14",20450,142813,4450,11250,6790,31309,22750,17600,1445,8472,7800,2331
"2017-03-15",20350,142113,4397,11250,6780,31158,22550,17200,1445,8179,7820,2431
"2017-03-16",20400,142513,4368,11350,6830,31107,22800,17450,1395,8179,7870,2421
"2017-03-17",20550,143213,4359,11150,6770,31208,22900,17650,1385,8156,7900,2381
"2017-03-20",20500,142713,4359,11200,6760,31258,23000,17700,1345,7559,7800,2321
"2017-03-21",20400,141513,4282,11100,6730,30956,22800,17400,1385,7548,7800,2321
"2017-03-22",20400,141613,4029,11000,6730,31107,22750,17050,1380,7356,7790,2331
"2017-03-23",20350,141113,4106,11100,6720,31057,22650,17050,1425,7435,7780,2361
"2017-03-24",20700,143713,4182,11200,6710,31057,23200,17200,1350,7435,7860,2431
"2017-03-27",20800,142513,4201,11200,6670,31208,23200,17600,1380,7424,7870,2471
"2017-03-28",20600,143013,4196,11200,6710,31107,23000,17600,1325,7356,7850,2461
"2017-03-29",20350,141913,4201,11050,6720,31309,23100,17500,1330,7379,7810,2441
"2017-03-30",20400,141613,4177,11100,6740,31208,23100,17200,1275,7345,7830,2411
"2017-03-31",20350,141513,4111,11450,6730,31258,23150,17650,1270,7289,7780,2391
"2017-04-03",20400,142313,4239,11200,6780,31359,23200,17900,1275,7323,7810,2401
"2017-04-04",20450,143013,4488,11150,6770,31258,24000,17900,1230,7435,7850,2562
"2017-04-05",20350,143213,4445,11100,6920,31409,23500,17750,1245,7492,7850,2622
"2017-04-06",20350,142113,4373,11050,7090,31510,23600,17950,1220,7413,7850,2531
"2017-04-07",20450,142213,4340,11000,7090,31510,23350,18100,1235,7368,7850,2491
"2017-04-10",20150,141413,4488,10800,6960,31409,22750,17650,1220,7210,7820,2431
"2017-04-11",19950,141313,4450,10800,6820,31611,22950,17650,1205,7154,7810,2441
"2017-04-12",19950,140613,4521,10800,6800,31762,22900,17550,1190,7165,7790,2531
"2017-04-13",20100,142513,4526,10950,6930,31762,23750,17850,1210,7221,7850,2511
"2017-04-14",19900,140413,4469,10800,6980,31611,23550,18050,1205,7176,7900,2441
"2017-04-17",20000,142113,4492,11100,6930,31661,23700,18000,1230,7289,7920,2501
"2017-04-18",20000,142113,4464,11150,6900,31711,24100,17850,1225,7334,7910,2521
"2017-04-19",20350,143013,4402,11050,6930,31560,24250,17900,1225,7323,7890,2572
"2017-04-20",20350,151614,4402,11100,6880,31611,24200,17950,1235,7311,7880,2582
"2017-04-21",20400,158214,4526,11300,6990,31762,23650,18050,1215,7368,7880,2572
"2017-04-24",20400,160014,4722,11150,6970,31661,23350,17700,1225,7266,7890,2642
"2017-04-25",20700,161115,4650,11200,7050,31510,23600,17850,1250,7289,7900,2632
"2017-04-26",20750,163715,4717,11250,7010,31409,23500,18000,1270,7323,7900,2572
"2017-04-27",20800,181516,4640,11150,7030,31510,23250,18100,1255,7323,7890,2572
"2017-04-28",20900,167715,4645,11100,6970,31661,23000,18100,1235,7266,7840,2562
"2017-05-02",21000,168315,4612,11250,6950,31762,23050,18400,1230,7244,7850,2521
"2017-05-04",20950,169015,4669,11200,6990,31812,23150,19300,1250,7266,7890,2541
"2017-05-08",21550,169515,4707,11350,7050,31812,23400,19400,1270,7390,7930,2622
"2017-05-10",21600,172416,4660,11250,7020,31913,23550,19150,1300,7345,7900,2562
"2017-05-11",21700,175416,4674,11500,6990,32013,23900,19000,1270,7447,7800,2592
"2017-05-12",21700,176716,4626,11400,7010,32013,23200,19100,1235,7390,7820,2572
"2017-05-15",21850,178516,4688,11550,7010,32164,23350,18750,1225,7379,7830,2602
"2017-05-16",21900,178316,4726,11750,7010,32416,25500,18800,1225,7424,7870,2562
"2017-05-17",22750,179016,4683,11850,7000,32315,25450,18650,1240,7390,7900,2572
"2017-05-18",22750,176416,4621,11550,7000,32164,26450,18650,1225,7402,7890,2551
"2017-05-19",23700,175416,4626,11800,7010,32567,26000,18750,1240,7503,7900,2572
"2017-05-22",23750,176616,4535,11700,7040,32617,24800,18650,1240,7548,7940,2572
"2017-05-23",23950,174916,4512,11700,7090,32617,24900,18950,1225,7548,7970,2572
"2017-05-24",24300,174316,4402,11850,7140,32718,25050,19000,1215,7582,7990,2551
"2017-05-25",24200,176616,4397,12050,7160,32919,25400,18800,1210,7571,8040,2622
"2017-05-26",24050,176016,4411,11900,7180,33020,25250,18950,1210,7638,8010,2692
"2017-05-29",24050,175316,4359,11750,7150,33171,24750,19100,1210,7593,8020,2702
"2017-05-30",23900,179216,4559,11750,7080,32919,24950,19100,1205,7706,8040,2702
"2017-05-31",24200,180616,4555,11800,7180,33322,25350,18900,1225,7649,8190,2692
"2017-06-01",23850,186217,4545,11900,7140,33473,25350,19000,1220,7683,8160,2722
"2017-06-02",24250,190717,4521,12100,7140,33574,25300,19400,1215,7717,8160,2742
"2017-06-05",24150,189917,4812,11750,7150,33674,25250,20050,1205,7785,8270,2712
"2017-06-07",23900,188417,4841,11650,7160,33423,25200,19800,1195,7773,8290,2692
"2017-06-08",23800,189517,4927,12150,7220,33423,25000,19350,1180,7762,8230,2682
"2017-06-09",24150,189817,5080,12400,7340,33423,24450,19450,1190,7897,8270,2652
"2017-06-12",23550,187417,5108,12100,7320,33020,24300,19000,1180,7841,8270,2602
"2017-06-13",23350,186117,4975,12100,7300,32919,24200,19050,1180,7863,8280,2612
"2017-06-14",23800,182516,4975,12000,7290,32970,24000,19250,1175,7965,8270,2642
"2017-06-15",23850,180516,4851,11950,7230,33221,24100,19200,1180,7942,8190,2612
"2017-06-16",24150,176516,4803,11950,7180,33221,23800,19000,1180,7965,8200,2602
"2017-06-19",23650,175516,4965,11950,7130,32970,23950,19050,1165,7999,8280,2592
"2017-06-20",23500,171715,5032,12000,7160,32919,24000,19000,1140,7942,8260,2531
"2017-06-21",23350,172116,4975,11850,7140,32768,23950,18900,1130,7999,8120,2702
"2017-06-22",23750,171415,4841,12100,7140,32668,24000,18650,1130,7886,8110,2692
"2017-06-23",23350,173616,4889,11900,7180,32718,24050,18750,1140,7886,8120,2682
"2017-06-26",23100,172216,4860,11750,7130,32668,24250,19000,1135,7897,8130,2682
"2017-06-27",23100,172015,4841,11700,7140,32517,24350,19400,1125,8145,8130,2682
"2017-06-28",23350,173316,4769,11750,7160,32718,24400,19300,1130,8111,8130,2672
"2017-06-29",23450,171816,4812,11600,7150,33121,24350,19350,1135,8111,8150,2622
"2017-06-30",23300,171415,4784,11550,7160,33020,23750,19250,1135,8100,8190,2662
"2017-07-03",23350,168315,4965,11550,7120,32919,22900,19200,1125,8077,8190,2662
"2017-07-04",23100,165515,4908,11500,7010,32819,22950,18650,1115,7965,8120,2592
"2017-07-05",23150,163315,4860,11400,7040,32768,23050,18600,1115,7999,8010,2572
"2017-07-06",23200,161915,4879,11500,7080,32869,23250,18500,1140,8089,8070,2592
"2017-07-07",22900,162315,4784,11400,7070,33020,22800,18150,1140,8032,7960,2602
"2017-07-10",21750,160714,4750,10950,7020,33221,22450,17850,1120,7931,7980,2592
"2017-07-11",21900,161115,4726,11050,7070,33221,22650,17800,1120,8077,8000,2582
"2017-07-12",21600,160814,4726,10900,7070,33221,22600,18200,1110,8382,8060,2572
"2017-07-13",22650,160214,4741,11050,7080,33423,22450,18300,1105,8179,8080,2541
"2017-07-14",22250,161015,4765,10950,7080,33826,23100,18300,1080,8089,8070,2511
"2017-07-17",22450,161715,4774,11000,7010,33523,22600,18150,1095,8213,8090,2481
"2017-07-18",22750,161214,4746,11150,7010,33674,22500,17950,1090,7965,8050,2471
"2017-07-19",22750,161715,4731,11100,7020,33523,23300,18200,1095,7863,8090,2461
"2017-07-20",22600,161115,4870,11250,7030,33624,23050,18400,1105,7852,8120,2461
"2017-07-21",22350,161415,4927,11200,7060,33725,22700,18200,1085,7616,8160,2471
"2017-07-24",23250,161515,4956,11350,7050,33523,22800,18000,1080,7661,8170,2481
"2017-07-25",23100,163315,4965,11300,7050,33272,22650,18150,1070,7469,8170,2471
"2017-07-26",23100,163915,5204,11300,7080,33423,22900,18350,1060,7390,8120,2441
"2017-07-27",23850,163415,5070,11600,7000,33523,23100,18500,1055,7661,8150,2381
"2017-07-28",23850,166115,4908,11550,7020,33523,23200,18400,1055,7390,8100,2371
"2017-07-31",23950,161515,5328,11550,7020,33523,22700,18250,1020,7255,8050,2381
"2017-08-01",24150,160214,5490,11600,7050,33372,22550,18200,1035,7266,8050,2491
"2017-08-02",23950,154714,5481,11600,7060,33977,22500,18250,1045,7210,8060,2531
"2017-08-03",23900,151014,5758,11450,7040,34027,21950,18000,1025,7030,8040,2572
"2017-08-04",23900,151414,5977,11400,7040,34430,21850,17950,1015,7097,7990,2562
"2017-08-07",23650,152414,6856,11300,7020,34279,21800,18050,1035,7142,8000,2572
"2017-08-08",23700,152014,6445,11200,7030,34530,21750,17800,1035,7097,8040,2541
"2017-08-09",23500,151614,6732,11200,7030,34228,22050,17800,1020,7064,8040,2481
"2017-08-10",23800,152714,6502,11400,6950,33926,21750,17600,1010,6973,7970,2441
"2017-08-11",23600,152414,6206,11150,6900,33674,21750,17150,1005,6850,7840,2401
"2017-08-14",24150,151814,6541,11300,7000,33523,21850,17150,1010,6861,7830,2371
"2017-08-16",25950,150414,6913,11600,7000,33674,21500,17950,1005,6917,7940,2351
"2017-08-17",25750,153414,6541,11600,7000,33473,20700,18400,1025,6996,7950,2381
"2017-08-18",25650,153414,6703,11500,7000,33725,20950,18550,1035,6985,7950,2371
"2017-08-21",25800,152314,6588,11550,6970,33322,20900,18500,1025,6985,7200,2351
"2017-08-22",25900,152214,6254,11650,6950,33574,20700,18350,1025,7007,7110,2341
"2017-08-23",25650,153014,6197,11550,6930,33775,20500,17900,1035,6962,7130,2311
"2017-08-24",26150,153614,6302,11750,6950,33977,20600,17950,1025,6940,7200,2331
"2017-08-25",25950,152614,6483,11700,6930,34077,20200,18100,1035,6928,7200,2331
"2017-08-28",25850,154614,6350,11550,6950,34178,20150,17900,1025,6962,7260,2341
"2017-08-29",25850,157114,6388,11550,6950,34077,20050,17800,1025,6906,7160,2381
"2017-08-30",25950,157314,6359,11650,6940,33876,20200,18400,1020,6940,7180,2351
"2017-08-31",26100,154714,6302,11500,6980,33523,20000,18300,1010,6951,7150,2341
"2017-09-01",24850,154514,6235,11400,7010,33423,19700,18300,1020,6951,7160,2351
"2017-09-04",24900,152714,6035,11150,7030,33624,19400,17850,1000,6872,7020,2291
"2017-09-05",24550,150814,6054,11150,7020,33624,19300,17950,1005,6804,7010,2281
"2017-09-06",24550,151414,5853,11150,7030,33473,19300,17750,1010,6748,7010,2271
"2017-09-07",25800,151014,5624,11350,7260,33624,19350,17700,1005,6816,7110,2271
"2017-09-08",25200,150514,5824,11200,7160,33574,19300,17350,1000,6692,7090,2181
"2017-09-11",25000,150014,5729,11150,7430,33876,18900,17700,997,6613,7050,2141
"2017-09-12",24650,150113,5605,11000,7460,33775,19150,17650,980,6590,7060,2201
"2017-09-13",25050,147913,6073,11000,7450,33926,18600,17900,950,6388,7060,2151
"2017-09-14",25350,149013,5891,11000,9680,33826,18800,17800,937,6320,7040,2161
"2017-09-15",25300,151214,6111,10950,9660,33674,18500,17650,940,6297,7020,2171
"2017-09-18",24850,149914,6168,10950,9980,33674,18150,17650,925,6399,7010,2111
"2017-09-19",24650,149514,6035,10950,9690,33624,18250,17700,933,6376,6990,2071
"2017-09-20",25200,150113,5882,10950,9040,33473,18250,17450,928,6421,6920,2021
"2017-09-21",25500,147113,5949,10950,9010,33423,18000,17350,936,6399,6840,1999
"2017-09-22",25500,146613,5777,10900,8630,33473,17800,17150,918,6343,6600,1933
"2017-09-25",25450,142013,5443,10800,8370,33322,17300,17150,990,6410,6470,1853
"2017-09-26",25250,142513,5376,10800,8250,33322,17900,17050,960,6365,6470,1871
"2017-09-27",25800,135412,5366,11000,8050,33322,18350,17200,956,6410,6580,1919
"2017-09-28",26100,135412,5462,11100,8130,33372,18350,17350,928,6399,6610,1935
"2017-09-29",26300,135412,5557,11100,8020,33372,18150,17300,939,6534,6670,1995
"2017-10-10",26700,135412,5844,10850,8060,33272,17800,17450,927,6602,6590,1977
"2017-10-11",26900,135412,5805,11050,8350,33322,17800,17450,932,6624,6640,1951
"2017-10-12",26500,135412,5996,11000,8580,33473,18000,17300,931,6759,6700,1951
"2017-10-13",26750,135412,6063,11000,8600,33523,18350,17150,928,6996,6690,1893
"2017-10-16",25400,135412,5996,10550,9030,33574,18600,17050,943,6872,6500,1881
"2017-10-17",25300,135412,5987,10400,8970,33624,18700,17250,952,7018,6540,1893
"2017-10-18",25150,135412,5872,10200,9690,33574,18350,17300,940,6940,6570,1893
"2017-10-19",25300,135412,6140,10300,9450,33372,18400,17200,953,6816,6540,1917
"2017-10-20",25750,135412,6197,10650,9480,33725,19200,17050,969,6906,6550,1915
"2017-10-23",26100,135412,6254,10650,10600,33876,18950,16750,965,6850,6550,1935
"2017-10-24",26400,135412,6264,10600,10700,34178,19050,16900,970,6996,6580,1929
"2017-10-25",26450,135412,6283,10550,10350,34430,19000,16900,967,7052,6600,1959
"2017-10-26",26650,135412,6149,10600,11000,34430,18800,16850,954,7007,6650,1951
"2017-10-27",27150,135412,6178,10800,13000,34530,18850,17450,1065,6940,6680,1959
"2017-10-30",26900,130300,6502,10800,14000,34530,18200,17700,1070,6895,6720,1961
"2017-10-31",26600,138620,6607,10850,14000,34782,18150,17700,1045,6906,6350,1965
"2017-11-01",26150,131403,7066,10850,13900,34681,18100,17700,1075,6861,6340,1943
"2017-11-02",25150,126792,6970,10650,15250,34027,17950,17700,1090,6850,6330,1931
"2017-11-03",25150,128296,6951,10600,15700,34329,18300,17500,1090,6827,6360,1913
"2017-11-06",25250,127193,7438,10600,16050,34379,18300,17750,1065,6827,6330,1921
"2017-11-07",25600,127293,7715,10600,14100,34379,18350,17750,1070,6838,6300,1927
"2017-11-08",26150,132806,7896,10700,13450,34681,18350,17650,1060,6827,6300,1931
"2017-11-09",25750,130601,7992,10650,13800,34832,18250,17100,1085,6883,6320,1971
"2017-11-10",25450,131102,7925,10600,13550,34983,18200,17350,1080,6928,6180,2041
"2017-11-13",25550,131102,8164,10600,13600,35034,18450,17200,1085,7097,6070,2071
"2017-11-14",25250,129899,9205,10600,14600,35034,18500,17700,1080,7109,6040,2031
"2017-11-15",25150,128196,9596,10650,13700,35336,18100,17850,1060,7097,5980,2031
"2017-11-16",24950,127594,9739,10600,17200,35436,18150,17900,1095,7120,5960,2001
"2017-11-17",25150,126191,12079,10600,15800,35688,18500,17800,1075,7041,5980,2021
"2017-11-20",25000,125489,13606,10450,16050,35990,19500,17700,1085,6940,6180,2101
"2017-11-21",25150,125389,13702,10600,16500,35889,19400,17450,1065,6962,6210,2091
"2017-11-22",24800,124988,11267,10550,16350,35990,19150,17450,1030,7075,6100,2081
"2017-11-23",24200,124988,11935,10500,15700,36040,19650,17400,1055,7052,6150,2031
"2017-11-24",24100,124888,13272,10450,15650,36141,19350,17600,1060,6985,6160,2031
"2017-11-27",24550,124287,14418,10450,15500,35889,19450,17600,1045,6985,6230,2051
"2017-11-28",24250,124687,14561,10450,15750,35889,19350,17650,1050,6985,6220,2041
"2017-11-29",23550,124687,16184,10200,15750,36242,19600,17350,1035,6940,6450,2031
"2017-11-30",23700,122282,16471,10250,15550,36695,19950,17150,1025,6895,6460,2031
"2017-12-01",23200,120979,17187,10150,15100,37198,19600,17150,1025,6895,6430,1981
"2017-12-04",23950,120778,18619,10150,14700,37097,19350,17350,1040,6838,6430,1957
"2017-12-05",24350,125489,24205,10150,14450,36997,19950,17550,1040,6872,6540,1941
"2017-12-06",23850,125189,24205,10000,14050,36594,19750,17550,1085,6850,6650,1953
"2017-12-07",23700,127995,23107,9980,13500,36242,19500,17550,1075,6726,6690,1921
"2017-12-08",23350,125990,16184,9900,13750,36242,18950,17500,1060,6568,6690,1905
"2017-12-11",23850,127995,18571,9880,14100,36191,18900,17450,1045,6669,6560,1911
"2017-12-12",23600,128897,20577,9850,14100,35990,18650,17600,1040,6703,6530,1863
"2017-12-13",23350,132004,20768,9890,14050,35990,18900,17650,1060,6647,6480,1915
"2017-12-14",23650,132205,24491,9850,14500,36242,18100,17800,1060,6624,6530,1889
"2017-12-15",24000,132205,23250,9930,14200,36242,18650,17700,1040,6523,6500,1907
"2017-12-18",24150,131904,21770,9900,13650,36493,18350,17850,1030,6444,6520,1877
"2017-12-19",24150,132205,22343,9830,13400,36393,18200,17800,1005,6343,6490,1813
"2017-12-20",24700,132706,20338,10150,13900,36141,18700,17800,980,6297,6340,1737
"2017-12-21",24450,132606,17999,10150,14100,35889,19100,17600,951,6286,6430,1739
"2017-12-22",24450,133307,19144,10000,14200,35889,19650,17700,960,6309,6430,1757
"2017-12-26",24350,134109,17999,10000,14350,36191,19650,17800,951,6399,6530,1731
"2017-12-27",24250,132105,20051,10000,14400,35487,19750,17500,973,6354,6400,1735
"2017-12-28",24100,133207,22009,10100,13950,35537,19650,17400,976,6399,6340,1739
"2018-01-02",24400,134009,22916,10000,14200,35537,19650,17550,992,6444,6220,1827
"2018-01-03",24800,133809,21675,10200,15350,35134,19300,17400,1015,6489,6160,1825
"2018-01-04",24550,134109,20290,9970,15150,35134,18850,17150,1010,6455,6030,1807
"2018-01-05",24400,133909,21484,10050,15550,35436,18900,17100,1010,6399,6090,1801
"2018-01-08",23850,134109,21579,10000,15300,34832,18700,16900,999,6737,6090,1781
"2018-01-09",24500,133909,20386,10000,14600,34631,18700,17100,982,6613,6110,1781
"2018-01-10",24800,134610,21150,10100,14850,34279,19250,17050,986,6557,6040,1777
"2018-01-11",24900,134310,21436,10050,14450,34329,19700,17000,984,6568,6100,1773
"2018-01-12",24500,133408,20720,9990,13700,34379,19600,16750,970,6850,6040,1755
"2018-01-15",22900,133408,20959,9910,13550,33926,19750,16600,959,6827,6020,1741
"2018-01-16",23550,132505,23155,9870,13950,33624,19200,16550,961,6737,6060,1767
"2018-01-17",23200,133508,22343,9770,13700,33423,19300,16250,969,6771,6030,1775
"2018-01-18",23000,132505,25780,9890,13950,33423,19300,16300,975,6861,6200,1793
"2018-01-19",22900,136615,27929,9920,13900,33725,19450,17600,997,6861,6280,1801
"2018-01-22",22900,146438,31032,9980,14100,34077,19800,17950,1005,6759,6270,1797
"2018-01-23",23050,148342,30841,9950,15100,34228,20800,17700,1005,6748,6390,1811
"2018-01-24",23450,153754,27595,9950,14800,34329,21100,17950,1000,6804,6400,1857
"2018-01-25",23000,154657,30316,10100,16750,34178,20800,18050,1020,6804,6530,1859
"2018-01-26",23300,156862,30364,10100,15900,34128,21100,17900,1030,6861,6560,1885
"2018-01-29",23500,154155,29695,10500,15550,34077,20800,17450,1045,6917,6600,1921
"2018-01-30",23200,153153,29122,10250,15150,33725,20300,17350,1035,6883,6530,1931
"2018-01-31",23000,151950,30411,10250,15400,33322,19850,17450,1020,6804,6510,1929
"2018-02-01",23050,158365,29504,10400,15100,33523,20200,17850,1045,6962,6540,1957
"2018-02-02",22750,158766,29218,10250,15150,33322,20200,17450,1030,6827,6540,1943
"2018-02-05",22350,158666,30411,10100,14150,32919,20000,17200,1015,6681,6460,1883
"2018-02-06",21900,157062,31032,9940,13650,32416,19950,16950,996,6545,6350,1873
"2018-02-07",21800,150347,33992,9960,13100,32819,19700,17000,1005,6466,6310,1871
"2018-02-08",22050,150547,37143,9990,13400,33272,20000,17150,1020,6534,6310,1871
"2018-02-09",22200,160871,36618,9810,12900,33221,20750,17000,1025,6466,6350,1805
"2018-02-12",21950,156461,36952,9810,12750,33171,20200,16900,1025,6489,6340,1815
"2018-02-13",21850,157062,35042,9780,12650,33121,19850,16900,1030,6545,6350,1805
"2018-02-14",21800,151950,35806,9700,12900,33121,19650,16850,1020,6534,6280,1781
"2018-02-19",21950,153654,36809,9570,13650,33171,20000,17100,1025,6590,6310,1777
"2018-02-20",21700,151950,35424,9610,13250,32668,19500,17050,1030,6545,6240,1787
"2018-02-21",22000,152151,34183,9600,13400,32567,19350,16950,1025,6534,6300,1823
"2018-02-22",22100,152351,34613,9580,13450,32768,18850,17050,1080,6466,6390,1821
"2018-02-23",22150,152552,33467,9570,13550,33020,19150,17050,1080,6500,6360,1829
"2018-02-26",22500,155559,33515,9610,13400,33020,19050,17100,1070,6602,6440,1851
"2018-02-27",22350,155659,32751,9530,13300,32617,19000,17150,1060,6579,6370,1803
"2018-02-28",22000,155759,31700,9480,13300,32567,18700,17000,1075,6545,6430,1783
"2018-03-02",21500,152552,34851,9430,13100,32164,18400,17000,1055,6534,6510,1733
"2018-03-05",21000,153654,35138,9240,13150,32416,17950,16700,1060,6455,6530,1733
"2018-03-06",21100,155258,35711,9300,13400,32114,17700,17100,1105,6433,6630,1755
"2018-03-07",20900,152552,38146,9330,13300,31762,17100,17150,1110,6376,6500,1759
"2018-03-08",21100,154055,39864,9360,13750,31812,17050,17000,1100,6410,6520,1779
"2018-03-09",21100,153554,40342,9480,13750,32114,17400,16900,1150,6557,6580,1787
"2018-03-12",21300,152151,50320,9700,14500,31963,17550,16850,1150,6703,6750,1797
"2018-03-13",21050,151349,50224,9630,14300,32164,17400,16750,1125,6703,6850,1783
"2018-03-14",21200,152953,52134,9700,13700,32064,17500,16750,1125,6681,6680,1779
"2018-03-15",21100,152953,51561,9700,14000,32064,17700,16700,1120,6624,6740,1773
"2018-03-16",21100,153253,59391,9760,14700,32114,17450,16650,1120,6647,6720,1775
"2018-03-19",21100,152752,41631,9770,14600,31711,17100,16650,1105,6624,6680,1763
"2018-03-20",22000,153454,41726,9830,14650,31762,17500,16500,1110,6658,6690,1815
"2018-03-21",22350,152752,29218,9840,14150,31762,17550,16650,1080,6613,6650,1799
"2018-03-22",22000,154456,27069,9840,13800,32013,17550,16450,1065,6512,6590,1791
"2018-03-23",21350,152451,23680,9700,12800,31661,17200,16400,1030,6365,6410,1755
"2018-03-26",22250,149946,24635,9750,13100,31409,17250,16150,1040,6399,6550,1787
"2018-03-27",22750,151148,27117,9760,13300,31762,17400,16250,1060,6410,6630,1805
"2018-03-28",22900,151549,28168,9700,13650,31913,17500,16050,1060,6421,6490,1795
"2018-03-29",22350,153253,25971,9690,13800,32013,17250,16450,1060,6579,6490,1799
"2018-03-30",22450,153754,25637,9740,13700,31963,17400,16500,1085,6872,6590,1799
"2018-04-02",22600,154857,24157,9700,13400,32013,17500,16500,1125,6940,6580,1863
"2018-04-03",23050,164579,25589,9940,13150,31963,17300,16450,1115,6928,6600,1853
"2018-04-04",22350,160370,24682,9800,12550,31913,17300,16400,1090,6816,6590,1841
"2018-04-05",22300,159768,25494,9900,12650,31711,17400,16600,1090,6804,6700,1907
"2018-04-06",22350,159367,25255,9940,11750,32064,17750,16950,1090,6804,6680,1885
"2018-04-09",21800,159668,24873,9820,11800,32013,17850,16800,1100,6816,6670,1879
"2018-04-10",21600,158666,24969,9850,11750,31862,17650,16650,1085,6793,6670,1913
"2018-04-11",21450,160470,25637,9760,12750,31812,17550,16900,1075,6816,6620,1905
"2018-04-12",21100,160169,33324,9700,12300,31711,17600,16950,1105,6872,6670,1909
"2018-04-13",20600,159568,35090,9730,12600,31711,17250,16950,1110,6883,6720,1897
"2018-04-16",20700,158866,35806,9540,12550,31812,17100,17350,1120,6827,6680,1881
"2018-04-17",20800,160169,33610,9630,12850,31862,17100,17200,1115,6827,6650,1859
"2018-04-18",21100,160570,32655,9690,12550,32114,17050,17400,1195,6838,6670,1849
"2018-04-19",20900,160771,29695,9570,12550,31913,17000,17400,1165,6985,6690,1837
"2018-04-20",20750,161573,30937,9550,12500,32013,16900,17400,1200,7030,6740,1853
"2018-04-23",21200,167887,33419,9500,12500,31913,17100,17350,1185,7154,6800,1825
"2018-04-24",21750,165582,34374,9500,12250,31711,17400,17500,1170,6973,6890,1821
"2018-04-25",21400,164078,34660,9490,12450,31711,17300,17450,1180,7007,6620,1811
"2018-04-26",21550,163176,34040,9490,12400,31762,17000,17350,1140,6996,6650,1807
"2018-04-27",21650,162475,34088,9470,12300,31862,16900,17300,1140,6940,6630,1811
"2018-04-30",21800,162374,31844,9450,11900,31661,16950,17450,1125,6816,6640,1775
"2018-05-02",21500,160771,30125,9410,11750,31711,17150,17450,1180,6838,6700,1755
"2018-05-03",21450,159568,29743,9540,11850,31812,17100,17450,1160,6928,6710,1769
"2018-05-04",21550,157864,28502,9610,11450,31913,17000,17600,1155,6872,6710,1771
"2018-05-08",21050,155659,26497,9430,11050,31711,16900,17600,1115,6872,6720,1763
"2018-05-09",21100,155158,27404,9450,10600,31762,16700,17450,1120,6906,6710,1749
"2018-05-10",21000,158866,26258,9410,10800,31711,17000,17550,1135,6895,6690,1789
"2018-05-11",21400,162074,28740,9440,11000,31711,16750,18100,1155,7041,6740,1795
"2018-05-14",21400,160570,27977,9460,10750,31762,16800,18150,1145,7131,6830,1799
"2018-05-15",21550,161372,28359,9470,10950,31661,16750,18000,1160,7165,6820,1809
"2018-05-16",21100,158265,28502,9410,10950,31711,16300,17500,1100,7041,6110,1781
"2018-05-17",20950,158967,27929,9430,10850,31661,16350,17550,1090,7064,6130,1751
"2018-05-18",21000,157062,28072,9580,12000,31510,16450,17450,1080,7018,6160,1765
"2018-05-21",20750,159668,28884,9550,12000,31510,16350,17250,1075,7131,6170,1809
"2018-05-23",20500,157663,28502,9550,11850,31359,16250,17350,1050,7086,6200,1781
"2018-05-24",20150,158165,29027,9570,12000,31359,16450,17600,1015,7030,6200,1763
"2018-05-25",20100,158766,30698,9440,12000,31359,16050,17300,998,7018,6120,1747
"2018-05-28",20150,160871,30220,9560,12700,31208,16100,17150,1010,7097,6180,1743
"2018-05-29",20350,160370,28931,9580,12100,31007,16100,17050,1000,7041,6170,1767
"2018-05-30",20100,159568,27881,9430,11500,30805,15850,16900,979,6985,6150,1745
"2018-05-31",20150,158666,28168,9370,11650,30755,16550,17050,991,7030,6190,1745
"2018-06-01",20200,160470,28359,9360,11800,30705,16200,16950,987,7030,6110,1761
"2018-06-04",20400,161973,27404,9440,12100,30856,16550,16950,985,6940,6160,1785
"2018-06-05",20350,161071,27404,9390,11950,30856,16800,16850,977,6985,6160,1795
"2018-06-07",21000,163076,28645,9490,12000,31208,16800,17150,986,6973,6130,1801
"2018-06-08",20750,161973,27499,9510,12150,31007,16400,17000,983,7097,6150,1859
"2018-06-11",20850,162374,26735,9550,12300,31007,16800,17100,979,7052,6140,1847
"2018-06-12",20700,164980,18715,9440,12150,30906,16550,17050,976,7030,6130,1853
"2018-06-14",20650,162374,16423,9430,12200,30805,16300,16750,957,6973,6090,1839
"2018-06-15",20600,161873,16280,9420,12050,30604,17100,16700,961,6985,6060,1803
"2018-06-18",20250,160670,16566,9220,11150,30554,16600,16200,922,6827,5900,1749
"2018-06-19",19900,157363,15468,9090,10550,30252,15950,16100,919,6647,5890,1741
"2018-06-20",20100,155458,16901,9010,10900,30705,15800,16200,927,6692,5890,1743
"2018-06-21",19700,153153,16232,8820,10500,30352,15250,16000,911,6579,5770,1729
"2018-06-22",19500,153654,16710,8770,10400,30403,15200,16100,890,6681,5750,1719
"2018-06-25",20050,154957,16423,8890,11150,30705,15050,16050,904,6647,5950,1719
"2018-06-26",19800,155358,16757,8700,11100,30705,15200,15700,895,6590,5880,1703
"2018-06-27",19750,153955,16137,8700,10950,30956,15350,15650,915,6635,5880,1677
"2018-06-28",20400,154456,15850,8770,10450,31007,15300,15550,895,6579,5860,1669
"2018-06-29",19650,154055,14609,8680,10650,31057,15150,15400,891,6579,5660,1681
"2018-07-02",19000,149845,14657,8560,10650,30755,15050,14750,850,6433,5420,1631
"2018-07-03",18050,145235,14895,8430,10450,30805,14750,14800,845,6410,5280,1595
"2018-07-04",18050,142128,15277,8410,10350,30956,14750,14700,855,6399,5310,1559
"2018-07-05",17700,140825,15086,8230,10050,30705,14600,14600,849,6399,5290,1561
"2018-07-06",18050,142428,15134,8310,10600,31158,15400,15100,853,6421,5280,1587
"2018-07-09",17900,145836,15421,8240,10350,31158,15050,15200,835,6410,5340,1577
"2018-07-10",18250,145836,14943,8400,10600,31208,14900,15450,847,6624,5420,1557
"2018-07-11",19250,144633,14370,8510,10550,31208,14450,15350,850,6534,5370,1535
"2018-07-12",18850,146638,14513,8530,10600,31409,14600,15400,864,6579,5480,1577
"2018-07-13",18950,145335,14848,8590,10900,31460,14750,15650,871,6692,5480,1625
"2018-07-16",18450,145335,14800,8530,10750,31359,14500,15750,864,6557,5520,1623
"2018-07-17",18500,145435,14513,8480,10650,31158,14800,15650,859,6512,5430,1639
"2018-07-18",18400,145335,10169,8430,10550,31107,14200,15600,850,6500,5370,1619
"2018-07-19",18100,143431,8097,8430,10200,31057,14200,15650,842,6466,5350,1613
"2018-07-20",18150,143130,7381,8390,10150,31107,14100,15400,842,6478,5320,1597
"2018-07-23",18250,143531,6273,8400,9600,31158,14050,15250,835,6264,5290,1593
"2018-07-24",18300,145836,6541,8350,9750,31158,13900,15250,841,6320,5310,1579
"2018-07-25",18000,146137,6025,8280,9390,31057,13850,15200,828,6196,5250,1565
"2018-07-26",17850,147039,6416,8280,9500,31258,14150,15000,835,6207,5230,1567
"2018-07-27",18050,143932,6464,8290,9790,31208,14150,15450,847,6185,5210,1573
"2018-07-30",18150,140925,6732,8400,9740,30956,14200,15150,849,6207,5250,1635
"2018-07-31",18200,140424,6875,8440,9850,30805,15150,15150,849,6365,5280,1633
"2018-08-01",18050,140724,6884,8470,9880,31107,15050,15100,851,6500,5270,1641
"2018-08-02",17900,138519,6712,8460,9770,31208,14550,15000,849,6478,5230,1633
"2018-08-03",18100,139321,4717,8500,10050,31258,14600,14900,851,6512,5210,1641
"2018-08-06",17900,141125,5395,8490,10050,31208,14600,14950,888,6523,5230,1625
"2018-08-07",17950,141025,5309,8460,10050,31208,14600,14850,892,6455,5340,1623
"2018-08-08",17850,139822,5252,8490,9990,31460,14550,14800,892,6444,5370,1623
"2018-08-09",17550,140524,5414,8470,10100,31460,14500,14700,878,6489,5400,1611
"2018-08-10",17900,142328,5213,8470,10050,31309,14800,14850,876,6421,5410,1623
"2018-08-13",17600,141827,5175,8320,9720,31158,14700,14650,853,6331,5370,1639
"2018-08-14",17500,141025,5080,8300,9670,31158,14700,12700,830,6331,5430,1581
"2018-08-16",16450,142328,5280,8050,9600,31057,14500,11950,790,6241,5400,1587
"2018-08-17",16500,141627,5920,8000,9780,31107,14500,12750,799,6275,5420,1591
"2018-08-20",16450,141627,5949,7990,9940,31309,14650,12800,794,6264,5420,1589
"2018-08-21",16600,141426,6015,8030,10000,31309,14450,12800,800,6297,5450,1583
"2018-08-22",16750,139622,5719,8070,9980,31208,14450,13000,793,6241,5400,1609
"2018-08-23",16600,137216,5758,8080,10050,31107,14300,12800,874,6230,5380,1589
"2018-08-24",16700,136314,5777,8090,10150,31107,14450,13050,860,6252,5370,1595
"2018-08-27",16550,136014,5691,8030,10100,30856,14300,13150,889,6241,5390,1595
"2018-08-28",16750,137818,5777,8000,10100,31057,14450,13100,884,6275,5390,1597
"2018-08-29",16800,136715,5634,7860,10500,31007,14400,13050,899,6241,5330,1605
"2018-08-30",16900,135212,5681,7990,10500,31208,14400,12900,888,6252,5340,1573
"2018-08-31",16800,135312,5538,8000,10550,31158,14500,12850,878,6241,5400,1597
"2018-09-03",16900,135112,5853,7990,10500,30856,14600,12900,863,6275,5390,1595
"2018-09-04",16500,133708,6044,7970,10600,31158,14350,12750,866,6264,5390,1595
"2018-09-05",16650,133207,7696,7970,10450,31057,14450,12800,879,6264,6000,1593
"2018-09-06",16650,132305,9978,7920,10500,30856,14450,12950,865,6207,5850,1591
"2018-09-07",16700,134209,10121,7940,11000,31107,14900,12850,871,6219,5740,1593
"2018-09-10",16600,135011,9883,7910,10900,30805,15450,12750,864,6275,5760,1597
"2018-09-11",16600,135813,12842,7930,10750,30755,15250,12850,883,6241,5880,1597
"2018-09-12",16600,138219,14179,7930,10800,30856,15500,13250,883,6241,6000,1583
"2018-09-13",17100,141226,14179,7950,10750,30956,15250,13350,875,6241,5900,1585
"2018-09-14",17000,139923,15850,8000,10800,30856,15350,13400,880,6275,5960,1591
"2018-09-17",16850,140223,15134,8000,10450,30856,15300,13400,886,6241,5970,1587
"2018-09-18",16900,140424,13941,8000,10400,30906,15050,13400,884,6219,5980,1585
"2018-09-19",16550,141125,14895,7930,10350,31107,14800,13150,848,6219,5940,1583
"2018-09-20",16600,140825,14227,7880,10150,30906,15400,13350,820,6219,5950,1583
"2018-09-21",16600,138419,14418,7880,10250,31007,15050,13350,831,6185,5980,1583
"2018-09-27",16700,139221,13511,7970,10150,31057,15050,13350,847,6185,5980,1587
"2018-09-28",16850,139522,14657,8000,10150,31057,15350,13500,857,6129,5980,1671
"2018-10-01",17100,139622,14991,8120,10350,31007,15300,13500,879,6095,5900,1673
"2018-10-02",16800,141025,14609,8070,10350,31057,15250,13250,846,5914,5890,1667
"2018-10-04",16450,140624,14418,7850,10150,30956,15000,12850,840,5605,5930,1659
"2018-10-05",16600,140825,15612,7880,10050,31007,15050,13000,843,5554,5900,1719
"2018-10-08",16400,143932,14561,7880,9990,30906,15000,13150,903,5571,5860,1761
"2018-10-10",16300,144032,15277,7750,9760,30755,15100,12800,995,5295,5790,1733
"2018-10-11",15650,140324,14227,7490,9180,30805,15050,12150,1020,4929,5600,1691
"2018-10-12",15800,134510,14609,7600,9220,30604,14200,12400,975,4917,5690,1741
"2018-10-15",16050,133909,12126,7500,9050,30705,13450,12150,888,4833,5580,1787
"2018-10-16",15900,133408,12890,7470,9090,30604,13000,12200,895,4884,5610,1787
"2018-10-17",16150,134009,12556,7610,9240,30453,13100,12250,903,4991,5670,1849
"2018-10-18",16100,132105,12317,7600,9330,30302,13150,13200,1170,5008,5720,1875
"2018-10-19",16000,135613,12126,7500,9110,30604,13500,12600,1170,4968,5600,1891
"2018-10-22",16250,135512,12174,7500,9230,30755,13500,15150,1200,4867,5660,1889
"2018-10-23",15850,133809,11840,7430,9070,30705,12600,14350,1205,4726,5500,1811
"2018-10-24",16200,145135,10408,7300,8700,30856,12600,14350,1230,4675,5480,1701
"2018-10-25",16200,145335,10933,7200,8370,30705,12550,13500,1245,4506,5470,1625
"2018-10-26",15950,144333,10981,6980,8140,30201,12350,13850,1245,4433,5400,1597
"2018-10-29",15600,144233,10073,6560,7650,29950,12150,11650,1120,4225,4800,1421
"2018-10-30",15450,140524,10837,6460,7660,29597,12600,11600,1085,4275,4895,1213
"2018-10-31",15750,137116,13750,6550,7990,30050,11650,11900,1150,4450,4990,1305
"2018-11-01",15650,135713,13177,6560,8200,30050,11500,11900,1125,4501,5140,1323
"2018-11-02",15700,136415,13368,6670,8370,30352,11700,12450,1175,4647,5280,1375
"2018-11-05",15300,134209,13224,6560,8280,30101,11100,12650,1200,4647,5360,1377
"2018-11-06",15500,134811,12461,6590,8350,30050,11200,13050,1370,4692,5300,1417
"2018-11-07",15600,130601,11840,6600,8720,30302,11050,13100,1420,4687,5250,1395
"2018-11-08",15650,130802,11888,6850,9040,30000,11200,13000,1410,4692,5280,1445
"2018-11-09",15700,129298,11458,6640,8920,30101,11350,13050,1440,4754,5300,1393
"2018-11-12",15750,129899,11267,6640,8780,30201,11500,13050,1335,4670,5310,1375
"2018-11-13",15700,127795,11792,6570,8810,30050,11250,13250,1405,4641,5670,1375
"2018-11-14",15800,128296,11601,6600,8900,30252,11400,12800,1305,4579,5590,1407
"2018-11-15",16000,134209,11744,6540,8940,29849,11550,12900,1310,4489,5480,1385
"2018-11-16",17000,135312,12270,6720,9100,30000,11550,13000,1300,4512,5450,1439
"2018-11-19",17000,138219,12461,6750,9230,30101,11900,13600,1350,4574,5380,1449
"2018-11-20",17100,140023,12556,6730,9240,30050,11900,13350,1320,4512,5330,1437
"2018-11-21",17300,142829,12413,6770,9160,29849,12000,13300,1320,4523,5300,1447
"2018-11-22",17600,144333,13224,7140,9200,30050,12100,12950,1300,4506,5200,1423
"2018-11-23",17550,143030,12270,7220,9190,29799,11500,12900,1220,4472,5210,1411
"2018-11-26",17700,145335,12317,7260,9160,29849,12050,12800,1225,4472,5270,1437
"2018-11-27",17500,149144,12652,7230,9180,30201,11850,13050,1230,4478,5370,1437
"2018-11-28",17450,147640,12461,7220,9100,30302,11800,13150,1165,4529,5320,1435
"2018-11-29",17550,146237,12126,7220,9150,30201,11900,13150,1245,4518,5370,1431
"2018-11-30",17500,146738,12270,7230,9140,30201,12200,13150,1270,4489,5370,1421
"2018-12-03",17650,146538,12508,7210,9160,30201,12250,13800,1565,4518,5480,1401
"2018-12-04",17750,145435,13177,7190,9180,30000,12250,13750,1510,4512,5500,1403
"2018-12-05",17850,147039,12317,7130,9140,29950,12300,14500,1630,4630,5620,1397
"2018-12-06",17350,147340,11506,7060,9120,29950,11950,14200,1665,4563,5640,1377
"2018-12-07",17650,143832,11410,7020,9150,30000,11750,14250,1555,4844,5750,1377
"2018-12-10",17600,141426,11172,6920,11850,30101,12150,14300,1590,4765,5760,1331
"2018-12-11",17600,144132,10981,6940,12150,30302,12450,14100,1565,5239,5760,1281
"2018-12-12",17800,147841,11506,7020,13050,30101,12750,14250,1705,5267,5800,1347
"2018-12-13",17900,144633,11458,7030,13000,30403,12700,14500,1710,5126,5760,1339
"2018-12-14",18050,148242,11124,6930,13750,30352,12900,15200,2020,4929,5800,1343
"2018-12-17",18000,148843,11172,7030,15650,30000,13800,15250,2310,4991,5800,1295
"2018-12-18",18150,146438,10981,7030,20300,30201,13600,15550,2260,4850,5810,1311
"2018-12-19",17950,145736,10742,7050,20300,30000,13500,15200,2285,4855,5920,1311
"2018-12-20",18200,145736,10646,7010,21300,30101,13750,14200,2115,4867,5760,1293
"2018-12-21",18000,145335,10217,7000,19200,30101,13450,14100,2100,4844,5810,1279
"2018-12-24",17750,145034,9787,7100,17950,30151,13600,13400,1870,4625,5810,1297
"2018-12-26",17550,141627,9978,6920,18350,30050,13450,13100,1830,4619,5780,1267
"2018-12-27",16950,140825,10408,6940,18600,30050,13400,14200,2280,4596,5660,1287
"2018-12-28",16600,140324,11363,7010,19200,30302,13600,13350,1890,4574,5890,1291
"2019-01-02",16300,137718,10599,7030,21600,29899,13550,13100,2095,4557,5790,1301
"2019-01-03",16200,135913,10408,7020,21700,29899,13350,13150,2295,4551,5790,1291
"2019-01-04",16850,137617,10169,7020,21800,29597,13800,13200,2285,4630,5780,1279
"2019-01-07",16750,138219,9978,7390,21850,29597,13450,13400,2115,4579,5780,1269
"2019-01-08",16600,136214,9930,7680,22950,30151,13700,13350,2105,4574,5810,1313
"2019-01-09",16700,139021,10026,7790,23300,30101,13950,13750,2110,4670,5830,1335
"2019-01-10",16650,137016,10026,7690,24150,29799,13500,13350,1945,4675,5790,1381
"2019-01-11",16450,136214,10073,7840,23450,29748,13300,13300,1955,4681,5790,1397
"2019-01-14",16300,136515,9978,7660,23600,29799,13000,13350,2015,4782,5750,1381
"2019-01-15",16250,137918,10169,7830,24350,29698,12800,13250,1955,4912,5690,1379
"2019-01-16",16400,138620,10217,7860,24950,29497,12500,12900,1975,4850,5710,1367
"2019-01-17",15950,138319,11744,7840,24650,29446,12600,12850,1885,4799,5630,1379
"2019-01-18",16100,145034,11028,7950,25500,29497,12950,12950,1870,4867,5670,1381
"2019-01-21",16100,145034,11363,7910,26700,29597,13000,13300,1825,4822,5590,1407
"2019-01-22",16150,144433,11219,7920,24800,29396,13100,13200,1830,4794,5630,1407
"2019-01-23",16250,145034,11172,7940,24500,29245,13300,13150,1880,4799,5690,1405
"2019-01-24",16200,142328,11792,7890,24650,29245,12950,13250,1880,4805,5640,1421
"2019-01-25",16300,142930,11792,7780,24800,29195,13300,13300,1930,4850,5660,1413
"2019-01-28",16550,141727,13559,7810,24250,29094,13550,13150,1890,4799,5530,1401
"2019-01-29",16650,142629,13033,7810,24400,29396,13300,13100,1930,4799,5590,1371
"2019-01-30",16600,143030,13129,7810,23000,29295,13450,13250,2100,4822,5520,1375
"2019-01-31",16900,143832,13033,7770,22250,29295,13750,13100,1990,4850,5800,1381
"2019-02-01",16750,145435,13893,7700,22250,29195,13950,13100,1925,4844,5850,1419
"2019-02-07",17250,143230,13988,7720,21900,29195,14150,13150,1870,4805,5740,1425
"2019-02-08",17550,143832,13941,7800,21800,29094,13900,13050,1880,4810,5860,1409
"2019-02-11",17300,143631,14036,7820,21750,28943,14050,13000,1935,4855,5950,1439
"2019-02-12",17200,144433,13750,7780,20750,29094,13850,13100,1955,4281,6050,1437
"2019-02-13",17250,146137,13941,7800,21600,29094,13900,13300,1990,4320,6060,1483
"2019-02-14",17600,148242,13750,7820,21050,29044,14500,13250,1970,4292,6180,1491
"2019-02-15",17500,146538,13320,7820,21300,28943,14500,13450,1965,4371,6230,1483
"2019-02-18",17600,147139,13463,7940,20800,29195,14850,13500,1980,4399,6300,1481
"2019-02-19",17300,149044,13559,8000,21150,29044,15100,13900,1975,4416,6210,1473
"2019-02-20",17250,152652,13511,7930,21100,29195,15200,14250,1910,4506,6220,1507
"2019-02-21",17100,155158,13415,7900,20900,29245,14750,13750,1865,4506,6220,1507
"2019-02-22",17300,159367,12986,7990,20350,29195,14700,13600,1835,4551,6250,1497
"2019-02-25",17450,158465,13559,7860,21350,29144,14450,13600,1820,4551,6280,1487
"2019-02-26",17700,158967,13368,7890,20950,29044,14200,13450,1730,4523,6310,1487
"2019-02-27",17900,160670,13415,7920,21350,28993,14400,13800,1740,4529,6400,1473
"2019-02-28",17700,159668,13081,7770,20350,28842,14300,13400,1630,4371,6560,1469
"2019-03-04",18400,162074,13845,7900,20850,28943,14600,13500,1720,4484,6620,1469
"2019-03-05",18400,162374,14179,7930,22500,29044,14850,13600,1790,4489,6620,1443
"2019-03-06",18350,160370,13893,7950,22550,29044,13950,13800,1725,4467,6560,1451
"2019-03-07",18200,162575,13463,7930,21600,28792,13700,13650,1670,4360,6550,1449
"2019-03-08",18200,160370,13750,7870,20900,29346,13650,13500,1675,4365,6550,1453
"2019-03-11",18200,163176,13702,7880,20400,29245,14050,13200,1645,4371,6470,1451
"2019-03-12",17950,170293,13893,7880,20100,29346,14000,13600,1675,4365,6590,1451
"2019-03-13",18350,175505,13511,7930,18800,29195,14100,13500,1655,4349,6590,1435
"2019-03-14",18550,177409,13893,8000,19050,29144,14100,13450,1705,4439,6580,1435
"2019-03-15",18600,182320,13320,7990,18250,29144,14650,13350,1665,4422,6580,1451
"2019-03-18",18650,183423,13415,7970,18600,29094,14650,13350,1675,4461,6570,1477
"2019-03-19",18500,182421,13177,7970,18700,28943,14450,13250,1680,4444,6520,1529
"2019-03-20",18500,184726,13415,8000,19500,28842,14050,13100,1635,4546,6520,1537
"2019-03-21",18150,182521,13511,7960,18500,28842,13550,13050,1585,4546,6480,1533
"2019-03-22",17950,180917,13224,8020,18250,29597,12900,12900,1550,4506,6480,1525
"2019-03-25",17950,179213,12652,8010,18500,29547,12850,12350,1565,4467,6440,1481
"2019-03-26",18800,182821,12652,8060,18300,29346,12850,12450,1585,4495,6400,1475
"2019-03-27",18700,181819,12126,8080,17600,29295,12800,12500,1590,4472,6500,1475
"2019-03-28",18600,179414,12031,8100,17500,29295,12500,12250,1520,4461,6500,1471
"2019-03-29",18500,177509,11983,8100,17850,28842,12750,12500,1555,4461,6530,1457
"2019-04-01",18350,176908,12270,8090,18450,28842,13100,12500,1560,4433,6620,1481
"2019-04-02",18150,173600,12317,8110,18200,28792,12800,12700,1545,4439,6720,1469
"2019-04-03",18400,171195,12556,8110,18450,28893,12900,12800,1635,4529,6760,1489
"2019-04-04",18650,171195,12461,8150,18300,28993,13000,12700,1580,4529,6760,1489
"2019-04-05",18300,170293,12270,8160,18500,29094,13050,12550,1580,4591,6770,1497
"2019-04-08",18150,169591,12317,8180,18200,29195,13000,12450,1545,4777,6780,1501
"2019-04-09",17950,171896,12270,8140,18250,29245,13050,12500,1525,4799,6770,1493
"2019-04-10",18250,171896,12365,8170,18500,29295,13450,12600,1505,4777,6800,1487
"2019-04-11",18150,171596,12556,8160,18900,29195,13400,12600,1545,4765,6790,1487
"2019-04-12",18250,169892,12413,8160,18650,29094,13900,12800,1545,4754,6710,1505
"2019-04-15",18150,169090,12365,8160,18150,29144,13900,12900,1535,4720,6690,1507
"2019-04-16",17850,169190,12652,8180,17850,29195,14100,12850,1520,4743,6690,1503
"2019-04-17",17700,169090,12365,8180,18100,29245,14200,12800,1525,4743,6780,1515
"2019-04-18",17400,165882,11935,8130,18100,29295,13850,12700,1500,4743,6690,1513
"2019-04-19",17800,165582,11888,8380,18750,29295,13750,12850,1560,4737,6700,1513
"2019-04-22",18250,166484,11553,8810,18800,29245,13300,12800,1535,4720,6700,1521
"2019-04-23",18600,167286,11744,8770,18400,29446,13300,13000,1475,4732,6640,1523
"2019-04-24",19600,176607,11697,9300,18000,29698,13850,13050,1390,4799,6600,1587
"2019-04-25",19600,173700,11744,9030,17750,29799,13900,13050,1335,4805,6630,1611
"2019-04-26",20100,173500,11888,9040,17350,29950,13700,13150,1405,4923,6680,1603
"2019-04-29",20550,173500,11888,9090,17550,30050,13850,12950,1390,4940,6700,1645
"2019-04-30",20300,173500,12174,9190,17500,30101,13600,13000,1380,5002,6700,1661
"2019-05-02",20300,173500,12413,9190,17550,30151,13400,13000,1385,4946,6750,1721
"2019-05-03",20250,165500,12413,9140,17400,30101,13050,12900,1375,4917,6780,1715
"2019-05-07",20400,171500,12365,9060,16750,29597,12650,12750,1350,4934,6870,1701
"2019-05-08",20050,165000,11744,9010,16300,30101,12850,12650,1345,4923,6920,1701
"2019-05-09",19500,160000,11076,9030,15750,29849,12350,12600,1130,4839,6910,1647
"2019-05-10",20000,160000,11172,9130,16650,29950,12350,12450,1140,4844,6890,1633
"2019-05-13",20150,158500,11219,9230,16000,29547,12200,12400,1160,4726,6950,1577
"2019-05-14",20400,155000,11267,9280,16800,29245,12300,12450,1195,4692,6950,1601
"2019-05-15",21300,157500,11410,9490,16800,29849,11950,12800,1550,4799,6930,1601
"2019-05-16",20750,167500,10981,9470,16500,29648,11650,13000,1550,4551,6750,1599
"2019-05-17",20500,168000,10933,9300,16100,29648,11350,13150,1505,4518,6730,1595
"2019-05-20",20600,166000,10408,9540,16050,29497,11150,13600,1625,4495,6730,1593
"2019-05-21",20450,164000,10408,9370,16050,29698,11250,13450,1650,4501,6790,1629
"2019-05-22",20450,162000,10408,9140,16400,29799,10650,13150,1330,4394,6800,1629
"2019-05-23",20850,170500,9883,9200,15650,29446,11000,13200,1300,4382,6770,1601
"2019-05-24",20750,170000,9930,9090,15000,29547,10550,13600,1320,4365,6650,1567
"2019-05-27",20550,172000,9739,9140,15000,29295,10600,13300,1340,4287,6690,1519
"2019-05-28",20500,183500,10981,8880,15600,29396,10600,13450,1345,4371,6790,1525
"2019-05-29",20100,180000,10217,8880,15800,29597,10750,13350,1315,4275,6770,1477
"2019-05-30",20100,174500,10264,8950,15450,29698,10650,13750,1275,4281,6800,1537
"2019-05-31",20000,171000,10121,8920,15450,29497,10600,14200,1270,4349,6800,1559
"2019-06-03",20350,169000,10217,8940,15650,29748,10900,13950,1290,4394,6800,1549
"2019-06-04",20550,167000,10312,9040,15800,29597,10800,13850,1240,4422,6790,1549
"2019-06-05",21400,162500,10264,9240,15700,29597,10900,14000,1245,4495,6800,1581
"2019-06-07",21400,166500,10694,9300,16100,29698,10900,14900,1260,4501,6600,1593
"2019-06-10",21500,170000,10646,9320,16150,29547,10900,14850,1300,4546,6650,1593
"2019-06-11",21600,170000,10694,9300,16150,30101,11350,14650,1335,4630,6640,1593
"2019-06-12",21500,169500,10646,9330,15750,29799,11000,14600,1315,4675,6500,1599
"2019-06-13",21800,171000,10551,9460,15600,30252,11250,14600,1350,4647,6580,1599
"2019-06-14",21800,175500,10551,9410,15100,30201,11350,14500,1350,4563,6580,1577
"2019-06-17",21750,176500,10646,9420,19600,30151,11400,14500,1355,4619,6490,1591
"2019-06-18",21200,175500,8183,9260,20450,30000,11850,14250,1310,4664,6540,1599
"2019-06-19",21300,176000,8001,9540,19300,30000,11600,14150,1345,4625,6580,1595
"2019-06-20",20850,172500,8059,9460,19050,30000,11400,14500,1350,4608,6510,1571
"2019-06-21",21000,168000,8336,9310,18150,30050,11500,14200,1335,4608,6530,1551
"2019-06-24",20700,168000,8040,9160,18250,30201,11550,14150,1355,4596,6500,1557
"2019-06-25",21000,173500,7782,9250,20450,30201,11600,14000,1365,4574,6470,1603
"2019-06-26",20850,173500,7782,9240,20850,30151,11450,14050,1335,4501,6420,1621
"2019-06-27",20500,173500,8374,9130,21550,30252,11300,14050,1285,4484,6400,1621
"2019-06-28",20350,171500,8135,9080,21500,30201,11100,14200,1280,4489,6360,1659
"2019-07-01",20300,170000,8240,9000,20300,30050,11200,13900,1275,4506,6360,1673
"2019-07-02",20750,171000,8297,9130,22200,30101,11100,13950,1305,4512,6470,1773
"2019-07-03",21150,170000,8632,9290,22200,30201,11000,13950,1275,4501,6430,1755
"2019-07-04",21300,173000,8431,9220,21300,30151,10850,14100,1245,4501,6480,1749
"2019-07-05",21800,171000,8699,9820,21550,30201,11100,14100,1280,4506,6480,1733
"2019-07-08",22000,165000,8718,11000,19950,30151,11100,13500,1225,4461,6390,1663
"2019-07-09",21600,160500,8660,10550,19450,30101,10700,13700,1225,4394,6400,1721
"2019-07-10",21700,158000,8670,10100,19500,29950,10700,13750,1220,4360,6390,1775
"2019-07-11",22000,157500,8880,9920,19550,30101,11000,13950,1230,4320,6420,1803
"2019-07-12",22050,155500,9090,10050,20250,30201,10900,14000,1250,4349,6420,1791
"2019-07-15",22000,154000,8947,10150,19750,30050,10750,14000,1210,4354,6450,1787
"2019-07-16",21850,153500,8956,9880,20300,30000,10600,13900,1210,4337,6450,1761
"2019-07-17",22000,152000,9090,10000,19400,29849,10600,13800,1155,4303,6430,1747
"2019-07-18",21950,151000,8790,9770,22100,29748,10600,13700,1155,4281,6400,1737
"2019-07-19",22000,153500,8790,9720,21700,29849,10600,13700,1175,4315,6410,1771
"2019-07-22",22050,150500,8790,9930,22250,30151,10500,13550,1170,4320,6480,1759
"2019-07-23",22000,155000,8870,9690,21800,30101,10450,13700,1175,4281,6470,1717
"2019-07-24",21700,153500,8850,9420,20550,29748,10350,13750,1210,4281,6450,1851
"2019-07-25",21400,154500,8650,9510,20200,29799,10400,13700,1165,4264,6500,1859
"2019-07-26",21400,153000,8310,9260,19900,29748,10350,13500,1115,4247,6400,1785
"2019-07-29",21850,151000,7990,12000,19000,29799,10200,13200,1015,4309,6390,1717
"2019-07-30",21600,141000,8310,12050,19650,29698,10350,13200,1075,4298,6410,1729
"2019-07-31",21300,145000,8740,10650,20500,29799,10500,13150,1120,4281,6410,1757
"2019-08-01",20600,146500,8740,9950,19400,29547,10250,12900,1085,4253,6430,1853
"2019-08-02",20650,140500,8550,10400,19650,29547,10150,12900,1090,4225,6500,1831
"2019-08-05",20550,139000,7850,12200,17750,29346,10800,12450,1030,4027,6310,1841
"2019-08-06",20500,137000,6900,12350,16650,29547,10200,12400,982,3960,6230,1841
"2019-08-07",20500,136500,7020,11550,17150,29497,11600,12600,1010,3881,6240,1823
"2019-08-08",20500,138500,7380,10950,18000,29446,11500,12600,1025,3920,6370,1887
"2019-08-09",20800,132500,7310,10850,18100,29497,10900,12650,1020,3977,6410,1843
"2019-08-12",20700,131500,7430,10950,19200,29446,10950,12550,1045,3943,6430,1891
"2019-08-13",21150,136500,7140,10550,19700,29497,10700,12850,1030,3887,6590,1873
"2019-08-14",22050,135000,7010,10550,19400,29446,10300,12850,1040,3875,6580,1999
"2019-08-16",21850,135500,7230,10100,19200,29396,9540,12750,1040,3881,6430,1945
"2019-08-19",22150,136500,7160,10150,19500,29497,9160,12800,1125,3830,6400,1951
"2019-08-20",22050,134500,7500,10100,19900,29497,9180,12900,1125,3830,6380,2041
"2019-08-21",22100,131000,8090,10300,19850,29698,9250,12850,1160,3825,6300,1969
"2019-08-22",22050,134500,7790,10300,19900,30000,9220,12650,1160,3853,6200,1893
"2019-08-23",22000,131000,7640,10600,19550,30000,9210,12550,1130,3825,6160,1921
"2019-08-26",21700,127000,6930,10300,18450,30000,9040,12200,1095,3746,6050,1801
"2019-08-27",21700,127000,6680,10500,19100,30000,8770,12300,1170,3532,5920,1801
"2019-08-28",21450,128000,6900,10250,19000,30000,8820,12300,1135,3554,5870,1799
"2019-08-29",21750,128000,6050,10200,18800,30000,8730,12350,1105,3571,5820,1797
"2019-08-30",22000,130000,6260,10350,19500,30000,8760,12500,1125,3706,5830,1815
"2019-09-02",23700,131500,6340,10800,19800,30000,9000,12550,1135,3729,5860,1861
"2019-09-03",24250,134000,6560,11100,20000,30000,8850,12650,1140,3678,5860,1849
"2019-09-04",25550,138000,6830,11200,20100,30000,8950,12800,1145,3718,5860,1825
"2019-09-05",25900,135500,7150,11150,19950,30000,9010,12900,1220,3735,5810,1803
"2019-09-06",25950,136000,7120,11050,19750,30000,8970,12950,1215,3718,5840,1783
"2019-09-09",26450,136500,7150,11150,19850,30000,8780,12850,1180,3701,5880,1763
"2019-09-10",26800,139000,7090,11100,19300,30000,8940,13000,1215,3718,5880,1755
"2019-09-11",27050,138500,7140,11200,19300,29950,9100,13250,1225,3706,5920,1753
"2019-09-16",27300,140500,7280,11400,19400,30200,9150,12900,1250,3695,5990,1763
"2019-09-17",26850,141000,7350,11200,20100,30050,9300,13050,1225,3729,6040,1757
"2019-09-18",26750,141500,7110,11450,19900,30250,9300,13000,1245,3729,6020,1739
"2019-09-19",26800,143000,7300,11550,19850,30000,9520,13050,1240,3735,6050,1723
"2019-09-20",27000,141500,7000,11450,20100,30000,9500,13100,1235,3774,6060,1771
"2019-09-23",26200,139000,7100,11250,19800,30100,9380,13000,1305,3813,6040,1771
"2019-09-24",26450,140500,7300,11250,20900,30000,9350,13050,1320,3870,6020,1775
"2019-09-25",26800,138500,7100,11050,19850,29850,9300,12800,1270,3785,5990,1737
"2019-09-26",26200,139000,7000,11150,19450,29850,9370,12700,1250,3785,5970,1705
"2019-09-27",26550,135500,6920,11100,19200,30250,9250,12650,1240,3768,5970,1705
"2019-09-30",27200,138500,6690,11200,19000,30150,9300,12700,1215,3757,5940,1705
"2019-10-01",27450,137500,7270,11150,19100,30000,9400,12750,1195,3718,5940,1705
"2019-10-02",27600,135500,7280,11250,18750,30050,9300,12700,1200,3695,5940,1705
"2019-10-04",27000,134000,7160,11050,18000,29950,9250,12700,1155,3549,5910,1705
"2019-10-07",26650,134500,8230,10550,17900,30050,9050,12600,1145,3521,5870,1705
"2019-10-08",27250,132000,7770,10800,18350,30000,9210,12600,1155,3554,5900,1705
"2019-10-10",27050,134000,7540,10900,18600,30050,9160,12700,1120,3543,5930,1705
"2019-10-11",27150,133000,7550,10900,18500,30200,9150,12600,1140,3543,5980,1705
"2019-10-14",25850,138000,7750,10800,18800,30300,9320,12650,1250,3549,6000,1705
"2019-10-15",25450,139000,7680,10850,19750,30300,9320,12900,1180,3566,5990,1705
"2019-10-16",26100,139000,7800,11000,19050,30400,9300,12800,1165,3566,5950,1705
"2019-10-17",26150,140500,7570,10950,19050,30450,9220,12700,1160,3571,5990,1705
"2019-10-18",27100,139500,7480,11350,18650,30650,8960,12700,1155,3543,5940,1630
"2019-10-21",27250,140500,7220,11650,18750,30700,8890,12650,1130,3571,6010,1655
"2019-10-22",28100,141000,7300,11900,18700,30600,9000,12700,1135,3571,6020,1655
"2019-10-23",27750,140000,9490,12550,18200,30400,9100,12500,1090,3526,6090,1635
"2019-10-24",28450,139500,9470,12800,18300,30250,9090,12550,1105,3475,6090,1615
"2019-10-25",28250,143000,8860,13050,18000,30400,9110,12600,1085,3475,6100,1600
"2019-10-28",28000,144500,10550,13250,18050,30400,9160,12550,1065,3453,6070,1620
"2019-10-29",27700,148500,10600,13100,18000,30500,9220,12500,1115,3419,6090,1725
"2019-10-30",28200,139500,10350,13550,17500,30400,9130,12550,1085,3419,6110,1775
"2019-10-31",28450,137000,10650,13450,17650,30350,9030,12600,1090,3413,6130,1810
"2019-11-01",29350,136000,11450,13850,17800,30350,9060,12700,1105,3436,6180,1910
"2019-11-04",29550,138000,11050,14100,18100,30400,9050,12750,1110,3509,6250,1925
"2019-11-05",29450,138000,11250,13900,18350,30500,9060,12650,1090,3492,6320,1985
"2019-11-06",29300,138000,10750,14150,18150,30500,9180,12700,1095,3498,6320,1985
"2019-11-07",29600,138500,10750,14250,17750,30750,9220,12700,1100,3498,6350,1995
"2019-11-08",29300,136500,10300,14350,17700,30850,9280,12650,1100,3509,6350,2040
"2019-11-11",29600,134500,10600,14400,17250,30700,9210,12500,1150,3509,6410,1995
"2019-11-12",29400,134000,10800,14500,17200,30900,9240,12650,1115,3475,6400,1965
"2019-11-13",29250,135500,10250,14300,16900,31000,9240,12900,1125,3492,6390,2050
"2019-11-14",29400,135000,10550,14100,17050,31050,9300,12800,1095,3487,6390,2055
"2019-11-15",29650,136000,10750,14450,17050,31250,9250,13000,1095,3301,6230,2000
"2019-11-18",28850,137000,10800,14000,17100,30800,9150,12900,1085,3087,6080,2005
"2019-11-19",30400,137000,10500,14400,16850,30950,9110,12900,1070,3154,6190,1980
"2019-11-20",30700,135000,10050,14550,15950,30950,9070,12750,1040,3149,6350,1960
"2019-11-21",30350,133500,10200,14200,15850,30950,9150,12650,1000,3076,6210,1875
"2019-11-22",29850,133000,9970,14000,15900,31100,9100,12750,1005,3025,6290,1820
"2019-11-25",29600,136500,10450,13850,16300,30850,9190,12650,1025,2822,6370,1885
"2019-11-26",29050,135500,10400,13600,16400,30850,9090,12750,1040,2991,6370,1885
"2019-11-27",28750,132000,10900,13350,16250,30900,9040,12800,1025,3211,6340,1835
"2019-11-28",28450,132500,10400,13350,16250,30950,8980,12850,1025,3267,6260,1820
"2019-11-29",28250,134500,10400,13050,15900,31050,8960,12700,1010,3295,6200,1820
"2019-12-02",27800,133500,10750,12850,16200,31100,8960,12700,1000,3290,6250,1815
"2019-12-03",28550,131000,10500,12950,16050,31150,8860,12600,1000,3312,6200,1750
"2019-12-04",29050,130500,10550,13000,15700,31100,8850,12500,1015,3278,6130,1725
"2019-12-05",28550,132500,10000,12700,15550,31150,8820,12400,996,3295,6100,1715
"2019-12-06",28450,132500,10200,12600,16200,31150,8750,12450,999,3357,6140,1800
"2019-12-09",28000,130000,10000,12500,16250,31000,8660,12500,1000,3408,6220,1760
"2019-12-10",27900,132500,10850,12300,16250,30800,8560,12500,997,3537,6260,1760
"2019-12-11",28450,135500,7600,12250,16400,30900,8400,12600,997,3577,6190,1765
"2019-12-12",28100,137500,7860,12250,16400,30950,8400,12550,1000,3526,6200,1770
"2019-12-13",27200,140500,7810,12350,16300,30700,8320,12650,1010,3605,6160,1725
"2019-12-16",27300,142500,7860,12400,16150,30550,8410,12650,1025,3605,6200,1715
"2019-12-17",27050,142000,7040,12550,16050,30750,8440,12850,1020,3594,6130,1740
"2019-12-18",28000,143000,7080,12900,16650,30700,8390,12850,1005,3594,6160,1785
"2019-12-19",27650,140500,6270,12600,16400,30750,8440,12800,1005,3616,6160,1815
"2019-12-20",27600,141000,6220,12950,16500,30900,8380,12900,1005,3650,6110,1805
"2019-12-23",27800,140500,6230,12850,16300,31200,8370,12950,1100,3622,6120,1780
"2019-12-24",28100,141000,6320,12750,16000,31200,8410,13000,1100,3605,6270,1770
"2019-12-26",27900,144000,6460,12650,16200,31200,8550,13100,1125,3661,6300,1785
"2019-12-27",28750,139000,6480,13100,16450,30050,8520,12450,1140,3656,6190,1780
"2019-12-30",29000,140000,6590,13200,16750,30700,8490,12550,1130,3661,6140,1780
"2020-01-02",28900,136500,6570,13200,16700,30300,8410,12450,1145,3633,6030,1780
"2020-01-03",28550,137000,6560,13300,16650,30200,8460,12350,1190,3611,6060,1760
"2020-01-06",28650,135000,6280,13500,16100,30200,8350,12100,1160,3549,6020,1715
"2020-01-07",28450,136000,6470,13500,16450,30200,8320,12100,1150,3639,6040,1720
"2020-01-08",27700,132500,6100,13450,15600,30150,8130,11750,1090,3588,6080,1590
"2020-01-09",27850,132500,6480,13500,16100,30300,8130,12000,1135,3594,6110,1660
"2020-01-10",27200,130500,6510,13200,17250,30550,8270,11950,1160,3633,6110,1695
"2020-01-13",27400,132000,6530,13150,18000,30650,8300,12050,1200,3543,6130,1735
"2020-01-14",29050,134000,6610,13750,18000,30400,8240,12050,1195,3413,6150,1730
"2020-01-15",31650,134500,6660,14450,18000,30300,8320,12100,1230,3695,6170,1705
"2020-01-16",31600,133000,6700,14400,17650,30350,8300,12000,1205,3678,6210,1730
"2020-01-17",32350,132000,6630,14600,17600,30350,8310,11900,1175,3706,6210,1745
"2020-01-20",32050,131500,6460,15000,17800,30100,8250,11950,1165,3718,6210,1740
"2020-01-21",32450,132500,6390,15300,17450,30100,8200,12000,1130,3830,6180,1715
"2020-01-22",32750,132500,6470,15450,17500,30200,8200,12000,1145,3926,6160,1725
"2020-01-23",32650,131500,6430,15200,17150,30050,8250,11950,1150,3932,6170,1740
"2020-01-28",31450,124000,6250,14500,16350,31300,8110,12300,1090,3960,6190,1690
"2020-01-29",31850,124500,6360,14700,16700,30800,8190,13650,1085,3932,6440,1670
"2020-01-30",31550,122500,6120,14500,16900,30550,8150,13550,1050,3943,6220,1670
"2020-01-31",30000,124000,5910,14150,15850,30300,8230,12450,1030,3808,6550,1640
"2020-02-03",30300,124000,6040,14200,15900,30550,8280,12600,1050,3875,6320,1610
"2020-02-04",30800,123500,6280,14400,16450,30450,8300,12650,1065,4168,6200,1615
"2020-02-05",30650,123500,6310,14350,16450,31450,8300,13700,1050,3999,6320,1640
"2020-02-06",29600,126000,6260,14100,16700,31100,8330,13850,1065,4202,6310,1630
"2020-02-07",30050,124000,8130,14200,17050,30700,8330,13600,1065,4134,6230,1645
"2020-02-10",29850,124000,10000,14250,17100,30750,8240,13350,1075,4050,6250,1640
"2020-02-11",29300,125000,9290,14000,17500,30450,8090,12950,1050,4050,6130,1665
"2020-02-12",29750,126000,9080,14250,17250,30150,8070,12550,1040,4050,6070,1645
"2020-02-13",29400,126500,8740,13950,16950,30150,8020,12500,1050,4050,6130,1675
"2020-02-14",29500,125000,8770,13950,17000,30100,7990,12350,1055,4050,6100,1670
"2020-02-17",29700,123500,8770,13950,17500,30000,7860,12350,1060,4050,6050,1695
"2020-02-18",29250,125000,8650,13900,16850,30150,7680,12700,1040,4050,6150,1665
"2020-02-19",31500,123000,8720,14300,17000,30450,7490,13400,1035,4050,6350,1690
"2020-02-20",31250,122000,8480,14000,17500,31450,7550,17400,1070,4050,8250,1655
"2020-02-21",30000,119000,8370,13550,17300,32500,7510,22000,1035,4050,10700,1610
"2020-02-24",28300,116000,7460,12750,16400,31450,7170,15500,998,4050,11100,1560
"2020-02-25",28650,116500,7940,12850,16750,31550,6970,14200,1005,4050,8980,1530
"2020-02-26",27950,116500,7960,12600,16400,31400,6730,14650,1005,4050,9800,1485
"2020-02-27",27600,114500,7500,12000,15700,30550,6500,13800,971,4050,9600,1540
"2020-02-28",26600,112500,7260,11600,14900,30450,6160,13250,896,4050,8780,1465
"2020-03-02",26350,113500,7670,11400,14900,30300,6280,14250,920,4050,8460,1465
"2020-03-03",26800,112500,7630,11750,14950,30400,6330,14750,949,4050,8400,1465
"2020-03-04",28750,111500,7810,12050,15350,30650,6370,14150,968,4050,8150,1485
"2020-03-05",29250,113500,7910,12250,15650,30850,6460,14050,988,4050,8080,1540
"2020-03-06",29250,110000,7960,12100,15300,30800,6380,14600,970,4050,8300,1525
"2020-03-09",28000,108500,7480,11700,14300,30000,6270,14850,911,4050,8480,1490
"2020-03-10",28550,106000,7590,11900,15150,30250,6290,14100,920,4050,8780,1470
"2020-03-11",27450,102500,7140,11450,14550,30100,6060,15450,891,4050,10950,1420
"2020-03-12",26400,98500,7150,10850,14000,29300,5580,15300,818,4050,10850,1330
"2020-03-13",24850,95500,6670,9780,12000,27650,5170,13000,718,4050,9130,1300
"2020-03-16",25300,95100,6520,9890,11200,27450,5230,12500,715,4050,8550,1230
"2020-03-17",25300,91700,6870,9790,11050,26150,4920,11700,716,4050,8090,1110
"2020-03-18",24600,90000,7020,9310,9910,23800,4755,10750,680,4050,7920,986
"2020-03-19",22000,81000,6700,8730,7670,21100,3795,8880,550,4050,6750,840
"2020-03-20",24200,94500,7220,9210,8610,23450,3900,9640,590,4050,7100,869
"2020-03-23",21700,87200,6840,8100,8260,23300,3660,10250,563,4050,6970,844
"2020-03-24",22700,88500,7150,8300,9010,24000,3760,10550,585,4050,7160,864
"2020-03-25",24400,89000,7430,9020,9850,24950,4090,11000,625,4050,7630,926
"2020-03-26",25450,88000,8200,9200,9940,25050,4600,12000,643,4050,7770,933
"2020-03-27",25500,86800,7890,9450,10550,25050,4645,12650,653,4050,8460,975
"2020-03-30",25850,84200,8250,9700,10650,24850,4770,13400,705,4050,8920,1040
"2020-03-31",26850,85000,8900,10050,10750,25450,4840,13400,741,4050,8700,1065
"2020-04-01",26950,87600,8800,10200,10800,25450,4900,13000,759,4050,8050,1140
"2020-04-02",26950,87600,8890,10300,11000,25450,4940,14150,782,4050,9480,1200
"2020-04-03",28050,88600,8890,10950,11450,26100,5060,14150,794,4050,9030,1270
"2020-04-06",29500,91200,9250,11750,12200,27700,5540,14850,810,4050,9750,1350
"2020-04-07",29200,99500,9040,12050,12700,29800,5630,14750,818,4050,9550,1375
"2020-04-08",29450,98600,9190,12200,12700,29100,5850,14650,816,4050,9470,1335
"2020-04-09",29550,99000,8890,12250,12700,29000,5910,14950,859,4050,9550,1460
"2020-04-10",29050,102500,8570,12300,12700,28500,5970,14150,833,4050,8940,1485
"2020-04-13",28800,98600,8590,12200,12200,28400,5790,14100,807,4050,9030,1485
"2020-04-14",29000,99000,8890,12200,12500,29050,5810,14400,831,4050,9230,1520
"2020-04-16",29200,98900,9340,12050,13250,29400,5890,14300,842,4050,9340,1515
"2020-04-17",29050,99700,10900,12050,15500,29250,6040,14400,872,4050,9300,1500
"2020-04-20",29100,98800,12700,11950,17450,28900,6090,14250,915,4050,9290,1480
"2020-04-21",28750,98300,12450,11750,18900,28450,5980,14450,880,4050,9100,1415
"2020-04-22",29500,98400,12500,11750,18500,28900,5900,15000,878,4050,9580,1430
"2020-04-23",29600,100500,12450,12300,18350,28900,6020,14500,878,4050,9250,1505
"2020-04-24",31150,100500,11800,12500,17800,28750,5910,14150,857,4050,9120,1525
"2020-04-27",31800,105500,12050,12800,17900,28600,6230,14250,872,4050,9180,1565
"2020-04-28",31800,108000,11350,13300,17900,28650,6120,14400,864,4050,9460,1560
"2020-04-29",32450,109000,11050,13550,18200,29050,6370,15000,880,4050,9570,1560
"2020-05-04",33000,112000,10700,13950,17850,28850,6650,14750,879,3910,9370,1580
"2020-05-06",34450,112000,11250,14550,18750,28900,7030,14200,896,4015,9030,1695
"2020-05-07",35200,111500,10950,14600,19300,29100,7020,14200,894,4115,9030,1695
"2020-05-08",34200,111500,11250,14250,18900,29400,7100,14300,896,4160,9080,1685
"2020-05-11",34550,111500,11100,14650,18500,29350,7010,14900,878,4310,9400,1670
"2020-05-12",35000,108500,10800,14950,18650,29350,6890,14800,860,4500,9220,1630
"2020-05-13",34500,108500,11050,14850,19400,29200,6820,15900,860,4465,9570,1695
"2020-05-14",35900,106500,11650,15200,19900,29650,6870,16100,845,4475,9800,1735
"2020-05-15",36000,106000,11850,15350,19450,30100,6590,15800,839,4450,9600,1700
"2020-05-18",36050,105500,9880,16250,20250,30250,6320,14950,830,4330,9100,1675
"2020-05-19",35400,107500,10000,16250,20250,30850,6400,14850,843,4310,8610,1715
"2020-05-20",36200,110000,10250,16500,20550,31050,6720,15050,865,4315,8700,1800
"2020-05-21",35850,109000,10250,16350,21950,31050,6700,14950,867,4300,8660,1820
"2020-05-22",35800,108000,9900,16250,22050,31900,6450,14500,848,4200,8470,1775
"2020-05-25",36400,106000,10000,16500,23150,31450,6420,14550,855,4140,8600,1810
"2020-05-26",36100,106500,9940,16350,23100,31550,6460,14750,861,4220,8550,1800
"2020-05-27",36400,107000,10250,16350,23100,31100,6460,14600,862,4290,8530,1775
"2020-05-28",35800,104500,9950,16000,21650,31200,6370,15350,847,4200,8850,1745
"2020-05-29",36000,103500,9910,16300,22250,30950,6130,15000,841,4260,8610,1680
"2020-06-01",38750,105500,10050,17100,22900,30750,6150,14650,856,4190,8480,1735
"2020-06-02",38800,107500,10450,17300,22300,30600,6280,14650,877,4170,8300,1730
"2020-06-03",38050,108000,10150,16850,21700,30700,6330,14350,870,4120,8100,1785
"2020-06-04",38000,109000,10050,17300,22200,30700,6220,14400,872,4085,8170,1915
"2020-06-05",37850,110000,10250,17150,21950,30750,6200,14500,877,4100,8070,1930
"2020-06-08",37150,109500,10750,16850,21800,30650,6250,14600,888,4090,8170,1890
"2020-06-09",37250,109500,10500,17900,21950,30550,6250,14400,869,4130,8020,2045
"2020-06-10",39000,110000,10700,18200,21850,30550,6190,14350,865,4050,8010,2000
"2020-06-11",39150,106000,10300,18600,22400,30400,6080,14000,842,4005,7810,1880
"2020-06-12",40200,102000,10450,19350,21400,30250,5820,13950,818,4050,7740,1840
"2020-06-15",41000,109500,9640,20250,19250,29600,5490,13200,766,3845,7210,1690
"2020-06-16",42500,117000,10150,21700,20900,30000,5660,13650,801,3910,7630,1890
"2020-06-17",42250,113000,10100,23150,20950,30100,5600,13550,792,3830,7480,1905
"2020-06-18",42650,109000,9910,23350,20700,29900,5530,13900,785,3800,7370,1930
"2020-06-19",43000,106500,9740,23400,20950,30200,5800,13650,796,3820,7300,1980
"2020-06-22",44550,106500,9590,23500,21400,30350,5630,13900,792,3785,7330,1960
"2020-06-23",45900,105000,9330,24250,22850,30350,5490,13650,780,3840,7180,1920
"2020-06-24",45000,107000,9590,23450,22250,30200,5500,13650,781,3825,7140,1915
"2020-06-25",44100,104000,9660,22800,22250,29950,5360,13300,771,3755,7020,1915
"2020-06-26",44350,104500,9530,22700,24050,29850,5370,13200,767,3745,7020,1915
"2020-06-29",43550,101000,9070,22000,23650,29750,5300,13550,746,3720,7140,1795
"2020-06-30",43800,102000,9040,21700,24500,29700,5290,13300,756,3685,6880,1820
"2020-07-01",42450,103500,8930,21350,24500,29650,5400,13100,760,3670,6780,1750
"2020-07-02",43250,102500,9020,21750,24450,29600,5580,13000,770,3760,6840,1790
"2020-07-03",43000,103000,9210,21850,24450,29700,5610,13400,812,3770,7050,1775
"2020-07-06",43150,103000,9400,21850,25850,29750,5650,13200,802,3800,6960,1760
"2020-07-07",45600,101500,9230,22350,26450,29800,5580,13150,803,3815,6830,1755
"2020-07-08",44050,100000,9180,22300,25900,29700,5610,13200,795,3795,6850,1720
"2020-07-09",43400,98900,9120,21900,25800,29700,5600,13150,792,3780,6680,1700
"2020-07-10",45300,98900,9130,23100,24950,29650,5500,13600,880,3725,6810,1650
"2020-07-13",44100,99100,9340,22700,25650,29750,5490,13600,900,3745,7010,1630
"2020-07-14",43650,98900,9190,21850,24400,29650,5420,13550,1020,3740,6960,1615
"2020-07-15",43350,100000,9500,21600,24700,29800,5410,13300,1030,3800,6890,1665
"2020-07-16",42350,101000,9500,21100,24700,29700,5450,13200,977,3830,7050,1665
"2020-07-17",42300,100500,9610,21350,24350,29750,5500,13250,952,3800,7030,1665
"2020-07-20",41200,105000,9550,20450,23850,29800,5400,13250,938,3800,6880,1640
"2020-07-21",42400,105000,9480,20850,24700,29800,5450,13200,927,3795,7150,1660
"2020-07-22",42900,104000,9440,20750,24400,29800,5390,13200,920,3825,7090,1655
"2020-07-23",42300,103000,9420,20500,23950,29900,5340,13600,895,3835,7320,1640
"2020-07-24",41600,101000,9260,20150,23300,29900,5300,13250,905,3835,7100,1610
"2020-07-27",42950,101500,9130,20850,23400,29950,5330,13200,897,3915,7070,1645
"2020-07-28",42200,100000,9250,20800,24550,29950,5370,13100,882,3905,6990,1600
"2020-07-29",42550,101000,9250,21650,24050,29900,5600,13300,903,3875,7160,1620
"2020-07-30",41550,100500,9650,21450,23500,30100,5520,13700,891,3875,7150,1595
"2020-07-31",41550,101000,9480,21350,23550,30000,5400,13750,886,3870,7110,1560
"2020-08-03",43500,99900,9240,22300,23650,30300,5330,14800,882,3940,9240,1535
"2020-08-04",43650,102000,9850,22200,23800,30200,5300,14500,885,4060,8820,1510
"2020-08-05",46500,101000,10050,22650,23700,30450,5290,14400,869,4160,8960,1535
"2020-08-06",44600,101500,10100,22050,23600,30650,5370,14850,869,4105,8630,1515
"2020-08-07",44300,102000,9930,21700,23800,30500,5480,14500,879,4145,8430,1685
"2020-08-10",44300,101000,10050,21500,24700,30550,5480,14600,864,4140,8460,1660
"2020-08-11",44800,100500,9900,21800,23950,30500,5580,14600,864,4310,8320,1750
"2020-08-12",44950,101500,9640,21800,23100,30350,5640,14100,850,4495,8190,1685
"2020-08-13",44100,101500,10150,21500,23100,30250,6050,14300,859,4595,8340,1685
"2020-08-14",41350,102000,10900,20800,22600,30600,6000,13550,875,4660,7790,1580
"2020-08-18",39300,99800,10150,19550,20750,30750,5530,14150,816,4445,8960,1495
"2020-08-19",38900,99700,10350,19900,21450,31000,5650,13500,825,4445,8300,1500
"2020-08-20",38850,95100,10100,19250,20600,30650,5510,14450,792,4335,10300,1415
"2020-08-21",38900,96500,10250,19100,20400,31300,5490,14150,798,4375,9810,1385
"2020-08-24",38900,95000,10350,19200,20700,31700,5440,14250,801,4315,10000,1370
"2020-08-25",39000,95300,11250,19000,21350,31650,5560,13950,833,4420,9470,1390
"2020-08-26",37900,93900,11400,18500,21300,31500,5530,14200,830,4800,9320,1450
"2020-08-27",37000,91800,11000,17800,20600,31550,5380,14750,805,4755,10050,1530
"2020-08-28",36650,94000,10800,17850,20850,31450,5510,14150,818,4720,9620,1730
"2020-08-31",36900,94100,10650,17900,21150,31150,6070,13850,846,4725,9150,1920
"2020-09-01",38100,93700,10650,17700,21650,31100,5760,13750,852,4715,8710,1800
"2020-09-02",38200,94200,10450,17800,21700,31050,6230,13800,854,4690,8720,1845
"2020-09-03",38100,95400,10300,17650,22500,30800,6150,13700,855,4730,8730,1840
"2020-09-04",37300,94300,10050,17100,22250,30500,6090,13400,848,4710,8590,1785
"2020-09-07",36700,93500,9980,17150,23650,30700,6460,13500,875,4710,8670,1795
"2020-09-08",38050,94800,9940,17600,23000,30650,6530,13350,856,4690,8450,1710
"2020-09-09",37050,93400,10650,17200,23100,30500,6360,13200,857,4675,8200,1680
"2020-09-10",37600,92900,10400,17300,23950,30550,6560,13350,863,4755,8360,1715
"2020-09-11",37350,93700,10450,17150,24400,30600,6810,13600,867,4755,8450,1725
"2020-09-14",37300,94700,10200,17000,25050,30600,7000,13500,880,4790,8500,1730
"2020-09-15",38500,94300,10250,17250,24550,30600,7020,13450,864,4865,8430,1735
"2020-09-16",37950,94200,10200,17200,23850,30550,7430,13450,872,4780,8380,1710
"2020-09-17",37150,93500,10050,17200,23050,30350,7300,13200,857,4695,8240,1680
"2020-09-18",36850,93300,10000,16700,23250,30500,6760,13050,849,4685,8230,1690
"2020-09-21",36050,93100,9900,16550,22700,30350,6730,12950,903,4585,7860,1645
"2020-09-22",34900,91700,9840,16100,21550,30250,6500,12550,932,4610,7630,1525
"2020-09-23",34900,91500,9610,16250,21250,30150,6350,12650,904,4635,7610,1490
"2020-09-24",33800,89000,9130,16000,19900,30050,6190,12150,878,4600,7210,1480
"2020-09-25",33350,88900,9240,15700,20050,30000,6230,12200,879,4570,7200,1495
"2020-09-28",35950,89000,9360,16900,20750,30050,6380,12400,878,4615,7400,1535
"2020-09-29",36250,90000,9850,16950,20950,30200,6450,12500,900,4585,7550,1540
"2020-10-05",35950,89700,10050,16950,21650,30400,6490,13300,887,4560,9280,1570
"2020-10-06",38300,88800,9900,17300,21400,30550,6560,12850,880,4600,8370,1575
"2020-10-07",37550,88600,9990,17150,21550,30650,6490,12900,909,4620,8350,1605
"2020-10-08",37700,88700,9990,17250,21500,31000,6650,12900,898,4625,8310,1625
"2020-10-12",37900,88600,9870,17300,21900,31100,6850,13050,896,4600,8230,1690
"2020-10-13",38700,88700,10050,17300,22400,30900,6850,13000,896,4600,8220,1680
"2020-10-14",38500,88200,9900,17250,22250,31000,6790,13000,886,4595,8230,1650
"2020-10-15",38800,86900,9600,17300,22400,30850,6880,12700,868,4560,8040,1720
"2020-10-16",37950,86900,9400,16800,21800,30850,6450,12450,850,4540,7750,1650
"2020-10-19",37500,88500,9470,16800,21050,30900,6600,12550,849,4515,7750,1605
"2020-10-20",37200,88000,9540,16350,20700,31000,6630,12600,841,4425,7820,1560
"2020-10-21",37350,88900,9590,16450,21050,30850,6600,12900,842,4390,8160,1585
"2020-10-22",36250,88400,9400,16300,20350,30700,6540,12800,828,4260,7980,1590
"2020-10-23",35100,88800,9370,15700,20350,30900,6670,12800,826,4255,7900,1580
"2020-10-26",33950,88000,9290,15400,19550,31000,6670,12500,810,4275,7510,1500
"2020-10-27",33750,88100,9190,15150,19350,30850,6630,12500,805,4280,7340,1500
"2020-10-28",34500,87900,9280,15100,20150,31000,6520,12550,814,4340,7430,1565
"2020-10-29",33850,87000,9510,14750,20000,30850,6470,12850,812,4320,7630,1535
"2020-10-30",33500,85900,9120,14600,19700,30850,6350,12500,823,4285,7690,1500
"2020-11-02",33650,86500,9130,14800,20000,30900,6380,12450,829,4290,7780,1500
"2020-11-03",33700,87100,9260,15200,20000,30850,6410,12550,841,4270,7850,1525
"2020-11-04",34800,87900,9380,15500,19900,31000,6450,12750,842,4275,7720,1550
"2020-11-05",35150,88300,9670,15600,20450,31200,6500,12750,847,4330,7870,1570
"2020-11-06",34600,88400,9290,15600,20350,31050,6470,12850,888,4380,7820,1605
"2020-11-09",34650,88500,9400,15700,21000,31000,6520,13000,888,4450,7950,1630
"2020-11-10",34700,89000,9280,15750,21450,30950,6550,13000,886,4500,7760,1645
"2020-11-11",34650,90500,9280,16000,21400,31100,6620,13000,911,4640,7610,1655
"2020-11-12",34750,91300,9280,16000,23400,31200,6620,13150,916,4655,7900,1640
"2020-11-13",33500,90000,9200,15950,22200,31350,6620,13250,895,4680,8150,1610
"2020-11-16",34200,90000,9280,16000,22650,31250,6500,13300,922,4925,8320,1615
"2020-11-17",33600,96700,9110,15600,21800,31200,6460,13100,1020,5000,8160,1620
"2020-11-18",33750,97100,9130,15650,21600,31200,6480,13700,1040,5080,8480,1665
"2020-11-19",33500,96900,9190,15550,21500,31100,6380,13750,1000,5040,8350,1675
"2020-11-20",33700,99800,10000,15350,22050,31300,6360,13850,1000,5030,9020,1655
"2020-11-23",33500,98700,9630,15100,22050,31200,6370,13800,1000,4995,9070,1640
"2020-11-24",32950,100000,9610,15150,22100,31250,6440,13500,1010,4980,8790,1655
"2020-11-25",32650,97900,9350,15500,21750,31500,6580,13450,987,4985,8700,1630
"2020-11-26",32600,98600,9510,15950,21700,31600,6600,13700,959,4990,9170,1670
"2020-11-27",32450,98400,9560,15950,21900,31500,6670,13700,964,4990,9110,1655
"2020-11-30",31950,99400,9660,15800,21700,31350,6800,13700,954,4980,8770,1650
"2020-12-01",31850,98800,9660,15700,21450,31300,6910,13600,947,4980,8760,1635
"2020-12-02",31300,98700,9600,15400,21400,31300,6900,13550,960,4990,8660,1660
"2020-12-03",32400,99300,9550,15500,21550,31250,6830,13650,952,5170,8570,1735
"2020-12-04",31800,101500,9750,15400,21150,31150,6720,14050,963,5350,8930,1755
"2020-12-07",31500,103500,9820,14950,20700,30900,6640,13750,955,5600,8910,1975
"2020-12-08",31300,104000,9740,14600,21250,30950,6690,14100,959,5830,8990,1940
"2020-12-09",31350,108000,9840,15950,22100,31200,6770,14200,1010,5700,9080,1905
"2020-12-10",33000,112000,10050,16050,21900,30650,6880,14250,1010,5680,9170,2090
"2020-12-11",32700,113500,10000,15950,21750,31050,6980,14350,1010,5690,9070,2230
"2020-12-14",32200,114000,10200,15650,22350,31100,6970,14500,1050,5640,9220,2350
"2020-12-15",31900,111000,9980,15400,21950,31050,6820,14150,1015,5600,8970,2285
"2020-12-16",32000,109500,9890,15450,21950,31150,6870,14300,1015,5540,9100,2360
"2020-12-17",31800,107500,9840,15350,21750,31250,6840,14100,1000,5600,8900,2370
"2020-12-18",32100,110000,9780,15400,21650,31300,6950,14050,988,5600,8970,2335
"2020-12-21",32050,108000,9590,15350,21400,31350,7300,13950,965,5600,8780,2265
"2020-12-22",31600,107000,9540,15100,20950,31350,7100,13650,932,5560,8550,2160
"2020-12-23",31450,111500,9460,15100,20650,31400,6910,13600,923,5600,8410,2095
"2020-12-24",31650,111500,9480,15150,20800,31550,7000,13950,925,5720,8530,2035
"2020-12-28",32250,110000,9570,15150,20550,31700,7060,13800,885,5800,8550,2040
"2020-12-29",32000,109500,10000,14950,20950,30800,7070,13700,918,5720,8490,2040
"2020-12-30",31850,108500,10250,15050,20950,30700,7180,13500,917,5620,8410,2115
"2021-01-04",32000,107000,10200,14950,21450,30400,7040,13350,930,5550,8140,2005
"2021-01-05",33200,106000,10300,15200,21450,30400,6970,13650,925,5500,8220,1980
"2021-01-06",34300,108000,10450,15400,21250,30500,7140,13550,944,5530,8210,2015
"2021-01-07",35400,108500,10100,15950,21950,30750,7120,13600,942,5710,8200,2050
"2021-01-08",34800,109000,9780,15800,21650,30600,7050,13550,952,5710,8000,2010
"2021-01-11",34050,112500,9680,15350,21550,30350,6810,13150,922,5940,7730,1935
"2021-01-12",35200,117500,9550,15550,21250,30350,6820,13200,926,5850,7660,2130
"2021-01-13",35500,121000,9560,15800,22050,30400,7010,13200,925,5890,7730,2040
"2021-01-14",36600,128000,9630,16150,22050,30400,7100,13100,940,5940,7810,2190
"2021-01-15",35750,123500,9530,15850,21550,30500,7490,12950,956,6150,7750,2135
"2021-01-18",34000,121000,9400,15200,20800,30350,7310,12800,950,6480,7900,2015
"2021-01-19",34100,123500,9500,15500,21200,30350,7340,12850,951,6470,8110,2000
"2021-01-20",33750,122000,9560,15400,22050,30350,7220,12950,943,6580,8540,2060
"2021-01-21",33800,125000,9570,15700,21900,30350,7350,13000,957,6790,8710,2230
"2021-01-22",34850,125000,9420,15750,22500,30500,7400,13000,942,6980,8750,2220
