"","121440","068290","024950","002450","088390","039830","050120","066910","123750","032540"
"2016-01-25",8340,14100,19250,2995,7716,12300,758,4368,8388,3790
"2016-01-26",7840,14000,19250,2940,7399,11900,733,4249,8085,3820
"2016-01-27",7900,13650,19900,2925,7226,11850,733,4225,8243,3865
"2016-01-28",8300,14000,19850,3000,7053,12050,740,4335,8572,3865
"2016-01-29",8060,13800,19800,3045,7111,12100,735,4411,8913,3975
"2016-02-01",8110,13550,19400,3065,7053,11900,728,4321,8940,4600
"2016-02-02",7910,13600,18950,3030,7140,12300,728,5614,9137,4435
"2016-02-03",7720,13350,19700,2940,7053,12650,710,5290,9229,4130
"2016-02-04",7900,13000,19500,3005,7169,12650,713,5194,9439,4280
"2016-02-05",7780,12900,19600,3000,7169,12750,735,5233,9650,4200
"2016-02-11",7780,12300,18800,2910,6650,12750,743,4812,9452,4400
"2016-02-12",7370,11050,18000,2620,6247,11750,770,4493,8677,4320
"2016-02-15",7460,11700,18400,2740,6506,11950,750,4975,9794,4165
"2016-02-16",7910,11950,18100,2840,6650,12100,750,4898,9834,4245
"2016-02-17",7960,11350,18300,2855,6622,12250,728,4889,9689,4120
"2016-02-18",8090,11650,18800,2970,6794,12150,733,5003,10018,4230
"2016-02-19",8590,11750,18500,2980,6794,11700,720,5042,9913,4390
"2016-02-22",8860,11600,18850,3030,6938,11800,750,5338,9913,4470
"2016-02-23",8190,11650,19500,3070,6967,11800,735,5166,9689,4195
"2016-02-24",8350,11650,20250,3070,6996,11650,750,5233,9702,4280
"2016-02-25",8190,11600,20100,3025,6996,11650,745,5223,10123,4270
"2016-02-26",8070,11600,20250,3055,6967,11650,745,5338,10175,4310
"2016-02-29",8200,11500,20900,2965,6909,11300,748,5185,10228,4400
"2016-03-02",8120,12150,20350,2960,6852,11300,753,5252,10373,4230
"2016-03-03",7900,12150,19950,2910,7025,11700,750,5127,10320,4120
"2016-03-04",7740,12000,20400,2985,7140,11800,753,5395,10215,4050
"2016-03-07",8270,11950,20200,2965,6967,11750,815,5414,10386,4175
"2016-03-08",8270,11750,20300,2960,7025,11700,795,5433,10767,4095
"2016-03-09",8550,11750,19900,2995,6881,11700,800,5433,10649,4090
"2016-03-10",8750,11550,19950,3040,6938,11800,825,5423,10767,4010
"2016-03-11",8880,11600,19950,3145,7053,11650,815,5557,11175,4030
"2016-03-14",9150,11450,19850,3185,7025,11650,823,5376,11819,4100
"2016-03-15",9150,11300,19650,3120,6967,11800,803,5338,11569,4040
"2016-03-16",8870,11300,19200,3065,6996,11800,803,5318,11779,4055
"2016-03-17",8820,11500,19700,3060,6938,11800,795,5395,11727,4025
"2016-03-18",8700,11500,19550,3075,7169,11650,803,5357,11516,3905
"2016-03-21",8880,11300,19350,3045,7313,11400,808,5194,11424,3870
"2016-03-22",8910,11200,19850,3085,7370,11400,870,5280,11109,3840
"2016-03-23",9050,11400,19550,3020,7572,11250,880,5328,11043,3840
"2016-03-24",9110,11900,19350,3035,7514,11200,863,5252,11161,3725
"2016-03-25",8800,11750,18900,3020,7572,10900,848,5252,11083,3725
"2016-03-28",8500,11700,18500,2990,7572,10950,893,5328,10964,3585
"2016-03-29",8670,11900,18700,2990,7572,11250,880,5614,11043,3715
"2016-03-30",8710,11750,19100,2965,7716,11250,890,5987,11595,3710
"2016-03-31",8710,12000,18800,2925,7600,11350,900,5910,11398,3750
"2016-04-01",8580,11900,19000,2920,7428,11350,898,5939,10714,3815
"2016-04-04",8810,12400,18450,2880,7658,11600,860,5844,10412,3770
"2016-04-05",8620,12300,19050,2855,7716,11400,943,5930,10425,3780
"2016-04-06",8600,12300,18700,2825,7629,11300,943,6178,10544,3740
"2016-04-07",8600,12150,20200,2830,8032,11450,968,6245,10728,3800
"2016-04-08",8480,12150,21100,2810,8003,11650,965,6273,10767,3815
"2016-04-11",8450,12050,21350,2790,8003,11650,935,6283,10386,3800
"2016-04-12",8480,12400,21050,2940,7946,11600,910,6311,10636,3715
"2016-04-14",8300,12700,20500,2930,7888,11600,960,6378,10530,3745
"2016-04-15",8310,12950,20850,3230,7860,11750,948,6369,10386,3750
"2016-04-18",8120,13400,21500,3240,7802,11650,965,6369,10333,3760
"2016-04-19",8160,13500,21250,3210,7831,12050,960,6397,10386,3765
"2016-04-20",8060,13450,22150,3255,7773,12450,968,6445,10294,3875
"2016-04-21",8040,13300,22400,3250,7744,12300,953,6703,10478,3930
"2016-04-22",8150,13450,22550,3225,7600,12650,955,6655,10728,3915
"2016-04-25",7890,13550,21950,3165,7917,12350,950,6674,10741,3835
"2016-04-26",7690,13350,21900,3295,7773,12100,955,6579,10714,3915
"2016-04-27",8060,13100,22200,3200,7716,12150,963,6588,10649,3970
"2016-04-28",8050,13050,22250,3180,7629,12000,968,6598,10517,3960
"2016-04-29",8020,12900,22200,3085,7716,11950,943,6655,10189,4030
"2016-05-02",7850,12900,22050,3050,7572,11850,945,6493,9834,3995
"2016-05-03",7910,13450,22950,3120,7658,12100,948,6417,9847,3950
"2016-05-04",7800,13300,22950,3050,7600,12050,975,6168,9584,3905
"2016-05-09",7680,13250,22450,2950,7485,11950,1000,6273,9268,3740
"2016-05-10",7840,13250,22400,2955,7514,12250,1045,6073,9742,3750
"2016-05-11",7900,13000,21350,3035,7543,12200,1013,6283,9623,3855
"2016-05-12",7840,13100,21000,3000,7543,12300,988,6264,9623,3820
"2016-05-13",7730,13100,21400,2985,7428,12050,1005,6359,9466,3800
"2016-05-16",7670,13150,22150,3000,6938,12000,978,6121,9229,3735
"2016-05-17",7510,12650,22000,3170,6967,12750,918,6178,8940,3780
"2016-05-18",7440,12150,22100,3230,6938,12700,890,5968,8664,3775
"2016-05-19",7290,12100,21550,3165,6823,12250,885,6015,8782,3760
"2016-05-20",7250,12500,21300,3385,6708,12400,898,5958,8716,3730
"2016-05-23",7290,12450,21200,3565,6852,12350,938,6245,8677,3730
"2016-05-24",7200,12900,20900,3520,6823,12350,955,6178,8664,3605
"2016-05-25",7350,13100,21300,3370,6766,12550,993,5949,8598,3635
"2016-05-26",7510,13000,20650,3420,6737,12450,993,5939,8874,3790
"2016-05-27",7550,13250,20400,3475,6909,12900,1048,6015,8808,3790
"2016-05-30",7520,13150,19950,3320,6766,12700,1025,5767,8624,3855
"2016-05-31",7390,13350,20450,3330,6852,12700,1070,5930,8572,3785
"2016-06-01",7710,13350,19900,3335,6996,12700,1073,5968,8558,3750
"2016-06-02",7600,12850,20050,3275,6967,12650,1080,5891,8506,3745
"2016-06-03",7590,12850,19400,3220,6852,12700,1138,5767,8519,3775
"2016-06-07",7600,12650,19600,3235,6909,13050,1190,5805,8572,3765
"2016-06-08",7460,12300,19300,3285,6823,12950,1210,5624,8572,3815
"2016-06-09",7550,12150,19050,3150,6737,12750,1218,5490,8769,3820
"2016-06-10",7580,12300,19050,3070,6708,12650,1265,5548,8795,3815
"2016-06-13",7270,12200,19100,2945,7025,12200,1263,5366,8834,3750
"2016-06-14",7260,12000,18550,2930,7025,12300,1215,5443,8769,3750
"2016-06-15",7100,12000,18450,2850,7284,12100,1305,5538,8624,3790
"2016-06-16",7000,11900,17700,2805,7140,12250,1203,5290,8243,3770
"2016-06-17",7080,11800,17750,2785,7082,12000,1218,5299,8203,3755
"2016-06-20",7100,11850,17850,2845,7197,12250,1198,5433,8019,3750
"2016-06-21",7150,11900,17900,2830,7140,12300,1093,5357,8006,3735
"2016-06-22",7400,11750,18650,2825,7284,12200,1053,5347,7954,3695
"2016-06-23",7410,11550,18800,2785,7025,12100,1063,5194,7809,3690
"2016-06-24",7140,10900,17650,2550,6478,11200,1030,4841,7362,3600
"2016-06-27",7210,10500,17250,2630,6535,11150,1018,4937,7507,3550
"2016-06-28",7740,10750,17350,2690,6679,11400,1073,4994,7848,3600
"2016-06-29",7800,11250,18100,2735,7025,11500,1073,5166,7954,3610
"2016-06-30",7630,11250,17950,2730,6938,11550,1105,5166,7993,3925
"2016-07-01",7770,11400,17750,2755,7025,11500,1095,5175,7967,3850
"2016-07-04",8090,11350,17600,2805,6881,11250,1080,5280,7980,3815
"2016-07-05",8110,11400,17700,2765,7082,11300,1080,5166,7993,3945
"2016-07-06",7930,10900,17350,2710,7053,11000,1063,5032,7927,3850
"2016-07-07",8200,11100,17400,2750,7485,11250,1098,5127,7901,3875
"2016-07-08",8090,10850,17150,2715,7572,11550,1078,5204,7756,3790
"2016-07-11",8200,10900,17400,2705,7716,12000,1085,5166,7993,3825
"2016-07-12",8140,11850,17400,2715,7888,11600,1080,5328,7927,3850
"2016-07-13",8140,11600,17600,2765,7888,11450,1125,5662,8164,4050
"2016-07-14",8150,12300,18050,2740,7917,11650,1005,5748,8243,4035
"2016-07-15",8390,12250,17700,2745,7831,12100,960,5958,8295,4000
"2016-07-18",8450,12800,17600,2725,7716,12300,975,6015,8374,3980
"2016-07-19",8370,12500,17750,2705,8838,12450,998,5825,8335,3920
"2016-07-20",8410,12900,17650,2690,9126,12100,980,5614,8401,3860
"2016-07-21",8330,12250,17700,2770,9040,11900,988,5643,8361,4005
"2016-07-22",8340,11950,17700,2760,8925,12050,1000,5758,8309,4000
"2016-07-25",8280,11450,17400,2870,9040,11850,1005,5844,8295,4055
"2016-07-26",8200,11600,17450,2830,9069,11850,988,5758,8295,4010
"2016-07-27",8240,11450,17600,2830,8982,11750,1010,5767,8295,3960
"2016-07-28",8220,11650,17400,2810,9385,11750,975,5614,8243,3970
"2016-07-29",8430,11450,17300,2800,9702,11850,960,5805,8335,3965
"2016-08-01",8440,11350,17100,2775,9644,12050,970,5719,8361,4015
"2016-08-02",8270,11300,16850,2715,10364,12350,953,5767,8348,4050
"2016-08-03",8180,11150,16750,2675,10220,12250,963,5672,8480,3970
"2016-08-04",8150,11350,16650,2690,10393,12450,953,5777,8585,3995
"2016-08-05",8280,11250,16700,2645,10220,12600,975,5977,8164,3955
"2016-08-08",8530,11100,16950,2650,9817,12600,980,5863,8348,3945
"2016-08-09",8220,11100,17050,2650,10249,12650,978,5939,8572,4020
"2016-08-10",8300,11400,16750,2680,10249,12300,955,5901,8269,4130
"2016-08-11",8130,11250,16750,2675,9932,12700,950,5729,8295,4050
"2016-08-12",8130,11550,16750,2695,10393,12700,948,5748,8243,4065
"2016-08-16",8020,11650,16700,2715,10019,12500,950,5433,8177,3880
"2016-08-17",8200,11300,16300,2655,10307,11950,963,5280,8072,3740
"2016-08-18",8140,11200,16100,2625,11026,11750,973,5385,7967,3805
"2016-08-19",8010,11250,16100,2630,10998,11650,968,5290,7848,3800
"2016-08-22",7950,11200,15700,2620,10796,11450,943,5280,7901,3745
"2016-08-23",7770,11050,16050,2585,10508,11600,950,5156,7901,3760
"2016-08-24",7650,11200,16150,2600,10854,11400,928,5118,7888,3750
"2016-08-25",7500,11200,16050,2635,10882,11100,895,5127,7822,3715
"2016-08-26",7530,11250,16150,2605,10767,11100,915,5137,7783,3710
"2016-08-29",7440,10850,15900,2530,10249,10950,905,4956,7770,3645
"2016-08-30",7450,11150,15850,2515,10479,10950,910,5051,7651,3650
"2016-08-31",7390,11000,15500,2450,10566,10750,898,5032,7559,3660
"2016-09-01",7410,11350,15600,2495,10623,10950,923,5022,7730,3750
"2016-09-02",7390,11800,15900,2595,11228,10950,913,5070,8019,3750
"2016-09-05",7510,11850,15600,2600,11401,11050,920,5156,8019,3820
"2016-09-06",7610,11850,15600,2615,10882,11100,965,5118,8111,3850
"2016-09-07",7610,11300,15300,2625,10623,10950,968,5108,8019,3820
"2016-09-08",7580,13450,14700,2570,10249,10650,953,4975,7914,3755
"2016-09-09",7550,13850,14400,2530,10163,10500,955,4898,7809,3765
"2016-09-12",7500,14900,14150,2480,9443,10350,920,4812,7599,3715
"2016-09-13",7520,14900,14250,2495,9961,10500,938,4898,7678,3700
"2016-09-19",7690,13000,14200,2750,10019,10500,945,4908,7756,3705
"2016-09-20",7840,12900,14400,2780,10191,10500,948,5108,7848,3775
"2016-09-21",7800,12400,14250,2715,10019,10650,960,5118,7848,3835
"2016-09-22",7750,12350,14150,2775,10364,10800,958,5061,7822,3820
"2016-09-23",7740,12150,14200,2745,10220,10850,958,5127,7835,3955
"2016-09-26",7740,12150,14100,2785,10163,10650,1005,5080,7743,4020
"2016-09-27",7810,11800,14150,2865,10479,10550,998,5061,7743,3920
"2016-09-28",7810,12000,14150,2860,10479,10500,990,5089,7888,4000
"2016-09-29",7800,11950,14150,2820,10652,10650,1003,5099,7980,4010
"2016-09-30",7780,11500,14000,2760,10767,10400,980,4965,7835,3950
"2016-10-04",7990,11550,14100,2850,10854,10600,988,5127,7691,3930
"2016-10-05",7980,11800,14300,2890,10652,10500,998,5309,7664,3985
"2016-10-06",8040,11850,14750,2830,10537,10350,985,5309,7783,4000
"2016-10-07",8060,12600,14300,2730,10566,10250,985,5175,7664,4030
"2016-10-10",8030,13500,14450,2705,9990,10650,985,6722,7954,4020
"2016-10-11",7870,13200,14650,2700,9731,10700,983,8021,7704,4020
"2016-10-12",7880,13350,14700,2695,9817,10800,973,8307,7559,4020
"2016-10-13",7850,12450,14550,2630,9213,10900,973,8183,7572,3980
"2016-10-14",7940,12750,14700,2610,9702,10700,980,7639,7625,3940
"2016-10-17",7920,12300,14550,2645,9673,10650,973,7161,7559,3935
"2016-10-18",7910,12250,14600,2645,9702,10700,968,7352,7441,3900
"2016-10-19",7910,12300,14500,2625,9731,10750,970,7429,7402,3955
"2016-10-20",7930,12650,14650,2590,10048,10700,993,7371,7323,4030
"2016-10-21",8070,12350,14950,2550,9990,10350,980,6407,7217,3985
"2016-10-24",8060,12000,14550,2510,9932,10400,948,6350,7165,3975
"2016-10-25",7910,11650,14250,2450,9846,10450,948,6732,7099,4195
"2016-10-26",7710,12050,13950,2380,10048,10500,923,6827,6968,4135
"2016-10-27",7880,12150,14350,2440,10623,10800,925,7400,7047,4130
"2016-10-28",7820,11850,14100,2400,10566,10700,925,6846,6955,4080
"2016-10-31",7760,11500,14100,2300,10566,10850,903,6493,6705,4005
"2016-11-01",7730,11450,13950,2290,10595,10800,900,6741,6678,4010
"2016-11-02",7430,10950,13450,2205,10249,10250,823,6130,6363,3940
"2016-11-03",7490,11150,13650,2225,10076,10300,818,6436,6370,3955
"2016-11-04",7540,11300,13800,2235,9875,10350,823,6340,6258,4170
"2016-11-07",7720,11500,13550,2280,10163,10600,860,6636,6245,4200
"2016-11-08",7710,11500,13600,2340,9990,10800,870,6636,6238,4180
"2016-11-09",7520,10800,12750,2200,9616,10350,825,6331,5778,4110
"2016-11-10",7760,11350,12950,2300,9961,10650,858,6636,5982,4345
"2016-11-11",7770,11200,13100,2290,9904,10900,845,6627,6172,4350
"2016-11-14",7960,11150,13000,2285,9846,10850,863,6837,6337,4275
"2016-11-15",7950,11500,12400,2260,10105,10500,863,6741,6363,4170
"2016-11-16",8000,11650,12750,2320,10796,10550,863,6970,6494,4230
"2016-11-17",8070,11650,13100,2350,10479,10900,865,7047,6389,4355
"2016-11-18",7980,11850,12800,2290,10451,10550,878,6903,6481,4235
"2016-11-21",7920,11600,12650,2225,10335,10350,870,6865,6488,4200
"2016-11-22",7980,11450,12400,2240,10307,10350,863,7075,6330,4240
"2016-11-23",8100,11100,12350,2185,10048,10250,865,6741,6297,4015
"2016-11-24",8050,10900,11900,2120,10105,9910,828,6445,6061,3950
"2016-11-25",8100,11050,11650,2190,10479,9730,825,6846,6061,4150
"2016-11-28",8010,10950,11200,2135,10335,9940,813,6827,6041,4120
"2016-11-29",7970,11300,11450,2155,10307,10100,803,6798,6028,4220
"2016-11-30",7780,11150,11700,2150,10479,10050,768,6254,6021,4215
"2016-12-01",7750,11200,12300,2185,10710,10100,773,6130,6080,4230
"2016-12-02",7840,11100,12000,2190,10335,10050,765,6092,6047,4130
"2016-12-05",7660,10900,11850,2130,10249,9960,778,5805,5942,4020
"2016-12-06",7700,11200,11750,2120,10393,9990,785,5872,5916,4150
"2016-12-07",8000,11200,11950,2095,10825,9940,790,5891,5942,4200
"2016-12-08",7870,11200,11800,2135,11487,10000,805,5996,6113,4205
"2016-12-09",7950,11400,11850,2180,11343,10200,805,6149,6199,4150
"2016-12-12",7950,11350,12100,2310,11573,10250,795,6292,6205,4170
"2016-12-13",7960,11700,12000,2315,11948,10250,828,6311,6297,4170
"2016-12-14",7900,11500,12150,2300,12092,10250,825,6732,6304,4170
"2016-12-15",8020,11650,12250,2335,12437,10350,838,6292,6402,4175
"2016-12-16",7980,11650,12350,2310,12523,10550,828,6713,6435,4160
"2016-12-19",7960,11650,12550,2370,12581,10800,823,7381,6416,4180
"2016-12-20",8100,11650,12300,2545,12293,10650,825,7276,6501,4200
"2016-12-21",8150,11600,12150,2545,12379,10650,845,6875,6534,4420
"2016-12-22",8190,11500,12250,2560,12783,10350,855,6779,6534,4395
"2016-12-23",8080,11400,12400,2685,12754,10500,870,6588,6475,4470
"2016-12-26",8170,11250,12450,2590,12466,10650,868,6311,6409,4465
"2016-12-27",8270,11300,12500,2595,13214,10450,850,6378,6442,4545
"2016-12-28",7820,11150,12500,2595,13214,10450,853,6311,6586,4435
"2016-12-29",7760,11150,12750,2565,13819,10500,853,6550,6823,4325
"2017-01-02",7390,11150,12550,2540,14164,10350,850,6607,6994,4550
"2017-01-03",7370,11500,12650,2620,13934,10200,845,6474,7139,4630
"2017-01-04",7450,11600,12750,2705,13905,10200,858,6493,7402,4695
"2017-01-05",7460,11750,12850,2705,14222,10150,863,6331,7336,4600
"2017-01-06",7440,11700,12850,2785,13963,10100,875,6283,7428,4700
"2017-01-09",7380,12100,12700,2775,14481,10150,910,6378,7691,4560
"2017-01-10",7370,12500,12700,2730,14222,10100,903,6168,7625,4565
"2017-01-11",7430,12400,12650,2680,13992,9990,913,6149,7480,4555
"2017-01-12",7100,12400,12550,2635,14452,9840,895,6025,7388,4590
"2017-01-13",7110,12350,12300,2645,14078,9830,903,6015,7296,4530
"2017-01-16",6990,12300,12400,2600,13819,9850,900,6159,7152,4440
"2017-01-17",7020,12150,12250,2585,14193,9890,903,6111,7257,4410
"2017-01-18",7010,11850,12400,2565,15777,10100,898,5968,7296,4385
"2017-01-19",6880,12000,12700,2485,15921,9950,890,5987,7296,4385
"2017-01-20",6830,11900,12600,2465,16525,9890,880,5805,7296,4415
"2017-01-23",6860,11400,12450,2380,16036,9800,848,5576,7244,4420
"2017-01-24",6850,11500,12400,2390,15661,9800,850,5567,7217,4415
"2017-01-25",6880,11650,12350,2340,15777,9850,843,5595,7125,4500
"2017-01-26",6960,12000,12500,2400,16813,10000,845,5624,7125,4500
"2017-01-31",6930,11850,12650,2385,16871,10050,843,5729,6836,4630
"2017-02-01",6980,12050,12650,2445,17015,9950,865,5930,7033,4640
"2017-02-02",6860,11650,12850,2280,16295,9950,898,5748,6994,4705
"2017-02-03",6790,11650,13300,2250,16468,9840,883,6044,6968,4690
"2017-02-06",6560,11900,14100,2240,15978,9830,895,6025,7047,4580
"2017-02-07",6550,11750,14300,2245,15921,10000,893,6130,7139,4505
"2017-02-08",6480,11900,14200,2250,16295,9910,890,5825,7139,4425
"2017-02-09",6390,11900,13900,2300,16439,9860,908,5815,7112,4595
"2017-02-10",6540,11700,13800,2325,15892,9870,938,5825,7099,4595
"2017-02-13",6610,11800,13700,2350,15460,9740,943,5796,7099,4580
"2017-02-14",6640,11650,14100,2345,15143,9750,975,5729,7060,4610
"2017-02-15",6670,11600,14050,2365,15316,9850,950,5786,7165,4295
"2017-02-16",6670,11700,13950,2345,15719,9770,960,6035,7086,4430
"2017-02-17",6700,12150,13700,2340,16496,9760,940,5968,7073,4400
"2017-02-20",6750,11900,13750,2345,16352,9720,950,5834,7099,4475
"2017-02-21",6800,12000,13850,2360,16180,9790,955,5968,7191,4560
"2017-02-22",6760,11900,13750,2375,16122,9800,943,5939,7152,4685
"2017-02-23",6710,11900,13900,2350,15431,9780,918,5825,7362,4675
"2017-02-24",6600,11900,13850,2335,14596,9670,898,5758,7402,4835
"2017-02-27",6630,11700,14400,2315,14855,9690,923,5729,7415,4800
"2017-02-28",6650,11550,14500,2295,14970,9500,910,5758,7651,4800
"2017-03-02",6660,11400,14150,2265,15172,9450,920,5758,7651,5050
"2017-03-03",6520,11150,14450,2215,14855,9210,908,5614,7323,4985
"2017-03-06",6660,11450,14600,2205,16352,9250,915,5443,7533,4840
"2017-03-07",6630,11350,14750,2205,16554,9240,908,5395,7559,4960
"2017-03-08",6600,11250,14700,2170,16410,9290,908,5252,7559,4995
"2017-03-09",6550,11200,14350,2210,16208,9320,925,5242,7467,4805
"2017-03-10",6340,11450,14250,2210,16324,9330,908,5385,7415,4915
"2017-03-13",6260,11400,14500,2230,16064,9350,903,5490,7086,4960
"2017-03-14",6260,11450,14450,2210,15777,9350,905,5433,7033,4925
"2017-03-15",6090,11300,14300,2135,15777,9460,908,5252,7033,4750
"2017-03-16",6100,11150,14550,2130,15805,9520,933,5376,7099,4800
"2017-03-17",6160,11250,14550,2145,16064,9550,973,5519,7073,4810
"2017-03-20",6070,11000,14950,2150,15892,9550,1065,5376,7244,4800
"2017-03-21",6180,10800,15300,2135,15661,9530,1098,5481,7296,4800
"2017-03-22",6190,10750,15200,2400,15057,9530,1085,5471,7152,4700
"2017-03-23",6170,10850,15000,2445,14769,9410,1050,5529,7033,4795
"2017-03-24",6140,10850,15050,2295,15517,9490,1098,5481,7060,4765
"2017-03-27",6150,10850,14900,2320,15517,9420,1045,5567,6915,4725
"2017-03-28",6170,10800,14950,2285,16036,9450,1055,5595,6902,4885
"2017-03-29",6100,10650,14850,2275,15978,9450,1033,5614,6770,4850
"2017-03-30",6120,10750,15000,2290,16007,9420,1050,5519,6692,4740
"2017-03-31",6150,10800,14900,2320,16208,9620,1073,5538,6692,4755
"2017-04-03",6110,10800,14800,2320,16640,9610,1118,5557,6639,4785
"2017-04-04",6130,10900,14700,2255,16611,9580,1100,5614,6639,4755
"2017-04-05",6120,11100,14700,2260,16957,9630,1108,5710,6692,4870
"2017-04-06",6070,10950,14700,2235,17101,9610,1100,5691,6652,5160
"2017-04-07",5890,10900,14950,2250,18252,9630,1130,5710,6600,5200
"2017-04-10",5440,10600,13600,2205,18224,9530,1110,5576,6442,5040
"2017-04-11",5440,10550,13600,2175,18109,9530,1100,5691,6389,5070
"2017-04-12",5430,10550,13500,2190,18454,9530,1160,5634,6330,5040
"2017-04-13",5430,10700,13700,2215,19145,9740,1100,5739,6396,5160
"2017-04-14",5400,10500,13550,2180,19231,9670,1170,5748,6422,5060
"2017-04-17",5520,10550,13700,2235,19490,9670,1160,5777,6416,5040
"2017-04-18",5650,10500,13750,2235,19519,9770,1155,5777,6448,5120
"2017-04-19",5660,10600,13750,2215,18828,9900,1150,5872,6323,5100
"2017-04-20",5620,10500,13450,2225,18252,9850,1145,5863,6337,5130
"2017-04-21",5690,10800,13500,2210,18569,9870,1150,5882,6343,5360
"2017-04-24",5690,10650,13500,2200,18627,9960,1145,5729,6310,5230
"2017-04-25",5680,10700,13450,2220,18713,10000,1200,5882,6304,5530
"2017-04-26",5680,10700,13550,2210,18799,9990,1295,5844,6330,5460
"2017-04-27",5690,10600,13400,2200,18656,10100,1275,5739,6323,5520
"2017-04-28",5690,10400,13150,2175,19001,9980,1310,5557,6370,5300
"2017-05-02",5570,10200,13100,2180,19893,9760,1240,5500,6258,5300
"2017-05-04",5590,10450,13150,2190,20181,9700,1245,5423,6245,5330
"2017-05-08",5550,10500,13350,2210,20728,9780,1235,5252,6225,5340
"2017-05-10",5480,10700,13300,2240,20728,9740,1210,4927,6218,5290
"2017-05-11",5500,10700,13350,2235,22283,9690,1180,4917,6172,5300
"2017-05-12",5480,10600,13150,2265,22398,9640,1210,4908,6061,5450
"2017-05-15",5450,10600,13200,2240,22053,9730,1235,4879,5988,5300
"2017-05-16",5460,10300,13200,2230,22110,9700,1135,4688,5936,5260
"2017-05-17",5410,10300,13150,2290,23636,9800,1120,4645,6034,5110
"2017-05-18",5610,10300,13050,2310,23521,9830,1125,4540,6113,5120
"2017-05-19",5610,10400,12950,2285,24097,9890,1100,4688,6166,5270
"2017-05-22",5620,10350,12950,2380,24874,9900,1040,4583,6179,5200
"2017-05-23",5710,10400,12900,2415,25882,9890,1050,4602,6172,5300
"2017-05-24",5840,10550,13100,2340,25795,9900,982,4693,6080,5220
"2017-05-25",5780,10550,13150,2360,25795,9880,1000,4688,6166,5150
"2017-05-26",5840,10300,13500,2350,26976,9950,1005,4784,6199,5140
"2017-05-29",5740,10350,13450,2275,28300,10050,995,4669,6126,5210
"2017-05-30",5740,10300,13400,2305,28300,10100,992,4698,6093,5190
"2017-05-31",5670,10350,13300,2300,28300,10000,988,4703,6054,5090
"2017-06-01",5670,10400,13350,2295,28300,10100,985,4731,6310,5180
"2017-06-02",5720,10350,13250,2305,28300,10050,999,4736,6396,5150
"2017-06-05",5750,10350,13100,2300,28300,10250,1005,4698,6179,5170
"2017-06-07",5760,10300,13250,2270,28300,10200,992,4660,6179,5170
"2017-06-08",5710,10350,12900,2270,28300,10150,993,4602,6133,5170
"2017-06-09",5810,10200,12750,2295,28300,10200,997,4612,6126,5310
"2017-06-12",5740,10350,12350,2260,28300,10150,1005,4602,6113,5340
"2017-06-13",5770,10900,12050,2275,28300,10200,989,4626,6133,5330
"2017-06-14",5760,10750,12000,2280,28300,10150,986,4660,6172,5230
"2017-06-15",5690,10600,11850,2295,28300,10100,969,4602,6166,5260
"2017-06-16",5680,10700,11800,2280,28300,10000,979,4664,6093,5290
"2017-06-19",5710,10600,11700,2255,28300,9960,939,4698,6133,5240
"2017-06-20",5630,10400,11600,2285,28300,9900,923,4583,6100,5160
"2017-06-21",5620,10350,11600,2235,28300,9820,940,4478,6047,5180
"2017-06-22",5540,10500,11300,2235,28300,9700,927,4464,5982,5220
"2017-06-23",5550,10450,11500,2220,28300,9700,931,4459,5923,5320
"2017-06-26",5500,10300,11300,2215,28300,10000,919,4335,5784,5290
"2017-06-27",5510,10300,11300,2220,28300,10100,932,4421,5811,5300
"2017-06-28",5450,10350,11150,2210,28300,10100,913,4507,5798,5280
"2017-06-29",5450,10600,11200,2205,28300,10150,900,4488,5745,5480
"2017-06-30",5480,10650,11100,2180,28300,10050,908,4679,5679,5450
"2017-07-03",5480,10550,10950,2130,28300,10400,905,4674,5594,5430
"2017-07-04",5420,10500,10950,2080,28300,10500,891,4493,5403,5420
"2017-07-05",5430,10550,10950,2080,28300,10300,900,4612,5436,5350
"2017-07-06",5400,10600,11100,2100,28300,10200,922,4593,5522,5440
"2017-07-07",5420,10650,10950,2095,28300,10050,928,4641,5469,5550
"2017-07-10",5340,10450,10650,2070,21100,10000,910,4726,5410,5490
"2017-07-11",5330,10300,10500,2050,20600,10250,889,4669,5416,5480
"2017-07-12",5340,10350,10750,2025,20400,10600,884,4674,5384,5540
"2017-07-13",5250,10750,10550,2025,19950,10600,877,4636,5245,5520
"2017-07-14",5220,10600,10250,1995,19600,10450,880,4531,5173,5480
"2017-07-17",5230,11050,10350,2015,18650,10500,865,4440,5107,5480
"2017-07-18",5270,11500,10550,1990,18650,10450,869,4445,5055,5450
"2017-07-19",5330,11700,10850,2040,24200,10350,878,4550,5311,5440
"2017-07-20",5320,11700,10850,2015,22700,10400,913,4555,5219,5440
"2017-07-21",5330,11550,10500,2010,25450,10550,915,4545,5167,5520
"2017-07-24",5450,11100,10500,2000,26800,10500,915,4540,5114,5520
"2017-07-25",5520,11250,10500,1995,27100,10600,909,4464,5061,5490
"2017-07-26",5580,11250,10800,1990,24350,10650,892,4435,5140,5370
"2017-07-27",5850,11000,10750,1995,23850,10850,889,4435,5075,5430
"2017-07-28",5780,10950,10700,1975,21850,10650,874,4316,5107,5300
"2017-07-31",5620,11050,10500,1940,21850,10650,878,4321,5055,5180
"2017-08-01",5790,11300,10600,1955,22400,10600,878,4225,5055,5130
"2017-08-02",5760,11200,10700,1965,22450,10500,883,4259,5022,5150
"2017-08-03",5630,10850,10500,1900,20600,10300,870,4101,4858,5200
"2017-08-04",5540,10900,10450,1900,20050,10300,870,4034,4910,5200
"2017-08-07",5720,10950,10450,1950,19950,10150,860,4068,5015,5100
"2017-08-08",5700,10950,10650,1970,20400,10250,858,3958,5101,5140
"2017-08-09",5600,10800,10400,1930,19300,10250,858,3676,5114,5050
"2017-08-10",5510,10550,10400,1920,18900,10100,815,3705,5048,4950
"2017-08-11",5390,10500,10250,1855,18450,10100,789,3581,4877,4900
"2017-08-14",5410,10650,10200,1860,19100,10100,780,3552,4838,4880
"2017-08-16",5560,10400,10200,1895,21050,9900,820,3619,4864,4980
"2017-08-17",5630,10200,10350,1900,20800,9900,854,3671,4956,5040
"2017-08-18",5620,10450,10350,1915,21050,9930,883,3667,4969,4990
"2017-08-21",5530,10350,10200,1920,20600,9990,913,3643,5029,4975
"2017-08-22",5550,10350,10200,1940,21250,9990,925,3657,5042,5010
"2017-08-23",5560,10650,10100,1935,20900,9930,913,3628,5002,4965
"2017-08-24",5550,10650,10200,1920,21300,9750,911,3676,5035,4955
"2017-08-25",5550,10750,10600,1900,21700,9850,903,3676,5193,4985
"2017-08-28",5590,10600,10500,1910,21100,9890,909,3724,5180,5000
"2017-08-29",5510,10500,10300,1940,21050,9830,923,3690,5101,5050
"2017-08-30",5490,10550,10400,1945,21300,9820,930,3753,5160,4995
"2017-08-31",5410,10500,10350,1935,19850,9830,935,3800,5173,4995
"2017-09-01",5410,10350,10400,1995,20200,9860,974,3800,5305,5000
"2017-09-04",5300,10400,10100,1930,19650,9700,958,3681,5252,4995
"2017-09-05",5250,10600,10000,1915,19550,9680,921,3600,5114,4995
"2017-09-06",5360,10650,9900,1890,19550,9550,920,3633,5068,4905
"2017-09-07",5300,10400,9890,1900,20000,9600,917,3605,5035,5000
"2017-09-08",5240,10250,9690,1850,19650,9330,891,3514,4976,4945
"2017-09-11",5280,10200,9350,1860,19400,9550,900,3581,4864,4970
"2017-09-12",5270,10300,9400,1840,19650,9560,896,3547,4891,4900
"2017-09-13",5230,10100,9120,1770,18900,9350,879,3547,4798,4845
"2017-09-14",5240,10000,9340,1705,19150,9290,866,3538,4798,4785
"2017-09-15",5110,10100,9130,1715,19000,9300,845,3571,4759,4870
"2017-09-18",5110,9940,9210,1705,19000,9370,856,3676,4608,4870
"2017-09-19",5170,10000,9160,1720,18650,9250,867,4106,4549,4825
"2017-09-20",5120,9720,8820,1710,18300,8920,850,3724,4457,4850
"2017-09-21",5030,9310,8330,1660,17900,8880,826,3495,4338,4725
"2017-09-22",4880,9440,8190,1660,17100,8600,798,3218,4141,4675
"2017-09-25",4835,9170,7800,1640,16650,8500,790,2979,3918,4500
"2017-09-26",4975,8950,8090,1640,16650,8570,830,3146,3813,4485
"2017-09-27",5250,9050,8650,1670,17200,8670,867,3065,3964,4380
"2017-09-28",5330,9050,8500,1675,16900,8670,847,3065,3885,4655
"2017-09-29",5250,9180,8370,1735,17100,8690,862,3084,3944,4670
"2017-10-10",5110,9200,8100,1720,16700,8500,840,3046,4010,4670
"2017-10-11",5030,9270,8160,1770,17850,8320,841,3122,4023,4750
"2017-10-12",5060,9440,8390,1820,17550,8150,874,3065,4023,4760
"2017-10-13",4975,9360,8220,1820,16750,7790,858,3013,4029,4755
"2017-10-16",4900,9020,8170,1830,15750,7960,831,3003,3997,4715
"2017-10-17",4960,9050,8170,1835,15900,8570,809,3098,4023,4690
"2017-10-18",5030,8970,8090,1820,15500,8330,797,3127,4003,4650
"2017-10-19",5050,9070,8170,1815,15650,8150,797,3165,4075,4620
"2017-10-20",4950,9110,7950,1790,15450,8250,802,3165,4069,4580
"2017-10-23",4930,9390,7890,1800,15450,8300,800,3285,3944,4530
"2017-10-24",4930,9410,7870,1810,15950,8300,803,3294,3964,4585
"2017-10-25",4935,9460,8100,1830,15800,8300,800,3285,3983,4510
"2017-10-26",5130,9400,8240,1865,15400,8340,801,3261,4023,4500
"2017-10-27",5240,9410,8370,1930,15750,8410,806,3351,4135,4490
"2017-10-30",5240,9470,8350,1930,15800,8600,817,3380,4135,4550
"2017-10-31",5280,9540,8510,1955,15500,8620,822,3351,4154,4590
"2017-11-01",5290,9500,8520,1980,15350,8550,826,3380,4259,4735
"2017-11-02",5240,9390,8390,2090,15450,8600,835,3385,4240,4750
"2017-11-03",5270,9390,8480,2040,15250,8630,818,3452,4246,4770
"2017-11-06",5330,9310,8500,2030,15050,9500,820,3576,4246,4835
"2017-11-07",5390,9430,8450,2055,14850,9250,829,3581,4253,4870
"2017-11-08",5450,9440,8770,2120,14650,9430,844,3538,4325,4910
"2017-11-09",5640,9430,9240,2145,14700,9360,835,3585,4864,4910
"2017-11-10",5640,9500,9120,2195,15900,9600,830,3552,4805,4910
"2017-11-13",5660,9560,8900,2255,16000,9780,830,3585,4805,4860
"2017-11-14",5730,9780,8840,2250,16000,10300,825,3638,4680,4860
"2017-11-15",5660,9870,8700,2350,15900,10250,812,3528,4404,4740
"2017-11-16",5560,9900,8740,2425,15600,10350,822,3562,4450,4620
"2017-11-17",5530,9880,8990,2515,16700,10700,826,3547,4371,4620
"2017-11-20",5590,10100,9050,2705,16750,11150,826,3581,4457,4550
"2017-11-21",5550,10100,8900,2735,16300,11450,818,3533,4536,4515
"2017-11-22",5520,9900,8750,2765,16750,11050,813,3552,4575,4510
"2017-11-23",5600,10500,9010,2780,16750,11050,822,3614,4595,4550
"2017-11-24",5530,10600,9020,2790,17450,11400,833,3772,4647,4590
"2017-11-27",5510,10300,8880,2730,17400,11550,848,3738,4601,4620
"2017-11-28",5490,10950,8950,2840,16450,11400,842,3939,4529,4700
"2017-11-29",5620,11800,8980,2660,16450,11550,861,4053,4529,4710
"2017-11-30",5590,11800,9110,2570,15750,11100,888,3934,4536,4710
"2017-12-01",5510,11800,9010,2525,15600,11300,895,3939,4536,4710
"2017-12-04",5560,11900,9000,2690,15000,11400,856,3862,4450,4695
"2017-12-05",5540,12200,9070,2700,15150,11400,865,3791,4483,4685
"2017-12-06",5540,11850,9220,2625,14800,11100,862,3953,4457,4720
"2017-12-07",5380,11450,9080,2570,14450,11050,852,4020,4450,4600
"2017-12-08",5230,11050,8850,2545,13900,10600,853,3862,4463,4585
"2017-12-11",5190,11250,8880,2640,14100,10550,835,3810,4476,4595
"2017-12-12",5180,10950,8950,2560,13800,11400,815,3819,4417,4610
"2017-12-13",5230,11350,8970,2555,13700,11350,815,3934,4404,4600
"2017-12-14",5190,11150,8920,2685,14000,11150,823,3991,4391,4600
"2017-12-15",5170,11550,9010,2585,13850,11200,807,4020,4450,4660
"2017-12-18",5170,11250,9130,2535,13850,11050,1015,4650,4391,4670
"2017-12-19",5170,10850,9010,2455,13450,10900,1015,4044,4365,4505
"2017-12-20",5160,11000,9140,2485,13300,10750,1190,3800,4200,4565
"2017-12-21",5200,10800,9200,2370,13000,10550,1065,3533,4135,4540
"2017-12-22",5450,11100,9150,2400,13000,10850,960,3581,4036,4540
"2017-12-26",5510,11050,9180,2315,13100,10750,913,3409,4056,4555
"2017-12-27",5370,11700,9140,2370,13450,10700,971,3490,4174,4570
"2017-12-28",5320,11950,9080,2350,13650,10750,1030,3480,4384,4600
"2018-01-02",5280,11950,9520,2350,13650,10750,1180,3581,4667,4665
"2018-01-03",5220,11550,9430,2410,13400,11000,1175,3686,4509,4665
"2018-01-04",5160,11200,9530,2330,13050,10900,1260,3662,4536,4580
"2018-01-05",5170,11450,9580,2325,13050,11500,1220,3729,4588,4750
"2018-01-08",5120,11100,9800,2275,12800,11250,1285,3657,4542,4740
"2018-01-09",5090,12050,9600,2275,13050,10850,1170,3667,4542,4625
"2018-01-10",5150,11950,9650,2360,12650,10850,1520,3614,4509,4625
"2018-01-11",5230,11950,9580,2350,12600,11100,1295,3538,4430,4565
"2018-01-12",5190,11600,9400,2310,12250,11000,1370,3461,4325,4570
"2018-01-15",5180,11450,9560,2240,11950,10850,1540,3581,4352,4545
"2018-01-16",5280,11500,9720,2295,12350,11400,1435,3514,4404,4650
"2018-01-17",5320,11450,9900,2280,12050,11350,1165,3490,4430,4630
"2018-01-18",5280,11500,10050,2300,12550,11500,1220,3514,4562,4670
"2018-01-19",5450,11550,10250,2600,12350,12250,1235,3547,4575,4645
"2018-01-22",5610,11300,10150,2755,11850,12050,1405,3662,4601,4775
"2018-01-23",5660,11300,10250,2765,12100,12000,1435,3667,4647,4790
"2018-01-24",5760,10950,10300,2810,12050,12350,1355,3681,4641,4725
"2018-01-25",6170,11200,10650,2705,12250,12200,1405,3700,4726,4750
"2018-01-26",6220,11500,10800,2705,12700,12350,1825,3781,4877,4820
"2018-01-29",5830,11300,10800,2650,14700,12450,1800,3733,4976,4900
"2018-01-30",5810,11150,10500,2640,15050,12100,1675,3714,4923,4900
"2018-01-31",5810,11100,10550,2840,16050,12100,1670,3710,4871,4865
"2018-02-01",6000,11050,11000,2725,15650,12750,1650,3791,4950,4855
"2018-02-02",5910,11200,10850,2675,15500,12650,1550,3719,5127,4840
"2018-02-05",5800,10750,10450,2510,14500,12100,1450,3552,5029,4765
"2018-02-06",5700,10450,10450,2445,14050,12100,1475,3409,4956,4780
"2018-02-07",5830,10450,10400,2410,13650,11600,1350,3261,5186,4770
"2018-02-08",6050,10700,10450,2475,13800,11750,1375,3299,5180,4810
"2018-02-09",5920,10300,10400,2380,13900,11800,1325,3180,5167,4800
"2018-02-12",6000,10250,10300,2350,13900,11700,1340,3184,5101,4820
"2018-02-13",5780,10150,10150,2335,13550,11500,1375,3175,5121,4860
"2018-02-14",5850,10350,10350,2330,13700,11600,1360,3170,5002,4860
"2018-02-19",6320,10300,10150,2380,14300,11900,1435,3270,5075,4830
"2018-02-20",6260,10000,9900,2340,14050,11950,1415,3337,5061,4680
"2018-02-21",6200,10200,10200,2360,15100,11800,1480,3371,5160,4685
"2018-02-22",6070,10100,10250,2310,14700,11600,1480,3342,5180,4675
"2018-02-23",6050,10100,10250,2225,14200,11700,1390,3390,5068,4680
"2018-02-26",5980,10000,10450,2250,13850,11650,1415,3294,5193,4720
"2018-02-27",6200,10000,10350,2235,13650,11500,1385,3285,5206,4695
"2018-02-28",6040,9980,10200,2170,13650,11500,1365,3246,5088,4625
"2018-03-02",5940,9930,10000,2125,13750,11700,1370,3203,5029,4585
"2018-03-05",5820,9880,9960,2080,13400,11300,1325,3165,5035,4570
"2018-03-06",5800,9940,9930,2135,13050,11100,1340,3218,5061,4630
"2018-03-07",5790,9870,9850,2185,13000,11000,1290,3170,4996,4610
"2018-03-08",5800,9950,10000,2220,12950,11200,1305,3251,4943,4610
"2018-03-09",5920,10000,10150,2270,13200,10900,1325,3285,5015,4625
"2018-03-12",5890,10200,10200,2280,13400,10900,1360,3380,5055,4700
"2018-03-13",5770,10200,10250,2230,13550,11200,1315,3452,5088,4705
"2018-03-14",5770,10100,10050,2200,13350,12200,1295,3437,4996,4770
"2018-03-15",5670,9920,10050,2170,12900,12400,1245,3466,5022,4725
"2018-03-16",5670,10150,10050,2170,12300,11900,1250,3423,4956,4670
"2018-03-19",5690,10050,9950,2105,12000,11900,1180,3347,4871,4610
"2018-03-20",5740,9970,9960,2160,12150,11900,1200,3418,4798,4615
"2018-03-21",5610,9880,9940,2100,12050,11750,1205,3457,4877,4580
"2018-03-22",5620,9940,9970,2035,12050,11650,1200,3409,4917,4500
"2018-03-23",5430,9630,9600,1990,11300,11350,1135,3256,4713,4490
"2018-03-26",5630,9660,9150,2015,11300,11450,1205,3242,4621,4590
"2018-03-27",5670,9720,8900,2145,11350,12150,1250,3328,4614,4655
"2018-03-28",5640,9630,8570,2100,11150,12250,1175,3347,4536,4650
"2018-03-29",5650,9550,8390,2120,11300,12300,1135,3275,4312,4615
"2018-03-30",5680,9560,8790,2150,11450,12100,1175,3457,4391,4645
"2018-04-02",5610,9650,8660,2190,11300,11850,1140,3457,4470,4530
"2018-04-03",5650,9590,8750,2195,10750,11950,1125,3476,4391,4575
"2018-04-04",5550,9550,8850,2160,10100,11750,1070,3428,4246,4525
"2018-04-05",5600,9470,8830,2165,10550,12000,1090,3442,4246,4500
"2018-04-06",5480,9400,8650,2160,10500,11950,1080,3390,4207,4475
"2018-04-09",5540,9400,8760,2165,10300,12300,1115,3366,4246,4450
"2018-04-10",5540,9460,8680,2140,10350,12950,1225,3361,4148,4450
"2018-04-11",5780,9450,8680,2165,10400,12900,1180,3437,4075,4410
"2018-04-12",5700,9490,8670,2160,10850,12750,1205,3499,4036,4420
"2018-04-13",5790,9430,8680,2190,10950,13000,1190,3499,4069,4355
"2018-04-16",5760,9270,8600,2240,10800,13650,1215,3595,4095,4385
"2018-04-17",5810,9250,8750,2245,10800,13450,1445,3557,4305,4375
"2018-04-18",5880,9290,8780,2295,10750,13500,1300,3576,4516,4340
"2018-04-19",5840,9300,8910,2335,10800,12900,1285,3609,4398,4420
"2018-04-20",5840,9350,9080,2320,11150,13100,1340,3676,4404,4420
"2018-04-23",5750,9170,9520,2290,10800,12600,1310,3533,4470,4300
"2018-04-24",5640,9200,9200,2365,10650,12950,1430,3671,4437,4250
"2018-04-25",5600,9180,9100,2375,10600,12600,1390,3562,4352,4425
"2018-04-26",5630,9180,9050,2530,10750,12500,1370,3652,4266,4440
"2018-04-27",5600,9210,9170,2600,10650,12600,1375,3585,4292,4350
"2018-04-30",5540,9450,9280,2540,10300,12250,1325,3523,4227,4295
"2018-05-02",5470,9420,9910,2490,10350,12250,1310,3418,4430,4450
"2018-05-03",5460,9310,9520,2710,10450,12300,1330,3485,4470,4450
"2018-05-04",5310,9410,9460,2745,10350,11850,1335,3351,4496,4300
"2018-05-08",5110,9390,9660,2720,10250,11650,1230,3180,4338,4400
"2018-05-09",5120,9280,9560,2815,10400,12000,1220,3055,4345,4430
"2018-05-10",4950,9250,9430,2795,10900,11900,1255,3098,4536,4425
"2018-05-11",5100,9300,9460,2800,10950,12050,1275,3132,4430,4465
"2018-05-14",5250,9320,9360,2690,11150,11750,1220,3075,4371,4425
"2018-05-15",5390,9210,9510,2860,10900,11800,1195,3108,4325,4370
"2018-05-16",5250,8850,9070,2670,10500,11400,1100,3055,4246,4370
"2018-05-17",5300,8880,8910,2640,10500,12000,1110,3060,4384,4395
"2018-05-18",5220,8810,8850,2665,10800,12000,1170,3065,4430,4385
"2018-05-21",5120,8950,8970,2715,10700,12200,1160,3041,4463,4285
"2018-05-23",4990,9090,8890,2685,10600,12200,1105,3070,4430,4295
"2018-05-24",4995,9090,8800,2685,10650,12250,1115,3079,4378,4380
"2018-05-25",4965,9030,8600,2535,10450,12400,1120,3060,4312,4385
"2018-05-28",5000,9640,8800,2565,10650,12400,1115,3022,4332,4400
"2018-05-29",4960,10150,8600,2530,12000,12350,1065,3027,4233,4425
"2018-05-30",5070,10450,8410,2510,11450,12500,1075,2960,4194,4355
"2018-05-31",4985,10550,8440,2520,11800,12500,1065,2950,4213,4250
"2018-06-01",5000,10100,8430,2645,11600,12150,1050,2931,4181,4250
"2018-06-04",5000,10100,8530,2500,11800,12250,1085,2979,4161,4250
"2018-06-05",5060,9900,8540,2510,11650,12350,1095,3027,4167,4280
"2018-06-07",5010,10050,8600,2535,11600,12250,1085,3089,4161,4250
"2018-06-08",4950,10550,8640,2535,11750,11750,1100,3084,4141,4245
"2018-06-11",4945,10650,8540,2540,11550,11800,1080,3075,4213,4275
"2018-06-12",4915,10300,8570,2535,11250,11900,1060,3032,4246,4270
"2018-06-14",4815,10300,8480,2440,10550,11900,998,2941,4555,4270
"2018-06-15",4780,9990,8410,2475,10500,11500,1010,2960,4457,4335
"2018-06-18",4750,9850,8030,2340,9860,11000,958,2865,4437,4190
"2018-06-19",4690,9850,7750,2280,9650,10550,947,2788,4470,4090
"2018-06-20",4675,10050,7800,2340,9780,11000,972,2812,4457,4190
"2018-06-21",4655,10350,7700,2275,9710,11050,960,2769,4588,4155
"2018-06-22",4710,10600,7480,2300,9640,11200,1015,2664,4417,4160
"2018-06-25",4670,10750,7500,2430,9680,11750,973,2712,4476,3970
"2018-06-26",4650,10400,7540,2400,9860,11700,950,2688,4562,3995
"2018-06-27",4610,10350,7390,2365,9990,11450,965,2678,5134,3995
"2018-06-28",4540,10000,7090,2300,9760,10850,954,2597,5101,3800
"2018-06-29",4515,10150,7080,2320,9890,10800,963,2516,4969,3930
"2018-07-02",4415,9790,7000,2285,9600,10550,940,2444,4825,3855
"2018-07-03",4435,10200,6880,2210,9360,10550,988,2454,4759,3855
"2018-07-04",4480,10200,6690,2270,9030,10700,985,2578,4667,3875
"2018-07-05",4510,10050,6580,2145,9090,10800,959,2564,4687,3845
"2018-07-06",4610,10150,6630,2180,9230,10700,957,2569,4917,3870
"2018-07-09",4585,10050,6700,2170,9260,10700,970,2955,4680,3850
"2018-07-10",4610,10650,7110,2245,9250,10800,983,2965,4752,3920
"2018-07-11",4540,10850,6890,2245,9200,11000,996,2836,4706,3950
"2018-07-12",4580,11000,6900,2210,9230,11050,991,2750,4766,3950
"2018-07-13",4580,10950,6950,2215,9340,11150,990,2850,4733,3980
"2018-07-16",4560,11650,6870,2160,9340,11000,993,2769,4595,3975
"2018-07-17",4560,11100,6800,2175,9360,11150,1045,2779,4575,3950
"2018-07-18",4595,10900,6780,2180,9240,10850,1010,2678,4608,3910
"2018-07-19",4530,10950,6630,2075,9100,10800,968,2659,4660,3910
"2018-07-20",4540,11000,6630,2105,9140,10850,985,2659,4647,3775
"2018-07-23",4415,10500,6470,2005,8820,10350,960,2526,4338,3685
"2018-07-24",4410,11000,6490,2090,8780,10450,954,2597,4365,3725
"2018-07-25",4255,10850,6400,2075,8260,10350,969,2535,4384,3755
"2018-07-26",4235,10850,6520,2100,8450,10400,969,2588,4424,3715
"2018-07-27",4265,10900,6650,2140,8340,10500,975,2621,4365,3740
"2018-07-30",4265,10900,6640,2155,8420,10450,963,2654,4299,3735
"2018-07-31",4240,11000,6710,2145,8680,10450,960,2688,4588,3730
"2018-08-01",4295,11050,6850,2130,8840,10600,970,2693,4641,3835
"2018-08-02",4210,10750,6770,2125,8840,10600,980,2664,4371,3820
"2018-08-03",4235,11100,6850,2210,8880,10650,978,2669,4411,3845
"2018-08-06",4225,11200,6760,2160,8760,10350,990,2683,4371,3870
"2018-08-07",4225,11100,6650,2120,8590,10350,983,2693,4286,3875
"2018-08-08",4245,10800,6650,2105,8430,10300,978,2726,4253,3850
"2018-08-09",4235,10950,6650,2100,8460,10100,974,2721,4207,3835
"2018-08-10",4240,10850,6650,2115,8540,9990,958,2721,4207,3720
"2018-08-13",4150,10750,6500,2050,8300,9920,898,2626,4181,3725
"2018-08-14",4140,10700,6470,2050,8220,9920,897,2607,4207,3710
"2018-08-16",4280,9660,6470,1985,8170,9930,874,2607,4089,3720
"2018-08-17",4300,9590,6520,1900,8140,9960,895,2683,4056,3630
"2018-08-20",4240,9530,6530,1900,8100,10100,878,2702,4108,3620
"2018-08-21",4320,9540,6790,1900,8280,10250,895,2745,4154,3635
"2018-08-22",4375,9580,6960,1930,8230,10300,919,2755,4167,3665
"2018-08-23",4370,9700,6930,1910,8230,10150,898,2769,4167,3645
"2018-08-24",4500,9700,6880,1910,8180,10050,907,2745,4279,3645
"2018-08-27",4595,9860,6830,1880,8310,10100,902,2721,4444,3680
"2018-08-28",4585,10200,6840,1920,8220,10050,916,2769,4470,3700
"2018-08-29",4585,10200,6900,1925,8430,10350,937,2779,4562,3730
"2018-08-30",4625,10350,6850,1925,8380,10250,929,2874,4575,3745
"2018-08-31",4690,10450,6890,1910,8330,10250,935,2855,4772,3710
"2018-09-03",4650,10800,6930,1940,8390,10050,922,2817,4805,3630
"2018-09-04",4670,13250,7090,1935,8450,9990,917,2841,5121,3620
"2018-09-05",4605,16300,7220,1930,8470,10600,924,2826,5127,3560
"2018-09-06",4565,18450,7160,1945,8400,11500,896,2965,5140,3570
"2018-09-07",4610,18500,7100,1940,8330,11250,886,2879,5107,3485
"2018-09-10",4640,18000,7000,1950,8150,11150,877,2850,5088,3570
"2018-09-11",4690,18000,7090,2090,8130,11150,880,2812,5147,3585
"2018-09-12",4675,18000,7090,2055,8120,10900,872,2769,5259,3550
"2018-09-13",4780,17900,7170,2070,8100,10650,874,2774,5232,3565
"2018-09-14",4790,16700,7130,2155,8200,10750,896,2764,5462,3570
"2018-09-17",4720,15550,7130,2120,8160,10600,887,2688,5384,3490
"2018-09-18",4730,15700,7030,2115,8230,10600,864,2740,5324,3520
"2018-09-19",4715,14100,6900,2110,10650,10550,856,2683,5548,3545
"2018-09-20",4695,14650,7350,2065,10250,10500,832,2640,6120,3520
"2018-09-21",4695,14100,7130,2065,10100,10500,850,2669,6770,3550
"2018-09-27",4630,14550,7330,2080,10200,10500,854,2678,6705,3550
"2018-09-28",4640,14700,7390,2040,9870,10350,858,2688,7231,3610
"2018-10-01",4615,14250,7220,2065,10550,10100,842,2678,7507,3620
"2018-10-02",4540,13550,7020,2050,9960,9880,819,2645,7625,3630
"2018-10-04",4535,13200,6950,1995,9500,9600,797,2564,7099,3635
"2018-10-05",4490,13150,6790,2000,9100,9290,795,2545,6955,3630
"2018-10-08",4455,13250,6680,1945,9010,9370,791,2511,6245,3600
"2018-10-10",4350,12600,6500,1855,8790,9170,763,2440,6284,3600
"2018-10-11",4210,12300,6040,1640,8170,8630,684,2282,5640,3335
"2018-10-12",4245,12450,6090,1670,8270,8830,714,2411,5791,3350
"2018-10-15",4195,12350,6020,1690,8100,8790,754,2339,5817,3300
"2018-10-16",4085,13050,6110,1700,8290,9060,785,2392,6297,3395
"2018-10-17",4125,13050,6140,1715,8430,9100,799,2401,6455,3420
"2018-10-18",4000,13300,6160,1725,8390,9040,809,2401,6422,3440
"2018-10-19",4060,13150,6170,1730,8320,8990,836,2373,6521,3450
"2018-10-22",4060,12350,6160,1745,8640,9200,816,2368,7086,3480
"2018-10-23",4000,11500,6080,1665,8440,8730,808,2311,6928,3485
"2018-10-24",4060,11450,5980,1660,7950,8620,775,2225,6836,3470
"2018-10-25",4010,11550,6200,1595,7460,8420,747,2115,6389,3440
"2018-10-26",3955,11150,6300,1620,7330,8110,722,2091,6179,3435
"2018-10-29",3915,9970,6050,1460,6670,7630,678,1862,5666,3100
"2018-10-30",3910,10350,6050,1500,6790,7860,697,1895,5903,3230
"2018-10-31",3775,11100,5960,1565,7280,7970,728,1977,5857,3240
"2018-11-01",3860,11250,6070,1580,7350,8350,764,1977,5949,3225
"2018-11-02",3990,11700,6170,1655,8070,8600,794,2062,6343,3300
"2018-11-05",3950,11650,6230,1710,8100,8520,835,2091,6323,3265
"2018-11-06",3935,12250,6250,1735,8240,8520,831,2201,6429,3270
"2018-11-07",3855,11750,6250,1625,8150,8400,787,2206,6797,3230
"2018-11-08",3835,13050,6290,1655,8340,8620,810,2206,6626,3240
"2018-11-09",3845,13300,6230,1715,8370,8530,804,2292,6363,3285
"2018-11-12",3830,13200,6100,1710,8430,8500,796,2210,6245,3270
"2018-11-13",3800,13000,6150,1740,8420,8240,783,2120,6218,3255
"2018-11-14",3775,12950,6170,1710,8400,8220,791,2148,6185,3260
"2018-11-15",3800,12000,6200,1720,8590,7990,782,2148,6133,3200
"2018-11-16",4030,12400,6220,1760,8700,8480,808,2234,6166,3180
"2018-11-19",4090,12350,6270,1770,8830,8700,818,2421,6310,3215
"2018-11-20",4015,12700,6240,1770,8810,8630,805,2444,6258,3235
"2018-11-21",4000,12550,6140,1755,8720,8800,798,2387,6126,3220
"2018-11-22",3995,12250,6110,1715,8720,8650,793,2358,6041,3190
"2018-11-23",3910,12150,5810,1720,8710,8450,774,2349,5817,3190
"2018-11-26",4070,13150,5910,1745,8710,8640,778,2397,5877,3185
"2018-11-27",4090,13950,5960,1720,8700,8680,774,2358,5765,3130
"2018-11-28",4165,13900,6020,1740,8720,8920,762,2440,5515,3150
"2018-11-29",4150,13500,5960,1740,8630,8840,758,2416,5508,3100
"2018-11-30",4165,13550,6100,1730,8300,8960,763,2421,5265,3145
"2018-12-03",4230,13300,6130,1750,8310,9190,763,2425,5324,3165
"2018-12-04",4155,13150,6130,1835,8460,9220,752,2473,5285,3230
"2018-12-05",4055,12550,6140,1905,8460,9170,739,2454,5121,3240
"2018-12-06",4015,11950,6150,1835,8130,8840,700,2406,5272,3235
"2018-12-07",3920,11600,6420,1820,8190,8990,700,2416,5725,3240
"2018-12-10",3915,11400,6460,1760,8160,8790,680,2339,5719,3220
"2018-12-11",3900,11700,6230,1730,8040,8590,648,2287,5692,3155
"2018-12-12",3900,11750,6210,1760,8170,8790,656,2358,5955,3160
"2018-12-13",3875,12050,6200,1795,8200,9050,695,2440,5784,3190
"2018-12-14",3915,11700,6210,1775,8180,8920,675,2382,5706,3195
"2018-12-17",3885,11350,6170,1760,8050,8810,676,2344,5436,3150
"2018-12-18",3890,10650,6160,1745,7990,8700,680,2282,5574,3205
"2018-12-19",3890,11000,6200,1770,8120,8780,695,2354,5370,3245
"2018-12-20",3830,10900,6200,1755,8150,8640,697,2292,5318,3320
"2018-12-21",3860,10750,6160,1760,8230,8680,669,2206,5370,3410
"2018-12-24",3915,10550,6130,1740,8180,8580,658,2101,5127,3390
"2018-12-26",3820,10350,6180,1745,8050,8230,643,2024,5009,3260
"2018-12-27",3730,10500,6230,1750,8080,8230,650,2077,5022,3320
"2018-12-28",3685,11100,6420,1795,8140,8550,668,2129,5075,3425
"2019-01-02",3585,11350,6290,1775,8140,8520,680,2091,4812,3435
"2019-01-03",3535,11450,6330,1780,8140,8400,670,2091,4582,3415
"2019-01-04",3425,11350,6350,1765,8140,8310,675,2067,4536,3410
"2019-01-07",3460,11650,6410,1780,8190,8500,675,2277,4614,3490
"2019-01-08",3440,11400,6380,1775,8150,8530,668,2215,4647,3450
"2019-01-09",3495,14800,6390,1810,8560,10300,687,2425,4687,3500
"2019-01-10",3510,18050,6370,1775,8610,10150,681,2421,4752,3490
"2019-01-11",3505,15700,6390,1795,8720,9310,693,2406,4746,3460
"2019-01-14",3440,16950,6520,1790,8670,9530,685,2339,4746,3360
"2019-01-15",3505,15650,6590,1800,8960,9340,690,2392,4825,3380
"2019-01-16",3530,20300,6680,1870,9070,12100,712,2435,4845,3380
"2019-01-17",3520,22550,6670,1865,9050,11500,695,2387,4858,3380
"2019-01-18",3585,20700,6620,1865,8950,11400,698,2444,4877,3375
"2019-01-21",3620,21000,6640,1865,8990,12450,705,2535,4877,3400
"2019-01-22",3565,21300,6620,1840,8970,12200,698,2516,4798,3390
"2019-01-23",3655,20800,6500,1840,8870,12000,694,2607,4713,3390
"2019-01-24",3755,19950,6570,1830,8870,11500,687,2545,4792,3350
"2019-01-25",3765,19600,6550,1845,8870,11500,701,2549,4792,3335
"2019-01-28",3700,18400,6550,1940,8860,10950,715,2526,4831,3355
"2019-01-29",3680,18350,6520,1910,8840,10950,702,2463,4759,3385
"2019-01-30",3740,18650,6630,1910,8900,10900,880,2492,4752,3375
"2019-01-31",3745,17400,6700,1945,8980,10300,943,2511,4759,3410
"2019-02-01",3735,16900,7050,1945,8950,10150,921,2506,4700,3390
"2019-02-07",3760,16750,7110,1945,8990,10600,849,2554,4798,3335
"2019-02-08",3715,16850,7000,1900,8880,10600,1015,2592,4825,3380
"2019-02-11",3725,16800,7060,1905,8730,10600,1010,2569,4864,3430
"2019-02-12",3725,16450,6950,1905,8580,10600,976,2516,4752,3370
"2019-02-13",3750,16400,6990,1915,8520,10600,1020,2521,4457,3410
"2019-02-14",3850,17000,6990,1900,8690,10900,980,2549,4476,3370
"2019-02-15",3850,16350,6910,1890,8960,10900,973,2540,4378,3355
"2019-02-18",3905,16700,6970,1930,8970,11200,975,2530,4430,3340
"2019-02-19",3885,16350,6960,1905,8970,10850,975,2521,4483,3330
"2019-02-20",3900,15900,7080,1920,8880,10850,955,2516,4693,3305
"2019-02-21",3870,15650,7030,1920,8880,10850,947,2516,4641,3310
"2019-02-22",3795,15450,6970,1915,8910,10500,923,2506,4614,3280
"2019-02-25",3865,15950,6890,1905,9000,11200,935,2487,4582,3300
"2019-02-26",3845,16000,6940,1955,8990,11000,949,2478,4575,3315
"2019-02-27",3845,17950,7020,1930,8960,11250,956,2502,4575,3270
"2019-02-28",3755,16800,6970,1850,8730,10700,956,2411,4509,3290
"2019-03-04",3765,16900,6950,1900,8740,10850,943,2435,4562,3255
"2019-03-05",3740,15900,6880,1870,8700,10850,892,2416,4595,3220
"2019-03-06",3650,16050,6860,1875,8570,11100,872,2440,4588,3100
"2019-03-07",3600,16450,7570,1870,8370,10800,860,2421,5384,3145
"2019-03-08",3550,16650,7450,1820,8290,10650,835,2416,5226,3145
"2019-03-11",3595,16650,8110,1800,8220,10400,830,2406,5614,3115
"2019-03-12",3670,16600,8260,1835,8230,10450,847,2463,5594,3180
"2019-03-13",3690,16350,7950,1860,8080,10450,829,2454,5318,3120
"2019-03-14",3645,16550,8440,1870,8250,10500,858,2535,5574,3155
"2019-03-15",3655,16050,8270,1875,8290,10400,830,2502,5311,3130
"2019-03-18",3650,16150,8150,1915,8300,10500,827,2540,5351,3230
"2019-03-19",3630,16000,8330,1950,8210,10450,861,2545,5410,3225
"2019-03-20",3600,16900,8140,1935,7470,10350,839,2540,4601,3295
"2019-03-21",3585,17200,8170,1930,7360,10200,863,2549,4522,3165
"2019-03-22",3520,17850,8600,1940,7140,10100,879,2578,4752,3295
"2019-03-25",3410,17050,8240,1905,7150,9800,857,2497,4838,3220
"2019-03-26",3460,17150,8280,1900,7170,10000,841,2640,4779,3205
"2019-03-27",3465,18200,8470,1890,7150,10150,809,2640,4582,3135
"2019-03-28",3455,17400,8170,1885,7090,9840,795,2874,4641,3065
"2019-03-29",3500,18000,7970,1935,7140,9880,810,2946,4568,3110
"2019-04-01",3540,17800,7970,1970,7200,10050,843,2912,4582,3125
"2019-04-02",3530,17650,7970,1960,7190,10050,866,2912,4608,3195
"2019-04-03",3575,17400,7940,1960,7220,10100,866,2841,4628,3290
"2019-04-04",3550,17100,7790,1965,7340,10350,870,2922,4674,3345
"2019-04-05",3550,17800,7920,1970,7460,10550,867,2903,4700,3350
"2019-04-08",3535,18700,7920,2065,7550,10450,874,2903,4733,3355
"2019-04-09",3505,18300,7820,2045,7520,10450,855,2788,4733,3345
"2019-04-10",3560,17350,7780,2035,7570,10300,856,2783,4706,3395
"2019-04-11",3580,17100,7830,2070,7570,10500,857,2850,4726,3375
"2019-04-12",3580,16950,7950,2105,7570,10650,880,2831,4726,3330
"2019-04-15",3585,16850,8150,2045,7570,10550,870,2736,4680,3280
"2019-04-16",3570,16450,8060,2030,7440,10700,848,2779,4706,3205
"2019-04-17",3565,16400,8030,2045,7490,10750,847,2769,4660,3235
"2019-04-18",3500,16000,7850,2045,7470,10700,823,2726,4588,3260
"2019-04-19",3535,15950,7780,2110,7430,10900,841,2764,4628,3325
"2019-04-22",3540,16200,7710,2110,7430,11300,824,2769,4680,3325
"2019-04-23",3560,16450,7550,2210,7380,11200,809,2740,4654,3300
"2019-04-24",3565,16850,7420,2215,7310,11550,808,2740,4634,3275
"2019-04-25",3650,17150,7210,2185,7270,11600,802,2712,4628,3300
"2019-04-26",3595,17150,7120,2215,7190,11350,778,2621,4595,3385
"2019-04-29",3535,17500,7200,2250,7200,11300,773,2650,4588,3350
"2019-04-30",3715,17000,7230,2225,7180,11050,774,2626,4509,3345
"2019-05-02",3680,16700,7230,2250,7220,11150,789,2731,4588,3400
"2019-05-03",4030,16700,7120,2270,7280,11150,791,2674,4601,3310
"2019-05-07",3935,17300,7040,2220,7310,11100,776,2559,4575,3225
"2019-05-08",3935,17200,6960,2210,7170,10900,864,2526,4437,3160
"2019-05-09",3695,16900,6670,2110,7150,10350,906,2397,4273,3100
"2019-05-10",3735,17300,6680,2135,7080,10550,1150,2368,4273,3140
"2019-05-13",3640,17750,6490,2145,7070,10700,961,2330,4010,3090
"2019-05-14",3540,18400,6540,2150,6910,10750,975,2349,4029,3060
"2019-05-15",3610,18400,6480,2115,7090,11350,964,2387,4154,3060
"2019-05-16",3435,17350,6410,2165,7050,11150,928,2368,4036,3060
"2019-05-17",3435,16150,6310,2185,7030,10600,889,2363,4003,3095
"2019-05-20",3410,16050,6280,2075,7000,10950,900,2349,3964,3010
"2019-05-21",3420,16250,6160,2040,7020,10900,920,2296,3826,2975
"2019-05-22",3350,17800,6210,2025,6970,10600,884,2234,3865,2945
"2019-05-23",3295,16850,6050,1955,6950,10500,960,2196,3813,2965
"2019-05-24",3230,16150,6090,1910,6900,10450,896,2335,3668,2915
"2019-05-27",3265,16700,5910,1920,6900,11350,926,2244,3589,2960
"2019-05-28",3300,16750,6070,1960,6910,11550,914,2258,3464,2985
"2019-05-29",3270,16350,5990,1910,6950,11550,914,2196,3280,3005
"2019-05-30",3250,16500,5840,1880,6950,12050,930,2139,3037,3020
"2019-05-31",3210,16200,5960,1905,6950,12100,908,2177,3037,3045
"2019-06-03",3275,16150,5830,1900,6910,11950,871,2167,3037,3060
"2019-06-04",3370,16250,5890,1910,6930,12000,852,2225,3273,3140
"2019-06-05",3585,16500,5970,1915,6870,12300,849,2225,3352,3120
"2019-06-07",3740,16750,5980,1940,6860,13300,861,2249,3320,3090
"2019-06-10",3860,16900,5980,1965,6880,13050,868,2292,3300,3075
"2019-06-11",3955,16700,6990,1990,6940,12850,872,2339,3589,3130
"2019-06-12",3960,16900,6880,1965,6920,12750,865,2325,3471,3125
"2019-06-13",4130,17450,6930,1980,6930,13000,886,2311,3510,3150
"2019-06-14",4115,17400,6740,1970,6910,12550,901,2306,3556,3190
"2019-06-17",4210,17550,6530,1935,6920,12900,875,2311,3504,3185
"2019-06-18",4250,18000,6450,1940,6900,13550,905,2311,3464,3160
"2019-06-19",4380,18050,6510,1960,6840,13300,924,2358,3497,3210
"2019-06-20",4530,18500,6600,1970,6950,13650,926,2506,3451,3225
"2019-06-21",4595,18550,6480,1895,7020,13850,918,2468,3490,3185
"2019-06-24",4610,18400,6410,1880,6940,12900,925,2440,3451,3220
"2019-06-25",4610,17450,6280,1880,6910,12850,933,2167,3438,3195
"2019-06-26",4550,18100,6250,1890,6910,12700,901,2129,3418,3250
"2019-06-27",4560,17700,6140,1895,6800,12050,865,2144,3379,3200
"2019-06-28",4600,17000,6100,1935,6750,12050,849,2167,3352,3210
"2019-07-01",4410,17050,6170,1910,6740,11800,831,2191,3313,3245
"2019-07-02",4470,17050,6220,1915,6750,12000,832,2206,3300,3250
"2019-07-03",4560,16900,6160,1885,6750,11750,826,2191,3333,3250
"2019-07-04",4555,16450,6150,1910,6720,11850,801,2244,3326,3210
"2019-07-05",4625,16600,6400,1910,6720,12200,838,2249,3339,3280
"2019-07-08",4640,15650,6660,2000,6700,11400,819,2368,3260,3190
"2019-07-09",4675,15100,6580,1920,6370,11550,830,2349,3293,3120
"2019-07-10",4665,15150,6610,1915,6360,12250,836,2311,3241,3300
"2019-07-11",4690,16000,6830,1905,6400,13000,893,2273,3208,3270
"2019-07-12",4880,16300,6520,1910,6480,13450,862,2215,3208,3295
"2019-07-15",4890,15850,7530,1925,6490,14150,860,2277,3484,3250
"2019-07-16",4900,15750,7660,1925,6530,14450,823,2473,3484,3200
"2019-07-17",4900,15450,7350,1965,6390,14300,830,2330,3477,3195
"2019-07-18",4900,15450,7160,1920,6410,14100,817,2253,3418,3200
"2019-07-19",4920,15950,7210,1960,6480,14000,812,2220,3477,3250
"2019-07-22",4920,15450,7080,1950,6550,14050,804,2265,3536,3265
"2019-07-23",4920,15200,7000,1915,6550,13900,804,2165,3543,3210
"2019-07-24",4775,14450,6670,1860,6560,13550,806,2055,3504,3225
"2019-07-25",4770,13850,6670,1805,6500,13800,801,1985,3379,3200
"2019-07-26",4770,13800,6520,1760,6320,12450,775,1970,3254,3135
"2019-07-29",4635,12550,6020,1620,6240,12050,705,1930,3129,3055
"2019-07-30",4635,13300,6210,1685,6230,12200,755,2040,3241,3070
"2019-07-31",4570,13700,6350,1675,6150,12400,787,2030,3247,3190
"2019-08-01",4575,13400,6100,1660,6200,11850,793,1995,3195,3050
"2019-08-02",4530,13550,6190,1665,6280,11900,824,1950,3129,3185
"2019-08-05",4385,12550,5700,1575,6000,10950,789,1775,2958,3010
"2019-08-06",4300,12200,5470,1555,5920,10600,800,1775,2807,2990
"2019-08-07",4310,12900,5570,1940,5800,11050,815,1815,2807,2990
"2019-08-08",4360,13300,5710,1815,5940,11250,820,1900,2859,2990
"2019-08-09",4395,13450,5800,1895,6360,11100,842,1895,2905,3100
"2019-08-12",4340,13550,5930,1950,6410,11500,842,1955,2886,3260
"2019-08-13",4350,14050,5840,1895,6400,11900,815,1995,2708,3170
"2019-08-14",4300,13850,5890,1895,6190,11950,820,1945,2741,3260
"2019-08-16",4240,13450,5730,1765,6180,11250,825,1890,2741,3115
"2019-08-19",4170,13600,5750,1800,6230,11700,825,1825,2761,3200
"2019-08-20",4075,13800,5900,1805,6290,11950,826,1880,2846,3200
"2019-08-21",4065,13800,6010,1800,6290,12050,876,1895,2827,3190
"2019-08-22",4030,13450,6000,1815,6320,12000,876,1845,2886,3225
"2019-08-23",4025,13600,5940,1820,6320,11650,877,1855,2813,3245
"2019-08-26",4020,12900,5720,1795,6050,11150,853,1745,2807,3185
"2019-08-27",3970,12800,5750,1780,6170,11400,864,1740,2886,3230
"2019-08-28",3940,13100,5770,1755,6160,11650,892,1690,2873,3235
"2019-08-29",3860,12900,5710,1735,6130,11700,875,1615,2794,3230
"2019-08-30",3905,13450,5830,1760,6160,11850,891,1615,2807,3185
"2019-09-02",3905,13500,5910,1780,6230,11750,899,1615,2886,3180
"2019-09-03",3890,13600,5950,1775,6190,11750,924,1710,2925,3200
"2019-09-04",3990,13700,6030,1790,6180,12200,932,1670,2919,3210
"2019-09-05",3965,13650,6030,1810,6220,11900,930,1650,3011,3210
"2019-09-06",3960,13500,6000,1760,6210,11800,929,1615,3011,3230
"2019-09-09",3840,13100,5960,1750,6220,11500,909,1615,3024,3255
"2019-09-10",3840,13100,5970,1765,6210,11500,919,1620,2951,3135
"2019-09-11",3850,13450,6000,1795,6240,11600,927,1670,2971,3200
"2019-09-16",3940,13550,6100,1830,6230,11550,928,1675,2958,3205
"2019-09-17",3920,13650,6150,1845,6220,11650,936,1695,2958,3220
"2019-09-18",3930,13650,6140,1840,6230,12100,929,1715,3017,3200
"2019-09-19",3930,13700,6130,1840,6230,11800,924,1680,3017,3235
"2019-09-20",3860,13800,6160,1845,6230,11850,940,1620,3011,3240
"2019-09-23",3810,13800,6100,1870,6270,12200,913,1620,2978,3240
"2019-09-24",3815,13700,6130,1875,6250,12050,884,1635,2978,3150
"2019-09-25",3745,13150,6000,1860,6230,11600,870,1605,2978,3135
"2019-09-26",3645,13000,5990,1850,6120,11650,851,1590,2978,3135
"2019-09-27",3625,12850,5960,1845,6050,11750,854,1570,3017,3135
"2019-09-30",3690,12750,5810,1830,6080,11550,842,1480,2984,3105
"2019-10-01",3705,12350,5870,1835,6080,11550,874,1500,3024,3200
"2019-10-02",3715,12100,5800,1845,6140,11250,853,1475,3011,3205
"2019-10-04",3720,12150,5780,1830,6150,10950,838,1475,2984,3155
"2019-10-07",3720,11700,5600,1765,6110,10850,834,1485,2938,3130
"2019-10-08",3720,11950,5570,1790,6300,11050,822,1500,2965,3205
"2019-10-10",3735,11850,5580,1800,6290,11200,807,1485,2965,3205
"2019-10-11",3730,11900,5590,1780,6070,11150,809,1480,2958,3205
"2019-10-14",3770,12100,5620,1825,6080,11200,857,1535,2925,3180
"2019-10-15",3780,12400,5610,1830,6170,11350,945,1510,2971,3245
"2019-10-16",3775,12650,5640,1830,6220,11250,903,1560,2892,3180
"2019-10-17",3780,12400,5610,1830,6190,11350,906,1550,2794,3230
"2019-10-18",3790,12350,5620,1830,6200,11350,898,1565,2813,3235
"2019-10-21",3790,12350,5600,1815,6210,11200,900,1500,2721,3240
"2019-10-22",3875,16050,5570,1800,6610,12250,888,1500,2544,3250
"2019-10-23",3830,17550,5510,1770,6800,11750,873,1475,2504,3185
"2019-10-24",3835,22800,5480,1750,6550,12650,852,1580,2445,3270
"2019-10-25",3780,23300,5540,1740,7190,12150,831,1580,2721,3285
"2019-10-28",3790,20200,5480,1760,7200,12050,855,1580,2610,3300
"2019-10-29",3785,20100,5580,1745,7100,11900,870,1570,2616,3295
"2019-10-30",3800,21050,5440,1740,7080,12150,861,1650,2662,3280
"2019-10-31",3810,18850,5490,1755,7100,11950,867,1615,2688,3315
"2019-11-01",3820,18300,5450,1765,7030,12500,872,1585,2642,3330
"2019-11-04",3820,18300,5530,1775,7530,12600,910,1595,2590,3355
"2019-11-05",3825,18450,5600,1760,7380,12600,934,1620,2570,3360
"2019-11-06",3825,17650,5620,1770,7800,12450,931,1650,2616,3395
"2019-11-07",3825,18550,5600,1770,7990,12600,956,1650,2504,3370
"2019-11-08",3810,18000,5630,1775,8200,12500,948,1620,2478,3305
"2019-11-11",3810,18250,5660,1785,7780,12750,936,1665,2478,3305
"2019-11-12",3805,18250,5690,1815,8100,12600,928,1650,2531,3230
"2019-11-13",3815,17500,5670,1810,8080,12350,1040,1710,2491,3250
"2019-11-14",3815,17100,5620,1800,8090,12450,971,1690,2472,3300
"2019-11-15",3740,17250,5570,1795,8480,12600,1040,1670,2215,3370
"2019-11-18",3745,17600,5600,1780,8270,12950,999,1660,2209,3375
"2019-11-19",3755,17750,5550,1775,8060,13250,943,1635,2025,3375
"2019-11-20",3665,17600,5420,1750,7680,12900,955,1590,1952,3375
"2019-11-21",3625,17950,5390,1735,7150,12850,918,1540,1860,3215
"2019-11-22",3630,18150,5250,1745,6690,12900,941,1470,1716,3385
"2019-11-25",3585,18750,5320,1775,6860,13100,973,1525,1722,3365
"2019-11-26",3615,18350,5350,1785,6990,12900,973,1610,1742,3400
"2019-11-27",3660,18500,5900,1795,6990,13150,963,1565,2261,3330
"2019-11-28",3665,24050,5730,1790,6880,13750,968,1520,2629,3365
"2019-11-29",3650,21200,5650,1770,6730,12900,1000,1515,2163,3280
"2019-12-02",3710,22450,5390,1775,6690,12450,1030,1505,1998,3360
"2019-12-03",3725,21000,5360,1765,6520,12250,1070,1475,1906,3370
"2019-12-04",3690,20700,5330,1750,6480,12350,1165,1485,1933,3365
"2019-12-05",3650,19700,5280,1760,6300,12300,978,1465,1821,3320
"2019-12-06",3670,20600,5300,1760,6400,12450,907,1485,1821,3325
"2019-12-09",3630,20350,5310,1765,6140,12350,879,1510,1762,3335
"2019-12-10",3630,20850,5360,1765,6280,12350,859,1525,1768,3330
"2019-12-11",3650,22050,5330,1785,6250,12250,865,1515,1768,3310
"2019-12-12",3640,28650,5340,1800,6320,12450,868,1535,1801,3235
"2019-12-13",3625,26950,5370,1790,6420,12600,870,1560,1775,3260
"2019-12-16",3635,26900,5400,1800,6550,12950,883,1565,1814,3245
"2019-12-17",3605,25050,5400,1795,6480,12900,881,1555,1729,3310
"2019-12-18",3575,24500,5380,1795,6530,13000,875,1570,1748,3300
"2019-12-19",3575,24600,5300,1805,6460,12850,870,1555,1742,3295
"2019-12-20",3595,23750,5370,1860,6200,12900,854,1570,1742,3315
"2019-12-23",3590,24250,5390,1850,6170,12850,855,1550,1702,3315
"2019-12-24",3555,25300,5250,1860,6160,12800,813,1505,1624,3270
"2019-12-26",3535,24100,5250,1900,6220,13000,845,1485,1709,3275
"2019-12-27",3565,25550,5310,1870,6170,13100,841,1510,1643,3290
"2019-12-30",3545,25350,5380,1855,6240,13650,852,1550,1637,3320
"2020-01-02",3540,26350,5500,1885,6240,13850,872,1565,1683,3320
"2020-01-03",3520,25500,5530,1885,6220,13500,875,1535,1683,3300
"2020-01-06",3445,24250,5420,1845,6200,13750,850,1490,1709,3255
"2020-01-07",3450,23800,5400,1860,6200,13700,871,1500,1683,3295
"2020-01-08",3440,22050,5290,1765,6020,13050,830,1440,1643,3205
"2020-01-09",3450,23300,5400,1810,6110,13750,854,1500,1702,3300
"2020-01-10",3485,23700,5490,1825,6110,13800,881,1675,1795,3330
"2020-01-13",3560,23650,5540,1980,6210,13900,902,1680,1900,3300
"2020-01-14",3580,23450,5550,2020,6210,13550,879,1720,2025,3270
"2020-01-15",3560,23700,5650,2085,6360,13900,886,1680,1795,3325
"2020-01-16",3600,24400,5680,2070,6350,13750,879,1670,1814,3325
"2020-01-17",3600,24850,5690,2090,6290,13750,881,1685,1781,3350
"2020-01-20",3600,25150,5680,2080,6170,13500,871,1640,1748,3265
"2020-01-21",3600,24350,5700,2050,6050,13200,856,1670,1702,3285
"2020-01-22",3605,24150,5710,2050,6120,13250,856,1705,1762,3250
"2020-01-23",3610,23400,5780,2075,6160,13100,849,1675,1762,3280
"2020-01-28",3585,22300,5640,1940,6090,12400,822,1570,1656,3180
"2020-01-29",3600,23100,5780,1935,6180,12500,818,1665,1670,3160
"2020-01-30",3580,22300,5780,1865,6090,12000,816,1635,1643,3265
"2020-01-31",3570,20700,5670,1785,6000,11550,770,1570,1656,3370
"2020-02-03",3570,21600,5540,1775,5870,12000,750,1570,1551,3365
"2020-02-04",3590,22000,5680,1785,6040,12450,790,1605,1551,3470
"2020-02-05",3590,21850,5670,1755,5980,12100,799,1625,1492,3450
"2020-02-06",3590,22450,5750,1775,5940,12450,809,1640,1486,3405
"2020-02-07",3575,22400,5770,1790,5840,12500,803,1650,1525,3390
"2020-02-10",3590,22400,5780,1780,5530,12650,805,1625,1525,3400
"2020-02-11",3605,22500,5780,1795,5620,12600,800,1625,1525,3390
"2020-02-12",3560,22450,5700,1880,5630,12500,790,1750,1525,3380
"2020-02-13",3605,21900,5690,1860,5630,12150,794,1710,1525,3440
"2020-02-14",3625,21750,5690,1855,5620,12150,793,1730,1525,3455
"2020-02-17",3605,22200,5580,1835,5570,12750,796,2245,1525,3420
"2020-02-18",3610,21350,5610,1800,5560,12350,790,2155,1525,3420
"2020-02-19",3600,21100,5500,1795,5480,12600,777,2280,1525,3460
"2020-02-20",3585,21250,5330,1765,5500,12800,771,2160,1525,3440
"2020-02-21",3540,23200,5010,1720,5400,12100,750,1965,1525,3375
"2020-02-24",3345,20000,4745,1650,5290,11500,688,2005,1525,3365
"2020-02-25",3355,20700,4860,1645,5240,11950,717,2605,1525,3400
"2020-02-26",3355,21000,4730,1620,5170,11700,714,2275,1525,3395
"2020-02-27",3320,20150,4740,1570,5110,11200,704,2300,1525,3385
"2020-02-28",3315,18800,4390,1495,4930,10700,670,2375,1525,3300
"2020-03-02",3295,20300,4425,1550,4910,11000,694,2115,1525,3405
"2020-03-03",3300,20000,4605,1555,4850,10850,708,2020,1525,3395
"2020-03-04",3305,20700,4690,1595,4855,11350,721,2025,1525,3395
"2020-03-05",3425,20750,5000,1620,4885,11250,739,1920,1525,3380
"2020-03-06",3345,20250,4970,1595,4890,11300,711,1870,1525,3410
"2020-03-09",3325,19050,4975,1525,4710,11050,675,1730,1525,3290
"2020-03-10",3290,19300,4850,1510,4600,11100,664,1780,1525,3260
"2020-03-11",3255,18300,4650,1490,4600,10700,637,1685,1525,3160
"2020-03-12",3020,16600,4450,1350,4255,9960,588,1615,1525,2960
"2020-03-13",2945,14950,4110,1260,4070,8510,509,1410,1525,2780
"2020-03-16",2805,13650,4010,1190,3895,8510,530,1340,1525,2450
"2020-03-17",2660,14200,3900,1180,3700,8570,532,1380,1525,2455
"2020-03-18",2615,13000,3520,1155,3515,8080,529,1260,1525,2360
"2020-03-19",2080,10150,3295,982,3050,6200,477,1050,1525,2370
"2020-03-20",1900,13150,3420,1045,3000,6790,496,1120,1525,2430
"2020-03-23",1725,13500,3220,990,2700,6270,452,1015,1525,2335
"2020-03-24",1850,15100,3320,1045,2865,7000,502,1105,1525,2370
"2020-03-25",1985,16000,3550,1120,3430,7150,534,1185,1525,2410
"2020-03-26",2080,16250,3650,1155,3580,7670,558,1275,1525,2580
"2020-03-27",2090,16900,3900,1165,3525,7880,558,1270,1525,2540
"2020-03-30",2170,18750,4280,1250,3475,8610,588,1340,1525,2575
"2020-03-31",2195,20550,4490,1280,3760,10000,603,1735,1525,2670
"2020-04-01",2180,21250,4360,1250,4170,9700,601,1620,1525,2715
"2020-04-02",2180,22950,4410,1285,4060,9880,601,1630,1525,2700
"2020-04-03",2235,22650,4575,1285,4080,9570,604,1630,1525,2795
"2020-04-06",2285,23950,4670,1325,4130,9860,618,1700,1525,2900
"2020-04-07",2330,24000,4865,1375,4340,9940,637,1725,1525,2895
"2020-04-08",2645,24400,4930,1400,4665,10100,658,1820,1530,2875
"2020-04-09",2660,24100,5090,1430,4805,10000,665,1870,1530,2875
"2020-04-10",2705,22850,5070,1450,4770,10000,667,1975,1700,2910
"2020-04-13",2720,21800,5040,1425,4795,9880,670,2025,1640,2815
"2020-04-14",2735,22300,5050,1455,4845,10000,720,1990,1640,2830
"2020-04-16",2815,22750,5070,1465,4860,10050,710,1990,1620,2690
"2020-04-17",2840,22800,5160,1490,4925,10350,705,1995,1675,2815
"2020-04-20",2840,23200,5320,1495,4915,10500,720,2000,1780,2840
"2020-04-21",2860,22250,5200,1445,4885,10100,732,1940,1840,2770
"2020-04-22",2930,22350,5230,1445,5030,10250,750,1945,1800,2735
"2020-04-23",3000,23300,5550,1485,5030,10700,775,2020,1870,2745
"2020-04-24",2965,22900,5340,1435,5040,10750,763,2040,1835,2740
"2020-04-27",3560,23900,5610,1450,4995,11000,770,2080,1990,2800
"2020-04-28",3380,25200,5890,1445,5000,11000,766,2195,2120,2855
"2020-04-29",3380,24350,6020,1460,5010,10900,754,2085,2380,2875
"2020-05-04",3530,24400,6240,1460,5040,10350,790,1905,2545,2820
"2020-05-06",3660,23650,6140,1560,5120,10150,821,1890,2370,2900
"2020-05-07",3790,23600,6000,1545,5190,10200,820,1895,2370,2905
"2020-05-08",3955,23400,5960,1555,5350,10200,857,1895,2375,2900
"2020-05-11",4025,23650,6040,1515,5270,10200,841,1905,2480,2895
"2020-05-12",3910,23300,6150,1515,5230,10100,831,1890,2515,2880
"2020-05-13",3790,23350,6090,1510,4995,10050,871,1880,2430,2885
"2020-05-14",3815,23300,6010,1475,5050,9890,881,1870,2305,2890
"2020-05-15",3870,23350,5990,1460,5140,9810,907,1830,2285,2860
"2020-05-18",3975,22500,5960,1455,5100,9840,952,1835,2250,2775
"2020-05-19",3990,22400,6060,1475,5100,10200,908,1855,2290,2815
"2020-05-20",4015,22600,6080,1515,5210,10300,891,1880,2295,2785
"2020-05-21",4240,22550,7310,1530,5300,10300,866,1880,2635,2845
"2020-05-22",4230,22000,8630,1490,5700,10000,860,1845,3045,2820
"2020-05-25",4385,22150,9210,1480,5570,10000,883,1860,2975,2750
"2020-05-26",4525,22250,9400,1505,5540,10150,864,1945,3040,2745
"2020-05-27",4900,22200,9690,1520,5600,10100,868,1940,3000,2750
"2020-05-28",4775,21400,9110,1480,5590,9880,830,1900,2885,2715
"2020-05-29",4665,20950,8900,1480,6000,9800,855,1860,2915,2730
"2020-06-01",4710,21200,11550,1520,6310,9870,908,1935,3735,2750
"2020-06-02",4725,21750,12200,1535,6190,10050,937,1945,3670,2750
"2020-06-03",4735,21950,12600,1530,5780,10000,947,1930,3525,2765
"2020-06-04",4740,22350,11550,1620,7510,10100,936,1970,3640,2800
"2020-06-05",4750,22150,11650,1615,7280,10050,940,2000,3750,2750
"2020-06-08",4750,22100,11500,1600,7560,10000,1165,1975,3730,2860
"2020-06-09",4795,23000,11650,1570,8020,10050,1110,1915,4180,2885
"2020-06-10",4800,22300,11600,1580,7700,9860,1185,1890,4165,2890
"2020-06-11",4730,22000,11800,1540,7420,9780,1110,1870,3900,2870
"2020-06-12",4735,21450,11100,1480,7320,9540,1070,1830,3800,2800
"2020-06-15",4805,20650,11500,1370,7030,9090,940,1655,3560,2660
"2020-06-16",5180,21100,12100,1420,7090,9330,1040,1730,3750,2795
"2020-06-17",5280,21000,12200,1405,7990,9360,1070,1705,3845,2800
"2020-06-18",5400,22500,13150,1420,7730,9320,1035,1720,3890,2760
"2020-06-19",5380,22200,12650,1495,7780,9260,1055,1735,3775,2790
"2020-06-22",5240,21650,12650,1460,7480,9120,1150,1735,3780,2665
"2020-06-23",4970,21300,11950,1450,7490,9000,1140,1710,3700,2800
"2020-06-24",5160,22800,11850,1440,7430,9200,1295,1720,3595,2810
"2020-06-25",5030,21800,11150,1405,6930,8990,1215,1685,3460,2695
"2020-06-26",5040,21850,10700,1400,6750,8970,1155,1675,3345,2735
"2020-06-29",5070,21450,10750,1355,6500,8620,1075,1660,3335,2635
"2020-06-30",5130,21350,10600,1425,6510,8820,1005,1675,3355,2640
"2020-07-01",5100,21100,10450,1405,6570,8680,1010,1615,3270,2685
"2020-07-02",5060,21250,10450,1415,6850,8760,981,1660,3270,2715
"2020-07-03",5190,21400,10600,1430,6900,9120,1010,1690,3300,2715
"2020-07-06",5210,21800,10750,1430,6920,9120,1020,1750,3260,2750
"2020-07-07",5150,21450,10400,1410,6920,9060,990,1740,3175,2770
"2020-07-08",5080,21600,11000,1405,6880,9030,960,1745,3380,2770
"2020-07-09",5350,21500,11850,1425,6910,9080,961,1740,3385,2795
"2020-07-10",5320,21050,11950,1450,6980,8900,970,1715,3300,2780
"2020-07-13",5370,21100,11650,1455,7350,8910,955,1760,3400,2800
"2020-07-14",5350,20950,11300,1455,7180,8920,828,1765,3345,2800
"2020-07-15",5360,20950,10950,1465,7270,9170,810,1755,3250,2800
"2020-07-16",5280,20900,11200,1460,7030,9210,808,1740,3250,2825
"2020-07-17",5320,21250,11900,1495,7040,9290,837,1765,3300,2835
"2020-07-20",5320,21150,11750,1500,6960,9120,825,1755,3310,2825
"2020-07-21",5940,21300,11800,1505,6940,9190,801,1735,3310,2835
"2020-07-22",5940,21400,12050,1505,7360,9180,749,1735,3280,2780
"2020-07-23",5880,21500,12200,1470,8520,9040,700,1700,3285,2735
"2020-07-24",5850,21800,11850,1435,8500,8880,688,1710,3245,2700
"2020-07-27",5970,22200,13750,1465,8240,8900,711,1705,3375,2680
"2020-07-28",5970,21750,12350,1450,8610,9150,719,1690,3250,2765
"2020-07-29",6040,21750,12250,1440,8600,9150,723,1675,3120,2800
"2020-07-30",6490,22500,11900,1450,8480,9170,717,1675,2970,2790
"2020-07-31",6450,22350,11900,1460,8840,9170,739,1660,3095,2770
"2020-08-03",6260,21900,11500,1455,9020,9010,715,1645,3000,2710
"2020-08-04",6110,22050,11700,1460,9000,9250,737,1655,3000,2790
"2020-08-05",6160,21700,12300,1480,9020,9240,756,1635,3240,2765
"2020-08-06",5970,21700,12650,1470,9070,9750,739,1635,3280,2775
"2020-08-07",5980,21700,12600,1440,8770,9570,736,1615,3300,2735
"2020-08-10",6400,21850,12200,1445,10050,9440,712,1580,3300,2720
"2020-08-11",6660,21850,11900,1460,10450,9420,728,1605,3400,2730
"2020-08-12",6330,21350,11750,1445,11450,9090,702,1610,3565,2760
"2020-08-13",6320,21100,11250,1500,13000,9250,730,1645,3595,2720
"2020-08-14",6230,21050,11000,1470,11950,9080,710,1615,3265,2755
"2020-08-18",5910,19900,10300,1395,10800,8650,645,1580,2990,2635
"2020-08-19",5890,20000,10500,1410,11100,8750,652,1585,3010,2650
"2020-08-20",5940,18950,9720,1320,9670,8450,623,1505,2805,2605
"2020-08-21",5950,18950,9830,1330,9230,8520,640,1530,2835,2630
"2020-08-24",5830,18900,10200,1335,9500,8290,644,1525,2815,2695
"2020-08-25",5760,19700,10450,1360,9810,8520,673,1625,2950,2735
"2020-08-26",5650,19450,10150,1355,10000,8500,685,1590,2840,2735
"2020-08-27",5600,19000,10000,1325,9480,8220,653,1575,2850,2715
"2020-08-28",5600,19400,10000,1335,9400,8230,648,1590,2850,2755
"2020-08-31",5670,19550,10400,1340,9590,9260,648,1665,2960,2750
"2020-09-01",5780,19600,10300,1360,9510,9100,663,1615,2985,2720
"2020-09-02",5790,19750,10200,1375,9410,8940,677,1635,3055,2760
"2020-09-03",5670,20050,10250,1375,9500,9050,669,1635,3060,2790
"2020-09-04",5710,19750,10200,1345,9110,9000,657,1635,3090,2770
"2020-09-07",5790,20200,10300,1380,9220,9550,664,1640,3045,2735
"2020-09-08",5730,19750,10350,1385,9080,9400,659,1815,3030,2740
"2020-09-09",5600,19350,10050,1380,8850,9500,641,1775,3000,2735
"2020-09-10",5630,19350,10350,1390,8970,9700,637,1800,3010,2765
"2020-09-11",5620,19350,10250,1390,8910,9870,626,1830,2995,2790
"2020-09-14",5820,20000,10400,1420,10050,9960,644,1885,3005,2770
"2020-09-15",5760,20100,10300,1410,9620,9960,634,1835,3040,2745
"2020-09-16",5840,20000,10250,1410,9320,9840,631,1800,3040,2790
"2020-09-17",5850,19700,10050,1400,9060,9680,614,1800,3030,2740
"2020-09-18",5710,19600,10050,1400,9350,9900,612,1805,3000,2780
"2020-09-21",5650,19200,9800,1380,8710,9760,601,1745,2900,2675
"2020-09-22",5440,19150,9100,1340,8090,9360,573,1690,2795,2695
"2020-09-23",5180,19300,8960,1325,8090,9150,573,1700,2785,2675
"2020-09-24",5230,18500,8510,1305,7590,8890,541,1605,2760,2645
"2020-09-25",5240,18250,8770,1310,7720,9060,574,1670,2805,2700
"2020-09-28",5270,18800,9310,1335,7990,9210,615,1705,2820,2710
"2020-09-29",5370,18900,9570,1345,8090,9380,611,1715,2945,2700
"2020-10-05",5580,19050,9690,1375,8080,9500,604,1730,2980,2740
"2020-10-06",5740,20850,9630,1385,8170,9680,606,1790,3060,2680
"2020-10-07",5750,20950,9770,1395,8170,9530,602,1735,3055,2730
"2020-10-08",5780,20500,9770,1395,8290,9470,591,1805,3020,2730
"2020-10-12",5860,21000,10050,1400,8340,9490,584,1840,3075,2780
"2020-10-13",5830,21550,9830,1395,8250,9430,622,1830,3200,2780
"2020-10-14",5720,20800,9720,1380,8050,9370,602,1805,3225,2735
"2020-10-15",5750,21300,9240,1385,7630,9210,602,1815,3225,2955
"2020-10-16",5720,21400,9100,1355,7480,9000,591,1720,3160,2880
"2020-10-19",5890,21300,9110,1360,7250,8980,592,1660,3070,2870
"2020-10-20",6150,21000,9060,1355,7300,8990,573,1655,3130,2900
"2020-10-21",6430,21450,9220,1370,7360,9110,573,1680,3160,2980
"2020-10-22",6500,23400,8970,1380,7110,9030,595,1640,3140,2980
"2020-10-23",6490,23400,8810,1385,7190,8980,581,1665,3175,3000
"2020-10-26",6110,22900,8080,1365,6700,8810,565,1610,3130,2855
"2020-10-27",6150,22200,8200,1345,6720,8700,558,1610,3045,2885
"2020-10-28",6610,23100,8700,1365,6990,8750,564,1635,3090,2945
"2020-10-29",6520,23200,8600,1355,7090,8710,561,1620,3120,2960
"2020-10-30",6350,23850,8400,1350,6620,8650,548,1590,3030,2970
"2020-11-02",6420,22750,8260,1355,6800,8900,542,1615,3045,3055
"2020-11-03",6380,22050,8300,1365,6920,8960,549,1650,3045,3075
"2020-11-04",6400,22050,8280,1365,6880,8950,551,1645,3045,3080
"2020-11-05",6540,22450,8400,1385,7250,9030,553,1705,3145,3125
"2020-11-06",6750,24600,8350,1410,7160,9170,564,1710,3125,3120
"2020-11-09",6690,24950,8750,1405,7470,9140,558,1740,3180,3080
"2020-11-10",6490,23800,8760,1410,7420,9130,561,1740,3160,3145
"2020-11-11",6330,23400,8650,1410,7500,9160,580,1765,3355,3125
"2020-11-12",6360,23950,8620,1420,7470,9230,580,1765,3280,3115
"2020-11-13",6340,24100,8540,1410,7900,9100,576,1745,3310,3055
"2020-11-16",6280,24150,8850,1420,8130,9160,581,1750,3480,3010
"2020-11-17",6300,23900,8800,1425,8020,9120,584,1735,3475,3030
"2020-11-18",6240,23550,8710,1425,8770,9190,605,1770,3490,2935
"2020-11-19",6100,23950,9120,1420,8400,9170,588,1765,3760,2860
"2020-11-20",6240,24400,9150,1420,8690,9180,590,1785,3810,2920
"2020-11-23",6240,25850,9300,1475,8400,9230,580,1795,3765,2950
"2020-11-24",6170,25550,9200,1470,8400,9200,633,1815,3745,2970
"2020-11-25",6000,25350,8940,1460,8410,9140,600,1945,3750,2910
"2020-11-26",5860,25300,9050,1460,8500,9200,590,1880,3650,2880
"2020-11-27",6000,26400,9060,1440,9030,9160,593,1865,3655,2900
"2020-11-30",5920,26150,9150,1440,10050,9140,599,1855,3665,2915
"2020-12-01",5960,26850,9030,1450,10050,9260,597,1950,3715,2910
"2020-12-02",5990,26900,9110,1460,10150,9330,590,1960,3705,2970
"2020-12-03",5960,26300,9430,1450,10050,9400,594,1910,3720,2960
"2020-12-04",5850,26650,9380,1450,10000,9330,588,1895,3720,2905
"2020-12-07",5690,26350,9250,1445,9960,9280,574,1915,3650,2885
"2020-12-08",5600,26050,9240,1455,9680,9370,566,1835,3575,2930
"2020-12-09",5600,26500,9400,1460,9570,9540,569,1850,3575,2950
"2020-12-10",5650,27000,9210,1490,9520,9490,568,1860,3550,2960
"2020-12-11",5830,26250,9180,1485,9540,9550,591,1850,3535,3000
"2020-12-14",5780,25450,9160,1475,9490,9830,591,1840,3425,2985
"2020-12-15",5680,24500,9200,1480,9490,9700,599,1800,3460,3050
"2020-12-16",5610,24850,9190,1475,10450,9710,600,1820,3505,3050
"2020-12-17",5600,24200,9140,1465,13550,9970,591,1815,3645,3085
"2020-12-18",5570,24800,8950,1485,14400,9840,586,1895,3690,3110
"2020-12-21",5500,24500,9130,1485,13500,9720,580,1825,3770,3130
"2020-12-22",5500,23800,8800,1460,11650,9390,570,1770,3745,3180
"2020-12-23",5500,23150,8860,1460,12100,9280,568,1760,3735,3065
"2020-12-24",5560,23150,8790,1470,11200,9340,561,1765,3895,3070
"2020-12-28",5690,22850,8690,1485,11100,9320,551,1700,4000,3090
"2020-12-29",5570,23450,8750,1470,11500,9290,557,1725,4010,3105
"2020-12-30",5540,23950,8990,1460,11850,9390,558,1760,4030,3100
"2021-01-04",5440,24100,8960,1450,12100,9490,562,1730,4130,3080
"2021-01-05",5350,24300,8870,1460,11800,9500,555,1720,4090,3060
"2021-01-06",5440,23900,9010,1445,11600,9410,559,1715,4145,3080
"2021-01-07",5630,23800,9000,1460,12300,9450,559,1725,4300,3100
"2021-01-08",5510,23200,8980,1450,12000,9440,559,1705,4480,3140
"2021-01-11",5310,22500,8880,1410,11100,9230,559,1650,4320,3135
"2021-01-12",5370,23100,9030,1400,11150,9220,559,1655,4235,3255
"2021-01-13",5440,23750,9190,1435,11050,9410,559,1700,4170,3315
"2021-01-14",5670,23900,9330,1435,11300,9410,559,1710,4270,3185
"2021-01-15",5580,23350,9180,1505,10800,9300,559,1710,4305,3180
"2021-01-18",5440,23200,9150,1500,10700,9100,559,1710,4180,3125
"2021-01-19",5450,23550,9250,1520,11200,9180,559,1710,4230,3160
"2021-01-20",5440,23750,9270,1510,11350,9240,559,1745,4185,3100
"2021-01-21",5460,25050,9500,1510,11850,9410,559,1800,4165,3290
"2021-01-22",5500,24350,9250,1530,11900,9470,559,1760,4095,3295
