"","017670","030200","032640","065530","006490","001000","141020"
"2016-01-25",194000,26800,9320,1300,1675,2490,6490
"2016-01-26",198000,26800,9250,1300,1635,2500,6430
"2016-01-27",201500,27000,9330,1305,1625,2480,6440
"2016-01-28",205000,26900,9220,1320,1610,2430,6580
"2016-01-29",209000,27250,9680,1335,1675,2480,6660
"2016-02-01",216000,27750,9570,1295,1675,2530,6580
"2016-02-02",216500,28200,9300,1300,1605,2530,6500
"2016-02-03",208000,28200,9090,1295,1615,2510,6350
"2016-02-04",210500,28200,9240,1310,1565,2530,6230
"2016-02-05",210500,28250,9140,1300,1575,2610,6400
"2016-02-11",204500,28150,8920,1305,1485,2630,6150
"2016-02-12",211000,27850,9190,1285,1465,2760,5840
"2016-02-15",216500,28150,9330,1335,1520,3040,5800
"2016-02-16",216500,28400,9370,1345,1520,3030,5830
"2016-02-17",215500,28500,9640,1340,1505,2730,5860
"2016-02-18",220500,28550,9830,1350,1565,2740,5900
"2016-02-19",224500,28600,9780,1355,1580,2770,5890
"2016-02-22",226000,28700,10100,1360,1605,2730,6530
"2016-02-23",228500,28850,10000,1360,1590,2660,6420
"2016-02-24",228500,28750,10100,1395,1650,2650,6330
"2016-02-25",225000,28750,10250,1400,1650,2680,6430
"2016-02-26",227500,29050,10250,1400,1635,2660,6320
"2016-02-29",233500,28900,10650,1400,1625,2780,6210
"2016-03-02",223000,28900,10200,1400,1660,2790,6170
"2016-03-03",220000,28700,10400,1400,1715,2860,6420
"2016-03-04",216500,28600,10200,1450,1740,3100,6380
"2016-03-07",212000,28500,10300,1465,1980,3160,6370
"2016-03-08",212000,28500,10250,1495,2200,3200,6600
"2016-03-09",214500,28750,10350,1520,2320,3200,6590
"2016-03-10",214500,28500,10500,1565,2150,3300,6010
"2016-03-11",218500,28850,10500,1570,2170,4000,6100
"2016-03-14",215000,29000,10450,1595,2340,4900,6030
"2016-03-15",215500,28800,10650,1600,2445,4900,5850
"2016-03-16",218000,28850,10700,1610,2500,4900,6000
"2016-03-17",218000,28950,10750,1625,2480,4900,5750
"2016-03-18",214500,28750,10400,1635,2590,4900,5770
"2016-03-21",213500,28800,10500,1690,2650,4900,5480
"2016-03-22",211000,28700,10450,1700,2625,4900,5000
"2016-03-23",210000,29100,10600,1680,2470,4900,5240
"2016-03-24",210000,29200,10700,1660,2570,4900,5310
"2016-03-25",207500,29450,10650,1600,1940,4900,5100
"2016-03-28",210500,29450,10800,1615,2320,4900,5260
"2016-03-29",211500,29600,10950,1615,2565,4900,5180
"2016-03-30",209500,29750,11150,1620,2560,4900,5210
"2016-03-31",208500,29800,11050,1625,2605,4900,5070
"2016-04-01",210000,29650,11100,1585,2495,4165,5030
"2016-04-04",206000,29700,10950,1590,2340,3665,5210
"2016-04-05",207000,30000,10950,1605,2420,3740,5230
"2016-04-06",204000,30100,10650,1595,2315,3850,5480
"2016-04-07",203500,30200,10750,1590,2250,3850,5900
"2016-04-08",202500,30450,10950,1555,2180,4010,6800
"2016-04-11",201500,30600,11150,1560,2195,4000,6850
"2016-04-12",203500,30500,11150,1515,2200,3740,7220
"2016-04-14",211000,30950,11400,1565,2190,3565,7040
"2016-04-15",210500,30800,11100,1585,2215,3480,6600
"2016-04-18",209000,30650,11100,1585,2235,3415,6670
"2016-04-19",206500,30450,11000,1575,2175,3400,6410
"2016-04-20",206500,30500,10900,1560,2195,3390,6940
"2016-04-21",204500,30500,10700,1565,2210,3270,7100
"2016-04-22",201500,30300,10850,1565,2175,3695,7160
"2016-04-25",202500,30200,10950,1550,2170,3440,6840
"2016-04-26",206500,30200,10950,1535,2130,3380,6860
"2016-04-27",203500,30650,11100,1540,2125,3395,6770
"2016-04-28",210500,30700,11150,1540,2130,3325,6560
"2016-04-29",206000,30550,11200,1545,2130,3320,6300
"2016-05-02",210000,30800,11250,1525,2075,3210,6700
"2016-05-03",213500,31650,11350,1530,2240,3245,6970
"2016-05-04",212000,31650,11050,1520,2205,3130,6480
"2016-05-09",210000,31850,11200,1525,2105,3040,6130
"2016-05-10",211000,31850,11050,1535,2060,3140,6080
"2016-05-11",212500,31700,11350,1535,2015,3145,5800
"2016-05-12",213500,31350,11350,1535,1985,3110,5750
"2016-05-13",213000,31350,11300,1530,1925,3050,5700
"2016-05-16",212000,31800,11400,1480,1880,3050,5640
"2016-05-17",210000,31900,11550,1480,1870,2950,5370
"2016-05-18",211000,31900,11750,1485,1770,2840,6180
"2016-05-19",210500,31450,11350,1485,1895,2900,6500
"2016-05-20",210500,31550,11200,1485,1995,2970,6450
"2016-05-23",209000,32100,11250,1485,1960,2940,6270
"2016-05-24",215000,32100,11500,1485,2000,2810,6300
"2016-05-25",215500,32100,11700,1485,2600,2795,5980
"2016-05-26",213000,31950,11550,1465,2570,2760,5750
"2016-05-27",216500,32100,11800,1480,2650,3400,5940
"2016-05-30",220000,32550,11750,1465,2560,3025,5940
"2016-05-31",222000,32100,11550,1450,2570,2900,5860
"2016-06-01",218500,31950,11150,1460,2530,2920,5850
"2016-06-02",216000,31100,10850,1470,2715,2850,5760
"2016-06-03",220000,31300,10800,1495,2800,2865,5620
"2016-06-07",221500,30900,10800,1500,3315,2915,5620
"2016-06-08",219000,30900,10800,1500,3305,2895,5610
"2016-06-09",217000,31100,11100,1495,3400,2905,5780
"2016-06-10",212000,30300,10550,1495,3390,2930,5660
"2016-06-13",211000,29950,10250,1455,3300,2845,5460
"2016-06-14",216000,30250,10450,1475,3060,2795,5500
"2016-06-15",216000,30150,10400,1470,3220,2835,5450
"2016-06-16",210500,29750,10450,1425,3060,2720,5230
"2016-06-17",210000,29650,10350,1430,2940,2655,5190
"2016-06-20",209500,29900,10450,1450,3090,2720,5180
"2016-06-21",209500,29850,10900,1445,3000,2720,4975
"2016-06-22",210000,29800,10650,1445,2975,2730,4905
"2016-06-23",210000,29800,10700,1445,2790,2680,5060
"2016-06-24",208500,29150,10450,1375,2540,2430,4830
"2016-06-27",211500,29450,10350,1365,2710,2450,5010
"2016-06-28",212500,29850,10350,1385,2725,2515,5140
"2016-06-29",217000,30400,10900,1400,2820,2555,5190
"2016-06-30",215500,29650,10900,1390,2805,2545,5200
"2016-07-01",218500,29850,10650,1390,2745,2660,5210
"2016-07-04",219000,30050,10650,1415,2680,2685,5110
"2016-07-05",216500,30200,10700,1420,2800,2695,4930
"2016-07-06",215000,30200,10800,1410,2800,2650,4800
"2016-07-07",214500,30400,10800,1410,2860,2695,4950
"2016-07-08",216000,30650,10800,1400,2805,2725,4850
"2016-07-11",217000,30850,11000,1435,2815,2810,5020
"2016-07-12",217000,30700,10950,1430,2775,2985,5060
"2016-07-13",220000,30700,10950,1435,2710,2930,5110
"2016-07-14",221000,30250,10900,1430,2800,2760,5040
"2016-07-15",220500,30400,10850,1435,2695,2745,4860
"2016-07-18",223000,30300,10850,1400,2690,2845,4790
"2016-07-19",221000,30000,10850,1420,2700,2870,4875
"2016-07-20",218000,30450,10700,1405,2610,2865,4825
"2016-07-21",222500,30750,10700,1415,2565,2890,4690
"2016-07-22",223500,30850,10800,1400,2620,2860,4335
"2016-07-25",230000,31400,10800,1410,2620,2780,4325
"2016-07-26",232000,31750,11000,1420,2580,2770,4335
"2016-07-27",231000,31750,11050,1435,2500,2780,4520
"2016-07-28",229500,31500,10900,1470,2490,2790,4440
"2016-07-29",230000,31750,10950,1520,2505,2790,4300
"2016-08-01",226500,32600,11400,1700,2580,2900,4220
"2016-08-02",223500,32600,11550,1575,2520,2900,4055
"2016-08-03",221000,32750,11500,1545,2475,2875,3890
"2016-08-04",220500,32700,11650,1535,2490,2825,4000
"2016-08-05",221000,32300,11800,1540,2465,2820,4020
"2016-08-08",222000,32150,11500,1525,2390,2755,4295
"2016-08-09",224500,32000,11700,1525,2400,2750,4350
"2016-08-10",224000,31850,11500,1525,2435,2750,4200
"2016-08-11",227000,32350,11800,1510,2460,2725,4240
"2016-08-12",226500,32450,11800,1515,2440,2730,4190
"2016-08-16",227000,32550,11550,1515,2355,2705,4090
"2016-08-17",228000,32650,11700,1535,2305,2640,4030
"2016-08-18",226500,32600,11500,1545,2290,2650,3970
"2016-08-19",224000,32100,11350,1535,2240,2655,3850
"2016-08-22",221000,31300,11250,1535,2300,2610,3600
"2016-08-23",220000,31450,11400,1575,2255,2560,3440
"2016-08-24",220500,31400,11350,1560,2300,2560,3530
"2016-08-25",220500,31950,11650,1570,2330,2535,3430
"2016-08-26",222500,32300,11800,1545,2640,2495,3430
"2016-08-29",221000,31950,11400,1485,2605,2455,3110
"2016-08-30",220500,31950,11400,1500,2700,2505,3200
"2016-08-31",218500,31600,11650,1495,2600,2460,3135
"2016-09-01",216500,31850,11550,1465,2505,2480,3165
"2016-09-02",216000,31650,11350,1470,2600,2490,3125
"2016-09-05",220500,32400,11500,1500,2540,2625,3165
"2016-09-06",219500,32150,11350,1500,2540,2560,3135
"2016-09-07",221000,32300,11350,1475,2460,2575,3020
"2016-09-08",223500,31850,11350,1465,2355,2530,2810
"2016-09-09",222000,31900,11500,1485,2320,2450,2815
"2016-09-12",219000,31850,11500,1460,2265,2370,2825
"2016-09-13",217500,31400,11550,1475,2320,2410,2890
"2016-09-19",217000,31250,11550,1480,2280,2405,2815
"2016-09-20",217000,30900,11450,1470,2310,2420,2845
"2016-09-21",216000,30850,11600,1480,2240,2430,2950
"2016-09-22",218000,31150,11600,1490,2240,2505,3095
"2016-09-23",220500,31400,11600,1490,2360,2500,3755
"2016-09-26",221000,31450,11550,1500,2465,2460,3715
"2016-09-27",222000,31800,11750,1510,2295,2505,3530
"2016-09-28",222500,31950,11750,1505,2295,2510,3350
"2016-09-29",226000,31900,11750,1515,2385,2690,3325
"2016-09-30",226000,31900,11750,1540,2380,2575,3300
"2016-10-04",224500,32150,11700,1560,2415,2695,3560
"2016-10-05",222500,32050,11700,1570,2380,2690,3490
"2016-10-06",219000,31800,11550,1570,2280,2730,3500
"2016-10-07",216000,31400,11450,1550,2265,2640,3355
"2016-10-10",219500,31200,11600,1540,2285,2575,3405
"2016-10-11",219500,31550,11500,1515,2340,2570,3310
"2016-10-12",219000,31900,11350,1525,2350,2675,3370
"2016-10-13",219500,31600,11250,1555,2285,2625,3245
"2016-10-14",221000,31550,11550,1600,2315,2575,3150
"2016-10-17",225500,31550,11650,1580,2310,2545,3065
"2016-10-18",227500,31700,11650,1600,2290,2580,3100
"2016-10-19",229000,31850,11500,1620,2265,2590,3085
"2016-10-20",224500,31750,11600,1595,2265,2555,3160
"2016-10-21",224000,31850,11500,1570,2260,2515,3165
"2016-10-24",227500,32200,12150,1545,2215,2450,3085
"2016-10-25",231500,32300,12150,1540,2075,2420,3100
"2016-10-26",230000,32050,12100,1495,1950,2400,3110
"2016-10-27",232500,32250,11850,1500,2140,2430,3285
"2016-10-28",224500,32250,11800,1510,2060,2375,3520
"2016-10-31",223500,32300,11800,1480,2085,2320,3390
"2016-11-01",226000,33000,12300,1465,2055,2395,3595
"2016-11-02",223500,32900,12550,1445,2070,2410,3590
"2016-11-03",223500,33250,12400,1470,2040,2415,3460
"2016-11-04",226000,33000,12250,1460,2070,2415,3355
"2016-11-07",223500,32350,12050,1460,2015,2450,3425
"2016-11-08",221000,31900,12050,1455,2030,2675,3505
"2016-11-09",218500,31650,11700,1445,1905,2490,3670
"2016-11-10",220000,32250,11800,1475,2020,2570,3670
"2016-11-11",218500,31650,11450,1500,2100,2490,3675
"2016-11-14",217000,31400,11500,1505,2145,2630,3890
"2016-11-15",217500,31500,12000,1500,2140,2620,3900
"2016-11-16",217000,31000,11600,1495,2180,2650,3850
"2016-11-17",217000,30850,11650,1500,2175,2565,3940
"2016-11-18",219500,30700,11750,1500,2105,2560,3970
"2016-11-21",220000,30650,11950,1500,2035,2505,3730
"2016-11-22",220000,30800,11550,1500,2035,2370,3710
"2016-11-23",226000,30800,11750,1490,1970,2400,3500
"2016-11-24",226500,30100,11750,1490,1935,2410,3440
"2016-11-25",226000,30100,11700,1500,1970,2420,3505
"2016-11-28",222500,29800,11600,1495,1970,2410,3400
"2016-11-29",223500,30200,11550,1515,2030,2510,3380
"2016-11-30",226000,29850,11450,1520,2160,2530,3315
"2016-12-01",224500,29850,11750,1515,2100,2560,3200
"2016-12-02",228000,29550,11850,1495,2040,2430,3155
"2016-12-05",228000,29500,11850,1490,2260,2380,3040
"2016-12-06",229000,29500,12100,1490,2190,2395,3065
"2016-12-07",231500,29600,11700,1515,2170,2395,2835
"2016-12-08",231500,30250,12100,1530,2015,2375,2870
"2016-12-09",231000,29900,11950,1540,2040,2375,2800
"2016-12-12",230500,29850,11850,1550,2035,2440,3000
"2016-12-13",232500,29750,12300,1545,2045,2485,3000
"2016-12-14",229500,29800,12000,1540,2010,2485,3000
"2016-12-15",230000,30050,12150,1545,2025,2480,3025
"2016-12-16",232000,29950,11900,1575,1990,2520,3130
"2016-12-19",229000,29900,11800,1600,1900,2525,3000
"2016-12-20",231000,30350,12050,1585,1840,2525,2970
"2016-12-21",230000,30100,11900,1605,1770,2540,2925
"2016-12-22",230500,30150,11850,1610,1870,2520,2985
"2016-12-23",230500,30250,11950,1575,1815,2520,2890
"2016-12-26",231000,30250,11850,1565,1785,2515,2825
"2016-12-27",231000,30200,11800,1570,1710,2465,2840
"2016-12-28",224500,29600,11600,1550,1695,2515,2800
"2016-12-29",224000,29400,11450,1550,1705,2515,2830
"2017-01-02",225500,29650,11700,1535,1720,2525,2860
"2017-01-03",223000,29300,11500,1535,1770,2520,3080
"2017-01-04",223000,29300,11300,1535,1805,2520,3060
"2017-01-05",228000,29200,11600,1535,1820,2555,3030
"2017-01-06",226500,29150,11400,1535,1780,2640,3090
"2017-01-09",226000,29200,11400,1525,1800,2655,3120
"2017-01-10",225000,29000,11500,1500,1790,2670,3050
"2017-01-11",227500,29000,11500,1490,1725,2670,3025
"2017-01-12",229000,29250,11450,1490,1720,2660,2970
"2017-01-13",228500,29500,11400,1490,1730,2605,2975
"2017-01-16",224500,29450,11350,1460,1795,2585,2895
"2017-01-17",226000,29450,11550,1440,1795,2645,2935
"2017-01-18",224500,29250,11600,1440,1800,2695,2880
"2017-01-19",224000,29050,11400,1445,1790,2690,2860
"2017-01-20",223000,29250,11600,1445,1815,2680,2740
"2017-01-23",220500,29050,11850,1385,1830,2700,2660
"2017-01-24",221500,29300,11600,1420,1760,2595,2650
"2017-01-25",219000,28900,11450,1415,1710,2615,2450
"2017-01-26",222500,28950,11600,1390,1770,2580,2490
"2017-01-31",223000,29400,11400,1410,1825,2490,2310
"2017-02-01",220000,29450,11200,1420,1825,2490,2180
"2017-02-02",218000,29250,11550,1390,1775,2455,2020
"2017-02-03",219500,29200,12100,1400,1750,2430,2100
"2017-02-06",222000,29600,12050,1415,1730,2445,2080
"2017-02-07",226500,30250,12350,1385,1705,2445,2040
"2017-02-08",224500,30350,12600,1405,1700,2445,1755
"2017-02-09",224000,30600,12750,1420,1720,2490,1670
"2017-02-10",227500,30200,12400,1395,1665,2475,1640
"2017-02-13",229500,30600,12600,1440,1655,2455,1520
"2017-02-14",229000,30650,12700,1440,1715,2440,1590
"2017-02-15",225000,30250,12650,1430,1670,2440,1835
"2017-02-16",225500,29950,12600,1445,1710,2470,1675
"2017-02-17",226500,30100,12500,1490,1770,2475,1600
"2017-02-20",226500,30350,12550,1470,1755,2450,1795
"2017-02-21",227500,30250,12650,1480,1865,2460,1780
"2017-02-22",231000,30350,13150,1480,1850,2475,1860
"2017-02-23",231000,30450,13300,1480,1840,2465,1940
"2017-02-24",231500,30450,13100,1495,1835,2460,1880
"2017-02-27",232000,30450,12750,1495,1760,2465,1950
"2017-02-28",231500,30450,12800,1510,1715,2440,1815
"2017-03-02",229500,30750,13550,1510,1735,2430,1545
"2017-03-03",233000,31050,13450,1490,1715,2385,1125
"2017-03-06",232000,30950,13250,1570,1740,2390,1160
"2017-03-07",231000,30750,13600,1570,1735,2420,1210
"2017-03-08",241000,31600,13850,1540,1765,2420,1210
"2017-03-09",248000,31800,13650,1520,1780,2410,1205
"2017-03-10",247000,32200,13900,1505,1800,2380,1415
"2017-03-13",245000,31850,14200,1510,1790,2375,1395
"2017-03-14",245500,31600,14050,1480,1780,2365,1420
"2017-03-15",257500,32700,14700,1485,1780,2355,1345
"2017-03-16",256000,32650,14750,1500,1740,2340,1345
"2017-03-17",250000,32050,14300,1515,1695,2285,1315
"2017-03-20",251000,32400,14700,1510,1695,2240,1215
"2017-03-21",253000,32550,14400,1505,1675,2240,1215
"2017-03-22",259500,32800,15000,1515,1660,2230,1180
"2017-03-23",262500,33250,14850,1510,1680,2230,1170
"2017-03-24",260000,33250,15000,1485,1700,2240,1195
"2017-03-27",259500,33100,15100,1475,1685,2170,1165
"2017-03-28",260500,32450,15050,1495,1660,2145,1135
"2017-03-29",252500,31900,14700,1490,1575,2150,1085
"2017-03-30",255500,32050,14800,1500,1565,2240,1015
"2017-03-31",252000,31900,14300,1510,1580,2235,1015
"2017-04-03",254000,32700,14550,1570,1595,2205,1015
"2017-04-04",257000,32450,14500,1565,1580,2160,1080
"2017-04-05",253000,32300,14200,1580,1585,2175,1075
"2017-04-06",256000,32600,14350,1570,1575,2175,1145
"2017-04-07",255000,32700,14800,1570,1560,2165,1105
"2017-04-10",252500,32250,14700,1560,1660,2140,1010
"2017-04-11",245000,31600,14200,1545,1710,2100,1035
"2017-04-12",243000,31150,13950,1535,1705,2060,1010
"2017-04-13",245500,31400,14300,1545,1690,2000,1015
"2017-04-14",243500,31400,14250,1555,1705,2000,1000
"2017-04-17",242500,31700,14200,1560,1715,2030,1005
"2017-04-18",247000,31750,14250,1560,1720,2025,1015
"2017-04-19",248500,32000,14250,1560,1705,2045,1030
"2017-04-20",249000,31600,14050,1530,1755,2050,1090
"2017-04-21",251500,31450,14250,1510,1735,2045,1085
"2017-04-24",251500,31650,14650,1485,1685,1995,1080
"2017-04-25",249500,31450,14350,1520,1700,1995,1085
"2017-04-26",244000,31200,14400,1535,1725,2010,1115
"2017-04-27",240000,31300,14200,1490,1855,2020,1165
"2017-04-28",239500,32200,14450,1500,1780,2010,1170
"2017-05-02",240000,32450,14000,1500,1815,1995,1120
"2017-05-04",235500,32000,13750,1505,1835,2015,1150
"2017-05-08",236000,31950,13950,1500,1835,2000,1110
"2017-05-10",238500,32000,13850,1500,1885,1990,1100
"2017-05-11",235500,31350,13500,1505,1840,1985,1130
"2017-05-12",236000,31300,13750,1520,1805,1990,1075
"2017-05-15",236000,31050,13200,1505,1805,2040,1090
"2017-05-16",239500,31050,13650,1505,1845,2060,1085
"2017-05-17",239500,31150,13800,1505,1925,2020,1095
"2017-05-18",241000,31100,14600,1500,1920,2025,1065
"2017-05-19",244500,31700,14700,1500,1890,2005,1090
"2017-05-22",246500,31750,14850,1490,1845,2005,1085
"2017-05-23",246000,31500,14800,1480,1800,2020,1085
"2017-05-24",252000,31800,15150,1485,1755,2050,1075
"2017-05-25",249500,32300,15650,1495,1775,2075,1070
"2017-05-26",254500,32450,15700,1510,1750,2070,1060
"2017-05-29",250000,32250,15900,1515,1700,2055,1040
"2017-05-30",249000,32350,15550,1505,1690,2045,1045
"2017-05-31",253500,32550,16200,1515,1725,2050,1110
"2017-06-01",249500,32300,16200,1520,1715,2000,1095
"2017-06-02",250500,32350,16400,1510,1740,2005,1210
"2017-06-05",246000,32250,16300,1510,1750,2045,1325
"2017-06-07",245500,32000,16250,1560,1775,2045,1305
"2017-06-08",243000,31650,16800,1565,1755,2030,1325
"2017-06-09",246000,31850,16150,1610,1745,2030,1330
"2017-06-12",246500,31700,16150,1610,1705,2030,1280
"2017-06-13",248000,32200,16050,1615,1705,2020,1280
"2017-06-14",243500,31650,16000,1600,1705,2075,1240
"2017-06-15",242000,31650,16000,1645,1680,2075,1270
"2017-06-16",242000,31600,16600,1655,1725,2100,1295
"2017-06-19",247500,31700,16500,1670,1690,2105,1250
"2017-06-20",249500,32050,17000,1675,1760,2105,1230
"2017-06-21",254500,32200,16800,1660,1755,2075,1300
"2017-06-22",263000,32800,17000,1645,1745,2075,1315
"2017-06-23",258000,32100,16700,1585,1770,2065,1260
"2017-06-26",258000,31800,16750,1595,1750,2060,1295
"2017-06-27",264000,32150,17000,1560,1725,2055,1255
"2017-06-28",266000,32650,15950,1575,1695,2030,1255
"2017-06-29",261500,32450,16150,1565,1770,2030,1245
"2017-06-30",266000,32600,15600,1560,1795,2020,1255
"2017-07-03",274500,34000,15650,1565,1765,1975,1240
"2017-07-04",264000,33750,15400,1570,1805,1970,1250
"2017-07-05",267500,33550,15150,1575,1830,1950,1235
"2017-07-06",257500,33200,14700,1565,1850,1920,1250
"2017-07-07",256500,33300,15000,1570,1835,1940,1260
"2017-07-10",255500,33100,15600,1525,1780,1915,1115
"2017-07-11",260000,32900,15550,1535,1790,1860,1150
"2017-07-12",257000,32450,15200,1535,1805,1795,1225
"2017-07-13",257500,32500,15050,1535,1875,1800,1210
"2017-07-14",263000,33000,15150,1535,1850,1745,1240
"2017-07-17",262000,33050,15450,1535,1800,1705,1240
"2017-07-18",261000,33100,15450,1540,1715,1615,1200
"2017-07-19",262000,33150,15550,1555,1735,2095,1210
"2017-07-20",263000,33250,15350,1575,1735,1990,1195
"2017-07-21",270500,34000,15800,1600,1740,2275,1170
"2017-07-24",278500,34850,16000,1605,1720,2675,1135
"2017-07-25",277500,34850,16200,1600,1710,2675,1120
"2017-07-26",270000,34400,16400,1600,1695,2845,1060
"2017-07-27",279000,34800,16700,1590,1690,2740,1040
"2017-07-28",277000,34800,16300,1595,1705,2650,1095
"2017-07-31",278000,34800,16650,1550,1670,2580,1095
"2017-08-01",277500,35150,16400,1555,1670,2705,1120
"2017-08-02",283500,35400,16900,1565,1680,2520,1115
"2017-08-03",283000,35000,16950,1515,1690,2525,1130
"2017-08-04",276500,34750,16650,1535,1705,2570,1150
"2017-08-07",279500,34300,16400,1530,1710,2380,1160
"2017-08-08",275000,34150,16050,1535,1690,3090,1230
"2017-08-09",274500,33850,16150,1530,1655,3090,1270
"2017-08-10",269000,32950,15650,1510,1635,3050,1290
"2017-08-11",265000,33050,14950,1505,1590,2770,1285
"2017-08-14",269500,32900,15050,1505,1610,2850,1290
"2017-08-16",268500,32650,15350,1500,1590,2750,1260
"2017-08-17",264000,32950,15000,1500,1585,3310,1210
"2017-08-18",260000,32450,14900,1505,1590,3450,1210
"2017-08-21",260000,32100,15250,1500,1575,3400,1200
"2017-08-22",262500,32650,15300,1505,1560,3190,1210
"2017-08-23",261000,32150,15250,1495,1570,3330,1205
"2017-08-24",263500,31800,14750,1505,1530,3210,1180
"2017-08-25",261000,32600,14750,1510,1535,3110,1175
"2017-08-28",262000,32500,14650,1530,1500,3120,1185
"2017-08-29",260500,32150,14500,1540,1495,3340,1180
"2017-08-30",257000,31850,14750,1540,1435,3405,1170
"2017-08-31",253500,31200,13800,1525,1445,3225,1165
"2017-09-01",252000,31150,14350,1505,1455,3140,1165
"2017-09-04",248000,30050,14000,1490,1400,3185,1170
"2017-09-05",248000,30350,13750,1495,1380,3095,1160
"2017-09-06",244000,30050,13500,1490,1380,3070,1140
"2017-09-07",251500,30250,13800,1500,1385,3065,1115
"2017-09-08",249500,29950,13800,1500,1460,2920,1110
"2017-09-11",246500,30200,13600,1465,1435,2820,1090
"2017-09-12",246500,30000,13550,1495,1405,2815,1105
"2017-09-13",249000,30000,13850,1495,1365,2815,1140
"2017-09-14",242000,29100,13550,1515,1355,2790,1140
"2017-09-15",253000,29400,13700,1510,1390,2665,1135
"2017-09-18",250000,29200,13650,1505,1410,2680,1180
"2017-09-19",246000,29100,13150,1500,1385,2815,1190
"2017-09-20",245500,29100,13100,1495,1385,2710,1170
"2017-09-21",249000,29150,13100,1490,1340,2735,1150
"2017-09-22",252000,29200,13100,1475,1325,2745,1140
"2017-09-25",249500,28800,13000,1470,1220,2775,1130
"2017-09-26",254500,28700,13100,1465,1260,2705,1085
"2017-09-27",257000,29050,13000,1505,1400,2600,1095
"2017-09-28",257500,29250,13000,1505,1520,2575,1105
"2017-09-29",255000,29150,13350,1520,1590,2600,1085
"2017-10-10",267500,28900,13000,1525,1540,2640,1105
"2017-10-11",266500,28950,12750,1530,1560,2685,1080
"2017-10-12",268000,29000,12900,1525,1620,2665,1075
"2017-10-13",267500,29950,13100,1530,1615,2550,1025
"2017-10-16",271500,30600,13450,1530,1600,2535,1050
"2017-10-17",268500,30250,13200,1540,1600,2500,1035
"2017-10-18",267500,29900,13650,1535,1590,2440,998
"2017-10-19",264500,29850,13450,1535,1580,2455,1020
"2017-10-20",265000,29950,13400,1540,1595,2495,1010
"2017-10-23",262000,29700,13350,1545,1575,2500,999
"2017-10-24",263000,29950,13400,1530,1575,2500,996
"2017-10-25",267000,29600,13550,1545,1590,2525,940
"2017-10-26",263500,29500,13050,1540,1790,2455,950
"2017-10-27",261000,29550,12950,1535,1825,2475,972
"2017-10-30",257500,29250,12950,1520,1785,2455,993
"2017-10-31",264000,29350,12850,1510,1695,2465,1025
"2017-11-01",263500,29350,12900,1535,1620,2485,1025
"2017-11-02",265000,29400,13250,1535,1560,2460,1025
"2017-11-03",266000,29600,13350,1545,1575,2360,1120
"2017-11-06",260000,29450,13000,1545,1555,2305,1170
"2017-11-07",256000,29400,12850,1550,1560,2340,1340
"2017-11-08",254000,29300,12500,1560,1580,2370,1420
"2017-11-09",253500,29250,12400,1555,1580,2355,1400
"2017-11-10",256000,29300,12550,1550,1560,2380,1435
"2017-11-13",252500,29150,12450,1550,1575,2340,1500
"2017-11-14",251000,29100,12250,1550,1545,2315,1485
"2017-11-15",252000,29400,12650,1530,1590,2210,1420
"2017-11-16",255500,29250,12350,1535,1600,2250,1495
"2017-11-17",254500,29300,12500,1540,1600,2290,1500
"2017-11-20",250500,29150,12300,1505,1595,2285,1410
"2017-11-21",250500,29400,12500,1510,1695,2245,1345
"2017-11-22",260500,29950,13050,1510,1690,2215,1370
"2017-11-23",260000,29950,13050,1525,1725,2245,1440
"2017-11-24",261500,30100,13650,1530,1675,2275,1425
"2017-11-27",260000,30000,13400,1520,1690,2285,1435
"2017-11-28",259000,29800,13550,1525,1660,2260,1400
"2017-11-29",256000,29950,13250,1535,1635,2220,1370
"2017-11-30",264000,30450,13850,1525,1690,2220,1370
"2017-12-01",265000,30350,13850,1535,1815,2235,1375
"2017-12-04",269500,30650,14200,1530,1820,2245,1380
"2017-12-05",275500,31150,14850,1530,1805,2915,1380
"2017-12-06",275500,30900,14550,1560,1805,3390,1370
"2017-12-07",277500,31050,14500,1545,1730,3065,1350
"2017-12-08",271500,30250,13700,1550,1705,2885,1385
"2017-12-11",274500,30750,14100,1550,1910,2940,1350
"2017-12-12",270000,30600,13850,1545,1935,2770,1440
"2017-12-13",276500,30900,14550,1550,2020,2835,1500
"2017-12-14",274500,30600,14400,1550,2110,3060,1480
"2017-12-15",277000,31300,14600,1565,2130,3080,1460
"2017-12-18",272500,31200,14450,1555,1985,3110,1615
"2017-12-19",273000,30700,14250,1535,2050,2870,1575
"2017-12-20",272000,31200,14150,1535,2065,2775,1435
"2017-12-21",272000,31100,14400,1535,2020,2655,1405
"2017-12-22",274000,31050,14400,1555,1995,2640,1385
"2017-12-26",278000,31200,14450,1535,1925,2560,1345
"2017-12-27",267500,30450,14350,1495,2220,2580,1445
"2017-12-28",267000,30250,14000,1500,2250,2580,1475
"2018-01-02",265500,30050,14050,1495,2400,2715,1450
"2018-01-03",262000,29750,14200,1490,2320,2720,1405
"2018-01-04",259500,29500,13900,1510,2375,2965,1460
"2018-01-05",267500,29900,14050,1510,2380,2930,1535
"2018-01-08",266000,29750,14050,1525,2355,2990,1610
"2018-01-09",276000,30400,15150,1495,2235,2850,1615
"2018-01-10",268500,30200,14900,1490,2250,2800,1625
"2018-01-11",268500,30000,14800,1480,2410,3065,1600
"2018-01-12",267000,29800,14950,1480,2375,3035,1570
"2018-01-15",266000,29800,14800,1475,2485,2935,1595
"2018-01-16",266000,29650,14750,1495,2590,2925,1585
"2018-01-17",266500,29800,14400,1495,2740,2905,1570
"2018-01-18",278000,30000,15050,1490,2435,2895,1650
"2018-01-19",280000,30150,15600,1490,2505,3005,1660
"2018-01-22",274000,30000,15300,1490,2445,3145,1700
"2018-01-23",274000,30050,15400,1510,2595,3150,1595
"2018-01-24",274000,30100,15350,1515,2510,3115,1580
"2018-01-25",266500,29900,14900,1520,2490,3070,1610
"2018-01-26",267500,29950,15000,1540,2500,3105,1600
"2018-01-29",265500,29950,14900,1520,2475,3650,1580
"2018-01-30",267000,29900,14700,1550,2300,3580,1560
"2018-01-31",265500,29650,14300,1585,2310,4235,1530
"2018-02-01",261500,29550,14300,1620,2240,4070,1590
"2018-02-02",262000,29450,14450,1570,2255,3840,1640
"2018-02-05",260000,29450,13850,1580,2200,3600,1670
"2018-02-06",255500,28900,13650,1570,2180,3415,1625
"2018-02-07",248000,28550,13050,1570,2110,3120,1580
"2018-02-08",244000,28300,13100,1580,2185,3455,1620
"2018-02-09",240000,27900,13050,1560,2130,3510,1575
"2018-02-12",240000,27450,12950,1600,2100,3455,1550
"2018-02-13",240500,27500,13000,1620,2180,3395,1555
"2018-02-14",244000,27650,13100,1645,2230,3265,1560
"2018-02-19",243500,28400,13200,1650,2470,3420,1585
"2018-02-20",245000,28050,13000,1640,2440,3395,1570
"2018-02-21",246000,28150,12850,1625,2830,3415,1550
"2018-02-22",240000,28300,12750,1650,2750,3355,1605
"2018-02-23",241500,28200,12750,1670,2890,3270,1590
"2018-02-26",239500,28250,12950,1675,2850,3195,1700
"2018-02-27",241000,28150,12900,1665,2750,3145,1710
"2018-02-28",240000,27900,12550,1660,2730,3215,1725
"2018-03-02",234500,27700,12400,1700,2825,3200,1850
"2018-03-05",234000,27700,12600,1730,2750,3200,1960
"2018-03-06",232000,27650,12650,1795,2810,3140,1985
"2018-03-07",232000,27450,12300,1685,2770,3050,2110
"2018-03-08",229500,27700,12200,1700,2700,3045,2090
"2018-03-09",233500,27700,12400,1755,2875,3090,2055
"2018-03-12",236000,27700,12600,1890,2960,3255,2080
"2018-03-13",235000,27450,12650,1920,2985,3200,2090
"2018-03-14",232500,27750,12300,1895,3180,3170,2145
"2018-03-15",236500,27750,12450,1900,3045,3245,2235
"2018-03-16",239500,27850,12850,1885,3075,3225,2275
"2018-03-19",239000,27800,13050,1860,3330,3170,2160
"2018-03-20",232500,27550,12700,1880,3430,3170,2070
"2018-03-21",230000,27500,12750,1895,3695,3170,2180
"2018-03-22",231500,27350,12600,1910,4800,3110,2495
"2018-03-23",228500,27050,12400,1895,5650,3000,2495
"2018-03-26",226500,26950,12300,1965,7340,2985,2495
"2018-03-27",228000,27250,12400,2000,9540,2965,2525
"2018-03-28",226500,27150,12250,2015,9200,2925,2400
"2018-03-29",230000,27350,12300,2015,8640,2965,2450
"2018-03-30",233500,27550,12250,2030,9610,2960,2620
"2018-04-02",235000,27400,12250,1990,9200,2920,2500
"2018-04-03",237000,27500,12450,2000,8450,2950,2545
"2018-04-04",234500,27700,12550,1985,7540,2900,2520
"2018-04-05",233000,27600,12450,1990,7740,2790,2700
"2018-04-06",232500,27600,12400,1955,8090,2765,2665
"2018-04-09",235000,27650,12650,1995,8200,2795,2640
"2018-04-10",232500,27650,12750,1990,8880,2740,2600
"2018-04-11",231000,27700,12750,2080,9100,2780,2540
"2018-04-12",229000,27500,12450,2210,10850,2890,2525
"2018-04-13",224000,26700,11900,2195,11150,2865,2695
"2018-04-16",225500,26850,11900,2170,11350,2880,2660
"2018-04-17",223500,27150,11950,2175,11500,2945,2610
"2018-04-18",222000,27150,12100,2140,13750,3030,2705
"2018-04-19",222000,26850,12000,2080,12200,2970,2715
"2018-04-20",225000,26950,12050,2150,12800,2960,2635
"2018-04-23",226000,27150,12100,2225,13850,2940,2480
"2018-04-24",223500,27250,12150,2300,14000,3140,2490
"2018-04-25",226500,27200,12250,2640,14400,3195,2510
"2018-04-26",222500,27050,12100,2870,14450,3010,2515
"2018-04-27",226500,27050,12350,3060,13550,2945,2500
"2018-04-30",228500,27250,12300,3080,12200,2800,2520
"2018-05-02",228500,27350,12500,3080,12700,2905,2440
"2018-05-03",231500,27800,12900,3080,13100,2965,2330
"2018-05-04",230500,27700,12850,3080,12950,3015,2390
"2018-05-08",228000,27350,12900,2820,11600,3025,2360
"2018-05-09",226000,27500,12650,2720,12100,3000,2360
"2018-05-10",222500,27200,12900,3535,11950,3100,2435
"2018-05-11",224500,27450,12700,3730,11400,3060,2535
"2018-05-14",221000,27300,12600,3740,11150,3025,2500
"2018-05-15",220500,27250,12750,3950,10800,3250,2510
"2018-05-16",221000,27200,12700,3685,10900,3390,2460
"2018-05-17",222000,27400,12500,3715,10050,3175,2430
"2018-05-18",223000,27350,12700,3520,10200,3225,2425
"2018-05-21",222500,27350,12750,3430,10000,3440,2420
"2018-05-23",224500,27250,12700,3450,9320,3555,2290
"2018-05-24",224000,27200,12800,3380,11350,3530,2330
"2018-05-25",227500,27150,12700,3250,10300,3285,2340
"2018-05-28",227500,27250,12500,3775,10150,3455,2280
"2018-05-29",227500,27200,12300,3615,9850,3430,2285
"2018-05-30",223000,27050,12050,4130,10050,3405,2285
"2018-05-31",222000,27000,11700,3720,10200,3410,2285
"2018-06-01",222000,27000,11900,3540,10250,3365,2410
"2018-06-04",223000,27200,12400,3350,10600,3570,2365
"2018-06-05",222500,27350,12500,3340,10800,3400,2560
"2018-06-07",226500,27650,12450,3350,14000,3335,2395
"2018-06-08",230000,27850,13250,3350,12200,3220,2395
"2018-06-11",241000,28350,13700,3565,11900,3315,2360
"2018-06-12",246500,28350,13900,3530,11100,3290,2330
"2018-06-14",241500,28100,13950,3585,11100,3400,2320
"2018-06-15",234500,28300,13400,3775,11000,3315,2310
"2018-06-18",237500,28550,14000,3735,11400,3160,2260
"2018-06-19",235500,28100,13850,3425,10600,2970,2230
"2018-06-20",241500,28150,13800,3410,10600,2975,2220
"2018-06-21",243000,27950,14150,3350,10300,3040,2220
"2018-06-22",242000,27700,14450,3150,10100,2965,2260
"2018-06-25",237000,27950,13750,3160,10050,3020,2325
"2018-06-26",237000,27700,13400,2955,9920,2980,2320
"2018-06-27",235000,27700,13800,2775,9860,2950,2270
"2018-06-28",231500,27700,13900,2650,9600,2880,2245
"2018-06-29",233000,27400,14000,2780,9250,2810,2245
"2018-07-02",230500,27000,13650,2505,9000,2620,2190
"2018-07-03",229000,26900,13400,2545,8980,2675,2190
"2018-07-04",228500,26900,13600,2525,9570,2700,2180
"2018-07-05",228000,27050,13600,2410,8920,2660,2195
"2018-07-06",227500,27550,13650,2395,8400,2690,2180
"2018-07-09",228500,27700,14050,2355,8080,2635,2180
"2018-07-10",233000,27750,14450,2585,8400,2785,2215
"2018-07-11",237500,27900,14700,2610,8090,2765,2170
"2018-07-12",237500,27450,14550,2575,8240,2780,2150
"2018-07-13",240500,27700,14600,2690,8410,2865,2130
"2018-07-16",237000,27900,14600,2685,8300,2860,2110
"2018-07-17",238000,28150,14650,2680,8080,2835,2060
"2018-07-18",237500,27750,14450,2550,7250,2775,2055
"2018-07-19",236500,27450,14500,2480,7210,2730,2075
"2018-07-20",239500,27500,14750,2515,7190,2810,2130
"2018-07-23",240500,27900,14700,2440,6810,2670,2105
"2018-07-24",241000,28000,14850,2505,7220,2630,2140
"2018-07-25",242000,28250,15000,2595,7150,2730,2150
"2018-07-26",239000,27900,15000,2640,7160,2810,2180
"2018-07-27",242000,28150,15400,2665,7370,2860,2195
"2018-07-30",245000,28050,15500,2695,7340,2860,2215
"2018-07-31",250500,28500,15400,2620,7470,2930,2220
"2018-08-01",247000,28350,15500,2650,7600,2900,2245
"2018-08-02",253000,28800,15800,2655,7480,2865,2245
"2018-08-03",257000,29250,16050,2685,7470,2845,2235
"2018-08-06",259500,29600,16150,2680,7670,2880,2215
"2018-08-07",250500,28750,15050,2605,7880,2865,2190
"2018-08-08",252000,28700,15450,2630,7650,2880,2195
"2018-08-09",257000,29000,15500,2735,7730,2830,2180
"2018-08-10",256500,28950,15600,2650,7820,2770,2100
"2018-08-13",257000,28400,15750,2650,7600,2685,1945
"2018-08-14",259500,28700,15750,2750,8110,2755,1995
"2018-08-16",264500,28950,16250,2700,8540,2725,1970
"2018-08-17",261500,28750,16250,2685,8870,2755,2000
"2018-08-20",262000,28650,16150,2840,9290,2725,2000
"2018-08-21",257000,28350,16000,2860,9300,2735,1995
"2018-08-22",254000,28150,15900,2990,9350,2750,1995
"2018-08-23",258500,28350,15850,2940,9400,2810,1980
"2018-08-24",263500,28800,16300,2950,9750,2785,1985
"2018-08-27",261000,28800,16050,2795,9960,2950,1990
"2018-08-28",262000,28950,16300,2755,9800,2835,1960
"2018-08-29",263500,28950,16100,2800,9880,2820,1980
"2018-08-30",261000,28850,15950,2875,9850,2785,1980
"2018-08-31",262500,28900,15700,2925,9870,2790,1980
"2018-09-03",256500,28900,15250,2940,10600,2755,1970
"2018-09-04",262000,28700,15400,2935,10400,2760,1970
"2018-09-05",262500,28900,15350,2925,10450,2775,1970
"2018-09-06",261500,29000,15450,2895,9900,2755,1930
"2018-09-07",263500,28950,15650,2940,10050,2760,2050
"2018-09-10",265500,28450,15700,3005,9750,2760,2115
"2018-09-11",271500,28650,15800,2965,9750,2805,2145
"2018-09-12",274000,29150,16600,2915,9990,2805,2200
"2018-09-13",276000,28850,17400,2950,9870,2835,2200
"2018-09-14",277000,29150,17000,2930,9820,2855,2180
"2018-09-17",278500,29700,17350,2990,9340,2760,2165
"2018-09-18",277000,29900,17700,2985,9400,2740,2115
"2018-09-19",269500,29600,17100,2870,9790,2695,2150
"2018-09-20",271500,29700,17000,2805,9720,2695,2130
"2018-09-21",269500,29200,16800,2810,9730,2740,2120
"2018-09-27",275000,29950,17750,2765,9330,2730,2000
"2018-09-28",282000,30150,18300,2710,9290,2710,1975
"2018-10-01",275500,30050,17300,2690,8600,2690,1990
"2018-10-02",272000,29500,17000,2755,8220,2610,1960
"2018-10-04",279500,29800,17450,2725,8240,2560,1955
"2018-10-05",281000,30000,17150,2710,7800,2550,1950
"2018-10-08",278500,29900,17250,2750,7380,2535,1905
"2018-10-10",285000,30000,17500,2565,7000,2305,1880
"2018-10-11",270000,29000,16850,2340,6840,2160,1800
"2018-10-12",270000,28800,16800,2380,6990,2265,2035
"2018-10-15",268500,29050,17150,2345,6630,2290,2265
"2018-10-16",268000,29250,16700,2465,6800,2315,2320
"2018-10-17",274000,29500,16850,2600,7450,2320,2345
"2018-10-18",279500,29900,17500,2600,7190,2450,2355
"2018-10-19",282500,29900,17450,2555,7370,2390,2500
"2018-10-22",286000,30250,18050,2455,7380,2350,3075
"2018-10-23",283000,29800,17900,2375,7230,2400,2790
"2018-10-24",278500,29900,17200,2285,6890,2560,2855
"2018-10-25",283500,29850,16950,2195,6510,2535,2930
"2018-10-26",275000,29400,16750,2080,6270,2480,3150
"2018-10-29",276000,29350,16500,1945,5660,2120,2990
"2018-10-30",269000,28550,16050,1970,6090,2140,2900
"2018-10-31",268000,28600,16150,1965,6110,2225,3085
"2018-11-01",261500,28650,16100,2000,6600,2230,2980
"2018-11-02",257500,28800,16150,2140,6930,2300,3015
"2018-11-05",263500,29200,15750,2160,6900,2305,3070
"2018-11-06",262500,29050,15400,2120,6740,2245,3150
"2018-11-07",268500,29700,15550,2065,7410,2250,3030
"2018-11-08",267500,29550,15550,2205,7240,2325,2905
"2018-11-09",266000,29600,15550,2150,7000,2265,2890
"2018-11-12",267000,29700,15200,2110,6420,2255,3100
"2018-11-13",266500,29650,15200,2075,6470,2310,2935
"2018-11-14",270000,29950,14900,2085,6450,2300,2825
"2018-11-15",267000,29900,15250,2120,6530,2325,2750
"2018-11-16",279000,29950,15350,2125,6750,2295,2750
"2018-11-19",276000,29600,15450,2185,6770,2350,2755
"2018-11-20",282500,30350,15950,2165,6780,2380,2860
"2018-11-21",280000,30550,15950,2440,6670,2430,2890
"2018-11-22",286500,30550,16100,2420,6610,2415,2905
"2018-11-23",284000,30200,16100,2400,6460,2370,2865
"2018-11-26",279500,29650,16250,2400,6500,2350,2870
"2018-11-27",278500,29700,16600,2335,6570,2365,2760
"2018-11-28",284000,30300,17600,2510,6650,2335,2800
"2018-11-29",284000,29950,17700,2480,6840,2345,2900
"2018-11-30",289500,30500,17700,2520,6640,2320,2800
"2018-12-03",282000,30350,17950,2585,6590,2345,2740
"2018-12-04",278000,30050,17500,2650,6450,2365,2740
"2018-12-05",282000,30100,17600,2810,6100,2360,2695
"2018-12-06",287500,30400,17400,2660,5610,2285,2495
"2018-12-07",283000,30300,17600,2695,5670,2290,2385
"2018-12-10",283500,30900,17900,2515,5730,2270,2280
"2018-12-11",287500,31150,17650,2590,5900,2230,2315
"2018-12-12",283000,30800,17700,2640,5800,2295,2355
"2018-12-13",280000,30350,17700,2690,5800,2315,2410
"2018-12-14",280000,30700,17600,2620,5600,2305,2350
"2018-12-17",277000,31100,17600,2510,5400,2270,2275
"2018-12-18",270000,30300,17050,2450,5360,2255,2290
"2018-12-19",273000,30850,17500,2450,5470,2255,2280
"2018-12-20",273000,30550,17300,2615,5600,2245,2470
"2018-12-21",276000,30600,17250,2605,5510,2260,2420
"2018-12-24",276000,30550,17300,2500,4690,2245,2370
"2018-12-26",269000,30200,17300,2430,4780,2135,2295
"2018-12-27",266000,29600,17000,2465,4635,2130,2300
"2018-12-28",269500,29800,17650,2520,4970,2160,2395
"2019-01-02",272500,30400,17950,2510,5160,2165,2295
"2019-01-03",275500,30500,18100,2530,4980,2180,2305
"2019-01-04",279500,30600,17950,2565,5130,2160,2300
"2019-01-07",276500,30450,18200,2570,5110,2165,2300
"2019-01-08",276000,30200,17900,2795,5140,2160,2295
"2019-01-09",269500,29700,17600,2720,5360,2210,2305
"2019-01-10",271000,29400,17150,2710,5850,2205,2300
"2019-01-11",263500,29300,16750,2835,5530,2250,2295
"2019-01-14",267000,29200,16800,2785,5190,2325,2295
"2019-01-15",268500,29300,17050,2785,5200,2340,2355
"2019-01-16",267500,29250,17100,2920,5200,2320,2355
"2019-01-17",268500,29200,17000,2830,5180,2320,2520
"2019-01-18",269500,29300,17350,2875,5270,2330,2465
"2019-01-21",263500,29000,16600,2950,5120,2345,2415
"2019-01-22",264000,29100,16750,2895,5170,2385,2395
"2019-01-23",269000,29400,17100,2900,5150,2390,2360
"2019-01-24",271000,29200,16850,3025,5440,2410,2345
"2019-01-25",269000,29250,16700,3020,5400,2400,2360
"2019-01-28",272500,29300,16850,2930,5570,2350,2315
"2019-01-29",267500,29100,16150,2855,5600,2420,2315
"2019-01-30",258500,28900,15000,2900,5550,2415,2270
"2019-01-31",258000,28600,15100,2770,5650,2405,2270
"2019-02-01",260000,28600,14800,2850,5620,2400,2230
"2019-02-07",259500,28650,14700,2900,5480,2400,1565
"2019-02-08",261000,28750,15600,2900,5560,2410,1345
"2019-02-11",261000,28700,15100,2940,5740,2425,1390
"2019-02-12",259500,28450,14700,2935,5740,2450,1210
"2019-02-13",259500,28400,14700,2900,5960,2430,1195
"2019-02-14",260000,28550,14950,2875,5960,2440,1550
"2019-02-15",255000,28550,15000,2820,6010,2450,1770
"2019-02-18",259500,28500,14950,2805,5910,2455,1760
"2019-02-19",260000,28400,14850,2800,5890,2450,1660
"2019-02-20",260000,28350,15000,2795,5830,2370,1635
"2019-02-21",259000,28300,14850,2695,5890,2415,1545
"2019-02-22",261000,28450,15100,2745,5910,2385,1450
"2019-02-25",260000,28400,15400,2825,5870,2395,1405
"2019-02-26",259500,28300,15300,2855,5790,2400,1350
"2019-02-27",263000,28650,15200,2825,6190,2400,1350
"2019-02-28",260500,28450,15000,2640,5750,2290,1360
"2019-03-04",261000,28300,15100,2675,6020,2305,1420
"2019-03-05",261000,28150,15200,2660,6260,2300,1420
"2019-03-06",258000,28000,14900,2620,6140,2310,1440
"2019-03-07",254000,27900,14950,2540,5900,2310,1330
"2019-03-08",252000,27750,14750,2505,5870,2270,1345
"2019-03-11",249000,27650,14700,2445,5800,2260,1345
"2019-03-12",248000,27700,14700,2505,5770,2250,1250
"2019-03-13",245500,27650,14700,2510,5690,2195,1215
"2019-03-14",246500,27700,14650,2550,5800,2205,1375
"2019-03-15",253500,27950,15050,2545,5560,2210,1400
"2019-03-18",252000,28200,15100,2550,5540,2240,1325
"2019-03-19",253000,28250,15200,2595,5360,2255,1260
"2019-03-20",251000,28150,15000,2595,5500,2225,1280
"2019-03-21",249500,27950,14750,2600,5350,2255,1310
"2019-03-22",252000,27950,15050,2565,5220,2275,1320
"2019-03-25",253000,27850,15500,2550,4995,2190,1300
"2019-03-26",250500,27600,15300,2520,5040,2230,1290
"2019-03-27",253000,27700,15650,2475,4735,2190,1265
"2019-03-28",251500,27800,15650,2450,4630,2200,1275
"2019-03-29",251500,27400,15450,2500,4675,2190,1250
"2019-04-01",254500,27250,15600,2545,4640,2190,1275
"2019-04-02",251000,27300,15650,2555,4685,2170,1275
"2019-04-03",243000,27100,14700,2590,4775,2170,1285
"2019-04-04",245500,27400,14750,2560,4795,2170,1280
"2019-04-05",246500,27600,14650,2600,4705,2175,1370
"2019-04-08",245500,27450,14600,2820,4675,2150,1335
"2019-04-09",244000,27200,14450,3665,4685,2230,1420
"2019-04-10",246500,27700,14650,3895,4755,2230,1425
"2019-04-11",245000,27400,14500,3900,4915,2255,1410
"2019-04-12",245000,27450,14500,3885,4815,2255,1395
"2019-04-15",246000,27500,14650,3930,4760,2430,1360
"2019-04-16",247500,27300,14700,4160,4670,2355,1340
"2019-04-17",247500,27300,14650,4995,4610,2415,1320
"2019-04-18",244500,27350,14400,4435,4455,2310,1315
"2019-04-19",243500,27600,14400,4245,4465,2355,1305
"2019-04-22",244500,27500,14400,4230,4360,2320,1300
"2019-04-23",243500,27550,14400,4090,4330,2295,1345
"2019-04-24",246000,27550,14550,4150,4340,2385,1300
"2019-04-25",248000,27500,14500,4125,4185,2350,1290
"2019-04-26",246500,27450,14500,3935,4200,2370,1275
"2019-04-29",247500,27500,14400,4000,4190,2365,1260
"2019-04-30",247500,27350,14300,4400,4225,2435,1305
"2019-05-02",251500,27500,14850,5090,4255,2450,1315
"2019-05-03",256000,27650,15100,4835,4205,2440,1280
"2019-05-07",256500,27900,15250,5160,4075,2415,1370
"2019-05-08",262500,28450,15750,5200,3955,2435,1360
"2019-05-09",263500,28000,15450,5130,3885,2370,1285
"2019-05-10",262500,28150,15800,4930,3880,2280,1245
"2019-05-13",259500,28150,15700,5050,3835,2295,1285
"2019-05-14",259500,28000,15600,4975,3830,2285,1310
"2019-05-15",258000,27800,15600,5390,3975,2305,1305
"2019-05-16",258000,27950,15450,5010,3785,2285,1290
"2019-05-17",257500,27850,15300,4985,3800,2325,1240
"2019-05-20",260500,27450,15400,4735,3450,2275,1165
"2019-05-21",258000,27350,14800,4805,3490,2280,1070
"2019-05-22",253000,27250,14950,4850,3920,2270,874
"2019-05-23",251000,27100,14000,5100,3485,2195,994
"2019-05-24",253000,27400,14100,5200,3370,2175,1015
"2019-05-27",256500,27350,13900,5060,3330,2160,1025
"2019-05-28",253500,28050,13800,5230,3365,2185,988
"2019-05-29",252000,27900,14050,5290,3210,2160,924
"2019-05-30",250000,28350,14150,5100,3220,2170,926
"2019-05-31",250500,27950,13950,5080,3290,2195,927
"2019-06-03",250000,27600,14000,4940,3210,2170,928
"2019-06-04",254000,28200,14350,4735,3115,2170,936
"2019-06-05",257500,28350,14400,4720,3120,2205,1000
"2019-06-07",255000,28200,14150,4805,3160,2225,1025
"2019-06-10",253500,28050,14350,4945,3160,2235,1040
"2019-06-11",253500,28000,14600,4930,3280,2230,1020
"2019-06-12",257000,28100,14600,4770,3300,2210,1010
"2019-06-13",259500,28150,14600,4750,3330,2225,1005
"2019-06-14",259000,28250,14700,4740,3270,2215,992
"2019-06-17",261500,28600,14400,4565,3185,2240,1005
"2019-06-18",264000,28550,14350,4440,3155,2220,999
"2019-06-19",263000,28500,14500,4420,3195,2230,1000
"2019-06-20",260500,28400,14650,4635,3315,2260,1020
"2019-06-21",262000,28200,14650,4640,3225,2295,998
"2019-06-24",260000,28350,14600,4570,3115,2300,981
"2019-06-25",259000,28300,14600,4355,3040,2265,987
"2019-06-26",259000,28200,14600,4335,3050,2270,1055
"2019-06-27",257500,28100,14650,4140,2960,2265,1015
"2019-06-28",259000,28350,14500,4180,2820,2220,995
"2019-07-01",257000,28200,14700,4135,3170,2220,992
"2019-07-02",260500,28250,14800,4200,3065,2220,980
"2019-07-03",258000,28150,14350,4140,2955,2230,984
"2019-07-04",262000,28450,14100,4095,2950,2140,984
"2019-07-05",262500,28400,14100,4130,3035,2170,974
"2019-07-08",260500,28050,13850,3845,2910,2085,928
"2019-07-09",255000,27750,13700,3960,2820,2050,885
"2019-07-10",254500,27650,13650,4050,2810,2085,902
"2019-07-11",254500,27800,13650,4050,2855,2105,910
"2019-07-12",260000,28150,13950,4180,2890,2100,902
"2019-07-15",260500,28000,14000,4035,2755,2405,893
"2019-07-16",259500,27950,13900,3915,2710,2320,877
"2019-07-17",259000,27850,14000,3935,2630,2310,869
"2019-07-18",259500,27900,13950,3940,2645,2370,854
"2019-07-19",258500,27950,14150,4070,2750,2330,835
"2019-07-22",257000,27900,13750,4125,2850,2280,824
"2019-07-23",257500,27750,13350,3950,2800,2300,814
"2019-07-24",255000,27650,13200,3805,2660,2235,820
"2019-07-25",248500,27650,13050,3835,2655,2140,821
"2019-07-26",245500,27550,12900,3825,2540,2115,809
"2019-07-29",246000,27550,12850,3440,2310,1990,770
"2019-07-30",246500,27550,13000,3630,2380,2200,736
"2019-07-31",248500,27700,13000,3750,2455,2105,787
"2019-08-01",244000,27600,12750,3730,2580,2005,877
"2019-08-02",252000,27850,13000,3800,2505,2035,773
"2019-08-05",252500,27950,13450,3500,2120,1995,822
"2019-08-06",247500,27900,13150,3300,2105,2045,782
"2019-08-07",244500,27250,12800,3495,2100,2145,777
"2019-08-08",240500,26900,12450,3710,2255,2145,777
"2019-08-09",242000,27000,12450,3730,2515,2140,793
"2019-08-12",241000,26850,12450,3905,2510,2155,790
"2019-08-13",236000,26850,12500,3820,2420,2075,750
"2019-08-14",239000,26800,12200,3815,2490,2075,742
"2019-08-16",231500,26500,12200,3660,2340,2040,734
"2019-08-19",232500,26850,12350,3730,2335,2070,727
"2019-08-20",234000,26900,12500,3835,2465,2075,770
"2019-08-21",238000,27250,12500,3830,3200,2070,867
"2019-08-22",237500,27050,12400,3720,3330,2020,885
"2019-08-23",237000,27000,12350,3560,3190,1990,793
"2019-08-26",235500,27000,12300,3440,3000,1965,750
"2019-08-27",237000,27000,12500,3445,2885,1970,746
"2019-08-28",238000,26950,12750,3525,2980,1970,746
"2019-08-29",240000,27100,13000,3515,2865,1940,700
"2019-08-30",239500,27000,13200,3610,2850,1960,577
"2019-09-02",239000,27150,13200,3660,2890,1980,569
"2019-09-03",239000,27200,13200,4480,2945,2010,541
"2019-09-04",239000,27300,13350,4590,2960,2025,566
"2019-09-05",236500,27100,13250,4395,2920,2020,570
"2019-09-06",237000,27100,13100,4470,2980,2005,532
"2019-09-09",237000,27050,13150,4330,2880,1970,486
"2019-09-10",240000,27250,13500,4170,2785,1980,487
"2019-09-11",238000,27300,13700,4190,2800,1990,498
"2019-09-16",239000,27300,13500,4255,2935,2000,525
"2019-09-17",239500,27450,13550,4160,2915,2015,525
"2019-09-18",238500,27550,13450,4170,2925,2025,546
"2019-09-19",238000,27550,13450,4425,2930,2060,575
"2019-09-20",238500,27550,13450,4355,2920,2055,544
"2019-09-23",241000,27600,13750,4470,2880,2055,572
"2019-09-24",240500,27750,13850,4550,3070,2045,560
"2019-09-25",240000,27500,13650,4290,2930,2005,556
"2019-09-26",239500,27500,13750,4145,3005,1985,560
"2019-09-27",239500,27450,13550,4105,3035,1975,585
"2019-09-30",241500,27450,13650,4100,2895,1950,687
"2019-10-01",239000,27450,13650,4345,3040,1960,679
"2019-10-02",235000,27100,13500,4465,2930,1940,692
"2019-10-04",234500,26950,13500,4320,2940,1940,688
"2019-10-07",233000,27000,13350,4415,3085,1910,743
"2019-10-08",235000,27000,13700,4455,3000,1900,709
"2019-10-10",233000,26800,13700,4255,3045,1905,737
"2019-10-11",236500,26900,13900,4125,3045,1900,706
"2019-10-14",236500,27000,13900,4140,3250,1935,684
"2019-10-15",238000,26950,13950,4165,3250,1890,658
"2019-10-16",237000,26900,13850,4200,3270,1890,623
"2019-10-17",239000,26850,13850,4150,3310,1900,615
"2019-10-18",238500,26800,13700,4105,3220,1880,728
"2019-10-21",238500,26950,13750,4020,3105,1895,696
"2019-10-22",238000,26900,13950,3990,3120,1880,725
"2019-10-23",236000,26850,13800,3870,3200,1870,758
"2019-10-24",238500,26750,13850,3810,3070,1865,725
"2019-10-25",235500,26700,13850,3740,2935,1845,685
"2019-10-28",237000,26850,13800,3760,2980,1850,711
"2019-10-29",235000,26750,13800,3770,2810,1870,732
"2019-10-30",234000,26600,13800,3720,2675,1890,770
"2019-10-31",237000,26500,13450,3850,2705,1865,763
"2019-11-01",236000,26600,13200,3830,2690,1880,739
"2019-11-04",236000,26650,13200,3865,2830,1935,769
"2019-11-05",238000,26550,13550,3880,2940,1910,744
"2019-11-06",237500,26750,13450,3835,2890,1940,728
"2019-11-07",243000,27050,14100,3795,3755,1950,715
"2019-11-08",242000,27200,13900,3800,4120,1940,723
"2019-11-11",242500,27150,14200,3750,4095,1920,707
"2019-11-12",244500,27400,13950,3765,3790,1915,692
"2019-11-13",242000,27250,13900,3785,3700,1910,679
"2019-11-14",242000,27250,13850,3750,3120,1895,685
"2019-11-15",243500,27450,13950,3675,3160,1885,660
"2019-11-18",244500,27500,13900,3665,3295,1915,740
"2019-11-19",245500,27400,14000,3620,3260,1900,714
"2019-11-20",244500,27350,13950,3570,3150,1970,712
"2019-11-21",241500,27300,13950,3420,3200,2290,697
"2019-11-22",244500,27350,14200,3360,2995,2100,680
"2019-11-25",246000,27350,14100,3405,3005,2140,677
"2019-11-26",244000,27500,13950,3405,3195,2150,680
"2019-11-27",245000,27300,13750,3405,3060,2200,655
"2019-11-28",246500,27250,13600,3380,3065,2100,650
"2019-11-29",246000,26950,13400,3260,3015,2030,679
"2019-12-02",242000,26850,13600,3315,2990,2070,702
"2019-12-03",242500,26950,13600,3315,3000,2055,680
"2019-12-04",239000,26800,13550,3255,3000,2085,653
"2019-12-05",238000,26750,13600,3165,2825,1980,635
"2019-12-06",238500,26850,13850,3295,2970,1980,631
"2019-12-09",239000,26750,13800,3265,3060,1980,673
"2019-12-10",240000,26850,13750,3300,3085,1975,647
"2019-12-11",241000,26850,13700,3325,3015,2035,643
"2019-12-12",239500,26900,13900,3335,3165,2015,641
"2019-12-13",240500,26950,13900,3380,3175,2040,642
"2019-12-16",241500,27000,14200,3375,3120,2090,685
"2019-12-17",240500,27200,14200,3365,3175,2075,643
"2019-12-18",242000,26950,14250,3380,3130,1995,655
"2019-12-19",243000,27000,14400,3340,3085,2025,651
"2019-12-20",243500,27300,14550,3305,3000,2055,640
"2019-12-23",244000,27400,14400,3255,2945,2025,600
"2019-12-24",242500,27300,14350,3190,2830,1990,503
"2019-12-26",244500,27400,14350,3205,2880,2000,516
"2019-12-27",237500,26700,14100,3260,3030,2020,501
"2019-12-30",238000,27000,14200,3280,3060,2000,505
"2020-01-02",234000,26700,13850,3415,3195,2035,505
"2020-01-03",234000,26600,13800,3500,3240,2045,509
"2020-01-06",231500,26400,13600,3405,3090,2170,501
"2020-01-07",233000,26550,13800,3410,3210,2080,505
"2020-01-08",232500,26150,13450,3210,3010,1995,471
"2020-01-09",232000,26050,13300,3375,3235,2040,499
"2020-01-10",231000,26050,13100,3410,3240,2050,510
"2020-01-13",234500,26150,13200,3395,3260,2060,511
"2020-01-14",236000,26200,13150,3520,3195,2130,511
"2020-01-15",237500,26200,13100,3825,3235,2230,500
"2020-01-16",236000,26150,13050,3710,3220,2230,489
"2020-01-17",235000,26100,13500,3995,3200,2240,494
"2020-01-20",236000,26100,13650,4075,3255,2225,479
"2020-01-21",236500,26100,13800,3870,3130,2230,479
"2020-01-22",238500,26250,13800,3940,3140,2300,360
"2020-01-23",237000,26100,13700,4005,3075,2280,364
"2020-01-28",232500,25450,13400,3890,2980,2230,337
"2020-01-29",232500,25600,13550,4095,3035,2265,337
"2020-01-30",229000,25350,13350,3950,2915,2225,328
"2020-01-31",229500,25350,13250,3710,2835,2095,332
"2020-02-03",226500,24750,13050,3810,2825,2065,369
"2020-02-04",226500,24800,13150,3955,2940,2165,365
"2020-02-05",225000,24950,13300,4065,3010,2160,363
"2020-02-06",229000,25450,13500,4060,3260,2145,433
"2020-02-07",228500,25300,13750,4030,3250,2095,378
"2020-02-10",225000,25200,14000,4110,3290,2195,361
"2020-02-11",223500,25150,14100,4060,3165,2230,346
"2020-02-12",226500,25400,14250,4090,3195,2185,340
"2020-02-13",228500,25200,14400,4175,3210,2240,320
"2020-02-14",227500,25000,14400,4235,3240,2255,333
"2020-02-17",228000,25100,14500,4260,3220,2225,314
"2020-02-18",226000,25000,14500,4090,3155,2170,303
"2020-02-19",225000,25000,14500,4040,3165,2230,292
"2020-02-20",222000,24850,14500,3910,3065,2320,291
"2020-02-21",219500,24700,14150,3805,3020,2380,261
"2020-02-24",217500,24100,13850,3765,2875,2375,263
"2020-02-25",217500,24100,13800,3865,2980,2350,275
"2020-02-26",216000,24000,13550,3790,2955,2190,266
"2020-02-27",217000,24300,13550,3575,2890,2080,250
"2020-02-28",212500,23900,13200,3350,2765,1890,239
"2020-03-02",208000,23550,12850,3455,2825,1900,257
"2020-03-03",207000,23500,12800,3435,2820,1900,262
"2020-03-04",219500,23650,13150,3565,2890,1970,270
"2020-03-05",221500,24300,13300,3595,3015,2005,270
"2020-03-06",222500,23950,13300,3585,2955,1960,268
"2020-03-09",219000,23450,13000,3355,2785,1865,242
"2020-03-10",218500,23450,13000,3380,2850,1880,170
"2020-03-11",217500,22850,12850,3280,2640,1795,125
"2020-03-12",211500,22000,12350,2935,2395,1655,108
"2020-03-13",197000,21000,11850,2695,2170,1545,108
"2020-03-16",193000,20750,11500,2535,2170,1405,108
"2020-03-17",187500,20150,11050,2590,2250,1305,108
"2020-03-18",180000,19000,10300,2510,2230,1235,108
"2020-03-19",173000,17800,9430,2225,1960,989,108
"2020-03-20",175000,18900,9800,2385,2045,1075,108
"2020-03-23",165500,17650,9470,2180,1850,997,108
"2020-03-24",171000,18450,9850,2350,1935,1040,108
"2020-03-25",174500,19400,10250,2465,2065,1110,108
"2020-03-26",173000,19300,10450,2530,2125,1135,108
"2020-03-27",176500,19950,10450,2645,2155,1150,108
"2020-03-30",176000,19700,10450,2730,2250,1270,108
"2020-03-31",177000,19850,10800,3055,2380,1350,108
"2020-04-01",175000,19350,10550,3040,2320,1350,108
"2020-04-02",182000,19950,11350,3110,2375,1475,108
"2020-04-03",183000,19900,11250,3130,2350,1450,108
"2020-04-06",190500,21400,12250,3220,2440,1550,108
"2020-04-07",190500,21300,12050,3245,2535,1545,108
"2020-04-08",194000,21600,11950,3740,2545,1565,108
"2020-04-09",193500,21650,12050,4170,2635,1600,108
"2020-04-10",194000,21650,11950,4020,2605,1600,108
"2020-04-13",190000,21200,11650,4035,2550,1530,108
"2020-04-14",196000,21700,12300,4095,2595,1560,108
"2020-04-16",196500,21500,12150,4345,2665,1625,108
"2020-04-17",199000,22000,12150,4260,2890,1650,108
"2020-04-20",203500,23050,12400,4250,2820,1690,108
"2020-04-21",209500,22800,12350,4150,2705,1620,108
"2020-04-22",214500,23200,12650,4290,2705,1595,108
"2020-04-23",215500,23600,12950,4360,2755,1670,108
"2020-04-24",209500,23150,12750,4410,2865,1585,108
"2020-04-27",213000,23600,13200,4410,2835,1610,108
"2020-04-28",213000,23550,13050,4540,2790,1605,108
"2020-04-29",211500,23850,13350,4560,2840,1640,108
"2020-05-04",208500,23650,12750,4560,2815,1635,108
"2020-05-06",206500,23500,12700,4595,2835,1735,108
"2020-05-07",207000,23500,13100,4650,2880,1760,108
"2020-05-08",207000,23750,13100,4785,2940,1785,108
"2020-05-11",205000,23450,13450,4725,2895,1750,108
"2020-05-12",210000,23650,13850,4670,2880,1740,108
"2020-05-13",206500,23800,14200,4645,2830,1750,108
"2020-05-14",207000,24100,14000,4510,2735,1705,108
"2020-05-15",204000,24700,13850,4465,2660,1670,108
"2020-05-18",205500,24700,13650,4620,2580,1625,108
"2020-05-19",209000,25000,13600,4620,2585,1665,108
"2020-05-20",211500,24900,13550,4715,2650,1695,108
"2020-05-21",213000,24350,13350,6000,2650,1720,108
"2020-05-22",208500,24150,13150,5650,2635,1680,108
"2020-05-25",212000,24350,13250,5800,2610,1700,108
"2020-05-26",212000,24950,13300,5790,2645,1705,108
"2020-05-27",210000,24500,13150,5600,2630,1735,108
"2020-05-28",212000,24350,13000,5510,2545,1750,108
"2020-05-29",216000,24350,13150,5470,2385,1725,108
"2020-06-01",224500,24850,13300,5800,2435,1755,108
"2020-06-02",225000,25150,13250,5700,2455,1775,108
"2020-06-03",230000,25550,13300,5670,2410,1895,108
"2020-06-04",227000,25250,13350,5670,2360,1920,108
"2020-06-05",223500,25300,13300,5620,2345,1925,108
"2020-06-08",222500,25100,13150,5510,2300,1910,108
"2020-06-09",221000,24950,13100,5520,2280,1970,108
"2020-06-10",219000,24800,13050,5650,2235,1965,108
"2020-06-11",215000,24350,12750,5480,2170,1935,108
"2020-06-12",208500,23800,12600,5200,2105,1910,108
"2020-06-15",201000,22700,12000,4650,1990,1790,108
"2020-06-16",209000,23650,12350,5110,2060,1790,108
"2020-06-17",207000,23400,12200,5100,2020,1895,108
"2020-06-18",205500,23500,12200,5100,2025,2460,108
"2020-06-19",206000,23650,12300,5050,2035,2930,108
"2020-06-22",206500,24050,12350,5140,2160,2605,108
"2020-06-23",205500,24000,12200,5030,2105,2685,108
"2020-06-24",205500,23800,12250,5220,2090,2565,108
"2020-06-25",203000,23300,11900,5200,2060,2500,108
"2020-06-26",208500,23700,12350,5240,2050,2545,108
"2020-06-29",207000,23250,12100,5280,2020,2430,108
"2020-06-30",211000,23550,12200,5290,2045,2410,108
"2020-07-01",222000,23450,12050,5240,2035,2350,108
"2020-07-02",225000,24100,12450,5300,2045,2425,108
"2020-07-03",221000,24200,12300,5230,2040,2415,108
"2020-07-06",225000,24250,12500,5250,2040,2465,108
"2020-07-07",218000,23950,12500,5270,2070,2410,108
"2020-07-08",218500,23600,12350,5350,2030,2450,108
"2020-07-09",218000,23750,12150,5550,2030,2505,108
"2020-07-10",215000,23900,11950,5450,2000,2420,108
"2020-07-13",215500,24350,12050,5650,1945,2425,108
"2020-07-14",217500,24600,12450,5310,1930,2425,108
"2020-07-15",218000,24700,12300,5490,1995,2410,108
"2020-07-16",218000,24450,12250,5370,1985,2385,108
"2020-07-17",217000,24300,12250,5360,1980,2380,108
"2020-07-20",216500,24150,12300,5370,1935,2335,108
"2020-07-21",215500,24100,12150,5490,2005,2390,108
"2020-07-22",214500,24100,12100,5440,1970,2430,108
"2020-07-23",211500,23850,11600,5310,1990,2355,108
"2020-07-24",208000,23650,11300,5210,2100,2350,108
"2020-07-27",208500,23600,11400,5200,2200,2415,108
"2020-07-28",214000,23700,11600,5180,2170,2375,108
"2020-07-29",216500,23850,11750,5200,2010,2515,108
"2020-07-30",220000,23800,11650,5130,1980,2400,108
"2020-07-31",220500,23800,11450,5080,1965,2300,108
"2020-08-03",219000,23600,11300,5030,1920,2260,108
"2020-08-04",225500,23750,11400,5060,2100,2310,108
"2020-08-05",227000,23700,11350,5140,2540,2255,108
"2020-08-06",220500,23800,11500,5150,2380,2245,108
"2020-08-07",229000,23850,11600,5400,2280,2255,108
"2020-08-10",238000,24450,12200,5430,2305,2240,108
"2020-08-11",237000,24750,11900,5300,2250,2210,108
"2020-08-12",241500,25600,12400,5180,2185,2165,108
"2020-08-13",242000,25500,12300,5120,2200,2170,108
"2020-08-14",237000,25350,12300,5080,2205,2105,108
"2020-08-18",229000,24400,11750,4770,2030,1980,108
"2020-08-19",231000,24400,11850,4800,2055,2055,108
"2020-08-20",227500,23650,11500,4440,1960,1920,108
"2020-08-21",235500,23900,11850,4465,1985,1990,108
"2020-08-24",242000,23900,12000,4555,2020,1970,108
"2020-08-25",247500,24300,12400,4670,2130,2035,108
"2020-08-26",248500,24000,12350,4735,2250,2035,108
"2020-08-27",245500,23800,12100,4615,2245,1980,108
"2020-08-28",242500,23750,12150,4670,2240,1985,108
"2020-08-31",248000,23900,11950,4720,2200,2045,108
"2020-09-01",242000,23800,12050,4850,2230,2085,108
"2020-09-02",242500,23850,12100,4840,2235,2110,108
"2020-09-03",241000,23800,12000,4830,2350,2095,108
"2020-09-04",237500,23500,11800,4810,2310,2040,108
"2020-09-07",243500,23550,11900,4985,2280,2125,108
"2020-09-08",241500,23650,12000,5140,2215,2090,108
"2020-09-09",238000,23350,11850,5180,2380,2120,108
"2020-09-10",240000,23250,11900,5330,2330,2170,108
"2020-09-11",243000,23250,11900,5220,2320,2170,108
"2020-09-14",248000,23650,12100,5230,2335,2230,108
"2020-09-15",246000,23550,11950,5190,2305,2180,108
"2020-09-16",243000,23400,11850,5180,2310,2190,108
"2020-09-17",244000,23300,11850,5040,2285,2145,108
"2020-09-18",244000,23400,11700,5040,2415,2160,108
"2020-09-21",240500,23300,11500,4825,2650,2205,108
"2020-09-22",237500,22800,11350,4625,2675,2010,108
"2020-09-23",233000,22800,11300,4610,2585,1915,108
"2020-09-24",230500,22400,11000,4405,2415,1840,108
"2020-09-25",231000,22400,10800,4445,2420,1795,108
"2020-09-28",233000,22600,11150,4595,2645,1845,108
"2020-09-29",238000,22950,11500,4655,2545,1880,108
"2020-10-05",240500,23050,11650,4670,2525,1885,108
"2020-10-06",241000,22900,11600,4675,2490,1920,108
"2020-10-07",241000,22950,11750,4710,2465,1925,108
"2020-10-08",240000,22950,11750,4690,2450,1895,108
"2020-10-12",239500,23000,11650,4740,2450,1920,108
"2020-10-13",242500,23150,11750,4715,2550,1935,108
"2020-10-14",230500,22950,11600,4680,2650,1920,108
"2020-10-15",234500,22850,11550,4560,2640,2075,108
"2020-10-16",234500,22900,11550,4600,2520,2245,108
"2020-10-19",232500,23100,11650,4540,2550,2235,108
"2020-10-20",233000,23050,11750,4435,2475,2445,108
"2020-10-21",238000,23100,11650,4510,2580,2315,108
"2020-10-22",238500,22900,11750,4435,2505,2730,108
"2020-10-23",238500,23150,11750,4415,2480,2525,108
"2020-10-26",234000,22950,11600,4235,2375,2300,108
"2020-10-27",232500,22950,11500,4160,2320,2375,108
"2020-10-28",229500,22850,11650,4240,2345,2340,108
"2020-10-29",222500,22600,11350,4245,2305,2360,108
"2020-10-30",214000,22100,11050,4195,2245,2300,108
"2020-11-02",215000,22350,11200,4190,2245,2255,108
"2020-11-03",219000,22650,11500,4310,2305,2410,108
"2020-11-04",218500,22850,11450,4410,2295,2325,108
"2020-11-05",223000,22900,11850,4440,2350,2330,108
"2020-11-06",227000,22900,11850,4425,2380,2275,108
"2020-11-09",225500,23100,11800,4465,2400,2315,108
"2020-11-10",227000,23150,11750,4440,2380,2335,108
"2020-11-11",230500,23650,11900,4390,2335,2405,108
"2020-11-12",230000,23600,11700,4430,2345,2460,108
"2020-11-13",229500,23500,11500,4315,2305,2470,108
"2020-11-16",232000,23500,11450,4335,2460,2390,108
"2020-11-17",232500,23450,11350,4255,2435,2275,108
"2020-11-18",231000,23400,11400,4260,2445,2310,108
"2020-11-19",229500,23500,11400,4240,2415,2275,108
"2020-11-20",229000,23500,11450,4345,2430,2300,108
"2020-11-23",231000,23650,11450,4330,2415,2265,108
"2020-11-24",232000,23750,11550,4385,2415,2250,108
"2020-11-25",229000,23950,11400,4310,2385,2290,108
"2020-11-26",232000,24100,11950,4310,2320,2250,108
"2020-11-27",235000,24200,12150,4310,2330,2290,108
"2020-11-30",237500,24250,11950,4360,2350,2275,108
"2020-12-01",236500,24250,11850,4385,2335,2275,108
"2020-12-02",239000,24300,12000,4740,2300,2305,108
"2020-12-03",238500,24350,11900,4765,2265,2300,108
"2020-12-04",239500,24400,11850,4720,2220,2215,108
"2020-12-07",239000,24150,11450,4775,2155,2145,108
"2020-12-08",240000,24150,11500,4630,2170,2165,108
"2020-12-09",240000,24300,11700,4630,2190,2175,108
"2020-12-10",238000,24200,11600,4605,2210,2175,108
"2020-12-11",247000,24650,11900,4605,2200,2160,108
"2020-12-14",249000,24600,11800,4600,2160,2100,108
"2020-12-15",246000,24750,11850,4645,2150,2150,108
"2020-12-16",247000,24900,11800,4690,2190,2120,108
"2020-12-17",246000,25100,11800,4665,2200,2100,108
"2020-12-18",246500,25300,11850,4600,2175,2105,108
"2020-12-21",249000,25600,12200,4555,2140,2090,108
"2020-12-22",244000,25200,11950,4440,2050,2125,108
"2020-12-23",245000,25150,12050,4420,2050,2065,108
"2020-12-24",247000,25450,12100,4410,2070,2035,108
"2020-12-28",247000,25500,12000,4365,2010,1965,108
"2020-12-29",237500,24200,11700,4415,2080,2030,108
"2020-12-30",238000,24000,11750,4490,2110,2100,108
"2021-01-04",237000,23800,11850,4495,2105,2090,108
"2021-01-05",246000,23950,12000,4470,2230,2080,108
"2021-01-06",250500,24000,12300,4580,2225,2105,108
"2021-01-07",270000,24650,12450,4590,2315,2100,108
"2021-01-08",265000,24400,12450,4715,2255,2065,108
"2021-01-11",257500,23800,12650,4595,2195,2205,108
"2021-01-12",253500,23950,12550,4540,2150,2205,108
"2021-01-13",255000,24100,12400,4600,2295,2270,108
"2021-01-14",255500,24150,12250,4745,2280,2250,108
"2021-01-15",251500,24100,12200,4730,2300,2320,108
"2021-01-18",244000,23600,11950,4565,2280,2385,108
"2021-01-19",245000,23700,12050,4620,2320,2270,108
"2021-01-20",248500,23750,12000,4625,2305,2305,108
"2021-01-21",256000,23900,12250,4785,2295,2305,108
"2021-01-22",254000,23700,12150,4800,2495,2320,108
