"","029780","033660","012700","023760","204620","066980","023460","021880"
"2016-01-25",30300,6100,9390,624,5162,1220,1330,574
"2016-01-26",31350,6130,9100,628,5188,1225,1325,614
"2016-01-27",31700,6120,8970,626,5188,1260,1320,582
"2016-01-28",35000,6130,9280,632,5188,1330,1320,579
"2016-01-29",38050,6120,8980,627,5306,1325,1335,566
"2016-02-01",37750,6120,8850,628,5188,1270,1365,610
"2016-02-02",37550,6120,8600,623,5188,1255,1345,610
"2016-02-03",37400,6120,8300,612,5188,1230,1315,614
"2016-02-04",37750,6170,8720,632,5175,1250,1320,618
"2016-02-05",37800,6180,8700,634,5175,1250,1345,603
"2016-02-11",37600,6140,8530,630,5149,1175,1295,606
"2016-02-12",36150,6000,8300,607,5162,1110,1295,569
"2016-02-15",36650,6020,8560,615,5162,1160,1295,570
"2016-02-16",36850,6100,8680,629,5135,1150,1310,601
"2016-02-17",36800,6150,8480,628,5162,1140,1320,575
"2016-02-18",37700,6170,8650,625,5188,1150,1325,574
"2016-02-19",37050,6110,8900,626,5188,1165,1300,571
"2016-02-22",37350,6140,9260,626,5188,1170,1295,534
"2016-02-23",37350,6200,9480,644,5175,1150,1300,507
"2016-02-24",37050,6210,9900,650,5175,1150,1350,527
"2016-02-25",36750,6240,9480,672,5175,1160,1395,512
"2016-02-26",37050,6230,9950,705,5188,1160,1440,507
"2016-02-29",35700,6280,10550,669,5175,1160,1395,521
"2016-03-02",36250,6320,10550,666,5175,1160,1410,620
"2016-03-03",36600,6310,10450,679,5149,1145,1385,653
"2016-03-04",36300,6280,10250,679,5188,1120,1395,645
"2016-03-07",36100,6260,9910,685,5162,1165,1400,611
"2016-03-08",34600,6280,9660,681,5188,1160,1440,610
"2016-03-09",35150,6260,10200,668,5175,1170,1430,611
"2016-03-10",36100,6270,9990,665,5125,1170,1450,552
"2016-03-11",34700,6340,9870,695,5149,1175,1430,516
"2016-03-14",35100,6310,9980,683,5149,1190,1465,498
"2016-03-15",36700,6290,9780,693,5149,1190,1455,510
"2016-03-16",36700,6300,10400,696,5125,1160,1465,500
"2016-03-17",38300,6300,10250,693,5111,1170,1470,504
"2016-03-18",38000,6270,10200,700,5111,1170,1495,507
"2016-03-21",37800,6250,9950,724,5098,1165,1470,514
"2016-03-22",37500,6220,9760,728,5098,1145,1465,501
"2016-03-23",37900,6270,9930,735,5111,1150,1480,500
"2016-03-24",37550,6250,9790,731,5111,1140,1450,650
"2016-03-25",38250,6250,9580,720,5135,1165,1455,659
"2016-03-28",37900,6310,9380,722,5135,1150,1455,750
"2016-03-29",37500,6310,9410,719,5149,1205,1460,717
"2016-03-30",37200,6310,9050,714,5125,1250,1460,633
"2016-03-31",37650,6330,9180,726,5149,1255,1470,631
"2016-04-01",39700,6300,8450,720,5162,1235,1455,634
"2016-04-04",39450,6230,8790,718,5188,1195,1470,606
"2016-04-05",39200,6240,9050,715,5201,1250,1455,607
"2016-04-06",38750,6220,9130,698,5149,1230,1455,620
"2016-04-07",38750,6220,9010,690,5175,1225,1480,632
"2016-04-08",39450,6220,9050,700,5175,1215,1450,659
"2016-04-11",38650,6180,9010,706,5188,1245,1435,702
"2016-04-12",38650,6220,8950,708,5175,1240,1425,720
"2016-04-14",39650,6290,8910,708,5149,1225,1445,715
"2016-04-15",39500,6300,8690,709,5162,1230,1445,724
"2016-04-18",38550,6310,8870,704,5188,1215,1445,733
"2016-04-19",39200,6380,8860,706,5162,1280,1460,823
"2016-04-20",39350,6410,8990,706,5135,1270,1580,892
"2016-04-21",38750,6440,8940,713,5149,1265,1545,867
"2016-04-22",39300,6510,8920,728,5135,1280,1535,753
"2016-04-25",39350,6480,8690,732,5175,1280,1545,717
"2016-04-26",39750,6480,8600,738,5135,1275,1540,698
"2016-04-27",39550,6440,8320,729,5098,1285,1535,717
"2016-04-28",40000,6390,8390,729,5135,1295,1540,752
"2016-04-29",38800,6400,8400,730,5175,1265,1515,752
"2016-05-02",39700,6420,8900,722,5175,1240,1495,750
"2016-05-03",38900,6440,9060,720,5111,1240,1510,756
"2016-05-04",38550,6360,9060,718,5175,1225,1485,795
"2016-05-09",38600,6280,8920,706,5175,1210,1455,814
"2016-05-10",38750,6350,9260,708,5175,1215,1475,804
"2016-05-11",38950,6360,9150,714,5175,1220,1485,797
"2016-05-12",38750,6400,8920,715,5175,1215,1470,782
"2016-05-13",39050,6530,8920,716,5162,1210,1495,790
"2016-05-16",38800,6530,8940,714,5175,1175,1495,788
"2016-05-17",38250,6500,8900,736,5175,1150,1455,796
"2016-05-18",38350,6700,8900,730,5175,1145,1425,795
"2016-05-19",39050,6610,8690,727,5162,1150,1420,756
"2016-05-20",38750,6590,8760,730,5201,1155,1400,742
"2016-05-23",38200,6600,8550,755,5175,1145,1400,744
"2016-05-24",38000,6610,8440,743,5175,1150,1380,742
"2016-05-25",38650,6600,8730,746,5162,1135,1365,733
"2016-05-26",38350,6540,8690,738,5162,1145,1360,737
"2016-05-27",38500,6500,8760,731,5175,1155,1360,728
"2016-05-30",37950,6470,8670,742,5162,1140,1400,718
"2016-05-31",38350,6470,8730,758,5111,1145,1420,766
"2016-06-01",38850,6500,9000,797,5085,1155,1435,768
"2016-06-02",38700,6610,9010,785,5162,1195,1420,760
"2016-06-03",39100,6790,8970,799,5175,1195,1435,761
"2016-06-07",39450,6660,8900,811,5162,1205,1395,796
"2016-06-08",40450,6550,8750,811,5162,1210,1385,853
"2016-06-09",41950,6550,8680,765,5085,1185,1380,845
"2016-06-10",41400,6500,8870,794,5125,1420,1415,854
"2016-06-13",42350,6480,8720,813,5162,1390,1405,915
"2016-06-14",41800,6460,8750,803,5135,1345,1390,1005
"2016-06-15",41400,6440,8660,790,5072,1315,1400,1047
"2016-06-16",41100,6330,8460,764,5135,1325,1380,1008
"2016-06-17",41400,6310,8530,777,5085,1335,1380,1084
"2016-06-20",41150,6460,8800,811,5135,1350,1390,1131
"2016-06-21",40650,6520,8990,813,5125,1385,1385,1175
"2016-06-22",41000,6530,8980,850,5135,1350,1415,1033
"2016-06-23",41550,6510,8860,830,5135,1365,1390,928
"2016-06-24",41200,6320,8620,748,5125,1245,1325,846
"2016-06-27",40600,6280,8620,746,5125,1245,1335,840
"2016-06-28",41400,6370,8690,765,5111,1280,1350,901
"2016-06-29",41000,6400,9040,776,5162,1295,1360,925
"2016-06-30",41500,6410,9750,781,5162,1335,1370,937
"2016-07-01",41550,6480,9660,801,5214,1360,1385,925
"2016-07-04",41250,6450,9830,846,5188,1370,1390,905
"2016-07-05",41400,6480,9820,853,5214,1340,1390,877
"2016-07-06",40450,6460,9890,846,5175,1310,1380,910
"2016-07-07",40300,6470,9550,849,5175,1335,1390,908
"2016-07-08",40700,6450,9210,834,5188,1310,1395,893
"2016-07-11",42700,6530,9250,847,5214,1310,1405,897
"2016-07-12",44150,6500,9240,854,5253,1310,1395,877
"2016-07-13",44900,6590,9230,840,5240,1330,1415,907
"2016-07-14",43600,6530,9230,822,5240,1340,1405,911
"2016-07-15",44500,6570,9470,827,5240,1375,1405,908
"2016-07-18",44800,6580,9730,838,5240,1370,1400,930
"2016-07-19",44800,6550,9530,828,5201,1350,1400,992
"2016-07-20",45400,6560,9540,813,5201,1390,1400,972
"2016-07-21",42750,6580,9270,816,5201,1355,1400,969
"2016-07-22",43050,6600,9310,817,5201,1360,1410,982
"2016-07-25",42850,6590,9260,814,5188,1390,1420,973
"2016-07-26",42650,6600,9260,814,5214,1390,1845,978
"2016-07-27",43350,6580,8970,807,5214,1400,1795,963
"2016-07-28",43450,6600,9370,815,5201,1380,1795,960
"2016-07-29",43150,6630,9200,824,5240,1360,1810,960
"2016-08-01",44150,6630,9500,824,5253,1370,1705,923
"2016-08-02",43500,6690,9490,817,5240,1310,1680,901
"2016-08-03",43050,6700,9310,791,5266,1300,1680,872
"2016-08-04",43000,6740,9310,800,5240,1310,1720,892
"2016-08-05",43050,6810,9270,803,5266,1335,1710,886
"2016-08-08",42100,6810,9380,796,5227,1340,1680,884
"2016-08-09",42250,6830,9540,787,5293,1330,1675,872
"2016-08-10",42000,6790,9610,780,5214,1305,1680,853
"2016-08-11",41550,6710,9560,773,5214,1305,1715,881
"2016-08-12",42450,6750,9570,789,5240,1320,1675,857
"2016-08-16",41350,6750,9470,787,5214,1305,1630,861
"2016-08-17",41400,7020,9160,776,5214,1275,1640,843
"2016-08-18",41450,6870,9040,771,5253,1315,1650,819
"2016-08-19",42900,6910,9090,773,5227,1310,1630,792
"2016-08-22",42450,6900,9000,757,5214,1265,1605,800
"2016-08-23",41900,6730,8910,743,5201,1275,1595,792
"2016-08-24",42850,6850,8960,730,5188,1300,1650,795
"2016-08-25",44050,6950,8950,731,5214,1290,1620,790
"2016-08-26",43000,7030,8840,728,5240,1260,1565,766
"2016-08-29",43200,7040,8640,714,5227,1225,1515,737
"2016-08-30",43800,7140,8790,721,5253,1265,1530,775
"2016-08-31",44250,7230,8570,729,5240,1250,1550,804
"2016-09-01",50900,7190,8650,734,5240,1260,1570,802
"2016-09-02",50200,7170,8660,735,5240,1280,1550,813
"2016-09-05",50700,7110,8770,735,5266,1285,1530,862
"2016-09-06",51700,7100,8820,729,5227,1275,1530,907
"2016-09-07",52400,7000,8840,732,5227,1255,1525,880
"2016-09-08",52500,7030,8700,721,5227,1230,1455,865
"2016-09-09",52700,7020,8640,723,5227,1225,1435,852
"2016-09-12",54300,7010,8470,719,5240,1205,1455,809
"2016-09-13",53300,7100,8470,725,5253,1215,1470,827
"2016-09-19",52400,7100,8580,725,5240,1245,1470,828
"2016-09-20",51100,7140,8830,730,5266,1280,1510,853
"2016-09-21",52200,7080,8800,735,5253,1290,1535,840
"2016-09-22",51700,7080,8830,731,5253,1300,1540,865
"2016-09-23",51500,7250,8760,733,5240,1310,1520,876
"2016-09-26",50300,7250,8690,728,5240,1320,1535,830
"2016-09-27",50800,7280,8740,724,5227,1335,1555,824
"2016-09-28",51500,7260,8770,723,5253,1335,1525,790
"2016-09-29",51900,7280,8770,738,5240,1340,1540,788
"2016-09-30",50100,7230,8650,729,5227,1350,1525,784
"2016-10-04",50200,7340,8760,731,5227,1365,1550,787
"2016-10-05",50600,7350,8640,729,5214,1375,1540,774
"2016-10-06",49950,7300,8630,731,5214,1420,1575,759
"2016-10-07",49750,7280,8620,731,5214,1495,1615,752
"2016-10-10",49850,7280,8480,722,5214,1490,1545,753
"2016-10-11",50400,7200,8560,723,5227,1705,1530,744
"2016-10-12",50800,7050,8570,741,5240,1635,1525,743
"2016-10-13",51200,6880,8490,739,5214,1485,1530,753
"2016-10-14",51300,6980,8460,737,5266,1470,1520,750
"2016-10-17",50300,6990,8320,728,5214,1410,1520,759
"2016-10-18",50800,7080,8390,732,5188,1415,1525,756
"2016-10-19",50600,7060,8530,728,5201,1380,1520,740
"2016-10-20",50700,7010,8480,731,5201,1360,1545,740
"2016-10-21",50600,7000,8370,731,5227,1390,1570,724
"2016-10-24",50800,7050,8420,731,5240,1375,1580,726
"2016-10-25",50000,7080,8280,723,5227,1380,1630,695
"2016-10-26",49400,6990,8080,715,5188,1335,1555,659
"2016-10-27",48600,6980,8140,689,5227,1335,1555,655
"2016-10-28",49050,6830,8060,669,5214,1315,1475,658
"2016-10-31",48200,6870,7950,665,5214,1270,1425,618
"2016-11-01",47600,6830,7850,670,5214,1300,1420,623
"2016-11-02",47150,6820,7590,656,5188,1295,1390,615
"2016-11-03",46950,6920,7860,665,5188,1315,1405,605
"2016-11-04",46800,7060,7890,678,5175,1330,1420,605
"2016-11-07",47300,6980,7920,678,5201,1320,1450,641
"2016-11-08",47300,6940,7830,678,5227,1370,1430,646
"2016-11-09",45500,6820,7600,650,5188,1290,1430,593
"2016-11-10",45650,6960,7750,674,5188,1370,1450,631
"2016-11-11",45300,7000,7710,680,5214,1395,1460,760
"2016-11-14",44950,7010,7670,693,5188,1420,1460,761
"2016-11-15",44600,7050,7590,697,5175,1390,1470,784
"2016-11-16",44650,7060,7600,703,5188,1410,1500,771
"2016-11-17",45050,7090,7590,701,5214,1380,1515,724
"2016-11-18",44250,7060,7530,699,5201,1365,1485,711
"2016-11-21",44350,7020,7490,697,5188,1450,1450,684
"2016-11-22",43400,6970,7490,692,5188,1380,1500,682
"2016-11-23",44300,7000,7340,677,5188,1365,1440,689
"2016-11-24",43450,7000,7040,714,5201,1335,1440,673
"2016-11-25",43200,7010,6830,681,5214,1325,1435,686
"2016-11-28",42850,7020,6640,673,5214,1295,1410,704
"2016-11-29",42350,7010,6700,677,5214,1315,1435,693
"2016-11-30",41800,7040,7170,673,5214,1345,1415,678
"2016-12-01",42000,7140,6650,678,5201,1275,1415,656
"2016-12-02",41200,7150,6810,678,5201,1245,1460,650
"2016-12-05",42200,7120,6350,661,5175,1185,1420,637
"2016-12-06",41400,7070,6410,665,5188,1220,1435,632
"2016-12-07",41650,7030,6500,673,5188,1175,1425,622
"2016-12-08",42500,7120,6640,684,5201,1190,1440,619
"2016-12-09",41450,7120,6700,683,5214,1205,1435,642
"2016-12-12",41700,7130,6490,685,5188,1200,1445,637
"2016-12-13",41400,7140,6610,690,5188,1240,1450,655
"2016-12-14",41950,7120,6580,689,5188,1220,1450,656
"2016-12-15",41700,7080,6580,688,5175,1240,1455,653
"2016-12-16",42050,7140,6520,689,5214,1245,1460,653
"2016-12-19",42100,7160,6720,700,5188,1280,1485,647
"2016-12-20",42100,7250,6920,708,5188,1275,1570,644
"2016-12-21",41200,7270,6740,703,5188,1260,1520,642
"2016-12-22",41500,7270,6610,712,5188,1270,1530,713
"2016-12-23",41600,7310,6660,716,5214,1270,1545,672
"2016-12-26",42500,7460,6520,705,5227,1265,1525,649
"2016-12-27",43150,7500,6630,718,5188,1270,1515,649
"2016-12-28",41200,7010,6630,700,5188,1285,1475,631
"2016-12-29",39700,6970,6590,693,5214,1340,1505,623
"2017-01-02",40300,6850,6700,678,5188,1365,1535,642
"2017-01-03",39500,6790,6750,684,5214,1360,1560,642
"2017-01-04",39200,6840,6770,686,5214,1375,1540,634
"2017-01-05",39000,6830,7010,690,5201,1385,1590,638
"2017-01-06",39550,6850,6880,690,5214,1370,1555,647
"2017-01-09",38750,6890,6750,689,5188,1375,1540,649
"2017-01-10",38950,6820,6820,692,5201,1360,1530,663
"2017-01-11",39450,6890,6800,729,5214,1370,1580,861
"2017-01-12",39200,6860,6750,707,5214,1365,1555,782
"2017-01-13",39050,6840,6770,711,5214,1360,1540,821
"2017-01-16",39100,6850,6800,710,5214,1335,1510,916
"2017-01-17",38550,6850,6730,714,5214,1295,1545,943
"2017-01-18",38700,6950,6610,736,5188,1300,1535,907
"2017-01-19",39150,6950,6660,722,5201,1275,1530,859
"2017-01-20",39200,6970,6660,719,5201,1260,1505,828
"2017-01-23",38750,6960,6650,710,5188,1245,1500,879
"2017-01-24",38700,6950,6610,713,5201,1240,1475,858
"2017-01-25",39200,6900,6530,704,5201,1240,1465,814
"2017-01-26",39600,6860,6590,704,5188,1260,1465,840
"2017-01-31",39150,6830,6640,696,5201,1280,1480,823
"2017-02-01",38750,6770,6650,701,5214,1285,1485,855
"2017-02-02",38950,6790,6600,706,5214,1250,1475,850
"2017-02-03",40400,6840,6600,693,5214,1215,1450,866
"2017-02-06",41600,6860,6540,706,5188,1205,1450,853
"2017-02-07",41750,6770,6500,707,5214,1180,1455,853
"2017-02-08",41750,6670,6540,706,5201,1190,1430,877
"2017-02-09",42050,6660,6600,710,5201,1205,1430,928
"2017-02-10",42300,6690,6830,710,5201,1200,1440,943
"2017-02-13",42550,6720,6850,707,5214,1185,1455,928
"2017-02-14",41900,6710,6840,708,5201,1185,1420,868
"2017-02-15",41950,6710,6850,720,5214,1185,1430,845
"2017-02-16",41800,6710,7020,720,5214,1190,1440,875
"2017-02-17",41100,6720,6960,724,5214,1205,1435,870
"2017-02-20",40500,6700,6760,725,5201,1210,1450,888
"2017-02-21",40900,6750,6800,729,5201,1240,1435,1154
"2017-02-22",42000,6770,7000,731,5201,1230,1425,1131
"2017-02-23",42800,6780,7030,720,5201,1235,1425,1047
"2017-02-24",42750,6800,6970,714,5214,1215,1445,992
"2017-02-27",41450,6820,6970,701,5214,1210,1465,1047
"2017-02-28",42350,6810,6970,736,5214,1195,1475,1013
"2017-03-02",41450,6800,6860,736,5227,1190,1480,1035
"2017-03-03",41250,6790,6870,723,5227,1130,1500,1031
"2017-03-06",40550,6770,7100,731,5227,1100,1490,1031
"2017-03-07",40500,6780,6950,725,5227,1085,1530,1001
"2017-03-08",40500,6750,6980,726,5240,1120,1505,999
"2017-03-09",40600,6750,6880,726,5227,1120,1475,969
"2017-03-10",40050,6700,6920,724,5240,1135,1450,1011
"2017-03-13",39650,6700,6930,736,5253,1185,1495,1033
"2017-03-14",39300,6710,6900,754,5253,1200,1500,1057
"2017-03-15",40350,6670,6830,744,5266,1190,1510,1065
"2017-03-16",40250,6700,6880,748,5266,1140,1530,1036
"2017-03-17",40700,6700,7050,734,5266,1135,1550,1036
"2017-03-20",40200,6690,7070,728,5266,1120,1510,998
"2017-03-21",39650,6650,7050,727,5266,1120,1515,1008
"2017-03-22",38500,6600,6940,723,5266,1100,1495,1007
"2017-03-23",38700,6570,6900,720,5266,1085,1490,945
"2017-03-24",39700,6650,6870,723,5266,1075,1470,950
"2017-03-27",39850,6570,6810,713,5266,1070,1465,912
"2017-03-28",39450,6600,6830,715,5266,1075,1480,937
"2017-03-29",38750,6690,6860,718,5266,1085,1450,912
"2017-03-30",38850,6690,6850,714,5266,1080,1455,870
"2017-03-31",39200,6720,6890,715,5266,1110,1470,872
"2017-04-03",39450,6820,6870,718,5266,1140,1475,885
"2017-04-04",38950,7050,7270,714,5266,1105,1475,859
"2017-04-05",39050,6910,7260,714,5266,1110,1470,868
"2017-04-06",38800,6940,7260,706,5266,1115,1530,888
"2017-04-07",38600,6980,7290,709,5266,1095,1530,898
"2017-04-10",37800,6930,7070,694,5266,1075,1480,883
"2017-04-11",37900,6950,7130,690,5266,1080,1510,884
"2017-04-12",37850,6860,7020,680,5266,1080,1540,868
"2017-04-13",39200,6880,7140,683,5266,1095,1515,853
"2017-04-14",38450,6840,7100,672,5266,1085,1510,806
"2017-04-17",39050,6860,7120,677,5266,1085,1505,784
"2017-04-18",39150,6870,7190,685,5266,1105,1505,796
"2017-04-19",38800,6850,7130,678,5266,1100,1495,810
"2017-04-20",38900,6820,7100,680,5266,1090,1505,814
"2017-04-21",38800,6880,7150,683,5266,1100,1515,813
"2017-04-24",39250,6920,6990,679,5266,1090,1510,773
"2017-04-25",39300,6940,7040,678,5266,1085,1495,793
"2017-04-26",39500,7000,7150,682,5266,1100,1495,791
"2017-04-27",39750,7050,7070,682,5266,1110,1480,765
"2017-04-28",39900,7260,7150,680,5266,1090,1480,755
"2017-05-02",40400,7090,7150,683,5266,1080,1480,729
"2017-05-04",40700,7190,7270,688,5266,1085,1500,731
"2017-05-08",42050,7180,7600,695,5266,1085,1525,735
"2017-05-10",42500,7150,7510,698,5266,1095,1565,748
"2017-05-11",42450,7240,7560,715,5266,1125,1545,760
"2017-05-12",41850,7180,7550,726,5266,1125,1560,750
"2017-05-15",41300,7160,7460,729,5266,1135,1580,738
"2017-05-16",40850,7060,7400,700,5266,1140,1575,722
"2017-05-17",40600,7050,7250,699,5266,1150,1540,731
"2017-05-18",40500,7270,7360,702,5266,1135,1565,750
"2017-05-19",40750,7290,7340,705,5266,1145,1585,774
"2017-05-22",40100,7280,7500,710,5266,1145,1560,756
"2017-05-23",40750,7210,7460,714,5266,1130,1550,747
"2017-05-24",40050,7380,7450,701,5266,1125,1560,728
"2017-05-25",40200,7360,7360,698,5266,1130,1570,724
"2017-05-26",41850,7360,7360,692,5266,1125,1545,724
"2017-05-29",41800,7360,7380,690,5266,1085,1545,713
"2017-05-30",41450,7470,7460,695,5266,1100,1540,730
"2017-05-31",42000,7640,7650,694,5266,1105,1545,751
"2017-06-01",40950,7750,7830,692,5266,1125,1530,793
"2017-06-02",41150,7770,7790,692,5266,1135,1525,797
"2017-06-05",40950,7920,7650,692,5266,1125,1525,779
"2017-06-07",40650,8000,7770,689,5266,1160,1515,770
"2017-06-08",40850,7900,7800,686,5266,1140,1520,777
"2017-06-09",41400,7690,7920,691,5319,1160,1525,751
"2017-06-12",40600,7800,7860,701,5293,1115,1515,742
"2017-06-13",41200,7910,7870,703,5266,1125,1505,766
"2017-06-14",40700,7790,7790,701,5240,1120,1510,752
"2017-06-15",40500,7680,7610,700,5240,1110,1540,760
"2017-06-16",40500,7760,7600,704,5253,1095,1545,748
"2017-06-19",40150,7680,7680,706,5253,1110,1565,729
"2017-06-20",39800,7550,7650,703,5240,1120,1550,728
"2017-06-21",39400,7470,7590,699,5240,1105,1535,700
"2017-06-22",39350,7470,7630,699,5240,1115,1535,712
"2017-06-23",39350,7480,7850,703,5253,1140,1560,726
"2017-06-26",38900,7470,7800,698,5240,1140,1595,721
"2017-06-27",38850,7470,7740,692,5253,1150,1580,760
"2017-06-28",39000,7470,7660,691,5266,1150,1725,748
"2017-06-29",39350,7550,7800,702,5293,1145,1750,766
"2017-06-30",39050,7390,7800,706,5410,1140,1695,753
"2017-07-03",39050,7380,8030,706,7022,1130,1690,734
"2017-07-04",38750,7460,8080,710,9118,1110,1680,740
"2017-07-05",38950,7600,8190,709,9131,1120,1710,738
"2017-07-06",39100,7920,8210,709,8332,1120,1675,744
"2017-07-07",39100,7920,8150,699,7428,1140,1745,742
"2017-07-10",39000,7880,8210,700,7388,1120,1745,735
"2017-07-11",39000,7880,8410,699,7179,1120,1705,738
"2017-07-12",38950,7800,8390,698,7192,1140,1705,721
"2017-07-13",38750,7810,8420,698,7362,1145,1720,729
"2017-07-14",38950,7900,8400,691,7061,1145,1705,735
"2017-07-17",39300,7810,8400,691,7048,1160,1675,746
"2017-07-18",39700,7860,8390,692,6996,1165,1615,735
"2017-07-19",39400,7870,8450,691,6759,1170,1695,746
"2017-07-20",39350,7900,8430,691,6550,1175,1695,739
"2017-07-21",40150,7870,8420,695,6524,1175,1650,739
"2017-07-24",40250,7850,8380,693,6419,1155,1645,729
"2017-07-25",40100,7860,8400,691,6223,1160,1625,725
"2017-07-26",40650,7890,8360,685,6183,1140,1670,725
"2017-07-27",40850,7850,8390,689,6052,1155,1645,715
"2017-07-28",41150,7860,8020,687,6052,1140,1585,698
"2017-07-31",39700,7840,7560,661,6131,1180,1600,667
"2017-08-01",40700,7870,7680,671,6445,1185,1640,650
"2017-08-02",40700,7860,7870,672,6197,1170,1590,650
"2017-08-03",39750,7920,7620,661,5829,1150,1560,650
"2017-08-04",39550,7910,7560,658,5764,1145,1560,650
"2017-08-07",39350,7890,7590,656,5725,1160,1590,650
"2017-08-08",39200,7890,7580,652,5698,1155,1590,650
"2017-08-09",39000,7820,7510,648,5672,1130,1570,650
"2017-08-10",39050,7670,7350,624,5554,1115,1480,650
"2017-08-11",38550,7630,7200,614,5450,1065,1430,650
"2017-08-14",38650,7810,7340,610,5424,1070,1455,650
"2017-08-16",38550,7700,7570,611,7048,1100,1455,650
"2017-08-17",38400,7630,7580,610,6655,1090,1460,650
"2017-08-18",38200,7740,7560,610,6393,1075,1445,650
"2017-08-21",38200,7780,7450,610,6066,1070,1435,650
"2017-08-22",38000,7790,7300,613,6105,1070,1460,650
"2017-08-23",38000,7800,7270,610,5895,1060,1475,650
"2017-08-24",37800,7780,7390,609,5738,1030,1475,650
"2017-08-25",38000,7810,7360,624,5777,1020,1475,650
"2017-08-28",38200,7790,7350,622,5751,1035,1490,650
"2017-08-29",37950,7800,7420,620,5712,1025,1495,650
"2017-08-30",37800,7810,7180,623,5803,1030,1480,650
"2017-08-31",37100,7790,7140,618,5712,1070,1500,650
"2017-09-01",36800,7740,6970,620,5934,1065,1535,650
"2017-09-04",36050,7700,6850,607,5856,1040,1505,650
"2017-09-05",36000,7710,6750,563,5986,1030,1500,650
"2017-09-06",35750,7740,6640,542,5777,1050,1520,650
"2017-09-07",36050,7750,6600,543,5672,1040,1525,650
"2017-09-08",36250,7700,6720,538,5607,1040,1510,650
"2017-09-11",36650,7820,6800,537,5541,1050,1520,650
"2017-09-12",36600,7820,6870,538,5554,1060,1500,650
"2017-09-13",35900,7870,6900,541,5633,1040,1485,650
"2017-09-14",36700,7820,6910,540,5712,1050,1475,650
"2017-09-15",35800,7650,6810,550,5646,1075,1475,650
"2017-09-18",35550,7570,6700,563,5568,1065,1465,650
"2017-09-19",35600,7470,6730,568,4166,1015,1460,650
"2017-09-20",36250,7630,6700,556,3681,954,1425,650
"2017-09-21",36200,7850,6820,557,3629,911,1410,650
"2017-09-22",36000,7840,6640,577,3275,871,1400,650
"2017-09-25",35850,7770,6500,588,3196,842,1375,650
"2017-09-26",36600,7870,6490,558,3301,1090,1400,650
"2017-09-27",36350,8770,6660,565,3170,966,1400,650
"2017-09-28",35850,8800,6660,565,3222,922,1400,650
"2017-09-29",36850,8830,6640,575,3235,905,1425,650
"2017-10-10",37450,7640,6780,578,3131,875,1405,650
"2017-10-11",37150,7670,6700,576,3052,885,1415,650
"2017-10-12",37150,7550,6800,580,3144,885,1420,650
"2017-10-13",36750,7390,6720,562,3472,896,1400,650
"2017-10-16",36700,7270,6580,557,3550,879,1380,650
"2017-10-17",36250,7360,6650,559,3537,878,1380,650
"2017-10-18",36000,7350,6510,554,3878,867,1380,650
"2017-10-19",36250,7340,6540,552,4008,862,1395,582
"2017-10-20",36700,7290,6650,562,3851,863,1400,555
"2017-10-23",36200,7270,6640,560,3747,862,1390,550
"2017-10-24",36600,7260,6640,563,3864,868,1390,569
"2017-10-25",36750,7260,6680,564,3786,888,1390,566
"2017-10-26",36600,7210,6770,554,4310,892,1385,585
"2017-10-27",37000,7180,6740,557,4349,899,1380,589
"2017-10-30",36700,7230,6730,556,4389,907,1380,610
"2017-10-31",36650,7410,6680,560,4297,913,1390,607
"2017-11-01",37150,7350,6660,557,4152,897,1400,607
"2017-11-02",37550,7300,6680,553,4218,888,1410,610
"2017-11-03",37800,7290,6710,556,4166,903,1445,611
"2017-11-06",38550,7200,6770,557,4362,901,1445,599
"2017-11-07",38500,7190,6850,559,4323,908,1445,600
"2017-11-08",38250,7210,6850,564,4297,902,1410,604
"2017-11-09",38250,7230,6940,557,4376,895,1425,602
"2017-11-10",38200,7270,7030,562,4441,895,1390,599
"2017-11-13",38200,7290,7050,562,4362,900,1395,599
"2017-11-14",38550,7260,7050,560,4284,911,1380,602
"2017-11-15",38350,7200,6980,544,4048,906,1380,595
"2017-11-16",38100,7160,7030,544,4245,918,1395,591
"2017-11-17",38250,7260,6940,546,4192,934,1405,590
"2017-11-20",38100,7250,6940,549,4179,934,1405,579
"2017-11-21",37800,7260,6900,549,4113,928,1385,560
"2017-11-22",37700,7210,6750,548,4310,910,1390,566
"2017-11-23",37650,7200,6800,549,4389,922,1380,596
"2017-11-24",37750,7210,6800,547,4323,925,1390,596
"2017-11-27",37700,7270,6760,556,4520,944,1375,595
"2017-11-28",38100,7310,6800,551,4742,959,1380,591
"2017-11-29",37750,7400,6760,548,4611,936,1380,604
"2017-11-30",38200,7360,6620,551,4454,916,1375,596
"2017-12-01",37900,7380,6640,548,4402,906,1375,615
"2017-12-04",38900,7330,6560,547,4716,898,1370,612
"2017-12-05",39100,7360,6550,550,4768,898,1360,600
"2017-12-06",39500,7350,6470,553,4690,896,1370,607
"2017-12-07",39350,7330,6480,552,4533,883,1360,605
"2017-12-08",39100,7190,6390,555,4559,859,1340,609
"2017-12-11",39100,7230,6200,553,4847,867,1340,625
"2017-12-12",39300,7270,6060,555,4690,859,1340,632
"2017-12-13",40000,7270,5970,557,4690,867,1345,636
"2017-12-14",40750,7270,6060,568,4742,894,1355,635
"2017-12-15",40900,7320,6090,566,4651,948,1345,624
"2017-12-18",41200,7320,6100,574,4611,1005,1340,610
"2017-12-19",41000,7320,5990,562,4454,949,1335,599
"2017-12-20",40950,7290,5990,557,4192,949,1335,600
"2017-12-21",41300,7210,5920,558,4205,981,1330,611
"2017-12-22",41200,7250,5960,563,4100,955,1330,643
"2017-12-26",41350,7310,5970,565,3956,917,1315,627
"2017-12-27",39450,7100,5980,559,4336,922,1315,631
"2017-12-28",39600,6970,5990,550,4376,931,1315,615
"2018-01-02",39000,6970,5980,541,4651,944,1315,622
"2018-01-03",39250,6950,5990,549,4598,956,1315,618
"2018-01-04",39050,6920,5940,564,4598,973,1315,626
"2018-01-05",38950,6920,5810,562,4480,962,1315,645
"2018-01-08",38950,6880,5790,563,4480,969,1315,635
"2018-01-09",38400,6940,5680,574,4520,1000,1325,630
"2018-01-10",38300,6910,5760,565,4808,999,1315,615
"2018-01-11",37900,6940,5790,551,4716,988,1325,602
"2018-01-12",38000,6970,5710,551,4624,947,1330,587
"2018-01-15",37750,6970,5610,552,4624,884,1340,579
"2018-01-16",37950,7010,5720,547,4624,900,1315,621
"2018-01-17",38250,6980,5690,545,4546,902,1315,681
"2018-01-18",38700,6970,5760,547,4546,916,1325,655
"2018-01-19",38850,6960,5910,553,4755,916,1315,640
"2018-01-22",38800,6960,5870,556,4690,906,1315,620
"2018-01-23",39150,6980,5860,557,4808,908,1320,634
"2018-01-24",39850,7050,5970,562,4808,918,1330,624
"2018-01-25",40400,7030,6100,569,4808,939,1330,624
"2018-01-26",39850,7110,6090,570,4978,960,1360,637
"2018-01-29",39300,7140,6060,580,5345,964,1395,642
"2018-01-30",38300,7130,6070,572,5227,961,1370,648
"2018-01-31",38950,7130,6070,585,4978,970,1400,645
"2018-02-01",38300,7130,6110,607,5266,983,1415,661
"2018-02-02",38100,7070,6110,582,5069,943,1435,680
"2018-02-05",38000,7110,6040,567,4781,910,1410,644
"2018-02-06",37450,7130,5980,557,4572,888,1420,634
"2018-02-07",37700,7100,6000,549,4389,898,1400,618
"2018-02-08",37550,7140,5930,559,4506,910,1390,620
"2018-02-09",37300,7050,5990,549,4232,891,1345,612
"2018-02-12",37200,6950,5980,549,4245,893,1355,623
"2018-02-13",37200,6910,5780,546,4126,964,1325,623
"2018-02-14",37000,6950,5750,550,4297,939,1360,615
"2018-02-19",37150,7000,5750,556,4454,939,1330,618
"2018-02-20",36950,6990,5800,558,4362,949,1315,615
"2018-02-21",37200,6940,5960,564,4389,969,1315,609
"2018-02-22",36650,6950,5880,566,4376,945,1325,605
"2018-02-23",36950,7110,5840,567,4218,959,1360,602
"2018-02-26",37000,7480,5780,566,4139,950,1335,603
"2018-02-27",36800,7350,5760,566,3969,936,1335,598
"2018-02-28",36300,7260,5810,569,3982,903,1315,590
"2018-03-02",35450,7220,5730,565,4035,908,1330,577
"2018-03-05",35650,7120,5680,556,4008,913,1325,574
"2018-03-06",35700,7140,5650,548,4008,916,1340,561
"2018-03-07",35850,7030,5740,548,3603,896,1315,555
"2018-03-08",35900,7070,5800,551,3655,918,1315,541
"2018-03-09",36400,7170,5890,552,3825,924,1315,547
"2018-03-12",36600,7170,6030,556,3878,938,1315,570
"2018-03-13",36300,7200,6040,560,3864,956,1330,565
"2018-03-14",35750,7240,6000,562,3851,956,1365,551
"2018-03-15",35900,7290,6070,560,4074,959,1385,553
"2018-03-16",36050,7270,6120,563,4087,953,1380,555
"2018-03-19",35750,7200,6080,557,4008,933,1370,545
"2018-03-20",35700,7260,6140,560,3825,947,1375,556
"2018-03-21",35550,7220,6100,563,3707,935,1475,545
"2018-03-22",35500,7230,6100,564,3668,924,1425,537
"2018-03-23",35000,7140,6000,549,3694,900,1360,520
"2018-03-26",35100,7160,6010,550,3668,905,1370,514
"2018-03-27",35650,7140,6100,554,3943,917,1380,517
"2018-03-28",35500,7180,6040,552,4022,900,1375,521
"2018-03-29",35850,7200,6130,553,4008,918,1405,530
"2018-03-30",35850,7300,6110,555,4100,936,1400,523
"2018-04-02",35900,7320,6300,555,4454,927,1380,515
"2018-04-03",35700,7280,6590,553,4402,933,1390,522
"2018-04-04",35100,7250,6390,549,4245,941,1380,507
"2018-04-05",35200,7310,6560,549,4389,943,1405,505
"2018-04-06",35150,7290,6470,552,4454,924,1400,499
"2018-04-09",35200,7360,6210,552,4480,917,1370,501
"2018-04-10",35650,7260,6240,549,4493,932,1415,482
"2018-04-11",35250,7340,6290,549,4493,940,1500,490
"2018-04-12",35100,7600,6220,550,4454,936,1520,489
"2018-04-13",35150,7650,6270,549,4781,938,1485,499
"2018-04-16",34950,7790,6350,550,4664,974,1595,512
"2018-04-17",35150,7830,6500,553,4795,1000,1580,512
"2018-04-18",35100,7800,6520,564,4768,994,1530,522
"2018-04-19",35000,8010,6490,562,4873,1005,1485,516
"2018-04-20",35000,7870,6690,566,4925,1020,1560,520
"2018-04-23",35400,7610,6730,568,4703,973,1530,515
"2018-04-24",35800,7810,6620,573,4912,976,1610,524
"2018-04-25",36750,7800,6460,567,4899,1000,1545,523
"2018-04-26",36750,7800,6690,565,4690,995,1495,527
"2018-04-27",36650,7750,6580,579,4651,978,1490,539
"2018-04-30",37300,7780,6580,576,4651,967,1475,524
"2018-05-02",39450,7730,6500,571,4651,1005,1510,536
"2018-05-03",39750,7750,6470,572,4651,986,1500,533
"2018-05-04",39450,7680,6310,577,4651,1115,1550,525
"2018-05-08",39400,7930,6280,581,4651,1150,1520,525
"2018-05-09",39550,7960,6440,574,4651,1100,1530,520
"2018-05-10",38650,8180,6510,574,4651,1090,1560,525
"2018-05-11",38800,8300,6550,579,4651,1115,1570,528
"2018-05-14",39000,8160,6500,580,4651,1095,1580,520
"2018-05-15",39100,7990,6530,587,4651,1110,1540,520
"2018-05-16",39250,8060,6360,582,4651,1030,1525,512
"2018-05-17",39350,8030,6350,586,4651,1060,1495,512
"2018-05-18",39500,8190,6450,603,4651,1090,1510,504
"2018-05-21",39500,8620,6330,614,5237,1095,1610,510
"2018-05-23",38850,8880,6350,617,5206,1120,1580,503
"2018-05-24",38800,8710,6360,602,5394,1170,1600,501
"2018-05-25",38450,8390,6250,586,5085,1115,1510,498
"2018-05-28",38550,8600,6220,592,4933,1160,1570,495
"2018-05-29",37550,8500,6220,595,5577,1145,1545,490
"2018-05-30",37000,8490,6190,604,5499,1120,1515,483
"2018-05-31",37100,8400,6190,606,5735,1160,1590,492
"2018-06-01",37700,8500,6190,607,5761,1145,1555,492
"2018-06-04",37950,8520,6140,607,5735,1115,1530,484
"2018-06-05",37700,8550,6120,608,5735,1185,1530,470
"2018-06-07",38900,8550,6160,607,5577,1130,1525,483
"2018-06-08",39200,8560,6130,605,5420,1175,1510,480
"2018-06-11",39350,8540,6170,604,5232,1140,1485,475
"2018-06-12",39450,8600,6160,604,5263,1110,1465,461
"2018-06-14",39500,8770,6160,597,5368,1100,1480,450
"2018-06-15",36650,8700,6130,600,5211,1155,1495,476
"2018-06-18",37100,8640,5980,577,4839,1155,1435,471
"2018-06-19",36250,8420,5930,580,4200,1110,1365,451
"2018-06-20",36950,8480,5950,588,4410,1190,1380,464
"2018-06-21",36750,8590,5890,586,4452,1210,1365,477
"2018-06-22",37750,8480,5850,589,4530,1220,1350,479
"2018-06-25",38150,8460,5970,595,4630,1270,1380,480
"2018-06-26",38800,8350,6000,593,4588,1240,1360,480
"2018-06-27",38600,8150,6030,588,4541,1350,1350,468
"2018-06-28",37900,8170,5910,584,4410,1160,1345,465
"2018-06-29",38300,8200,5850,584,4452,1175,1345,470
"2018-07-02",37450,8030,5680,569,4347,1095,1340,473
"2018-07-03",37050,8040,5670,566,4268,1135,1330,469
"2018-07-04",35800,8310,5690,580,4195,1140,1330,458
"2018-07-05",36550,8310,5660,572,4085,1110,1330,465
"2018-07-06",37050,8460,5860,574,3928,1110,1340,491
"2018-07-09",37300,8480,5850,569,3912,1110,1330,491
"2018-07-10",36800,8500,5960,574,4059,1130,1350,495
"2018-07-11",36650,8500,5960,567,4127,1140,1330,504
"2018-07-12",36700,8490,5990,571,4033,1155,1345,490
"2018-07-13",37000,8500,6000,571,3959,1145,1350,500
"2018-07-16",36500,8470,5950,575,4059,1145,1345,500
"2018-07-17",36250,8490,5960,574,4294,1130,1335,505
"2018-07-18",35900,8480,5820,570,4289,1080,1330,504
"2018-07-19",35500,8440,5780,569,3928,1045,1330,500
"2018-07-20",36450,8460,5700,566,3587,1035,1330,505
"2018-07-23",36850,8320,5490,566,3247,973,1310,497
"2018-07-24",37050,8180,5410,559,3289,1010,1310,504
"2018-07-25",37050,8160,5390,560,3305,994,1300,504
"2018-07-26",36600,8200,5420,569,3320,1000,1300,499
"2018-07-27",36300,8290,5580,569,3383,1000,1300,502
"2018-07-30",36050,8320,5580,572,3477,995,1300,519
"2018-07-31",35400,8300,5610,572,3614,992,1305,507
"2018-08-01",35150,8380,5580,575,3844,1035,1310,510
"2018-08-02",34950,8300,5580,580,3765,1030,1320,513
"2018-08-03",34800,8400,5570,582,3786,1025,1320,509
"2018-08-06",35250,8490,5610,581,3771,1030,1325,506
"2018-08-07",34800,8460,5800,575,3718,1040,1315,510
"2018-08-08",35350,8370,6060,587,3645,1020,1320,512
"2018-08-09",35250,8330,6040,588,3535,1035,1310,509
"2018-08-10",35000,8330,5970,587,3509,1035,1315,517
"2018-08-13",34450,8330,5850,575,3415,993,1300,497
"2018-08-14",34600,8330,5900,577,3530,1000,1320,493
"2018-08-16",34450,8320,5830,575,3530,1000,1335,484
"2018-08-17",34700,8400,5910,577,3635,1000,1350,494
"2018-08-20",35000,8390,5930,574,3666,1010,1345,504
"2018-08-21",35050,8380,6200,576,3635,1010,1350,497
"2018-08-22",34800,8260,6180,576,3598,1005,1360,492
"2018-08-23",34500,8310,6120,578,3692,1005,1360,486
"2018-08-24",34950,8340,6080,580,3708,999,1345,480
"2018-08-27",34600,8310,6140,581,3697,991,1330,479
"2018-08-28",34850,8360,6030,581,3692,999,1350,479
"2018-08-29",34850,8280,6070,582,3666,996,1350,469
"2018-08-30",34800,8290,6140,583,3713,1020,1355,469
"2018-08-31",35250,8390,6140,583,3692,1000,1355,470
"2018-09-03",35950,8390,6030,584,3671,999,1340,467
"2018-09-04",35450,8530,6110,583,3666,1005,1365,465
"2018-09-05",35050,8470,6300,583,3666,1005,1375,465
"2018-09-06",35200,8490,6410,581,3676,989,1365,459
"2018-09-07",35300,8390,6270,583,3619,978,1370,457
"2018-09-10",35350,8460,6180,578,3566,971,1375,461
"2018-09-11",35250,8420,6160,578,3598,976,1385,459
"2018-09-12",35400,8450,6160,577,3530,970,1395,482
"2018-09-13",36150,8350,6180,577,3535,992,1400,509
"2018-09-14",36150,8440,6170,582,3603,1030,1410,525
"2018-09-17",35750,8420,6170,578,3603,1060,1395,531
"2018-09-18",35550,8440,6170,576,3598,1045,1385,520
"2018-09-19",35450,8560,6080,574,3640,1050,1385,501
"2018-09-20",35600,8560,6050,574,3854,1050,1375,499
"2018-09-21",36900,8670,6070,574,3902,1050,1390,506
"2018-09-27",36600,8680,6110,576,3912,1040,1420,508
"2018-09-28",36800,8730,6150,579,4179,1050,1450,517
"2018-10-01",36950,8900,6150,577,4184,1085,1440,505
"2018-10-02",36350,8820,6120,573,4048,1070,1420,500
"2018-10-04",36300,8710,6040,569,3944,1035,1400,497
"2018-10-05",36400,8700,6080,566,3797,1040,1370,494
"2018-10-08",36050,8590,6080,565,3912,1045,1375,496
"2018-10-10",35300,8520,5960,560,3781,995,1320,480
"2018-10-11",34800,8360,5890,541,3655,899,1300,444
"2018-10-12",34100,8500,5980,541,3556,934,1340,464
"2018-10-15",33400,8500,6000,548,3540,940,1300,445
"2018-10-16",33350,8290,5870,549,3540,955,1305,445
"2018-10-17",33050,8280,5880,552,3561,964,1320,449
"2018-10-18",33000,8220,5920,552,3545,956,1320,461
"2018-10-19",33000,8400,5930,553,3692,949,1320,450
"2018-10-22",33450,8460,5970,550,3834,963,1330,440
"2018-10-23",32650,8360,5900,540,3713,926,1295,418
"2018-10-24",33750,8290,5850,536,3692,907,1305,425
"2018-10-25",34650,8100,5770,515,3635,871,1290,431
"2018-10-26",34650,8050,5500,526,3614,839,1280,454
"2018-10-29",34400,8020,5260,504,3430,741,1250,420
"2018-10-30",32850,8010,5400,500,3331,786,1275,448
"2018-10-31",33650,8250,5610,508,3336,815,1290,448
"2018-11-01",32950,8140,5690,516,3346,828,1290,448
"2018-11-02",33100,8260,5700,528,3483,870,1295,445
"2018-11-05",32750,8240,5510,528,3451,883,1305,431
"2018-11-06",33350,8300,5600,530,3472,882,1300,447
"2018-11-07",33050,8190,5380,530,3441,874,1305,438
"2018-11-08",33300,8220,5450,535,3404,902,1310,439
"2018-11-09",33550,8250,5440,540,3436,900,1360,443
"2018-11-12",34350,8260,5320,540,3399,913,1390,470
"2018-11-13",33850,8260,5350,540,3346,909,1390,471
"2018-11-14",34500,8280,5360,541,3341,909,1355,445
"2018-11-15",33850,8170,5370,543,3404,914,1375,428
"2018-11-16",33550,8280,5500,544,3456,945,1400,414
"2018-11-19",33250,8320,5570,546,3352,941,1395,415
"2018-11-20",33450,8390,5670,541,3357,927,1380,408
"2018-11-21",32750,8490,5810,543,3352,936,1355,400
"2018-11-22",32850,8450,6000,543,3383,912,1355,401
"2018-11-23",32600,8400,5940,535,3352,901,1350,399
"2018-11-26",32650,8400,5830,537,3352,911,1350,398
"2018-11-27",32250,8480,5930,536,3367,923,1370,375
"2018-11-28",31750,8430,5880,540,3367,935,1360,377
"2018-11-29",32100,8490,5930,541,3362,955,1365,373
"2018-11-30",32300,8490,5920,541,3430,953,1350,372
"2018-12-03",32400,8450,5950,548,3572,950,1360,375
"2018-12-04",32200,8430,5810,545,3655,947,1385,376
"2018-12-05",32250,8430,5850,539,3692,935,1370,369
"2018-12-06",32400,8390,5780,539,3614,900,1390,365
"2018-12-07",32350,8370,5780,545,3666,890,1385,366
"2018-12-10",33150,8480,5740,542,3671,873,1380,367
"2018-12-11",33200,8560,5700,537,3640,868,1360,350
"2018-12-12",33300,8490,5610,540,3818,910,1385,350
"2018-12-13",33750,8840,5630,541,3771,900,1400,351
"2018-12-14",34300,8850,5610,538,3734,876,1385,345
"2018-12-17",33550,9170,5370,537,3760,848,1375,346
"2018-12-18",34750,9040,5330,533,3750,836,1410,349
"2018-12-19",35350,9010,5420,536,3666,853,1405,359
"2018-12-20",35500,9120,5400,539,3655,841,1390,379
"2018-12-21",36000,9200,5290,538,3587,822,1385,384
"2018-12-24",36900,9200,5290,538,3446,801,1375,377
"2018-12-26",35750,9030,5180,538,3326,790,1365,373
"2018-12-27",34850,8560,5150,535,3420,801,1360,376
"2018-12-28",34550,8530,5280,541,3477,838,1390,379
"2019-01-02",34700,8320,5270,546,3530,838,1390,367
"2019-01-03",33950,8140,5070,557,3509,830,1390,371
"2019-01-04",34500,7960,5050,552,3561,823,1370,373
"2019-01-07",34850,8060,4995,558,3640,839,1420,375
"2019-01-08",35000,8040,5070,560,3645,841,1470,378
"2019-01-09",35000,7950,4990,575,3620,862,1460,384
"2019-01-10",34650,7860,4985,580,3535,861,1425,385
"2019-01-11",34500,7840,4995,578,3455,867,1405,385
"2019-01-14",35150,7850,5100,574,3570,854,1400,407
"2019-01-15",34700,7860,5130,574,3540,875,1395,397
"2019-01-16",34800,8040,5180,570,3535,883,1455,402
"2019-01-17",35250,8210,5180,576,3440,871,1460,404
"2019-01-18",34950,8160,5210,575,3460,873,1465,400
"2019-01-21",34900,8160,5280,574,3465,895,1470,402
"2019-01-22",34900,8140,5240,574,3960,890,1475,411
"2019-01-23",34700,8080,5410,574,3995,894,1485,405
"2019-01-24",34600,8110,5450,584,3945,890,1460,402
"2019-01-25",34600,8160,5340,585,3945,891,1520,400
"2019-01-28",33650,8750,5310,587,4090,890,1505,405
"2019-01-29",33050,8780,5340,587,4205,870,1540,403
"2019-01-30",32450,8820,5430,593,4130,872,1505,404
"2019-01-31",33350,8900,5650,592,4210,868,1485,408
"2019-02-01",33300,9070,5600,594,4200,844,1470,406
"2019-02-07",33500,8650,5690,595,4100,850,1490,415
"2019-02-08",33250,8760,5600,595,3950,845,1475,422
"2019-02-11",33350,8690,5570,593,3965,852,1480,423
"2019-02-12",33200,8890,5570,593,3965,861,1505,414
"2019-02-13",33350,8880,5740,593,3910,877,1515,416
"2019-02-14",34400,8770,5670,601,4030,907,1520,413
"2019-02-15",33600,8690,5630,644,3995,917,1505,411
"2019-02-18",33700,8750,5650,639,4025,910,1505,413
"2019-02-19",33450,8760,5710,627,4210,888,1535,409
"2019-02-20",33750,8720,5660,631,4440,902,1550,404
"2019-02-21",33950,8650,5690,620,4300,903,1530,406
"2019-02-22",33900,8640,5690,614,4380,889,1495,412
"2019-02-25",34050,8650,5640,620,4390,904,1495,414
"2019-02-26",33950,8790,5530,632,4470,894,1375,435
"2019-02-27",33800,8850,5540,637,4630,901,1385,475
"2019-02-28",34050,8840,5470,632,4430,875,1380,472
"2019-03-04",33100,9050,5500,652,4400,898,1415,505
"2019-03-05",33550,9240,5390,646,4260,884,1410,516
"2019-03-06",33650,9330,5340,650,4220,903,1415,520
"2019-03-07",33800,9250,5360,645,4220,935,1415,517
"2019-03-08",33000,9160,5350,649,4360,942,1415,507
"2019-03-11",33250,9270,5280,671,4450,948,1390,528
"2019-03-12",33050,9340,5280,687,4355,951,1410,541
"2019-03-13",33500,9800,5260,687,4295,948,1405,553
"2019-03-14",34300,10250,5360,679,4255,954,1410,549
"2019-03-15",34650,9930,5400,671,4450,951,1405,563
"2019-03-18",34800,10000,5410,685,4650,964,1405,564
"2019-03-19",34900,10050,5600,679,4575,943,1400,527
"2019-03-20",34850,9900,5650,656,4560,937,1390,485
"2019-03-21",34700,10000,5650,656,4535,920,1370,475
"2019-03-22",34000,9990,5750,656,4730,907,1360,475
"2019-03-25",34550,9980,5570,646,4700,896,1360,474
"2019-03-26",33700,10050,5750,643,4595,910,1360,470
"2019-03-27",33800,10150,5690,646,4400,916,1365,490
"2019-03-28",33950,10550,5640,663,4490,899,1355,486
"2019-03-29",34400,10800,5880,657,4510,941,1355,448
"2019-04-01",35250,10750,5940,657,4290,929,1370,460
"2019-04-02",34850,10950,5930,660,4295,932,1385,470
"2019-04-03",35350,11000,6080,671,4495,936,1375,460
"2019-04-04",34700,10800,6010,662,4605,945,1375,462
"2019-04-05",34650,10600,6040,661,4650,935,1390,461
"2019-04-08",35050,10750,6000,657,4610,940,1400,464
"2019-04-09",34900,10700,5970,651,4945,946,1400,462
"2019-04-10",35500,11300,5900,651,4800,935,1400,462
"2019-04-11",35600,11200,5980,651,4820,941,1390,473
"2019-04-12",35850,11200,5970,652,4800,949,1380,488
"2019-04-15",35900,11000,5960,666,5120,951,1400,463
"2019-04-16",35900,10950,6030,673,5300,937,1400,465
"2019-04-17",35350,10650,6000,698,5120,969,1415,460
"2019-04-18",35250,10450,5850,688,4930,948,1410,460
"2019-04-19",34750,10600,5870,691,4920,985,1405,464
"2019-04-22",34850,10500,5950,671,4880,999,1400,456
"2019-04-23",36300,10300,5960,678,4890,1005,1410,451
"2019-04-24",37350,10250,5980,675,4890,1040,1405,451
"2019-04-25",37550,10300,6080,664,4870,1090,1400,442
"2019-04-26",36750,10450,5970,649,4810,1090,1415,424
"2019-04-29",37050,10700,6020,656,4880,1140,1410,429
"2019-04-30",37100,10750,6120,662,4800,1200,1410,422
"2019-05-02",37200,10500,6120,673,4665,1200,1380,421
"2019-05-03",36950,10500,6130,673,4930,1185,1390,422
"2019-05-07",36650,10500,6040,654,4790,1145,1385,411
"2019-05-08",36750,10550,5990,634,4700,1150,1375,401
"2019-05-09",35900,10500,5740,618,4550,1095,1375,384
"2019-05-10",35850,10400,5710,629,4530,1140,1370,394
"2019-05-13",35350,10150,5510,631,4410,1110,1365,399
"2019-05-14",35700,10200,5530,625,4480,1100,1355,390
"2019-05-15",35050,10300,5620,646,4480,1115,1365,390
"2019-05-16",35000,10450,5700,656,4620,1005,1660,393
"2019-05-17",35650,10350,5730,651,4495,1010,1495,386
"2019-05-20",36000,10350,5640,645,4500,975,1540,384
"2019-05-21",35950,10500,5630,648,4490,941,1505,381
"2019-05-22",36000,10450,5630,658,4470,908,1475,387
"2019-05-23",36700,10600,5660,647,4280,897,1435,369
"2019-05-24",36800,10600,5550,646,4280,873,1450,360
"2019-05-27",37300,10350,5460,641,4235,869,1440,355
"2019-05-28",36700,10500,5470,640,4150,882,1485,356
"2019-05-29",36700,10300,5410,633,4070,849,1440,368
"2019-05-30",37000,10550,5420,632,4205,834,1430,377
"2019-05-31",36800,10750,5350,633,4250,848,1420,372
"2019-06-03",37050,10800,5350,635,4185,860,1400,372
"2019-06-04",37200,10850,5400,637,4205,899,1445,373
"2019-06-05",37450,10550,5620,641,4195,898,1435,375
"2019-06-07",37300,10750,5630,648,4365,904,1480,380
"2019-06-10",37800,10700,5620,648,4275,902,1475,382
"2019-06-11",38100,10850,5630,657,4425,910,1515,377
"2019-06-12",38200,11000,5640,658,4365,903,1500,382
"2019-06-13",38500,12100,5640,666,4320,911,1485,376
"2019-06-14",38100,11450,5610,660,4210,905,1485,376
"2019-06-17",38000,11150,5600,657,4225,907,1495,376
"2019-06-18",37350,11550,5570,666,4175,912,1505,384
"2019-06-19",38000,11500,5590,658,4195,918,1500,384
"2019-06-20",38200,11450,5570,665,4240,924,1500,390
"2019-06-21",37750,11600,5650,665,4205,923,1490,392
"2019-06-24",37700,11650,5620,662,4180,918,1505,390
"2019-06-25",37650,11550,5600,658,4075,930,1515,386
"2019-06-26",38750,11700,5580,656,4100,919,1540,376
"2019-06-27",38650,11450,5520,654,4085,921,1630,379
"2019-06-28",38200,11250,5580,660,3980,929,1580,377
"2019-07-01",37900,11200,5590,658,4010,941,1500,380
"2019-07-02",37850,10950,5530,656,3950,980,1505,378
"2019-07-03",37300,11050,5470,657,3780,941,1530,371
"2019-07-04",37350,10850,5520,656,3865,908,1515,367
"2019-07-05",37500,10950,5650,656,3800,893,1515,365
"2019-07-08",36300,10600,6440,624,3680,851,1450,333
"2019-07-09",36100,10400,6370,623,3680,833,1440,328
"2019-07-10",36850,10400,6190,623,3665,845,1460,329
"2019-07-11",37300,10600,6030,629,3620,849,1500,330
"2019-07-12",36750,10350,6230,635,3780,842,1490,331
"2019-07-15",36350,10300,6060,626,3705,825,1470,334
"2019-07-16",36150,10350,6380,627,3675,823,1435,318
"2019-07-17",36650,10100,6480,623,3635,800,1430,316
"2019-07-18",36650,10450,6160,622,3630,809,1420,315
"2019-07-19",36550,10650,5880,623,3660,817,1430,317
"2019-07-22",36600,10650,5910,622,3620,809,1445,317
"2019-07-23",36550,10600,5710,619,3600,806,1440,324
"2019-07-24",36000,10500,6130,619,3505,799,1435,324
"2019-07-25",36200,10300,5930,601,3515,785,1430,316
"2019-07-26",36000,10200,5840,595,3495,782,1425,310
"2019-07-29",35400,10300,6950,561,3360,727,1380,307
"2019-07-30",35350,10200,7030,577,3370,756,1420,306
"2019-07-31",36300,10250,6530,582,3415,769,1405,305
"2019-08-01",35800,10150,6100,586,3410,754,1410,307
"2019-08-02",35350,10250,6530,577,3410,749,1385,306
"2019-08-05",34650,10150,7090,548,3300,660,1300,282
"2019-08-06",34800,9940,6480,535,3215,607,1300,280
"2019-08-07",34450,9970,6610,546,3250,611,1320,284
"2019-08-08",34300,10100,6800,571,3415,676,1350,285
"2019-08-09",33900,10100,6600,591,3500,674,1365,283
"2019-08-12",33700,10000,6920,599,3500,690,1360,281
"2019-08-13",32950,10150,6600,600,3555,709,1395,283
"2019-08-14",32600,10100,6940,602,3545,707,1440,289
"2019-08-16",32400,10150,6750,596,3580,694,1410,291
"2019-08-19",32400,10150,6420,606,3650,702,1405,283
"2019-08-20",32550,10350,6390,608,3670,715,1405,284
"2019-08-21",32700,10350,6200,615,3625,724,1415,289
"2019-08-22",32700,10550,6070,615,3585,718,1410,293
"2019-08-23",32150,10600,6130,610,3585,711,1410,291
"2019-08-26",32150,10450,6370,592,3600,671,1370,276
"2019-08-27",31500,10450,6650,596,3585,674,1375,276
"2019-08-28",32300,10400,6590,598,3540,682,1375,279
"2019-08-29",32500,10450,6310,586,3530,670,1400,280
"2019-08-30",33150,10450,6260,589,3460,704,1405,284
"2019-09-02",33400,10550,6170,579,3515,721,1450,282
"2019-09-03",33150,10500,6310,588,3640,720,1415,285
"2019-09-04",33500,10500,6190,589,3585,729,1485,293
"2019-09-05",32950,10500,6200,599,3555,730,1455,294
"2019-09-06",33200,10500,6200,600,3510,720,1475,290
"2019-09-09",33400,10450,6130,599,3440,712,1500,284
"2019-09-10",34300,10550,6030,540,3490,706,1460,285
"2019-09-11",34900,10550,6080,549,3495,704,1465,337
"2019-09-16",34250,10700,6400,558,3520,704,1475,328
"2019-09-17",34250,10800,6330,559,3550,718,1490,310
"2019-09-18",34000,10950,6250,564,3515,718,1575,313
"2019-09-19",33800,11250,6440,564,3485,725,1540,307
"2019-09-20",33700,11300,6350,561,3590,731,1560,307
"2019-09-23",33950,11000,6340,563,3545,715,1540,299
"2019-09-24",33950,10900,6500,558,3560,718,1515,299
"2019-09-25",33750,10800,6200,562,3495,691,1490,266
"2019-09-26",34150,11000,6170,560,3495,681,1500,267
"2019-09-27",33550,10950,6490,578,3510,668,1500,274
"2019-09-30",35150,11100,6250,578,3435,657,1470,268
"2019-10-01",34950,11100,6140,586,3440,662,1485,269
"2019-10-02",34000,11000,5940,588,3350,646,1480,269
"2019-10-04",33700,11200,5940,576,3360,629,1465,268
"2019-10-07",33650,11100,5770,578,3290,615,1435,278
"2019-10-08",33550,11000,5730,580,3395,620,1450,282
"2019-10-10",33300,11000,5600,570,3380,619,1455,288
"2019-10-11",34100,10950,5650,570,3360,625,1475,288
"2019-10-14",34650,10900,5770,571,3425,639,1470,278
"2019-10-15",34600,10800,5850,574,3490,642,1465,278
"2019-10-16",35150,10850,5980,569,3485,640,1475,273
"2019-10-17",35250,10800,5850,570,3475,630,1465,267
"2019-10-18",34600,10600,5830,573,3465,629,1460,268
"2019-10-21",34800,10600,5690,568,3390,618,1445,269
"2019-10-22",34900,10650,5740,550,3390,620,1460,273
"2019-10-23",34350,10550,5700,538,3355,602,1460,271
"2019-10-24",34450,10500,5660,527,3275,593,1450,271
"2019-10-25",34100,10550,5680,520,3340,610,1470,282
"2019-10-28",34100,10600,5650,521,3330,615,1495,276
"2019-10-29",33950,10600,5500,521,3325,637,1480,273
"2019-10-30",33650,10450,5510,525,3430,622,1480,289
"2019-10-31",33550,10500,5620,525,3430,646,1500,276
"2019-11-01",33400,10400,5770,530,3380,631,1520,287
"2019-11-04",34100,10600,5790,529,3420,642,1530,290
"2019-11-05",34200,10450,5930,522,3420,656,1500,294
"2019-11-06",34250,10650,6150,519,3535,654,1505,315
"2019-11-07",34200,10550,6100,526,3485,650,1505,327
"2019-11-08",35000,10650,6410,529,3480,671,1550,334
"2019-11-11",37300,10750,6440,524,3530,669,1550,349
"2019-11-12",37150,10950,6490,523,3460,675,1550,349
"2019-11-13",36750,11150,6620,524,3385,671,1555,342
"2019-11-14",37400,11150,6560,524,3410,677,1585,317
"2019-11-15",37200,11250,6720,542,3410,685,1595,314
"2019-11-18",36750,10750,6930,540,3345,684,1625,328
"2019-11-19",37050,11300,6900,533,3265,665,1660,327
"2019-11-20",37000,11300,7060,529,3225,658,1670,317
"2019-11-21",36700,11400,6980,530,3250,630,1585,315
"2019-11-22",36800,11350,7660,529,3220,627,1580,305
"2019-11-25",36600,11400,7260,533,3245,641,1600,308
"2019-11-26",37050,11250,7360,520,3245,651,1610,309
"2019-11-27",37600,11350,7500,522,3230,640,1640,304
"2019-11-28",37500,11450,7690,524,3255,637,1810,309
"2019-11-29",37100,11500,7910,523,3380,654,1735,308
"2019-12-02",36950,11550,8020,524,3370,672,1750,310
"2019-12-03",36200,11650,8800,523,3340,670,1710,403
"2019-12-04",36600,11550,7730,522,3305,670,1665,389
"2019-12-05",37400,11600,7630,520,3320,666,1615,346
"2019-12-06",37300,11550,7690,520,3255,675,1655,333
"2019-12-09",37950,11550,7570,514,3250,677,1690,314
"2019-12-10",37800,11400,7680,519,3210,666,1855,314
"2019-12-11",38450,11700,7850,520,3290,660,1750,318
"2019-12-12",39550,11650,7800,539,3330,674,1780,318
"2019-12-13",40000,12150,7750,544,3425,683,1995,320
"2019-12-16",39500,13100,7840,539,3405,677,1915,322
"2019-12-17",40450,12400,7110,541,3370,672,1855,321
"2019-12-18",41650,12450,7400,542,3325,675,2030,339
"2019-12-19",40950,12550,7450,543,3335,673,2160,347
"2019-12-20",40550,12700,7420,543,3435,672,2080,320
"2019-12-23",41150,13300,7310,545,3430,668,2105,315
"2019-12-24",40350,13350,7230,543,3350,654,1840,308
"2019-12-26",39650,12800,7380,550,3485,654,1845,307
"2019-12-27",38550,12350,7260,540,3475,664,1825,310
"2019-12-30",38600,12450,7100,545,3730,690,1910,307
"2020-01-02",37450,12100,7190,541,3865,695,1905,309
"2020-01-03",37600,11800,7180,534,3815,716,1925,313
"2020-01-06",37150,11800,6880,527,3755,688,1855,306
"2020-01-07",37750,11950,6830,529,3975,700,1910,308
"2020-01-08",38000,11450,6530,519,3890,654,1780,295
"2020-01-09",38150,11600,6540,526,4055,684,1835,300
"2020-01-10",37950,11500,6510,523,4140,705,1870,312
"2020-01-13",37800,11550,6470,529,4385,731,1860,308
"2020-01-14",38750,11700,6480,532,4350,734,1930,308
"2020-01-15",38750,12050,6530,532,4315,737,1960,313
"2020-01-16",39300,12150,6450,532,4215,744,1965,315
"2020-01-17",38600,12050,6420,528,4280,747,1995,312
"2020-01-20",38050,12100,6150,528,4200,733,2225,313
"2020-01-21",38250,12500,6270,528,4095,720,2070,308
"2020-01-22",38450,12900,6280,530,4080,727,2055,308
"2020-01-23",38350,13050,6190,527,3935,714,2060,312
"2020-01-28",36900,12400,5980,512,3500,668,1975,301
"2020-01-29",36550,12400,6030,513,3500,665,2035,303
"2020-01-30",37200,12450,6120,510,3345,644,1960,318
"2020-01-31",37950,12800,6000,504,3250,620,1830,294
"2020-02-03",36850,12600,6090,500,3265,605,1880,284
"2020-02-04",35900,12500,6180,512,3360,647,1940,288
"2020-02-05",35900,11950,6010,512,3310,644,1900,295
"2020-02-06",38350,12200,6300,521,3405,667,2010,304
"2020-02-07",37850,12100,6130,516,3355,660,2005,309
"2020-02-10",37350,12050,6030,519,3340,653,1995,308
"2020-02-11",36850,12100,6000,522,3385,651,2055,305
"2020-02-12",38000,12650,6200,527,3675,686,2050,309
"2020-02-13",36850,13300,6170,527,3600,672,2025,309
"2020-02-14",36850,12700,6040,523,3570,670,2000,313
"2020-02-17",36650,12550,6040,522,3625,664,1985,311
"2020-02-18",36100,12650,5930,525,3695,646,1980,310
"2020-02-19",35750,12550,6130,523,3570,636,1970,301
"2020-02-20",35150,12250,6110,525,3490,673,1965,301
"2020-02-21",34900,12250,6000,520,3390,629,1945,296
"2020-02-24",33550,11900,5780,507,3270,599,1835,284
"2020-02-25",33900,12050,6020,508,3415,627,1890,297
"2020-02-26",33900,12350,5830,507,3465,634,1835,307
"2020-02-27",34100,12000,5870,500,3320,609,1795,303
"2020-02-28",33700,11550,5610,490,3200,571,1750,290
"2020-03-02",33350,11700,5570,496,3205,587,1755,291
"2020-03-03",34050,11700,5630,506,3175,592,1735,297
"2020-03-04",33900,11500,5660,512,3195,602,1740,306
"2020-03-05",35000,11650,5690,518,3235,615,1800,314
"2020-03-06",34500,11650,5620,519,3135,602,1740,320
"2020-03-09",34100,11700,5410,509,3015,579,1600,300
"2020-03-10",33500,11650,5290,508,3015,578,1610,291
"2020-03-11",33650,11600,5270,511,2915,572,1540,270
"2020-03-12",32600,11150,4910,505,2825,519,1410,250
"2020-03-13",31300,10500,4600,450,2690,499,1300,224
"2020-03-16",31050,10750,4385,435,2670,500,1300,227
"2020-03-17",29750,11000,4395,428,2615,491,1285,236
"2020-03-18",28150,11250,4360,403,2625,527,1280,237
"2020-03-19",23600,10000,3950,340,2500,439,1210,222
"2020-03-20",27300,10050,4340,359,2455,459,1210,242
"2020-03-23",25150,9160,4145,345,2415,420,1130,226
"2020-03-24",25950,10150,4390,367,2425,446,1185,250
"2020-03-25",27150,11150,4400,397,2550,462,1215,269
"2020-03-26",26700,11250,4510,407,2700,485,1235,275
"2020-03-27",28900,11150,4490,403,2690,531,1270,274
"2020-03-30",30850,12300,4620,400,2710,561,1310,269
"2020-03-31",29900,11900,4820,406,2735,571,1365,259
"2020-04-01",28000,11950,4995,409,2735,560,1345,252
"2020-04-02",28500,12000,4945,415,2670,593,1385,263
"2020-04-03",28400,12200,4990,428,2660,600,1380,255
"2020-04-06",29050,12250,5190,441,2865,625,1410,264
"2020-04-07",29050,12200,5250,459,2910,628,1460,267
"2020-04-08",28800,12150,5220,482,2995,649,1495,271
"2020-04-09",28750,12300,5230,496,3050,636,1520,275
"2020-04-10",29250,12150,5300,500,3010,630,1475,271
"2020-04-13",28950,12150,5800,498,2935,609,1435,270
"2020-04-14",29100,12150,5700,500,2985,627,1490,266
"2020-04-16",28750,12100,5430,492,3035,643,1475,265
"2020-04-17",29000,12200,5400,496,3120,647,1515,344
"2020-04-20",28600,12050,5420,483,3165,645,1505,336
"2020-04-21",28050,12000,5210,474,3040,633,1475,315
"2020-04-22",27750,12150,5110,468,3055,664,1445,336
"2020-04-23",27950,12000,5310,489,3070,673,1465,331
"2020-04-24",27800,12050,5140,486,2980,657,1435,319
"2020-04-27",28900,12000,5240,497,2985,661,1460,347
"2020-04-28",28550,12150,5320,496,3045,656,1455,319
"2020-04-29",30000,12250,5380,499,3100,683,1465,317
"2020-05-04",29050,12350,5240,498,3235,712,1465,312
"2020-05-06",28850,12450,5400,498,3220,727,1485,405
"2020-05-07",29750,12600,5520,505,3240,738,1520,475
"2020-05-08",30150,12800,5700,509,3235,743,1625,439
"2020-05-11",29500,13250,5660,510,3145,731,1600,425
"2020-05-12",29000,13300,5590,500,3035,748,1570,419
"2020-05-13",29350,13400,5510,499,2980,759,1590,419
"2020-05-14",29050,13400,5380,495,2945,760,1590,391
"2020-05-15",29450,13500,5410,504,2940,758,1555,323
"2020-05-18",29200,13450,5740,504,3000,748,1520,307
"2020-05-19",30200,12950,5940,522,3035,738,1550,331
"2020-05-20",29800,13300,5780,517,3170,756,1565,318
"2020-05-21",29500,13150,6150,525,3160,755,1595,331
"2020-05-22",29300,12900,6450,514,3000,737,1545,323
"2020-05-25",29300,12850,6470,516,2950,734,1560,419
"2020-05-26",29650,13050,6450,520,2975,734,1580,400
"2020-05-27",29550,12850,6400,515,2930,733,1575,398
"2020-05-28",29850,12600,6070,509,2885,711,1560,380
"2020-05-29",29550,12300,6070,507,2840,707,1530,347
"2020-06-01",29450,12600,6260,518,2845,717,1530,381
"2020-06-02",29900,12850,6220,517,2925,725,1555,363
"2020-06-03",31200,12500,6190,522,2850,720,1580,355
"2020-06-04",30550,12450,6460,524,2860,710,1570,362
"2020-06-05",30900,12350,6460,524,2855,706,1580,356
"2020-06-08",30850,12450,6400,520,2850,709,1575,362
"2020-06-09",30400,12600,6470,525,2875,698,1575,350
"2020-06-10",30000,12550,6430,525,2815,696,1580,340
"2020-06-11",29300,12000,6300,517,2790,674,1565,334
"2020-06-12",28550,12300,6050,506,2730,671,1540,330
"2020-06-15",27250,11750,5750,497,2620,608,1405,323
"2020-06-16",28400,11500,6020,508,2660,636,1480,332
"2020-06-17",27900,11500,6100,504,2655,620,1520,328
"2020-06-18",27550,11700,6200,506,2590,619,1490,329
"2020-06-19",27750,11550,6350,505,2550,615,1540,331
"2020-06-22",27400,11350,6230,500,2500,604,1510,323
"2020-06-23",27650,11250,6220,500,2510,600,1480,324
"2020-06-24",28200,11150,6230,502,2570,634,1515,325
"2020-06-25",27850,11250,6140,506,2510,624,1470,329
"2020-06-26",27950,11450,6250,496,2515,617,1450,303
"2020-06-29",27150,11100,6170,490,2430,599,1365,297
"2020-06-30",27350,11150,6360,491,2600,645,1410,314
"2020-07-01",27800,11700,6160,489,2495,621,1400,316
"2020-07-02",28700,11650,6210,496,2540,615,1415,329
"2020-07-03",28700,11450,6240,497,2615,631,1415,329
"2020-07-06",28900,11650,6220,497,2595,621,1420,316
"2020-07-07",28300,11650,6220,496,2610,616,1410,308
"2020-07-08",28400,12200,6200,499,2630,609,1410,312
"2020-07-09",28400,12050,6210,497,2670,609,1410,316
"2020-07-10",28000,11750,6200,507,2645,613,1405,312
"2020-07-13",28300,11750,6230,503,2625,615,1415,314
"2020-07-14",28800,11900,6090,505,2605,611,1415,310
"2020-07-15",28700,11650,6130,503,2710,611,1420,308
"2020-07-16",28750,11700,6120,504,2750,615,1445,305
"2020-07-17",28750,11650,6340,503,2765,618,1450,310
"2020-07-20",28550,11400,6300,505,2805,636,1455,307
"2020-07-21",28350,11500,6410,506,2770,665,1440,301
"2020-07-22",28550,11400,6670,510,2790,645,1460,294
"2020-07-23",28300,11450,6480,507,2720,626,1470,286
"2020-07-24",28100,11650,6760,503,2700,611,1440,282
"2020-07-27",28150,11400,7380,509,2700,621,1440,282
"2020-07-28",28050,11200,7780,530,2720,617,1450,276
"2020-07-29",28700,11500,7930,530,2705,613,1450,273
"2020-07-30",28850,11550,7480,525,2765,617,1455,267
"2020-07-31",28300,11450,7730,514,2695,610,1460,267
"2020-08-03",28100,11350,7800,520,2715,600,1475,255
"2020-08-04",28200,11350,7600,526,2755,601,1495,272
"2020-08-05",28300,11400,7310,525,2715,598,1480,271
"2020-08-06",28650,11400,7230,528,2690,601,1490,291
"2020-08-07",28600,11450,7010,525,2730,587,1545,287
"2020-08-10",29250,11400,6830,530,2685,584,1525,276
"2020-08-11",29350,11350,6800,529,2720,589,1520,268
"2020-08-12",29700,11400,6720,520,2855,585,1495,271
"2020-08-13",29950,11350,6710,520,2880,594,1530,271
"2020-08-14",30050,11400,6590,518,2900,585,1525,264
"2020-08-18",29150,11450,6320,502,2685,547,1480,250
"2020-08-19",29900,11400,6320,510,2795,549,1525,252
"2020-08-20",28850,11300,6190,496,2670,510,1450,238
"2020-08-21",28850,11450,6430,498,2700,508,1480,246
"2020-08-24",29350,11450,6440,500,2685,502,1480,252
"2020-08-25",29750,12050,6540,506,2700,544,1490,256
"2020-08-26",29450,12250,6480,504,2625,528,1490,245
"2020-08-27",28900,12550,6320,501,2610,511,1490,240
"2020-08-28",29150,12150,6850,501,2560,524,1515,244
"2020-08-31",28750,11800,6680,502,2590,526,1520,254
"2020-09-01",28850,11950,6680,509,2630,522,1525,257
"2020-09-02",28950,11750,6700,510,2675,533,1520,256
"2020-09-03",28700,11900,6660,509,2680,535,1520,262
"2020-09-04",28600,11950,6650,510,2630,528,1525,259
"2020-09-07",28650,12050,6660,514,2635,533,1530,260
"2020-09-08",28800,12100,6550,513,2630,530,1530,258
"2020-09-09",28650,12000,6660,513,2635,525,1530,278
"2020-09-10",28400,12000,6810,519,2625,529,1535,296
"2020-09-11",28450,11850,6960,535,2590,541,1540,291
"2020-09-14",28850,11900,6930,529,2660,543,1545,290
"2020-09-15",29000,12000,6870,529,2695,550,1535,299
"2020-09-16",28850,12050,7150,518,2725,548,1540,306
"2020-09-17",28750,12000,6910,514,2690,534,1530,315
"2020-09-18",28900,12050,6890,514,2680,546,1535,342
"2020-09-21",28650,12100,6960,505,2645,527,1525,337
"2020-09-22",28400,12350,6860,507,2620,510,1505,343
"2020-09-23",28250,12100,7140,511,2620,507,1505,330
"2020-09-24",27650,12000,7210,504,2550,494,1500,314
"2020-09-25",27700,12050,7180,503,2525,492,1515,327
"2020-09-28",27850,12050,7070,509,2580,501,1545,338
"2020-09-29",28200,12400,7260,515,2600,510,1550,347
"2020-10-05",28650,12400,7080,516,2625,516,1580,340
"2020-10-06",28650,12450,7060,515,2610,517,1570,342
"2020-10-07",28800,12400,7210,515,2615,520,1620,339
"2020-10-08",29100,12350,7060,515,2610,523,1675,351
"2020-10-12",29200,12500,7120,528,2810,521,1695,355
"2020-10-13",29100,12300,7000,527,2890,516,1630,355
"2020-10-14",28800,12300,6950,528,2910,512,1650,369
"2020-10-15",29050,12700,6860,524,2820,501,1640,388
"2020-10-16",28800,12450,6840,522,2710,494,1650,419
"2020-10-19",29250,12650,6930,521,2730,487,1700,422
"2020-10-20",29300,12800,6840,519,2675,485,1695,411
"2020-10-21",30000,13500,6870,526,2745,492,1695,418
"2020-10-22",29650,13500,7430,527,2735,486,1705,417
"2020-10-23",30150,13450,7170,526,2715,487,1710,417
"2020-10-26",30100,12350,6910,520,2630,478,1630,389
"2020-10-27",29700,12300,6840,516,2610,477,1600,396
"2020-10-28",30300,12200,6880,518,2715,487,1650,405
"2020-10-29",30100,11950,6830,518,2670,484,1650,401
"2020-10-30",29400,11850,6830,522,2650,478,1625,404
"2020-11-02",31250,11950,6930,523,2640,479,1625,402
"2020-11-03",31250,11900,7000,528,2625,487,1660,410
"2020-11-04",31150,11950,6990,526,2630,485,1660,434
"2020-11-05",31400,11900,6970,525,2630,489,1670,437
"2020-11-06",31600,11800,6900,526,2635,487,1670,443
"2020-11-09",31850,11750,6880,528,2665,502,1750,480
"2020-11-10",32150,11750,6890,532,2795,500,1775,470
"2020-11-11",32900,11800,6910,534,2885,507,1770,480
"2020-11-12",32250,11800,6940,538,2950,518,1745,485
"2020-11-13",32050,11850,6860,555,2920,511,1770,484
"2020-11-16",32400,11850,6860,550,3000,503,1800,466
"2020-11-17",32100,11900,6860,545,3000,505,1770,450
"2020-11-18",32850,12050,6830,545,2945,504,1785,473
"2020-11-19",34750,12000,6800,547,2910,508,1745,473
"2020-11-20",34750,11900,6880,552,3020,516,1790,468
"2020-11-23",34900,12000,6870,558,3010,515,1770,451
"2020-11-24",34600,12400,6900,572,3090,530,1835,457
"2020-11-25",34100,12400,6770,574,3165,516,1860,449
"2020-11-26",34250,12450,6710,585,3045,517,1830,442
"2020-11-27",33950,12500,6720,609,3035,527,1875,455
"2020-11-30",33100,12700,6680,605,3015,527,1865,457
"2020-12-01",33700,13100,6640,594,3035,521,1880,456
"2020-12-02",34450,13200,6630,591,3165,525,1910,455
"2020-12-03",34400,13350,6660,583,3465,537,1995,450
"2020-12-04",34350,13100,6650,581,3220,520,2030,435
"2020-12-07",33900,12900,6650,569,3210,517,2095,430
"2020-12-08",34150,12900,6730,574,3270,514,2295,427
"2020-12-09",34600,12950,6820,574,3340,573,2180,430
"2020-12-10",34250,12750,6780,579,3315,582,2210,420
"2020-12-11",34450,13300,6790,586,3275,582,2250,416
"2020-12-14",34600,13200,6810,590,3150,595,2235,390
"2020-12-15",34900,13250,6810,591,3100,607,2115,378
"2020-12-16",35050,13100,6820,596,3080,588,2145,392
"2020-12-17",35000,13000,6970,588,3045,568,2155,390
"2020-12-18",35400,12950,7090,593,3085,601,2140,390
"2020-12-21",35400,13050,7190,590,3080,720,2160,390
"2020-12-22",34900,12800,7070,586,3020,707,2310,380
"2020-12-23",34600,12850,6940,586,3000,675,2390,378
"2020-12-24",35250,12850,7070,597,3000,696,2340,383
"2020-12-28",35050,13000,7160,598,2950,748,2225,374
"2020-12-29",33100,12300,6900,584,3100,732,2055,390
"2020-12-30",32500,12200,6990,579,3135,720,2135,428
"2021-01-04",31250,11900,6820,570,3090,770,2280,445
"2021-01-05",31950,11750,6840,594,3200,895,2385,450
"2021-01-06",31800,11900,6860,585,3160,882,2400,441
"2021-01-07",32300,11900,6820,591,3235,973,2405,441
"2021-01-08",32600,11750,6770,592,3255,1005,2375,436
"2021-01-11",32250,11550,6710,567,3265,999,2380,432
"2021-01-12",32200,11550,6660,579,3240,1015,2365,427
"2021-01-13",32550,11550,6680,573,3245,978,2495,434
"2021-01-14",32900,11600,6750,577,3315,926,2590,434
"2021-01-15",32700,11400,6680,575,3210,920,2580,428
"2021-01-18",32200,11350,6520,571,3080,892,2650,435
"2021-01-19",32700,11300,6550,569,3180,910,2965,446
"2021-01-20",32800,11300,6600,569,3200,922,2865,449
"2021-01-21",32700,11250,6650,574,3185,944,2930,480
"2021-01-22",32200,11100,6560,573,3280,990,2995,470
