"","214870","143160","236200","036690","094840","083640","203450","039010","092600","213090","099520","317770","019490"
"2016-01-25",3660,17250,NA,4700,10000,1410,2000,7080,4819,12450,2284,NA,7370
"2016-01-26",3635,17050,NA,4547,10000,1370,2000,6840,4907,12250,2255,NA,7200
"2016-01-27",3585,17300,NA,4628,10000,1360,2000,7050,5031,12350,2183,NA,7160
"2016-01-28",3595,17450,NA,4700,10000,1380,2000,6980,5075,12900,2087,NA,7120
"2016-01-29",3685,17800,NA,4638,10000,1395,2000,6970,5022,13000,1794,NA,7360
"2016-02-01",3700,17600,NA,4601,10000,1375,2000,6700,5146,13100,1707,NA,6780
"2016-02-02",3650,17550,NA,4610,10000,1350,2100,6880,5155,14300,1693,NA,6780
"2016-02-03",3635,17600,NA,4547,10000,1340,2050,6770,5137,14300,1779,NA,6600
"2016-02-04",3655,17750,NA,4619,10000,1410,2000,7430,5146,13400,1827,NA,6580
"2016-02-05",3700,17800,24000,4619,11100,1415,2000,7530,5349,13350,1832,NA,6920
"2016-02-11",3640,17100,20350,4322,9260,1360,2100,7020,5040,12900,1678,NA,6480
"2016-02-12",3410,16500,20050,4052,8090,1280,2100,6680,4995,11550,1765,NA,6100
"2016-02-15",3315,17300,19550,4178,8010,1300,2100,6610,5473,11900,1803,NA,6030
"2016-02-16",3355,17300,20150,4326,9310,1345,2110,6760,5950,12100,1847,NA,6350
"2016-02-17",3395,17650,21150,4287,8640,1355,2150,6670,5950,11950,1770,NA,6230
"2016-02-18",3425,17800,22000,4403,8540,1415,2200,6980,6003,11800,1803,NA,6380
"2016-02-19",3440,17900,23250,4408,8730,1435,2300,7260,5871,12300,1842,NA,6250
"2016-02-22",3575,17800,22850,4363,8790,1410,2600,7340,6366,11900,1832,NA,6220
"2016-02-23",3520,18450,23450,4386,8690,1445,2600,7340,6092,11700,1827,NA,6090
"2016-02-24",3560,18750,22250,4381,8570,1445,2310,7160,5809,12250,1914,NA,6290
"2016-02-25",3590,18650,21400,4358,8460,1415,2300,7090,5941,12800,1943,NA,6320
"2016-02-26",3590,18500,21800,4403,8440,1465,2305,7250,5835,12750,1948,NA,6630
"2016-02-29",3545,18550,21350,4434,8150,1485,2300,7320,5844,12750,1981,NA,6610
"2016-03-02",3550,19100,21650,4466,8160,1475,2300,7530,5703,13250,1967,NA,6700
"2016-03-03",3500,19000,21500,4610,8040,1470,2300,7540,5871,13350,1851,NA,6560
"2016-03-04",3500,18750,20800,4592,8060,1470,2400,7450,5906,12550,1957,NA,6560
"2016-03-07",3495,18550,20400,4557,8040,1490,2400,7760,5950,13000,1880,NA,6550
"2016-03-08",3500,18600,20000,4484,7900,1515,2400,7800,5835,12700,1885,NA,6250
"2016-03-09",3520,18550,20000,4502,8100,1485,2400,7530,5853,12450,1914,NA,6220
"2016-03-10",3525,18550,23400,4466,8360,1485,2400,7400,5880,12750,1885,NA,6300
"2016-03-11",3495,18350,24900,4538,8230,1500,2400,7500,5835,12750,1847,NA,6490
"2016-03-14",3500,18350,23800,4484,8300,1515,2400,7300,6171,12550,1851,NA,6470
"2016-03-15",3470,18000,24500,4466,8400,1550,2390,7320,6171,12850,1813,NA,6440
"2016-03-16",3550,18000,23350,4476,8510,1520,2390,7290,6260,12800,1741,NA,6520
"2016-03-17",3545,18000,24300,4476,8470,1675,2390,7190,6171,12800,1775,NA,6530
"2016-03-18",3620,18150,24750,4497,8540,1670,2390,7370,6065,12500,1827,NA,6560
"2016-03-21",3535,18000,23800,4439,8760,1635,2390,7690,5941,12550,1832,NA,6700
"2016-03-22",3535,17950,24300,4413,9510,1675,2390,8010,6498,12500,1827,NA,6560
"2016-03-23",3480,17850,26000,4521,9550,1640,2380,8330,6719,12250,1818,NA,6550
"2016-03-24",3495,17850,25800,4476,9580,1635,2350,8100,6755,12200,1842,NA,6600
"2016-03-25",3465,17900,24500,4443,9590,1610,2350,8180,6543,12200,1794,NA,6590
"2016-03-28",3390,17900,24350,4422,9770,1620,2350,8300,6569,12600,1779,NA,6400
"2016-03-29",3345,18100,23850,4476,10200,1650,2350,8360,6658,12450,1789,NA,6450
"2016-03-30",3390,18550,23800,4476,9860,1670,2500,8620,7250,12600,1765,NA,6460
"2016-03-31",3360,18550,23750,4502,9690,1650,2500,8850,7250,12300,1775,NA,6430
"2016-04-01",3365,18450,24500,4638,9610,1655,2400,9000,7188,12850,1799,NA,6770
"2016-04-04",3345,18300,24600,4646,9100,1655,2390,8950,7268,13150,1760,NA,7350
"2016-04-05",3315,18000,24000,4718,9340,1690,2700,8900,7285,12950,1736,NA,7220
"2016-04-06",3280,18050,23150,4638,8910,1715,2450,8890,7232,12800,1741,NA,7100
"2016-04-07",3340,18350,23250,4619,9080,1925,2450,8850,6799,12700,1717,NA,6810
"2016-04-08",3360,18400,22950,4628,8960,2170,2400,8680,6817,13000,1736,NA,6970
"2016-04-11",3380,18150,22550,4683,8400,2255,2600,9200,6675,12950,1746,NA,6870
"2016-04-12",3380,18100,26150,4646,10900,2150,2600,9520,6419,13000,1731,NA,7030
"2016-04-14",3435,17900,25800,4881,9700,2090,2500,9400,6719,12900,1755,NA,7000
"2016-04-15",3370,18050,24950,4934,9000,2045,2480,9500,6940,12950,1837,NA,6810
"2016-04-18",3430,18100,25750,4953,8660,2650,2340,9300,7082,12600,1876,NA,6900
"2016-04-19",3480,18000,25400,5240,8500,2535,1995,9290,7117,12550,1866,NA,6890
"2016-04-20",3515,17850,26200,5222,8650,2815,2290,9040,7206,12550,1851,NA,8450
"2016-04-21",3495,17850,27400,5276,8700,3185,2500,9310,7188,12550,1876,NA,8100
"2016-04-22",3505,18150,27800,5285,8600,2880,2125,9430,7268,12450,1851,NA,7960
"2016-04-25",3495,18150,27850,5177,8680,2980,2430,9280,7559,12100,1957,NA,7720
"2016-04-26",3465,18100,27750,5124,8900,3130,2430,9090,7162,12000,1938,NA,7630
"2016-04-27",3455,18000,28000,5124,8830,2915,2400,8940,7020,11800,2058,NA,7530
"2016-04-28",3455,17950,27850,5339,8700,2940,2200,9100,6870,11500,1972,NA,7340
"2016-04-29",3465,17900,27050,5169,8570,2500,2400,9080,7011,10900,2053,NA,7360
"2016-05-02",3385,16400,27050,5069,8500,2485,2350,8910,6719,11000,2073,NA,7650
"2016-05-03",3520,16650,27500,5079,8670,2445,2340,8710,6985,11100,2087,NA,7640
"2016-05-04",3425,15950,28150,5115,8630,2360,2400,8770,6719,10950,2159,NA,7490
"2016-05-09",3330,15850,27750,4953,8880,2245,2400,8500,6764,11000,2097,NA,7100
"2016-05-10",3355,15450,29350,4970,9050,2350,2400,8480,6808,11000,2106,NA,7000
"2016-05-11",3370,15350,29000,4934,8930,2355,2450,8480,7206,11200,2068,NA,7060
"2016-05-12",3350,15600,29100,4934,9120,2435,2450,8760,7179,11200,2001,NA,7050
"2016-05-13",3365,15250,29250,5034,9160,2440,2250,8850,7453,11050,2029,NA,6990
"2016-05-16",3290,15150,27850,5042,9010,2420,2470,8620,7330,10850,2005,NA,7120
"2016-05-17",3100,15100,28550,4970,8730,2280,2470,8490,7374,10550,1972,NA,6980
"2016-05-18",2930,14950,28000,4817,8420,2335,2470,8380,7232,10650,1895,NA,6940
"2016-05-19",3025,14850,26750,4709,8380,2310,2470,8640,7126,10700,1808,NA,6800
"2016-05-20",3070,14900,26450,4745,8480,2230,2500,8750,7197,10700,1876,NA,6790
"2016-05-23",3015,14900,25950,4835,8570,2250,2600,8730,7179,10900,1851,NA,6790
"2016-05-24",3030,14900,26650,4601,8570,2230,2600,8450,7135,11200,1808,NA,6860
"2016-05-25",3035,14900,27050,4610,8580,2375,2500,8250,7276,11200,1750,NA,6780
"2016-05-26",3030,14850,27000,4610,8440,2790,2500,8280,7197,11100,1784,NA,6510
"2016-05-27",2995,15000,28400,4619,8670,2815,2700,8380,7117,10750,1871,NA,6550
"2016-05-30",2955,15000,29000,4592,9340,2815,2550,8380,6985,10700,1808,NA,6520
"2016-05-31",2930,15100,28350,4673,9280,2955,2700,8490,7108,10600,1813,NA,6520
"2016-06-01",2950,14950,28750,4584,9510,2855,2700,8700,7064,10700,1827,NA,6560
"2016-06-02",2870,14900,28850,4557,9530,2600,2700,8650,6914,10800,1924,NA,6840
"2016-06-03",2860,14950,28450,4497,9730,2725,2700,8480,6985,10100,1919,NA,6870
"2016-06-07",2845,14850,28750,4547,9340,2715,2750,8400,6985,10050,1880,NA,7070
"2016-06-08",2810,15100,30650,4584,9840,2575,2750,8360,6896,10000,1914,NA,6940
"2016-06-09",2785,15000,29600,4584,9530,2530,2750,8350,6870,11000,1880,NA,6840
"2016-06-10",2800,14950,29000,4728,9560,2750,2750,8450,6764,10800,1842,NA,6850
"2016-06-13",2695,14850,29150,4565,9340,2765,2750,8240,6498,10650,1750,NA,6730
"2016-06-14",2750,14600,28650,4619,9290,3285,2945,8180,6498,10150,1760,NA,6640
"2016-06-15",2735,14150,28000,4610,9360,3260,3000,8090,6507,10150,1741,NA,6590
"2016-06-16",2645,13900,27350,4511,9230,3005,2950,8000,6339,10150,1712,NA,6510
"2016-06-17",2650,14200,27350,4484,9020,2955,2940,8120,6330,9970,1649,NA,6340
"2016-06-20",2615,13900,27100,4601,9230,3045,3000,8160,6543,9720,1726,NA,6410
"2016-06-21",2720,14000,28250,4763,9400,2955,2990,8230,6543,9400,1750,NA,6440
"2016-06-22",2695,13900,28050,4646,9320,3145,2990,8330,6437,9440,1770,NA,6460
"2016-06-23",2605,13700,28250,4565,9500,2995,2900,8130,6375,9400,1707,NA,6420
"2016-06-24",2585,13000,27000,4242,9650,2650,2900,7510,5994,9010,1630,NA,6030
"2016-06-27",2520,12650,26600,4318,9430,2765,2600,7550,5747,9030,1601,NA,5970
"2016-06-28",2540,12900,26900,4340,9220,2905,2700,7550,5977,9280,1693,NA,5970
"2016-06-29",2620,13300,27650,4413,10250,2995,2700,7760,5950,9580,1722,NA,6110
"2016-06-30",2715,13600,27500,4502,10000,3020,2500,7830,6048,9550,1770,NA,6110
"2016-07-01",2745,13350,27800,4511,10800,3170,2500,7870,6083,9550,1871,NA,6280
"2016-07-04",2720,13400,27750,4557,10650,3095,2300,7880,6348,9590,1871,NA,6200
"2016-07-05",2695,13400,27050,4574,11400,3120,2350,7990,6419,9750,1818,NA,6390
"2016-07-06",2700,13000,25900,4484,11600,3095,2350,7930,6295,9670,1856,NA,6300
"2016-07-07",2730,13200,26700,4502,11500,3185,2500,8150,6313,9590,1818,NA,6150
"2016-07-08",2730,13100,26200,4462,10850,3005,2450,8150,6180,9310,2034,NA,6210
"2016-07-11",2725,13050,26900,4476,10950,3055,2450,8190,6048,9480,2116,NA,6210
"2016-07-12",2750,12950,26650,4538,10850,3095,2450,8180,5747,10200,2126,NA,6210
"2016-07-13",2820,13200,26250,4673,10750,3425,2450,8250,5773,10050,2130,NA,6200
"2016-07-14",2800,12850,27700,4718,11350,3550,2450,8390,5747,9880,2241,NA,6150
"2016-07-15",2760,12800,27200,4673,11400,3525,2550,8300,5826,9900,2203,NA,6300
"2016-07-18",2745,12850,26900,4592,11400,3955,2930,8180,5906,9750,2279,NA,6240
"2016-07-19",2830,12850,27700,4799,11350,3870,2930,8230,5880,9740,2279,NA,6430
"2016-07-20",2750,12800,27950,5916,11550,4020,2900,8100,5924,9900,2222,NA,6320
"2016-07-21",2700,12800,27750,5565,12000,4110,2680,8260,6048,9900,2203,NA,6370
"2016-07-22",2710,12700,27150,5394,12050,4085,3000,8390,6048,10200,2198,NA,6600
"2016-07-25",2700,12950,26500,5231,11400,3855,3000,8390,6056,10150,2097,NA,6580
"2016-07-26",2650,13300,26500,5250,11600,3830,3200,8690,5959,10550,2135,NA,6520
"2016-07-27",2655,13150,26500,5466,11650,3740,3350,8680,5924,10200,2068,NA,6350
"2016-07-28",2680,13200,26200,5259,11650,3805,3350,8600,5853,10400,2183,NA,6450
"2016-07-29",2695,13050,26200,5079,11850,3815,3550,8600,5809,10500,2154,NA,6430
"2016-08-01",2660,13500,25500,5079,11450,4060,3600,8790,5632,10500,2135,NA,6300
"2016-08-02",2670,13650,25050,5177,11000,4170,3100,8730,5720,10200,2102,NA,6200
"2016-08-03",2775,13750,24500,5214,10350,4110,3000,8620,5605,9960,2053,NA,6160
"2016-08-04",2725,13250,24950,5295,10900,3930,3400,8710,5880,9970,2087,NA,6110
"2016-08-05",2750,13900,24900,5268,10650,3930,3000,8700,5933,10000,2068,NA,6040
"2016-08-08",2775,13800,25550,5204,10600,3995,3010,8700,5667,9820,2001,NA,6040
"2016-08-09",2800,13750,25100,5276,10700,3970,3020,8590,5552,9560,2029,NA,6160
"2016-08-10",2835,13700,25700,5403,11100,3920,3400,8570,5544,9630,2044,NA,6120
"2016-08-11",2860,13350,25200,5403,10950,3855,3500,8550,5703,9430,2001,NA,6130
"2016-08-12",2850,13300,24950,5484,10800,3880,4000,8860,5703,9390,2005,NA,6060
"2016-08-16",2825,13000,24500,5501,10500,3870,4150,8920,5658,9210,2020,NA,6040
"2016-08-17",2805,12850,24950,5493,10400,3640,4150,8940,5491,9290,1952,NA,6040
"2016-08-18",2785,13000,24650,5376,10500,3540,4150,9080,5738,9290,1977,NA,5850
"2016-08-19",2780,12800,24100,5403,10450,3515,4100,9020,5658,9140,1962,NA,5700
"2016-08-22",2765,12700,23700,5322,10200,3515,4150,8950,5597,9150,1928,NA,5700
"2016-08-23",2845,12700,23050,5160,10050,3500,4150,8980,5544,9000,1938,NA,5860
"2016-08-24",2805,12750,22300,5295,9880,3400,4000,9020,5561,9090,2020,NA,5950
"2016-08-25",2820,12750,21950,5268,9890,3295,4000,9390,5526,9100,2005,NA,5960
"2016-08-26",2775,12650,21900,5259,9910,3375,3950,9150,5420,9030,2010,NA,6000
"2016-08-29",2750,12550,21850,5132,9420,3070,3950,8830,5261,8960,1986,NA,6050
"2016-08-30",2745,12550,22200,5196,9280,3120,3900,9050,5216,8920,1957,NA,6000
"2016-08-31",2710,12350,21750,5124,9200,3070,3850,8960,5040,9050,1972,NA,5990
"2016-09-01",2660,12300,22150,5124,9200,3105,3800,9080,5163,9020,2029,NA,6130
"2016-09-02",2665,12600,22100,5105,9250,3210,3800,9090,5473,9070,1972,NA,6100
"2016-09-05",2650,12450,22050,5295,9450,3105,4000,9180,5526,9060,2001,NA,6080
"2016-09-06",2650,12550,22050,5367,9400,3095,4100,9180,5526,9100,1943,NA,5990
"2016-09-07",2625,12550,22700,5250,9120,2995,4100,9160,5526,8980,1957,NA,6050
"2016-09-08",2585,12600,22400,5132,8710,3270,4690,9100,5544,9110,1943,NA,5960
"2016-09-09",2535,12600,22450,5052,8500,3195,4500,9050,5287,9140,1876,NA,6000
"2016-09-12",2500,12350,22100,4817,8240,3385,4400,8800,5101,8940,1851,NA,6000
"2016-09-13",2585,12100,22050,5169,8300,3425,4000,8860,5261,8830,1895,NA,5990
"2016-09-19",2610,12350,21550,5664,8160,3625,4490,8830,5349,8930,1818,NA,6050
"2016-09-20",2640,12350,21500,5619,8480,3805,3900,8850,5305,9110,1818,NA,6050
"2016-09-21",2615,12450,21650,5421,8490,3780,3750,8850,5349,9080,1832,NA,6010
"2016-09-22",2635,12500,22250,5403,8580,3790,4250,8950,5331,9120,1823,NA,6360
"2016-09-23",2680,12650,22700,5493,8570,3730,3850,9080,5499,9410,1866,NA,6370
"2016-09-26",2665,12650,22500,5619,8520,3600,3860,9040,5623,9850,1924,NA,6370
"2016-09-27",2615,12600,22800,5466,8600,3830,3350,9050,5667,10250,1914,NA,6370
"2016-09-28",2635,12600,23000,5763,8540,3805,3850,9060,5676,9740,1914,NA,6320
"2016-09-29",2665,12500,23900,5610,8630,3755,4200,9090,5897,10000,1880,NA,6290
"2016-09-30",2695,12650,23700,5448,8570,3715,4830,8980,5826,9980,1880,NA,6420
"2016-10-04",2710,12200,23700,5520,8620,3765,5390,9100,5888,9860,1919,NA,6480
"2016-10-05",2680,12400,23750,5529,9030,3410,5000,9410,5853,9990,1952,NA,6510
"2016-10-06",2715,12250,23950,5664,9070,3500,5300,9480,5888,9830,1977,NA,6520
"2016-10-07",2740,12400,24000,5539,8920,3335,5600,9370,5888,9800,1876,NA,6460
"2016-10-10",2755,12300,24050,5628,8820,3270,5400,9950,5915,9680,1880,NA,6340
"2016-10-11",2855,12200,24300,5555,8940,3170,5300,9470,5959,9770,1827,NA,6360
"2016-10-12",2810,12250,25300,5466,8930,3130,5200,9150,5915,9600,1799,NA,6630
"2016-10-13",2765,12200,24850,5285,8780,3210,5200,8980,5853,9450,1770,NA,6500
"2016-10-14",2815,12100,24950,5403,8950,3095,5200,8990,6039,9170,1837,NA,6450
"2016-10-17",2895,12150,24200,5493,8880,3285,5200,8740,6039,9250,1808,NA,6240
"2016-10-18",2870,12000,24150,5421,8740,3270,5000,8760,6003,8850,1827,NA,6270
"2016-10-19",2825,12000,22950,5349,8430,3245,5000,8870,5924,8820,1818,NA,6210
"2016-10-20",2800,12000,23000,5285,8400,3105,5000,8680,5880,8820,1823,NA,6200
"2016-10-21",2810,11750,22400,5295,8450,3375,5000,8650,5844,8720,1784,NA,6160
"2016-10-24",2855,11600,23150,5250,8420,3260,5200,8650,5853,8790,1765,NA,6080
"2016-10-25",2775,11550,22800,5204,8290,3270,5200,8600,5826,9010,1683,NA,6170
"2016-10-26",2755,11450,22700,5151,8200,3335,5000,8520,5826,9220,1674,NA,5900
"2016-10-27",2825,11400,23250,5240,8260,3285,5100,8720,5818,9380,1674,NA,5970
"2016-10-28",2820,11250,24000,5204,8270,3320,5100,8570,5791,9350,1659,NA,6110
"2016-10-31",2630,10700,23800,4980,8160,3130,5100,8290,5641,9250,1640,NA,5900
"2016-11-01",2525,10600,23300,4980,8210,3245,5200,8280,5614,9260,1616,NA,6030
"2016-11-02",2435,9770,22250,4871,7980,3210,5000,8000,5349,9060,1539,NA,5770
"2016-11-03",2348,9850,22300,4906,7840,3285,4890,8150,5464,9090,1534,NA,5550
"2016-11-04",2340,9790,22550,4970,7860,3245,4890,8120,5393,9190,1524,NA,5560
"2016-11-07",2360,9930,23250,5087,7870,3295,4800,8370,5278,9060,1553,NA,5690
"2016-11-08",2325,9990,24000,5025,8000,3270,4990,8420,5119,9120,1577,NA,5960
"2016-11-09",2155,9500,23550,4646,7450,3045,5080,7860,4801,8890,1486,NA,5890
"2016-11-10",2205,9740,23900,4899,7600,3195,5080,8270,4942,9100,1635,NA,5980
"2016-11-11",2403,9810,24100,5069,8000,3400,5070,8350,4783,9100,1640,NA,6010
"2016-11-14",2410,9910,23750,5052,8110,3625,5050,8560,4774,9010,1640,NA,5940
"2016-11-15",2365,9960,23250,5160,7920,3565,5000,8500,4880,9150,1645,NA,5940
"2016-11-16",2605,9960,23250,5141,8140,3705,4960,8560,5110,9140,1664,NA,5840
"2016-11-17",2750,9900,23350,5339,8300,3650,4960,8530,5137,9640,1674,NA,5960
"2016-11-18",2835,9770,22950,5276,7980,3590,4950,8470,5119,9490,1664,NA,5980
"2016-11-21",2800,9700,22650,5222,7650,3435,5150,8380,4907,9340,1645,NA,5910
"2016-11-22",2845,9640,22600,5654,7740,3515,5190,8210,5013,9230,1625,NA,5880
"2016-11-23",2750,9520,22050,5448,7680,3220,4900,8040,4730,9050,1582,NA,5600
"2016-11-24",2900,9510,20750,5880,7610,3045,5070,8030,4394,8810,1520,NA,5350
"2016-11-25",2870,9480,20650,5682,7640,3055,5000,8040,4151,9010,1520,NA,5450
"2016-11-28",3135,9400,20600,5600,8160,3105,5030,7870,3899,9000,1496,NA,5310
"2016-11-29",3190,9390,20750,5493,8170,3185,5000,7980,3983,9000,1515,NA,5360
"2016-11-30",3230,9400,20850,5493,8010,3260,4700,7860,4107,9380,1544,NA,5420
"2016-12-01",3400,9380,21150,5510,8240,3195,4900,7900,4571,9350,1515,NA,5360
"2016-12-02",3395,9350,21250,6177,8050,3170,4600,7700,4544,9150,1505,NA,5000
"2016-12-05",3010,9250,20800,6060,7800,3020,4315,7660,4730,9060,1472,NA,4850
"2016-12-06",3000,9280,21250,6312,7790,2980,4950,7660,4978,9310,1462,NA,4995
"2016-12-07",3000,9270,21350,5799,8100,2965,3340,7680,4978,9310,1491,NA,4880
"2016-12-08",3415,9220,21400,5862,8210,2775,3500,7680,5437,9230,1496,NA,4890
"2016-12-09",3310,9180,22000,5790,8220,2880,3275,7750,5349,9350,1467,NA,4960
"2016-12-12",3320,9280,22350,5862,8370,3245,3700,7840,5402,9300,1486,NA,4935
"2016-12-13",3745,9310,22300,5988,8490,3285,3810,7800,5305,9020,1544,NA,5000
"2016-12-14",3820,9480,22250,5844,8340,3285,3745,7730,5588,9110,1587,NA,5220
"2016-12-15",4020,9800,21900,5835,8350,3385,3765,7710,5544,9420,1520,NA,5330
"2016-12-16",4150,9810,21750,5673,8230,3400,3710,7700,5535,9340,1520,NA,5330
"2016-12-19",4075,9840,21250,5645,8370,3295,3530,7710,5535,9370,1505,NA,5360
"2016-12-20",3775,9840,20900,5645,8500,3295,3580,8040,5570,9420,1472,NA,5450
"2016-12-21",3415,9850,20800,5718,8490,3270,3510,8030,5508,9340,1500,NA,5300
"2016-12-22",3250,9840,20000,5916,8390,3145,3410,7920,5499,9230,1544,NA,5220
"2016-12-23",3260,9910,20100,5880,8400,3080,3390,8040,5491,9200,2005,NA,5120
"2016-12-26",3360,10050,20250,6007,8300,3045,3450,8010,5491,9240,2097,NA,5260
"2016-12-27",3105,10150,20100,6033,8300,3045,3455,8200,5862,9260,2039,NA,5290
"2016-12-28",3280,9970,20550,6023,8500,3080,3415,8170,5924,9260,2053,NA,5220
"2016-12-29",3325,9980,20500,5941,8450,3145,3440,8250,6171,9160,1933,NA,5270
"2017-01-02",3390,9950,20000,5804,8380,3285,3470,8220,6207,9210,2126,NA,5320
"2017-01-03",3390,9950,20000,5914,8430,3270,3545,8340,6260,9440,2102,NA,5320
"2017-01-04",3375,10100,20800,6015,8620,3195,3615,8450,6136,9580,2034,NA,5390
"2017-01-05",3300,10100,21250,6006,8700,3210,3650,8500,6109,9620,2082,NA,5370
"2017-01-06",3210,10150,21300,6061,8670,3245,3645,8420,6048,9710,2111,NA,5360
"2017-01-09",3095,10300,20550,5804,8520,2915,3925,8250,6065,9620,2068,NA,5350
"2017-01-10",3100,10200,20100,5776,8330,2930,4105,8180,5835,9470,2130,NA,5200
"2017-01-11",3245,10300,20200,5821,8360,2890,4120,8180,5862,9550,2198,NA,5120
"2017-01-12",3110,10200,20200,5666,8360,2725,4065,8150,5747,9470,2164,NA,5430
"2017-01-13",3275,10400,20300,5656,8400,2650,4330,7950,5906,9450,2255,NA,5380
"2017-01-16",3295,10200,20200,5474,8270,2665,4185,7850,5756,9470,2347,NA,5900
"2017-01-17",3395,10000,20000,5373,8110,2675,4330,7810,5703,9520,2246,NA,5810
"2017-01-18",3545,9980,19400,5353,8090,2915,4285,7800,5720,9540,2275,NA,5870
"2017-01-19",3615,9980,19650,5353,8050,2790,4235,7880,5729,9780,2400,NA,5870
"2017-01-20",3390,9800,19550,5234,8000,2715,4135,7860,5597,9700,2385,NA,5850
"2017-01-23",3540,9620,19250,5142,7890,2840,4270,7750,5340,9680,2217,NA,5860
"2017-01-24",3565,9550,19200,5252,7740,2715,4130,7680,5393,9580,2145,NA,5760
"2017-01-25",3470,9410,19050,5051,7760,2665,4110,7620,5464,9400,2150,NA,5930
"2017-01-26",3495,9560,19600,5198,7850,2805,4035,7830,5597,9500,2260,NA,6040
"2017-01-31",3455,9550,19550,5299,7930,2790,3855,7900,5588,9390,2236,NA,6000
"2017-02-01",3640,9530,19700,5317,8030,2840,3995,7860,5605,9410,2371,NA,6060
"2017-02-02",3955,9510,19000,5206,7890,3055,3715,7770,5491,9320,2419,NA,6000
"2017-02-03",3875,9340,18800,5179,7780,2915,3660,7790,5446,8960,2222,NA,5870
"2017-02-06",4285,9210,18500,5243,7770,2890,3860,7940,5384,9060,2573,NA,6090
"2017-02-07",4350,9220,18550,5234,7830,2805,3800,7940,5429,8990,2443,NA,5960
"2017-02-08",4180,9300,18600,5279,7830,3095,3635,7800,5216,9010,2558,NA,5800
"2017-02-09",4220,9450,18400,5454,7790,3080,3665,7900,5296,8960,2486,NA,5970
"2017-02-10",4200,9550,20000,5509,8060,3020,3650,8090,5031,8950,2429,NA,5970
"2017-02-13",4185,9550,20600,5464,7970,2930,3565,8070,5163,8930,2405,NA,6040
"2017-02-14",4370,9630,20650,5445,8120,2890,3550,8420,5208,9050,2299,NA,5910
"2017-02-15",4810,9580,20350,5363,8070,2880,3650,8580,5278,9040,2308,NA,5960
"2017-02-16",4750,9620,20150,5390,8010,2880,3645,8380,5296,8950,2361,NA,5780
"2017-02-17",4655,9500,19950,5390,8020,2815,3710,8240,6012,8980,2313,NA,5630
"2017-02-20",4835,9550,19800,5436,7950,2715,3645,8170,6154,9110,2251,NA,5460
"2017-02-21",4965,9630,20000,5500,7950,2665,3600,8210,6074,9160,2241,NA,5590
"2017-02-22",5050,9620,20600,5500,8150,2575,3615,8150,6233,9170,2116,NA,5590
"2017-02-23",5875,9710,20250,5474,8070,2510,3600,8050,5853,9090,2116,NA,5470
"2017-02-24",5725,9700,20100,5454,8080,2425,3465,7920,5650,8970,2058,NA,5380
"2017-02-27",5750,9580,20300,5279,7990,2390,3555,7930,5482,9010,2058,NA,5200
"2017-02-28",5675,9520,19900,5289,7980,2390,3540,7920,5473,8990,2102,NA,5110
"2017-03-02",6050,9470,19400,5161,7960,2310,3560,7750,5269,9190,2082,NA,4890
"2017-03-03",6100,9350,18850,5087,7670,2160,3485,7870,5269,9180,2034,NA,4800
"2017-03-06",6200,9220,19000,5097,7760,2175,3560,7900,5314,9070,2063,NA,4780
"2017-03-07",6350,9400,18900,5317,7830,2190,3530,8090,5367,9020,1943,NA,4950
"2017-03-08",6300,9320,19150,5335,7740,2105,3530,8060,5367,9000,1928,NA,4885
"2017-03-09",6625,9340,20000,5272,7830,2105,3520,8040,5340,8930,2203,NA,4970
"2017-03-10",6700,9360,20450,5418,7950,2180,3490,8110,5287,8970,2265,NA,4980
"2017-03-13",5400,9270,20100,5436,7940,2245,3500,8300,5384,9010,2222,NA,4980
"2017-03-14",5325,9350,19850,5509,7950,2325,3475,8340,5402,8980,2159,NA,4995
"2017-03-15",5850,9240,19900,5611,7870,2325,3450,8160,5880,8910,2034,NA,4880
"2017-03-16",5400,9120,19750,5611,7880,2305,3550,8180,7639,8940,2135,NA,5260
"2017-03-17",5225,9220,20400,5675,8000,2210,3705,8340,8329,9170,2188,NA,5310
"2017-03-20",4850,9200,20850,5620,8170,2145,3745,8230,8329,9000,2068,NA,5240
"2017-03-21",5550,9120,21050,5646,8260,2775,3660,8200,8337,8950,2053,NA,5100
"2017-03-22",5975,9100,20950,5574,8130,2940,3695,8170,8576,8960,1981,NA,5120
"2017-03-23",5825,9110,21200,5574,8090,3815,3905,8400,8841,8960,2010,NA,5040
"2017-03-24",5800,9150,21150,5785,8050,3815,3850,8370,9062,8940,1986,NA,5250
"2017-03-27",5500,9070,20700,5767,8060,3680,3790,8120,8311,8830,2001,NA,4995
"2017-03-28",6425,9130,21950,5740,8210,3640,3755,8140,10787,8740,2005,NA,4995
"2017-03-29",5600,9130,21650,5867,8210,3450,3865,8050,10123,8880,1991,NA,5130
"2017-03-30",5625,9150,21350,5877,8120,3320,3970,7920,10212,8770,1972,NA,5030
"2017-03-31",5125,9230,21600,5821,8310,3360,4045,7910,9726,8890,1962,NA,5040
"2017-04-03",5225,9330,21700,5785,8320,4120,4620,7960,9991,8900,1933,NA,5000
"2017-04-04",5025,9220,21700,5740,8400,4250,4625,7990,8930,9150,1717,NA,4935
"2017-04-05",5125,9250,21700,5720,8480,4895,4460,8080,9283,9360,1722,NA,5020
"2017-04-06",5450,9350,21400,5694,8500,4945,4485,8050,9239,9260,1659,NA,5780
"2017-04-07",5550,9240,21350,5767,8370,4960,4350,8130,9726,9490,1803,NA,5580
"2017-04-10",5600,9140,21300,5519,8010,4910,4200,7980,9151,9660,1750,NA,5310
"2017-04-11",5425,9200,21300,5519,8100,4605,4120,8020,9460,9900,1707,NA,5170
"2017-04-12",4965,9100,20950,5592,8010,4275,4380,8260,10875,9650,1688,NA,5100
"2017-04-13",4555,9170,21550,5684,8120,4385,4370,8660,10654,9670,1702,NA,5100
"2017-04-14",4450,9160,21750,5592,8050,4805,4220,8450,10742,9350,1678,NA,5050
"2017-04-17",4570,9200,22100,5611,8150,5045,4320,8510,10787,9610,1755,NA,5050
"2017-04-18",5475,9130,22800,5601,8230,4985,4325,8750,10787,9740,1765,NA,5050
"2017-04-19",6125,9120,23500,5601,8260,5645,4265,8800,10963,9780,1775,NA,5050
"2017-04-20",6250,9170,23400,5555,8210,5645,4230,8740,10477,9480,1717,NA,5130
"2017-04-21",7275,9150,23500,5509,8180,5885,4415,8790,10123,9370,1760,NA,5060
"2017-04-24",6725,9100,23300,5565,8180,4795,4440,8710,9681,9600,1712,NA,5030
"2017-04-25",6650,9110,23150,5592,8260,4770,4400,8800,9770,9510,1712,NA,4965
"2017-04-26",6600,9150,22950,5620,8330,4350,4540,8790,9726,9700,1717,NA,4820
"2017-04-27",6650,9150,23000,5546,8260,3980,4355,8540,9107,9660,1669,NA,4840
"2017-04-28",6700,9140,22400,5500,8140,3995,4185,8460,9151,9270,1611,NA,4860
"2017-05-02",6700,9110,22300,5399,8150,4805,4190,8280,9947,9300,1601,NA,4720
"2017-05-04",6750,9090,22400,5418,8160,4935,4070,8400,9991,9790,1568,NA,4715
"2017-05-08",6750,9000,22500,5454,8190,4540,4115,8610,9947,10050,1683,NA,4745
"2017-05-10",6425,8890,22400,5601,8220,4145,4190,8540,10300,10100,1674,NA,4760
"2017-05-11",5850,8830,21950,5555,8300,4220,4120,8610,10344,10000,1640,NA,4820
"2017-05-12",6025,8780,22900,5646,8230,3600,4060,8760,10123,10250,1664,NA,4825
"2017-05-15",5925,8670,23750,5712,8200,3425,4065,8870,9902,10250,1654,NA,4820
"2017-05-16",5775,8610,23900,5611,8100,3450,3790,8780,10565,9970,1625,NA,4795
"2017-05-17",5950,8520,23800,5555,8100,3220,3830,8940,10610,9740,1597,NA,4820
"2017-05-18",4700,8380,24250,5555,8120,3170,3965,8980,11229,9700,1582,NA,4810
"2017-05-19",4275,8410,25400,5611,8170,3235,4025,8960,11008,9710,1544,NA,4865
"2017-05-22",4265,8400,25450,5675,8130,3260,3980,8810,11184,9530,1573,NA,4905
"2017-05-23",4255,8520,24750,5684,8080,3385,3860,8920,11008,9570,1606,NA,4965
"2017-05-24",4180,8480,24750,5601,8050,3450,3865,8900,10654,9780,1553,NA,4980
"2017-05-25",4205,8570,24200,5666,7900,3345,3800,9150,10212,9710,1625,NA,5060
"2017-05-26",4100,8630,24350,5858,7950,3425,3850,9150,10212,9660,1645,NA,5080
"2017-05-29",4180,8690,24000,5813,7850,3345,3745,9150,9947,9540,1601,NA,4980
"2017-05-30",4785,8690,23700,7548,7880,3425,3790,9340,9947,9480,1621,NA,4985
"2017-05-31",4450,8700,24750,7760,8020,3220,3820,9350,10168,9440,1587,NA,4985
"2017-06-01",4950,8650,24500,7768,7980,3220,3860,9330,10035,9380,1606,NA,4955
"2017-06-02",5575,8610,24450,7438,8000,3345,3930,9310,9991,9450,1625,NA,4980
"2017-06-05",5325,8560,25200,7392,8020,3210,3900,9270,9814,9730,1601,NA,4975
"2017-06-07",5325,8650,24850,7319,7940,3120,3915,9330,10035,9890,1558,NA,4970
"2017-06-08",5250,8680,24700,7309,7960,3020,3850,9490,10035,9700,1529,NA,4940
"2017-06-09",5075,8590,24850,7456,7960,3095,3890,9750,10654,9740,1520,NA,4875
"2017-06-12",5350,8420,24950,6777,7890,3080,3875,9510,10300,9870,1568,NA,4885
"2017-06-13",5250,8400,26400,6831,7960,3565,3900,9510,10521,9980,1640,NA,4860
"2017-06-14",5475,8360,26900,6767,7930,3665,3860,9420,10742,9900,1621,NA,4935
"2017-06-15",5450,8340,26350,6860,7930,3755,3845,9440,10698,10100,1635,NA,4925
"2017-06-16",5225,8340,25600,6970,7920,4170,3805,9340,11008,10100,1649,NA,4900
"2017-06-19",5150,8300,26100,6630,7960,4260,3810,9070,10875,10000,1645,NA,4905
"2017-06-20",4995,8280,25400,6529,7890,4020,3790,9040,9504,10150,1577,NA,4905
"2017-06-21",5075,8190,24850,6538,7850,4500,3685,9000,9549,9940,1621,NA,4880
"2017-06-22",5150,8100,24950,6538,7790,4060,3505,8910,8974,10000,1582,NA,4885
"2017-06-23",5800,8190,25500,6611,7800,4060,3455,9170,9107,10050,1577,NA,4890
"2017-06-26",5550,8270,25100,6373,7750,4020,3500,9110,9062,10250,1558,NA,4945
"2017-06-27",5450,8290,25350,6501,7800,3805,3470,9270,9151,10450,1558,NA,4945
"2017-06-28",5550,8240,24300,6685,7780,4160,3480,9270,8974,10350,1481,NA,4925
"2017-06-29",5375,8240,24300,6611,7770,4095,3450,9310,8974,10500,1491,NA,4890
"2017-06-30",5400,8280,24800,6538,7750,4060,3470,9410,9195,10350,1491,NA,4885
"2017-07-03",5150,8260,24950,6428,7650,4185,3415,9460,8930,10000,1462,NA,4935
"2017-07-04",5125,8270,24400,6484,7540,3870,3325,9400,8267,9760,1448,NA,4910
"2017-07-05",5600,8390,24450,6556,7540,3870,3390,9410,8276,9780,1467,NA,4875
"2017-07-06",5600,8310,24900,6767,7510,3740,3460,9470,8293,9650,1428,NA,4925
"2017-07-07",5700,8220,24700,6722,7430,3765,3475,9320,8046,9620,1443,NA,4940
"2017-07-10",5600,8100,24500,6740,7360,3780,3500,9150,8426,9640,1443,NA,4915
"2017-07-11",5450,8090,23800,6887,7320,3490,3460,9160,8541,9500,1433,NA,4875
"2017-07-12",5375,7950,23950,6685,7290,3500,3450,9540,8620,9200,1409,NA,4985
"2017-07-13",5275,8040,24150,6685,7300,3425,3370,9610,8673,9200,1414,NA,4970
"2017-07-14",4995,7940,24100,6841,7240,3345,3400,9620,8373,9040,1452,NA,4870
"2017-07-17",4995,7920,23400,6796,7110,3195,3500,9580,9460,9130,1448,NA,4905
"2017-07-18",4725,7790,23450,7006,7120,3220,3535,9570,9372,9170,1428,NA,4905
"2017-07-19",4900,7940,23300,7006,7150,3540,3580,10150,9372,9190,1491,NA,4895
"2017-07-20",4750,8050,24300,6924,7240,3565,3560,10150,9416,9200,1520,NA,4950
"2017-07-21",4865,8130,24300,6915,7280,3385,3545,10400,9593,9210,1500,NA,4870
"2017-07-24",4655,8180,25100,6850,7170,3345,3525,10450,9107,9160,1529,NA,4900
"2017-07-25",4525,8100,24650,6611,7140,3235,3470,10150,8930,9100,1500,NA,4900
"2017-07-26",4595,8180,25050,6428,7150,3155,3500,10150,8629,9210,1529,NA,4900
"2017-07-27",4660,8230,26600,6428,7260,3185,3470,10200,8567,9060,1486,NA,5030
"2017-07-28",4685,8200,25900,6235,7320,3020,3400,9980,7984,9400,1500,NA,4965
"2017-07-31",4605,8100,25200,6262,7300,3005,3375,9950,7798,9550,1448,NA,4910
"2017-08-01",4665,8040,24750,6281,7270,3095,3410,10100,7780,12400,1443,NA,5030
"2017-08-02",4990,8080,24400,6262,7320,3145,3435,10200,7895,12150,1443,NA,5050
"2017-08-03",4900,8200,24050,6180,7130,3120,3400,9710,7462,11550,1395,NA,5050
"2017-08-04",4715,8140,26250,6153,7180,3070,3440,9950,7533,11650,1409,NA,5240
"2017-08-07",4675,8140,26650,6124,7250,3235,3520,9900,7692,11550,1409,NA,5200
"2017-08-08",4645,8130,28250,6180,7200,3195,3505,9890,7719,11700,1433,NA,5090
"2017-08-09",4565,8010,28050,6335,7200,3285,3485,10700,7391,11300,1399,NA,5200
"2017-08-10",4500,7900,27750,6254,7160,3285,3470,10550,7453,10850,1371,NA,5230
"2017-08-11",4395,7810,27800,6061,7160,3185,3245,9850,7241,10550,1351,NA,5140
"2017-08-14",4505,8080,28000,5849,7140,3285,3170,9620,7577,10200,1279,NA,5170
"2017-08-16",4355,8110,29000,5987,7240,3490,3000,9830,7692,9930,1246,NA,5040
"2017-08-17",4255,8300,28850,5968,7290,3705,2965,9470,7869,9950,1322,NA,4995
"2017-08-18",4090,8240,28250,6061,7290,3625,3070,9470,7913,9770,1313,NA,5010
"2017-08-21",4570,8310,27950,6015,7260,3575,3350,9110,7948,9930,1322,NA,5090
"2017-08-22",4435,8360,27500,6061,7220,3650,3210,9200,8125,10100,1351,NA,5140
"2017-08-23",4350,8250,28300,6061,7220,3815,3180,9260,7975,10000,1337,NA,4970
"2017-08-24",4325,8310,29600,6116,7250,3780,3260,9430,8099,10000,1327,NA,4955
"2017-08-25",4450,8280,30100,6208,7350,3880,3225,9820,8161,9960,1318,NA,4945
"2017-08-28",4450,8300,30200,6208,7340,4275,3240,9680,7904,9980,1347,NA,4990
"2017-08-29",4345,8350,30150,6180,7250,4440,3225,9960,7568,9800,1207,NA,4945
"2017-08-30",4220,8350,29900,6318,7240,4465,3225,9940,7754,9740,1236,NA,4930
"2017-08-31",4610,8380,29600,6373,7260,4465,3180,9980,7931,9810,1212,NA,4930
"2017-09-01",5050,8420,28850,6373,7260,4440,3210,9900,8222,9830,1202,NA,4880
"2017-09-04",4855,8460,28000,6180,7070,4360,3145,9740,8196,9650,1193,NA,4790
"2017-09-05",4590,8590,27350,6069,7100,4310,3090,9710,8479,9520,1125,NA,4785
"2017-09-06",4850,8460,28000,6088,7100,4465,3120,9890,8346,9690,1236,NA,4635
"2017-09-07",4690,8650,28000,6235,7040,4450,3130,10200,8426,9570,1221,NA,4585
"2017-09-08",4800,8580,27250,6244,6950,4440,3110,10150,8444,9670,1207,NA,4605
"2017-09-11",4785,8570,27100,6226,6720,4530,3135,10200,8452,9550,1164,NA,4565
"2017-09-12",5000,8460,27400,6235,6760,4855,3075,10200,8576,9540,1188,NA,4520
"2017-09-13",5600,8450,25750,6289,6560,4870,3085,10150,8612,9670,1260,NA,4575
"2017-09-14",5475,8350,26700,6299,6750,5290,3150,9990,8841,9930,1265,NA,4670
"2017-09-15",5575,8320,27000,6161,6680,5455,3145,9880,8930,9920,1298,NA,4575
"2017-09-18",5750,8230,26800,6124,6630,5540,3140,9880,8824,9870,1313,NA,4600
"2017-09-19",5675,8290,25900,6107,6470,5530,3005,9880,9372,9680,1385,NA,4560
"2017-09-20",5275,8340,26100,5968,6410,5565,2980,9350,8841,9370,1310,NA,4605
"2017-09-21",4830,8360,25800,5922,6190,5515,3025,9490,8222,9120,1275,NA,4590
"2017-09-22",4945,8240,25150,5694,6140,5350,2985,9290,7895,9000,1225,NA,4670
"2017-09-25",4935,8330,24850,5500,5960,4745,2875,8800,7409,8610,1215,NA,4970
"2017-09-26",4830,8240,25950,5583,6020,5300,2820,9150,7312,8660,1230,NA,4840
"2017-09-27",4950,8530,25750,5611,6090,5490,2800,9140,7232,8740,1265,NA,4650
"2017-09-28",5100,8510,25500,5601,6130,5730,2955,9000,7162,8760,1240,NA,4690
"2017-09-29",5175,8580,25650,6529,6210,5125,3035,9200,7144,8780,1245,NA,4640
"2017-10-10",5700,8840,24500,6786,6050,5150,3000,9060,7179,8720,1245,NA,4590
"2017-10-11",6150,8840,25800,6695,6180,5185,3000,9310,7418,8870,1245,NA,4555
"2017-10-12",5925,8760,25650,6584,6230,5235,2995,9410,7444,8980,1220,NA,4480
"2017-10-13",5950,8550,24000,6529,6100,5375,2980,9150,7674,9000,1180,NA,4360
"2017-10-16",5725,8460,23500,6446,6100,5290,2850,8990,7498,8800,1140,NA,4400
"2017-10-17",6150,8350,23650,6703,6040,5260,2845,8850,7374,8750,1040,NA,4580
"2017-10-18",5950,8350,23300,6657,5960,5275,2830,8730,7153,8700,1080,NA,4435
"2017-10-19",7025,8280,23400,6649,6040,5125,2830,8690,7091,8710,1065,NA,4410
"2017-10-20",6475,8250,24050,6520,6100,5125,2820,8720,6923,8690,1150,NA,4400
"2017-10-23",6625,8240,23750,6594,6020,5580,2820,8680,6640,8670,1165,NA,4530
"2017-10-24",6725,8220,24100,6676,6030,5845,2835,8790,6861,8700,1160,NA,4600
"2017-10-25",6700,8170,24400,6520,6020,5835,2845,8850,6923,8740,1170,NA,4525
"2017-10-26",6275,8140,24100,6428,6010,5835,2795,8680,6666,8760,1150,NA,4590
"2017-10-27",6075,8330,23850,6318,6030,5795,2810,8660,6781,8980,1225,NA,4565
"2017-10-30",6175,8310,24100,6335,6030,5490,2810,8740,6790,8940,1270,NA,4480
"2017-10-31",6375,8340,24450,6456,6030,5620,2780,8600,6719,8970,1255,NA,4500
"2017-11-01",6575,8380,24000,6611,6050,5655,2800,8570,6596,8950,1250,NA,4410
"2017-11-02",6750,8360,23700,6474,6000,5530,2775,8490,6587,8950,1165,NA,4445
"2017-11-03",6850,8290,23400,6493,5930,5565,2755,8410,6445,9150,1210,NA,4340
"2017-11-06",6975,8180,23400,6484,6000,5630,2680,8670,6437,8940,1160,NA,4310
"2017-11-07",6550,8100,23300,6758,5990,5565,2770,8580,6507,8920,1120,NA,4340
"2017-11-08",6600,7910,22850,6767,5950,5440,2880,8630,6587,9060,1105,NA,4355
"2017-11-09",6000,7780,23500,6666,5900,5795,2930,8760,6711,9070,1095,NA,4310
"2017-11-10",5850,7760,23850,6767,5900,5870,3010,8800,6994,9170,1105,NA,4335
"2017-11-13",5500,7540,24150,6897,6040,5795,3015,8820,6932,9350,1130,NA,4370
"2017-11-14",5350,7390,23950,7025,6130,5755,3005,8950,7055,9390,1135,NA,4310
"2017-11-15",5525,7250,24500,6657,6150,5960,3000,8780,6675,9160,1135,NA,4275
"2017-11-16",5450,7360,24150,6777,6100,6520,2905,9320,6631,9500,1110,NA,4250
"2017-11-17",5550,7320,23450,6649,6120,6440,2885,9360,6896,9460,1080,NA,4245
"2017-11-20",5450,7260,23350,6639,6120,6215,2975,9620,6719,9280,1085,NA,4195
"2017-11-21",5375,7000,23550,6850,6070,6035,2970,9400,7029,9390,1060,NA,4170
"2017-11-22",5200,6860,23050,6897,5970,5975,2880,9390,7418,9610,1075,NA,4200
"2017-11-23",5375,6900,22800,7244,5930,6010,2860,9750,7374,9800,1085,NA,4200
"2017-11-24",5200,6950,23350,7071,5990,6225,2975,9810,7559,10200,1120,NA,4195
"2017-11-27",5275,7000,24100,7236,6020,6050,2965,9900,7338,10100,1160,NA,4190
"2017-11-28",5400,6970,23800,6961,6000,5895,2925,9940,7029,10550,1135,NA,4255
"2017-11-29",5400,6980,24750,6924,6050,5845,2870,9800,6958,10650,1150,NA,4185
"2017-11-30",5250,7180,24150,6758,6120,7600,2905,9480,6658,10650,1140,NA,4200
"2017-12-01",4980,7140,23950,6961,6080,8480,2940,9600,6790,11100,1160,NA,4225
"2017-12-04",5100,7180,23800,6796,6100,8020,2915,9340,6543,11150,1145,NA,4180
"2017-12-05",5050,7190,24000,6796,6290,8120,2960,9500,6631,11450,1130,NA,4195
"2017-12-06",5125,7140,23900,6804,6220,8090,2975,9880,6560,11650,1175,NA,4195
"2017-12-07",5750,7080,23500,6639,6090,7960,2995,9730,6454,12300,1160,NA,4200
"2017-12-08",5775,6990,23300,6538,6110,7650,2935,9440,5933,12150,1145,NA,4135
"2017-12-11",5850,6940,23200,6529,6070,8160,3095,9590,6056,10150,1165,NA,3985
"2017-12-12",5575,6950,22850,6520,5960,7570,3105,9540,6074,9670,1195,NA,3970
"2017-12-13",5575,7030,22950,6538,5960,7560,3150,9570,6021,9840,1230,NA,4015
"2017-12-14",5975,7030,23300,6547,5980,7870,3150,9530,6074,9640,1235,NA,4020
"2017-12-15",5400,7100,23200,6520,5980,7870,3160,9560,6207,9500,1265,NA,4060
"2017-12-18",5625,7500,23600,6409,6020,8320,3235,9520,6048,10350,1270,NA,3985
"2017-12-19",5525,7350,23500,6254,5960,8500,3225,9560,5667,10500,1240,NA,4005
"2017-12-20",5525,7430,23050,6153,5940,8110,3105,9520,5561,10550,1195,NA,4005
"2017-12-21",5500,7260,22200,5941,5710,7760,2985,9100,5535,9800,1190,NA,4005
"2017-12-22",5425,7240,22100,6244,5620,7225,3000,9170,5508,10200,1180,NA,4270
"2017-12-26",5300,7260,22050,6409,5560,6435,3050,9300,5614,10000,1180,NA,4070
"2017-12-27",5575,7170,22700,6409,5570,6305,2960,9290,5782,10200,1240,NA,4140
"2017-12-28",5800,7340,23400,6475,5670,6325,3010,9440,5924,10300,1220,NA,4155
"2018-01-02",5725,7340,23450,6512,5730,6595,3075,9440,6056,10200,1220,NA,4035
"2018-01-03",5700,7330,23350,6588,5700,6755,3070,9250,6233,10300,1280,NA,4090
"2018-01-04",6050,7340,24350,6550,5810,6895,3095,9300,6136,10450,1275,NA,4080
"2018-01-05",5975,7470,24100,6756,5860,6995,3145,9550,6154,10150,1345,NA,4080
"2018-01-08",6250,7520,23550,6764,5800,7590,3725,10250,6048,10400,1380,NA,4150
"2018-01-09",6050,7400,23500,6681,5800,7175,3835,10000,6985,10550,1330,NA,4015
"2018-01-10",5625,7470,23050,6877,5810,7395,3650,10100,6764,10300,1350,NA,4030
"2018-01-11",5400,7400,23350,6849,5740,7610,3545,10400,6887,10500,1755,NA,4040
"2018-01-12",5200,7510,22950,6737,5770,7470,3460,10300,6746,10150,1640,NA,4440
"2018-01-15",5200,7560,22700,6718,5670,7580,3535,9900,6719,10200,1660,NA,4175
"2018-01-16",5150,7510,23050,6943,5640,7510,3555,11150,6870,10150,1625,NA,4120
"2018-01-17",5300,7450,23400,6924,5670,7395,3580,11200,7038,10400,1620,NA,4095
"2018-01-18",5325,7620,23550,7121,5930,7135,3580,11400,7232,10900,1665,NA,4060
"2018-01-19",5125,7790,23800,7065,6150,7275,3600,11650,7241,10850,1580,NA,4200
"2018-01-22",4925,7730,24100,6924,6330,7490,3650,10950,7073,10850,1545,NA,4130
"2018-01-23",5100,7780,24300,6962,6430,7530,3700,11150,7064,10800,1550,NA,4185
"2018-01-24",5320,7790,24600,6990,6450,7830,3640,10950,7073,11600,1530,NA,4170
"2018-01-25",5250,7790,24750,7204,6440,7750,3900,11050,8187,11500,1600,NA,4135
"2018-01-26",5080,7910,24850,7251,6620,8010,3905,11200,8346,12550,1570,NA,4135
"2018-01-29",4965,7910,25200,7158,6520,7850,3860,11450,8390,13300,1550,NA,4160
"2018-01-30",5020,7830,24900,7121,6400,7720,3795,11700,8267,13300,1625,NA,4400
"2018-01-31",4965,7710,25100,7102,6370,7640,3710,11000,8249,12950,1660,NA,4435
"2018-02-01",5030,7840,25500,7093,6410,7720,3790,11200,8550,13000,1580,NA,4450
"2018-02-02",4910,7700,25100,6877,6320,7810,3700,10700,8116,12700,1500,NA,4350
"2018-02-05",4670,7600,24000,6708,6030,7460,3555,11000,7427,11500,1415,NA,4265
"2018-02-06",4475,7280,24400,6652,6000,7780,3490,11000,7515,11900,1370,NA,4440
"2018-02-07",4400,7280,25450,6550,5920,7460,3365,10700,7100,11700,1370,NA,4375
"2018-02-08",4410,7350,26600,6644,6080,7620,3540,11300,7400,11950,1425,NA,4375
"2018-02-09",4785,7200,27350,6550,5900,7440,3440,11050,7064,11850,1385,NA,4295
"2018-02-12",4790,7130,27500,6708,5860,7770,3350,10850,6870,11700,1395,NA,4300
"2018-02-13",4995,7290,27450,6550,5810,8600,3395,10650,6852,11500,1435,NA,4360
"2018-02-14",4860,7320,26900,6691,5770,8610,3335,11100,6923,11500,1370,NA,4375
"2018-02-19",4755,7330,27850,6737,5970,8890,3435,11150,7179,11600,1480,NA,4305
"2018-02-20",4520,7280,27800,6661,5950,8890,3460,11350,7250,11900,1540,NA,4460
"2018-02-21",4340,7360,28550,6849,6100,8830,3435,12500,7294,12400,1510,NA,4995
"2018-02-22",4320,7400,28000,6831,6080,8630,3385,12100,7126,12400,1490,NA,4650
"2018-02-23",4450,7440,27350,6821,6150,8670,3475,12000,7162,12600,1470,NA,4570
"2018-02-26",4400,7500,26650,6821,6150,8520,3585,11600,7356,12650,1470,NA,4695
"2018-02-27",4530,7620,27400,6756,6100,8880,3715,12700,7179,12400,1480,NA,4670
"2018-02-28",4585,7600,26700,6681,6030,8960,3700,13600,6852,12600,1495,NA,4685
"2018-03-02",4600,7550,26050,6541,6000,9010,3730,13850,6605,12400,1520,NA,4580
"2018-03-05",4540,7510,24950,6447,5890,8750,3700,13200,6640,11800,1540,NA,4580
"2018-03-06",4375,7400,25600,6503,5980,8910,3720,12700,6719,11850,1475,NA,4580
"2018-03-07",4300,7460,25450,6279,5920,8730,3670,12550,6605,11500,1420,NA,4575
"2018-03-08",4330,7440,25800,6354,5960,8870,3540,12300,6711,11700,1485,NA,4630
"2018-03-09",4365,7500,25400,6475,5940,9050,3580,12050,6799,11700,1510,NA,4755
"2018-03-12",4645,7500,25450,6718,5980,9030,3655,12200,7091,11550,1505,NA,4690
"2018-03-13",4640,7380,26200,6700,6030,9010,3655,12450,7126,11950,1480,NA,4545
"2018-03-14",4800,7370,25200,6588,6130,8870,3645,11850,7117,11900,1510,NA,4585
"2018-03-15",4815,7400,25600,6550,6090,9360,3540,12050,7020,11900,1500,NA,4590
"2018-03-16",4940,7360,25850,6578,6160,9030,3630,12200,6896,11600,1490,NA,4630
"2018-03-19",4795,7360,25750,6456,6020,8200,3585,11900,6781,11600,1445,NA,4640
"2018-03-20",4710,7340,25550,6503,6030,8320,3450,12100,6658,11600,1410,NA,4615
"2018-03-21",4635,7300,26450,6522,6040,8410,3430,11900,6286,11650,1380,NA,4460
"2018-03-22",4365,7220,26350,6465,6050,8210,3350,12650,6021,11500,1365,NA,4525
"2018-03-23",4070,7220,24700,6111,5930,8040,3245,11850,5658,11050,1265,NA,4410
"2018-03-26",4105,7200,24950,6082,5860,8070,3295,12100,5880,11400,1305,NA,4575
"2018-03-27",4045,7280,24800,6082,5850,8540,3370,12500,5959,11200,1340,NA,4560
"2018-03-28",3975,7230,24650,6008,5650,8420,3300,12450,5959,11050,1345,NA,4680
"2018-03-29",4000,7240,24950,5988,5880,8590,3235,12350,5968,11050,1385,NA,4700
"2018-03-30",4045,7210,25000,6035,5950,8600,3325,12750,5968,11100,1410,NA,4855
"2018-04-02",4055,7190,24550,6008,5960,8860,3325,12750,5950,10900,1405,NA,4890
"2018-04-03",3925,7190,24400,5922,5930,8810,3270,12800,5871,10850,1370,NA,4830
"2018-04-04",4390,7050,23950,5726,5890,8870,3190,12350,5685,10400,1325,NA,4610
"2018-04-05",4330,7100,23800,5708,5880,9070,3125,12450,5818,10600,1335,NA,4550
"2018-04-06",4300,7000,23700,5754,5860,9070,3135,12200,5720,10300,1305,NA,4690
"2018-04-09",4105,7000,23550,5633,5820,9590,3040,12100,5712,10200,1290,NA,4605
"2018-04-10",4080,7010,23700,5633,5800,10260,3050,12000,5720,10150,1325,NA,4740
"2018-04-11",4140,7010,23850,5708,5810,10410,3085,11900,5871,10300,1370,NA,4755
"2018-04-12",4160,7020,23700,5736,5820,10710,3110,11850,5897,10300,1375,NA,4680
"2018-04-13",4365,7020,24150,5708,5900,11910,3160,12050,5933,10500,1435,NA,4725
"2018-04-16",4430,7000,24350,5726,5930,12010,3110,12000,6189,11100,1445,NA,4710
"2018-04-17",4700,7050,25050,5895,6030,12110,3185,12500,6198,11150,1465,NA,4610
"2018-04-18",4580,7070,24600,5866,6000,12310,3180,12500,6162,11050,1475,NA,4585
"2018-04-19",4400,7000,24100,5754,5990,12360,3240,12600,6012,11100,1455,NA,4590
"2018-04-20",4370,7040,24300,5782,6040,12665,3300,12500,5977,11200,1485,NA,4700
"2018-04-23",4270,7090,24250,5819,6040,11910,3135,12450,5756,10800,1450,NA,4550
"2018-04-24",4115,7050,24100,5717,6020,12110,3165,12900,5676,10750,1425,NA,4700
"2018-04-25",4005,7100,23550,5633,6350,12360,3070,12250,5676,10800,1455,NA,4650
"2018-04-26",4220,7130,23450,5708,6230,12160,3080,12250,5791,10750,1505,NA,4570
"2018-04-27",4175,7090,22350,5754,6140,12465,3140,12200,5782,10750,1650,NA,4645
"2018-04-30",4040,7160,21850,5661,6080,13465,3140,11750,5588,10800,1580,NA,4435
"2018-05-02",4080,7290,22150,5698,6060,12815,3080,11100,5367,10900,1680,NA,4460
"2018-05-03",4005,7300,22050,5819,6100,13065,3140,11250,5552,11150,1700,NA,4430
"2018-05-04",3870,7180,21550,5829,6000,12815,3100,10750,5473,10950,1665,NA,4425
"2018-05-08",3790,7060,21800,5895,5890,12010,3225,11950,5411,10950,1585,NA,4460
"2018-05-09",3680,7060,21900,5802,5930,13115,3175,11650,5429,10750,1700,NA,4490
"2018-05-10",3810,7150,22050,5866,5960,13865,3095,11650,5411,10750,1830,NA,4450
"2018-05-11",3880,7150,22250,6035,6000,14215,3120,11500,5384,11000,1815,NA,4460
"2018-05-14",3805,7220,21750,5895,6190,13565,3050,12200,5349,10800,1850,NA,4505
"2018-05-15",3750,7360,21650,5866,6170,13015,3000,12600,5278,10600,1775,NA,4485
"2018-05-16",3540,7360,20900,5427,6150,13115,2945,12200,5216,10350,1675,NA,4380
"2018-05-17",3430,7400,21150,5502,6150,12865,2870,12000,5376,10450,1755,NA,4425
"2018-05-18",3560,7570,21700,5380,6310,12965,2960,12450,5712,10550,1760,NA,4570
"2018-05-21",3590,7680,21800,5333,6320,13715,3005,12100,5712,10600,1690,NA,4610
"2018-05-23",3580,7590,21550,5277,6400,14015,3005,12000,5623,10350,1640,NA,4640
"2018-05-24",3550,7590,21400,5372,6340,14215,2940,12150,5765,10450,1670,NA,4590
"2018-05-25",3485,7430,21400,5146,6280,14465,2825,11950,5747,10100,1680,NA,4625
"2018-05-28",3555,7450,21000,5325,6220,13965,2840,12700,5703,10200,1705,NA,4620
"2018-05-29",3485,7750,21200,5203,6210,13715,2805,12250,5614,10150,1650,NA,4465
"2018-05-30",3430,7730,21200,5015,6300,14015,2680,12100,5367,10150,1650,NA,4565
"2018-05-31",3425,7810,22650,4987,6450,14215,2770,12100,5429,10100,1625,NA,4515
"2018-06-01",3445,7910,22300,4997,6430,14165,2795,11950,5305,10050,1600,NA,4490
"2018-06-04",3445,8130,22900,5269,6760,14065,2800,12450,5455,10000,1705,NA,4530
"2018-06-05",3535,8100,23000,5239,6720,13765,2820,12350,5491,10100,1680,NA,4390
"2018-06-07",3540,8080,23200,5203,6790,13915,2855,12400,5632,10050,1660,NA,4425
"2018-06-08",3565,8060,22950,5475,6880,13415,2880,12500,5650,10050,1750,NA,4345
"2018-06-11",3500,8030,23050,5362,6770,13765,2905,12250,5597,9980,1720,NA,4355
"2018-06-12",3400,8070,23450,5306,6620,13965,2780,12200,5464,10050,1635,NA,4315
"2018-06-14",3380,7820,23250,5174,6600,14115,2765,11800,5411,9920,1620,NA,4320
"2018-06-15",3395,7760,23200,5174,6360,15515,2695,11650,5252,9990,1570,NA,4355
"2018-06-18",3340,7760,22700,5034,6220,14765,2670,11000,5146,9770,1555,NA,4355
"2018-06-19",3225,7740,21500,4791,6090,15265,2700,10800,5128,9360,1480,NA,4220
"2018-06-20",3280,7670,22200,4829,6230,12915,2715,11100,5181,9540,1480,NA,4340
"2018-06-21",3220,7800,21350,4716,6000,11710,2705,10850,5163,9660,1405,NA,4415
"2018-06-22",3230,7670,21650,4645,5930,11910,2625,10650,5084,9400,1420,NA,4425
"2018-06-25",3200,7650,22000,4674,5930,12415,2665,10950,5084,9400,1545,NA,4400
"2018-06-26",3175,7700,22000,4632,5820,12160,2665,10750,4880,9140,1540,NA,4520
"2018-06-27",3120,7550,22200,4576,5880,11660,2690,10300,4863,9310,1455,NA,4540
"2018-06-28",3095,7460,21550,4520,5890,11010,2630,10250,6322,9130,1395,NA,4530
"2018-06-29",3130,7400,21450,4435,5940,9370,2580,10250,5924,9140,1385,NA,4570
"2018-07-02",3125,7210,21350,4229,5870,9110,2470,9820,6048,8710,1360,NA,4545
"2018-07-03",3000,7340,22450,4117,5880,9240,2465,9850,6631,8740,1330,NA,4440
"2018-07-04",2985,7450,23300,4356,5940,9410,2455,9930,6773,8860,1360,NA,4340
"2018-07-05",2975,7410,23250,4314,5930,9210,2440,9780,6260,8880,1320,NA,4430
"2018-07-06",2985,7640,23200,4397,5970,9290,2535,10350,6251,9050,1300,NA,4375
"2018-07-09",2955,7820,22750,4529,5860,9370,2495,10500,6171,9150,1265,NA,4370
"2018-07-10",3090,7890,21750,4637,5950,9520,2605,10550,6719,9360,1315,NA,4375
"2018-07-11",3090,8350,21400,4598,5840,9610,2595,10400,6525,9230,1275,NA,4460
"2018-07-12",3135,8300,21700,4585,5830,10360,2735,10450,6790,9390,1315,NA,4480
"2018-07-13",3185,8330,23000,4590,5850,11110,2735,10600,6666,9500,1340,NA,4440
"2018-07-16",3280,8300,22800,4593,5850,11260,2800,10650,6295,9190,1340,NA,4400
"2018-07-17",3200,8340,23550,4689,5980,11010,2815,10850,6277,9200,1380,NA,4390
"2018-07-18",3145,8510,23950,4585,6150,11060,2810,10550,6233,8970,1370,NA,4345
"2018-07-19",3140,8310,23350,4454,5940,10510,2790,10550,5986,8920,1365,NA,4390
"2018-07-20",3140,8500,24000,4393,5870,10710,2790,10200,5712,9000,1320,NA,4385
"2018-07-23",3090,8430,22800,4163,5790,10010,2630,10200,5323,8900,1305,NA,4390
"2018-07-24",3045,8790,23200,4215,5840,10210,2670,10550,5261,8970,1280,NA,4370
"2018-07-25",2910,8840,22950,4131,5770,10060,2675,10500,5048,8740,1315,NA,4250
"2018-07-26",2995,8860,23000,4262,5740,10260,2755,10750,5181,8600,1355,NA,4400
"2018-07-27",2995,8700,23200,4290,5730,10360,2760,10750,5243,8580,1420,NA,4300
"2018-07-30",2970,8760,23250,4286,5760,10260,2760,11200,5163,8730,1560,NA,4450
"2018-07-31",3045,8830,22900,4492,5740,10110,2755,11100,5128,8680,1565,NA,4450
"2018-08-01",3100,8800,23500,4585,5780,10510,2750,11350,5340,8670,1640,NA,4405
"2018-08-02",3140,8740,23000,4525,5730,10410,2720,11250,6940,8650,1630,NA,4445
"2018-08-03",3145,8920,23100,4581,5720,10160,2710,11250,8028,8700,1690,NA,4455
"2018-08-06",3185,8830,22850,4547,5730,10060,2685,11350,8019,8600,1660,NA,4575
"2018-08-07",3190,8800,22950,4473,5670,10060,2740,11950,7780,8590,1605,NA,4640
"2018-08-08",3170,8820,22800,4520,5660,9930,2790,11700,8214,8590,1735,NA,4465
"2018-08-09",3170,8810,22450,4515,5750,10210,3285,11700,7913,8680,1750,NA,4370
"2018-08-10",3160,8720,21750,4435,5650,10910,3105,11550,7657,8640,1745,NA,4435
"2018-08-13",3110,8370,20300,4262,5490,10860,2905,11000,7975,8730,1650,NA,4535
"2018-08-14",3080,8460,20650,4262,5640,10910,2915,11100,7692,8770,1830,NA,4585
"2018-08-16",3040,8400,20500,4150,5660,10910,3010,11400,7604,8500,1715,NA,4585
"2018-08-17",3060,8690,20350,4211,5720,11060,3035,11450,7612,8520,1840,NA,4580
"2018-08-20",3025,9670,20500,4239,5620,10710,3070,11100,7533,8480,1835,NA,4570
"2018-08-21",3015,11100,20950,4304,5880,10710,3015,11300,7551,8510,1885,NA,4455
"2018-08-22",2960,11150,20800,4389,5870,10510,3110,11000,7692,8470,1825,NA,4530
"2018-08-23",2960,12350,20850,4397,5990,10560,3150,10950,7692,8500,1825,NA,4450
"2018-08-24",3075,12900,20850,4337,6190,10360,3090,10900,7931,8600,1850,NA,4375
"2018-08-27",3015,12500,20750,4257,6450,10010,2980,11000,8691,8590,1810,NA,4320
"2018-08-28",3035,13350,21400,4290,6330,10160,3170,11100,8311,8550,1770,NA,4370
"2018-08-29",3015,14400,22150,4314,6310,10360,3180,11400,8709,8570,1705,NA,4370
"2018-08-30",3010,15400,22400,4430,6440,9900,3110,11250,8558,8560,1700,NA,4425
"2018-08-31",3025,14750,21950,5754,6390,9900,3195,11150,8408,8550,1805,NA,4500
"2018-09-03",2990,15700,21700,5754,6390,9900,3195,11100,8346,8600,1715,NA,4610
"2018-09-04",2950,16150,21350,5614,6550,9900,3160,11150,8709,8750,1780,NA,4665
"2018-09-05",2890,16400,21500,5436,6400,9900,3165,11250,8629,8840,1735,NA,4635
"2018-09-06",2845,17900,22650,5352,6400,9900,3120,11250,8293,8800,1735,NA,4620
"2018-09-07",2845,17850,23000,5306,6600,9900,3070,11100,8240,8790,1725,NA,4600
"2018-09-10",2885,18350,23450,5259,6750,9900,3085,11100,7842,8670,1640,NA,4590
"2018-09-11",2910,17450,23200,5230,6690,9900,3095,10950,8196,8750,1615,NA,4555
"2018-09-12",2920,16650,23500,5342,6560,9900,3090,11250,7869,8690,1575,NA,4570
"2018-09-13",2900,18300,22800,5372,6710,9900,3085,11300,7692,8680,1585,NA,4585
"2018-09-14",2905,21000,22400,5269,6730,9900,3065,11350,7559,8700,1570,NA,4555
"2018-09-17",2850,23450,22050,5277,6730,9900,2980,11200,7604,8650,1440,NA,4550
"2018-09-18",2840,22950,22300,5166,6770,9900,2990,11350,7285,8680,1460,NA,4480
"2018-09-19",2775,25450,22500,4968,6690,9900,3035,11350,7471,8680,1455,NA,4450
"2018-09-20",2740,25150,21800,4856,6600,9900,2990,11250,7126,8620,1385,NA,4325
"2018-09-21",2810,24950,21900,4894,6590,9900,3010,11250,7153,8720,1530,NA,4480
"2018-09-27",2785,24950,21800,4997,6590,9900,3010,11350,6949,9040,1525,NA,4375
"2018-09-28",2830,25350,21350,4829,6640,9900,2940,12050,6914,8900,1505,NA,4330
"2018-10-01",2830,25700,21150,4791,6780,9900,2850,13050,6887,10800,1485,NA,4245
"2018-10-02",2945,25200,20800,4791,6710,9900,2900,12650,6843,10000,1445,NA,4235
"2018-10-04",2880,23450,20100,4799,6700,9900,2810,12250,6551,9670,1410,NA,4200
"2018-10-05",2855,24100,20400,4655,6490,9900,2840,12350,6437,9260,1435,NA,4190
"2018-10-08",2810,22700,20600,4552,6450,9900,2845,12150,6330,9180,1470,NA,4200
"2018-10-10",2755,21450,20200,4374,6350,10450,2725,11300,6003,9350,1440,NA,4035
"2018-10-11",2765,20550,18300,3982,6040,11225,2590,10650,5658,8520,1320,NA,3855
"2018-10-12",3090,22800,18500,4108,6260,11300,2750,11100,5835,8440,1385,NA,3845
"2018-10-15",3260,21900,18500,4048,6270,10950,2750,10700,5959,8330,1360,NA,3995
"2018-10-16",3495,22000,18750,4211,6220,10975,2780,11000,7338,8530,1450,NA,3930
"2018-10-17",3610,22250,18550,4257,6120,10675,2760,11100,7250,8590,1415,NA,3985
"2018-10-18",3610,22950,18250,4267,6100,11025,2785,11000,7135,8680,1430,NA,3970
"2018-10-19",3610,26000,18200,4234,6160,10700,2765,11000,6879,8690,1410,NA,4050
"2018-10-22",3530,26450,18100,4286,6350,10525,2750,10850,6746,8680,1370,NA,4095
"2018-10-23",3630,24550,17200,4117,6330,9900,2715,10650,6437,8350,1335,NA,4015
"2018-10-24",3760,24100,16950,3977,6230,9250,2740,10300,6613,8000,1270,NA,3950
"2018-10-25",3825,22850,16900,3761,5930,8375,3085,10100,6039,7820,1160,NA,3800
"2018-10-26",4045,18450,16750,3658,5620,8550,2980,9900,5605,7590,1070,NA,3545
"2018-10-29",3890,18250,15850,3218,5060,8075,2400,9130,4774,6980,1080,NA,3465
"2018-10-30",3885,19000,16400,3368,5210,8325,2300,9600,4863,7050,1085,NA,3440
"2018-10-31",3920,19400,16000,3448,5410,8300,2350,9600,5172,7210,1130,NA,3380
"2018-11-01",3940,19750,16250,3603,5680,8700,2380,9760,5261,7600,1130,NA,3345
"2018-11-02",3980,21250,18700,3743,5950,9625,2440,10250,5437,7910,1205,NA,3385
"2018-11-05",3775,22600,19050,3734,6000,9650,2490,10100,5499,8080,1240,NA,3395
"2018-11-06",3670,23700,19000,3879,6000,9750,2460,10150,5420,8210,1195,NA,3330
"2018-11-07",3730,24400,18900,3752,6040,10400,2450,10350,5269,8080,1185,NA,3300
"2018-11-08",3625,24650,19750,3827,6110,10575,2790,10500,6242,8170,1210,NA,3380
"2018-11-09",3710,24650,19750,3808,6110,11150,2735,10500,6322,8310,1245,NA,3350
"2018-11-12",3600,25250,20650,3678,6070,11750,2690,10450,6277,8360,1255,NA,3500
"2018-11-13",3600,24800,20400,3663,5980,11750,2730,10350,6083,8360,1315,NA,3505
"2018-11-14",3580,24100,20450,3719,6140,11625,2710,10150,6189,8360,1420,NA,3425
"2018-11-15",3570,24000,20350,3678,6490,9025,2685,10000,5994,8390,1425,NA,3460
"2018-11-16",3825,26000,19450,3752,6460,8550,2665,10150,6101,8440,1450,NA,3550
"2018-11-19",3995,25050,20150,3790,6510,8800,2645,10250,6233,8370,1390,NA,3565
"2018-11-20",3995,24150,22000,3785,6470,8600,2610,10200,6401,8260,1380,NA,3455
"2018-11-21",4100,23750,22750,3761,6490,7875,2600,10250,6286,8300,1330,NA,3485
"2018-11-22",4095,23650,22200,3738,6420,7900,2610,10500,6357,8380,1290,NA,3485
"2018-11-23",4105,23100,22300,3635,6250,7850,2585,10800,6039,8400,1260,NA,3520
"2018-11-26",3935,24300,22050,3719,6200,7875,2480,10800,7842,8500,1300,NA,3525
"2018-11-27",3960,24750,22050,3724,6200,7900,2585,10900,7780,8540,1285,NA,3530
"2018-11-28",4100,26800,23850,3859,6200,7875,2675,10650,7798,8700,1260,NA,3585
"2018-11-29",4135,30300,26700,3817,6580,7650,2645,10850,7259,8700,1230,NA,3700
"2018-11-30",4130,31500,25150,3799,6550,7525,2660,10700,7206,8670,1300,NA,3690
"2018-12-03",3990,32350,26150,3837,6490,7825,2715,10900,7444,8700,1415,NA,3730
"2018-12-04",4025,32400,26550,3780,6410,8050,2720,10950,7754,8850,1395,NA,3720
"2018-12-05",3995,24950,27050,3776,6400,8000,2760,11150,7648,8760,1370,NA,3675
"2018-12-06",4060,20000,25450,3911,6300,7650,2730,10900,7206,8500,1325,NA,3685
"2018-12-07",4100,19000,27000,3957,6410,7475,2755,10800,7250,8480,1330,NA,3665
"2018-12-10",4130,19200,26400,4038,6300,7625,2835,10300,7241,8420,1295,NA,3595
"2018-12-11",4050,17850,25250,4038,6110,7875,2815,10550,7551,8470,1260,NA,3575
"2018-12-12",3960,20800,26250,4065,6050,7350,2815,10750,7604,8550,1305,NA,3550
"2018-12-13",3995,20850,26250,4038,6200,6975,2900,10750,7471,8670,1335,NA,3430
"2018-12-14",4100,20600,26350,3902,6130,6525,2830,10700,7276,8630,1300,NA,3425
"2018-12-17",4145,18450,25450,3766,6060,6150,2830,10750,7489,8400,1285,NA,3460
"2018-12-18",4290,17550,24850,3766,6000,6200,2755,10750,7913,8540,1305,NA,3490
"2018-12-19",4500,17100,25100,3804,6290,6175,2790,11050,7931,8890,1280,NA,3490
"2018-12-20",4500,17050,24900,3883,6180,6050,2760,11000,7648,8770,1290,NA,3500
"2018-12-21",4480,18700,24850,3883,6300,5875,2750,10800,7312,8530,1460,NA,3520
"2018-12-24",4400,18900,23850,3734,6260,7075,2680,10600,7011,8460,1325,NA,3505
"2018-12-26",4290,19400,23700,3682,6110,7375,2650,10300,6693,8330,1280,NA,3570
"2018-12-27",4205,20350,24200,3801,6080,7125,2690,10550,6852,8190,1375,NA,3600
"2018-12-28",4545,21150,26000,3940,6300,7300,2640,10800,7197,8380,1480,NA,3620
"2019-01-02",4595,21000,25500,3940,6350,7300,2575,10500,7471,8320,1525,NA,3610
"2019-01-03",4670,20000,25100,3963,6350,6950,2575,10600,7338,8250,1570,NA,3695
"2019-01-04",4770,19850,23750,3963,6360,7075,2510,10550,7807,8400,1585,NA,3695
"2019-01-07",4750,22800,25300,4050,6530,7075,2580,10550,8267,8290,1495,NA,3800
"2019-01-08",4680,22750,26700,4030,6510,7275,2580,10500,7276,8210,1410,NA,3880
"2019-01-09",4440,23250,26650,4050,6560,7300,2610,10650,6994,8310,1430,NA,3895
"2019-01-10",4380,23250,26300,3987,6380,7325,2600,10900,7091,8210,1380,NA,3855
"2019-01-11",4440,22850,27550,4045,6550,7225,2645,10950,6861,8220,1445,NA,3850
"2019-01-14",4320,22550,28200,3987,6860,7075,2830,10900,6737,8320,1415,NA,3850
"2019-01-15",4325,24550,28700,4050,7060,6925,2800,11100,6932,8200,1395,NA,3815
"2019-01-16",4345,24850,28700,4078,7300,6675,2805,11150,6755,8280,1395,NA,3895
"2019-01-17",4345,24550,28400,4054,7150,6650,2715,11050,6392,8340,1380,NA,3905
"2019-01-18",4520,26350,28550,4120,7150,6550,2760,11200,6260,8440,1370,NA,3900
"2019-01-21",4520,26150,28300,4216,7400,6550,2775,10950,6251,8440,1360,NA,3830
"2019-01-22",4465,25250,28300,4107,7300,6625,2760,10800,6083,8330,1360,NA,3820
"2019-01-23",4400,25150,28150,4145,7300,6600,2830,10950,6224,8290,1375,NA,3740
"2019-01-24",4400,25200,28150,4140,7350,6625,2790,10950,6366,8320,1410,NA,3745
"2019-01-25",4440,26150,28100,4150,7250,6625,2800,11100,6339,8420,1390,NA,3745
"2019-01-28",4625,25200,27450,4140,7000,7000,2805,10900,6348,8420,1400,NA,3655
"2019-01-29",4655,24950,26800,4025,6780,6725,2750,10900,6145,8360,1375,NA,3695
"2019-01-30",4660,25750,26450,4016,7280,6400,2800,11050,6092,8350,1350,NA,3730
"2019-01-31",4615,25850,25850,4045,7320,6350,2790,11000,6109,8290,1340,NA,3745
"2019-02-01",4795,23700,25650,4068,7300,6325,2780,11000,5994,8340,1300,NA,3650
"2019-02-07",4785,21950,26550,4163,7650,6325,2990,11100,6056,8400,1325,NA,3720
"2019-02-08",4750,22400,25550,4163,7720,6375,2930,11100,6127,8400,1315,NA,3750
"2019-02-11",4560,22100,26400,4159,7900,6450,2925,11100,6127,8360,1295,NA,3710
"2019-02-12",4380,22750,25550,4202,7650,6300,2895,10950,6030,8770,1335,NA,3745
"2019-02-13",4415,23550,26500,4355,7740,6300,2905,11300,6295,8580,1345,NA,3785
"2019-02-14",4520,23450,26500,4312,7660,6300,2925,11150,6375,8670,1370,NA,3825
"2019-02-15",4625,22800,25550,4317,7570,6175,3075,11300,6348,8550,1470,NA,3830
"2019-02-18",4800,22350,24750,4330,7680,6675,3115,11300,6392,8660,1515,NA,3840
"2019-02-19",5200,23350,25200,4378,7670,6475,3110,11450,6375,8630,1460,NA,3875
"2019-02-20",5080,25250,25300,4350,7800,6350,3120,11400,6463,8610,1435,NA,3840
"2019-02-21",4995,25600,24100,4273,7730,6250,3170,11350,6260,8950,1450,NA,3845
"2019-02-22",4950,24150,24250,4292,7590,6250,3050,11200,6154,8640,1405,NA,3805
"2019-02-25",4900,24100,24250,4335,7590,6250,3030,11350,6286,8720,1375,NA,3850
"2019-02-26",4900,23350,24400,4321,7300,6225,2965,11300,6242,8660,1375,NA,3855
"2019-02-27",4775,23400,23550,4321,7350,6200,2930,11200,6304,8730,1385,NA,3810
"2019-02-28",4670,23800,22650,4140,7210,5950,2820,10850,6162,8530,1280,NA,3815
"2019-03-04",4655,24800,23750,4245,7170,6025,2955,11000,6180,8740,1340,NA,3800
"2019-03-05",4655,24750,24250,4292,7260,6025,3025,10750,6056,8630,1325,NA,3835
"2019-03-06",4590,26800,25500,4207,7310,6025,3070,10900,5968,8800,1330,NA,3835
"2019-03-07",4500,28000,25600,4173,7250,5875,3070,10650,6056,8740,1330,NA,3815
"2019-03-08",4485,27950,25300,4168,7020,6075,3010,10450,6039,8630,1320,NA,3835
"2019-03-11",4880,29150,24550,4025,7100,6075,2970,10400,5658,8690,1280,NA,3840
"2019-03-12",4860,28950,24800,4006,7320,6050,3010,10450,5685,8760,1340,NA,3825
"2019-03-13",4700,30200,25000,4006,7270,5950,2990,10350,5544,8780,1330,NA,3840
"2019-03-14",4790,30250,25400,4111,7140,6050,3045,10550,5535,9020,1325,NA,3735
"2019-03-15",4780,30700,24450,4111,7070,5950,2980,10350,5376,8870,1305,NA,3620
"2019-03-18",4780,27150,24450,4054,7100,5925,2975,10350,5429,8820,1325,NA,3670
"2019-03-19",4945,28100,27150,4097,7140,5925,2980,10450,4571,8830,1315,NA,3720
"2019-03-20",4950,29450,29450,4120,7300,5800,2950,10350,4624,8810,1325,NA,3720
"2019-03-21",5060,27600,28900,3987,7300,5950,2960,10500,4801,8870,1300,NA,3800
"2019-03-22",5080,26000,29050,4054,7370,5825,2905,10550,4792,8950,1290,NA,3795
"2019-03-25",5000,25700,26700,3958,7190,5775,2830,10300,4642,8720,1125,NA,3600
"2019-03-26",4960,26550,27450,3949,7330,5850,2840,10300,4889,8760,1190,NA,3635
"2019-03-27",5030,27900,28000,4058,7360,6225,2840,10200,4757,8630,1215,NA,3625
"2019-03-28",5160,27600,28150,4116,7440,6175,2705,10200,4801,8600,1260,NA,3600
"2019-03-29",5150,27600,28950,4054,7250,6250,2735,10200,4907,8470,1250,NA,3575
"2019-04-01",5820,30000,29700,4058,7590,6150,2745,10250,5040,8590,1270,NA,3670
"2019-04-02",5820,30350,28900,4040,7700,6025,2840,10350,5155,8590,1255,NA,3710
"2019-04-03",6400,29950,28150,4135,7630,6100,2870,10350,5252,8640,1290,NA,3750
"2019-04-04",7190,29500,28450,4120,7620,6050,2830,10450,5278,8600,1340,NA,3770
"2019-04-05",7520,31600,28300,4154,7460,6125,2845,10500,5314,8630,1340,NA,3785
"2019-04-08",7390,31600,27650,4159,7370,6075,2800,10550,5376,8620,1340,NA,3765
"2019-04-09",7630,32600,27000,4159,7410,5950,2865,10550,5358,8500,1335,NA,3730
"2019-04-10",7700,32300,27200,4216,7400,5925,2860,10450,5367,8600,1340,NA,3695
"2019-04-11",7940,32800,27100,4212,7470,6025,2880,10550,5614,8530,1370,NA,3715
"2019-04-12",8470,33000,28100,4212,7480,5950,2955,10600,5552,8580,1360,NA,3795
"2019-04-15",8500,32650,27800,4225,7520,6150,2920,10350,5367,8570,1315,NA,3730
"2019-04-16",8150,30650,26950,4373,7500,6325,2885,10500,5199,8590,1325,NA,3795
"2019-04-17",8390,25650,27450,4373,7480,6525,2885,10600,5340,8600,1370,NA,3800
"2019-04-18",8500,23400,26600,4278,7510,6250,2770,10450,5261,8740,1360,NA,3815
"2019-04-19",8510,24650,26900,4383,7510,6250,2815,10600,5305,8650,1375,NA,3820
"2019-04-22",8420,23750,32250,4492,7890,6250,2820,10550,5340,8740,1370,NA,3800
"2019-04-23",8600,22700,31650,4388,7770,6350,3000,10500,5491,8860,1365,NA,3790
"2019-04-24",8740,22700,30450,4430,7660,6275,3005,10500,5535,8860,1365,NA,3830
"2019-04-25",9120,22850,30050,4297,7490,6050,3140,10550,5765,8860,1365,NA,3850
"2019-04-26",9140,22000,29300,4202,7530,6000,3150,10350,5455,8860,1450,NA,3870
"2019-04-29",9980,23900,29950,4216,7480,6000,3200,10350,5579,8850,1505,NA,3995
"2019-04-30",10200,24000,29750,4212,7420,6000,3370,10200,5535,9100,1485,NA,4095
"2019-05-02",11800,24600,30500,4302,7570,6000,3460,10350,5826,9390,1550,NA,4190
"2019-05-03",12150,24750,31300,4383,7660,6000,3435,10500,5915,9370,1560,NA,4175
"2019-05-07",13400,24650,30150,4268,7620,6000,3550,10450,5915,9440,1550,NA,4035
"2019-05-08",13000,24500,29650,4245,7400,6000,3410,10300,5853,9280,1545,NA,3995
"2019-05-09",12850,22900,28300,3949,7290,6000,3390,10200,5579,8690,1545,NA,3850
"2019-05-10",12850,23300,28050,3940,7250,6000,3270,10150,5499,8510,1600,NA,3880
"2019-05-13",12750,22400,27350,3901,7080,6000,3160,9980,5331,8590,1585,NA,3950
"2019-05-14",12700,23300,28000,3920,6960,6000,3235,9840,5358,8460,1585,NA,4370
"2019-05-15",12350,24100,29150,3820,7210,6000,3275,10000,5658,8700,1655,NA,4315
"2019-05-16",11700,24000,27550,3815,7220,6000,3230,10100,5552,8850,1700,NA,4200
"2019-05-17",12200,23050,26600,3791,7380,6000,3225,9930,5437,8940,1720,NA,4490
"2019-05-20",11400,23600,25600,3634,7380,6000,3115,9850,5314,8730,1890,NA,4690
"2019-05-21",10100,25400,27000,3815,7450,6000,3120,9810,5323,8750,1830,NA,4680
"2019-05-22",9450,29150,28100,4006,7310,6000,3085,9860,5614,8710,1850,NA,4670
"2019-05-23",9740,29600,27550,3963,7270,7800,3130,9920,5402,8970,1760,NA,4500
"2019-05-24",9370,25650,27300,3940,7190,8000,2960,9810,5243,9180,1670,NA,4210
"2019-05-27",9010,25150,27850,3987,7220,9450,2960,9800,5040,8660,1590,NA,4350
"2019-05-28",8700,23900,28200,3940,7450,8750,2975,9850,5022,8700,1605,NA,4215
"2019-05-29",8710,24800,28200,3835,7250,8225,2925,9610,4845,8570,1600,NA,4345
"2019-05-30",8280,24600,28900,3806,7440,7775,2895,9410,4925,8790,1520,NA,4390
"2019-05-31",8150,25300,28450,3748,7650,7500,2950,9560,4898,8960,1535,NA,4435
"2019-06-03",8470,25150,28900,3778,7640,7700,2985,9490,3532,9050,1545,NA,4435
"2019-06-04",9100,25550,30950,3811,7770,7300,3080,9620,3492,8970,1535,NA,4455
"2019-06-05",8080,25950,34650,3840,8240,7413,3100,9840,3488,8980,1535,NA,4300
"2019-06-07",7900,26200,35950,3892,8450,7538,3140,9850,3492,9010,1690,NA,4305
"2019-06-10",7090,28750,36000,4016,8920,7450,3200,10050,3541,9010,1760,NA,4225
"2019-06-11",7000,27850,35050,3953,9050,7500,3165,10250,3629,9330,1800,NA,4180
"2019-06-12",7100,27650,34800,3958,8800,7000,3150,10200,3629,9380,1830,NA,4160
"2019-06-13",6970,27250,34750,3992,8590,6925,3250,10300,3607,9530,1850,NA,4100
"2019-06-14",6890,27300,34950,4006,8960,6788,3220,10250,3607,10500,1850,NA,4130
"2019-06-17",7770,26550,36400,4045,9000,6763,3345,10300,3709,10250,1840,NA,4150
"2019-06-18",9450,25050,34800,4078,8830,6575,3270,10350,3758,10250,1845,NA,4290
"2019-06-19",8970,24500,34900,4002,8670,6825,3205,10350,3952,9940,1830,NA,4145
"2019-06-20",8800,25700,37000,4058,8760,6788,3205,10300,4111,10250,1900,NA,4245
"2019-06-21",8630,24900,36800,4050,8560,6963,3270,10300,3934,10450,1900,NA,4150
"2019-06-24",10200,24800,37000,4035,8550,6850,3265,10200,3974,10800,1865,NA,4115
"2019-06-25",8780,24450,36350,4102,8550,6663,3200,10100,3811,10200,1850,NA,3930
"2019-06-26",10000,24400,36750,4006,8540,6675,3265,10050,3855,10700,2000,NA,4110
"2019-06-27",10400,24450,37350,4002,8320,6038,3135,9990,3952,10600,2080,NA,3935
"2019-06-28",10950,23700,36350,3830,8240,6113,3145,10100,4018,10550,2050,NA,3945
"2019-07-01",11000,23900,35350,3820,8130,6100,3100,10050,3846,10050,1965,NA,4040
"2019-07-02",12000,24600,35150,3882,8070,6275,3150,10000,3682,10300,1975,NA,4145
"2019-07-03",11850,24700,35300,3992,8000,6163,3155,9940,3930,10200,1970,NA,3900
"2019-07-04",11700,24550,35300,3945,7950,5863,3125,9740,3905,10100,1750,NA,3755
"2019-07-05",12150,24100,33550,4083,7820,5900,3250,9730,3880,9970,1670,NA,3780
"2019-07-08",11850,23900,33150,3830,7610,5463,3055,9400,3610,10100,1660,NA,3660
"2019-07-09",10900,23900,32450,3773,7450,5463,3000,9500,3690,9600,1655,NA,3760
"2019-07-10",11200,24000,32900,3835,7270,5650,3015,9670,3735,9200,1655,NA,3855
"2019-07-11",10650,23700,32600,3930,7200,5625,3140,9740,3720,9780,1645,NA,3905
"2019-07-12",10750,23350,32300,3935,7220,5675,3135,9690,3675,9510,1640,NA,4010
"2019-07-15",9920,22950,31850,3873,7160,5525,3140,9150,3640,9320,1570,NA,3855
"2019-07-16",9310,23000,31050,3825,7160,5338,3075,9220,3635,9480,1520,NA,3920
"2019-07-17",8970,25800,31000,3768,7040,5188,2980,9220,3485,9480,1675,NA,3750
"2019-07-18",9320,25550,30800,3758,7100,5113,3070,9310,3580,9400,1630,NA,3750
"2019-07-19",9700,26000,31000,3801,7180,5163,3070,9450,3540,9330,1755,NA,3735
"2019-07-22",9700,26350,30600,3796,7140,5600,3070,9380,3550,9360,1755,NA,3810
"2019-07-23",9650,25950,30500,3768,7030,5400,3000,9230,3380,9050,1715,NA,3770
"2019-07-24",9400,19200,29600,3787,6860,5100,2945,9160,3265,9160,1640,NA,3760
"2019-07-25",9000,19200,29600,3735,6890,5075,2860,9160,3180,8970,1580,NA,3870
"2019-07-26",9000,19350,29650,3644,6620,5000,2800,9100,3085,9110,1540,NA,3785
"2019-07-29",8270,19500,28700,3406,6380,4888,2505,8840,2950,8860,1460,NA,3775
"2019-07-30",8280,19550,29000,3434,6490,4888,2585,8940,2960,9200,1525,NA,3730
"2019-07-31",8300,19450,28900,3468,6580,4713,2700,9180,2995,9240,1475,NA,3775
"2019-08-01",8340,19450,29150,3434,6420,4438,2695,9130,2990,8960,1500,28000,3785
"2019-08-02",8300,19550,29950,3448,6430,4313,2745,9020,2960,8950,1415,27300,3880
"2019-08-05",8000,15100,27100,3167,5550,3675,2580,8400,2595,8030,1205,21000,3765
"2019-08-06",7750,13000,27050,3067,5480,3725,2440,8060,2430,7770,1190,19000,3740
"2019-08-07",7580,13350,27300,3104,5780,3825,2445,8100,2400,8350,1205,22250,3740
"2019-08-08",8900,15800,28750,3281,5960,3913,2500,8310,2545,8360,1355,22400,3830
"2019-08-09",9330,16150,28500,3291,6010,3850,2565,8530,2650,8170,1390,22350,3785
"2019-08-12",9130,16450,28600,3310,6200,3838,2640,8450,2655,8120,1370,23100,3740
"2019-08-13",10200,16200,28000,3391,6180,3763,2745,8330,2780,8210,1450,23700,3735
"2019-08-14",10100,16100,28700,3410,6270,3825,2750,7980,2745,8400,1400,23250,3725
"2019-08-16",10000,19950,27250,3391,5610,3625,2650,8040,2560,8560,1390,20300,3680
"2019-08-19",10000,19050,22200,3415,5190,3738,2725,8040,2770,8620,1370,18150,3690
"2019-08-20",9900,18450,22450,3472,5270,4275,2775,8060,3000,8680,1370,18900,3775
"2019-08-21",9910,18800,23450,3434,5500,4388,2800,8080,2930,8770,1405,19700,3790
"2019-08-22",9990,19550,23300,3476,5410,4225,2810,8030,2810,8870,1395,19600,3770
"2019-08-23",10000,19750,23400,3458,5350,4138,2770,7930,2715,8900,1380,19150,3765
"2019-08-26",9500,20000,22000,3286,5120,4250,2640,7790,2480,8700,1325,18350,3650
"2019-08-27",10000,21000,22550,3339,5250,4175,2750,7760,2520,8720,1310,18250,3635
"2019-08-28",9500,22200,22950,3358,5490,4175,2785,7790,2215,8780,1315,18900,3645
"2019-08-29",9470,21750,22500,3324,5370,4025,2780,7790,2185,8770,1320,19950,3635
"2019-08-30",9110,23150,23000,3410,5470,4100,2830,7870,2270,8980,1315,20000,3635
"2019-09-02",8670,22300,23750,3591,5570,4138,2855,7950,2290,8680,1350,19450,3720
"2019-09-03",8340,21450,23950,3678,5600,4088,2845,7970,2340,8870,1375,20000,3705
"2019-09-04",8350,27850,24450,3711,5670,4213,2865,8090,2460,9160,1380,20200,3715
"2019-09-05",8350,33300,24400,3706,5740,4150,2830,8020,2510,9000,1365,20300,3705
"2019-09-06",8270,31850,24150,3711,5660,4075,2830,8010,2500,9040,1365,20500,3795
"2019-09-09",8230,29300,23400,3606,5660,3988,2820,8070,2425,9000,1355,21600,3870
"2019-09-10",7960,28850,23250,3586,5600,3850,2830,8020,2380,9050,1365,22550,3815
"2019-09-11",8300,28850,23500,3663,5620,4025,2845,8000,2400,9110,1350,22450,3865
"2019-09-16",8750,25750,23300,3735,5630,4100,2845,8080,2525,9520,1340,21850,3840
"2019-09-17",8760,25700,23200,3753,5570,4138,2820,8300,2690,9550,1320,21400,3810
"2019-09-18",8500,26100,23250,3720,5630,4075,2795,8300,2605,9660,1415,21350,3730
"2019-09-19",8400,27950,24200,3773,5760,4188,2770,8290,2605,9760,1550,22050,3770
"2019-09-20",8230,28850,24500,3782,5910,4100,2805,8280,2595,9880,1670,22000,3815
"2019-09-23",8120,29150,23950,3801,5860,4038,2775,8250,2600,9900,1505,21650,3830
"2019-09-24",8120,29000,23100,3815,5890,4038,2795,8390,2600,9910,1430,21450,3800
"2019-09-25",8040,29200,21650,3725,5900,3825,2745,8220,2470,9800,1495,20500,3815
"2019-09-26",7920,29250,21700,3730,5760,3875,2760,8200,2370,9650,1450,19850,3840
"2019-09-27",7900,30200,21600,3706,5720,3938,2730,8220,2365,9580,1400,19600,3800
"2019-09-30",8000,31200,21400,3715,5650,3800,2720,8130,2220,9190,1380,20000,3735
"2019-10-01",8200,31200,22100,3686,5770,3963,2695,8090,2390,9260,1360,19850,3700
"2019-10-02",7990,31500,22300,3682,5610,3925,2615,8090,2285,9240,1395,20200,3705
"2019-10-04",8000,31100,22100,3630,5430,3925,2600,8010,2250,9210,1430,20250,3740
"2019-10-07",8000,29900,22150,3606,5360,4025,2685,7890,2325,9100,1450,19650,3640
"2019-10-08",7760,32800,22500,3611,5440,3950,2655,7900,2365,9100,1435,19600,3615
"2019-10-10",8610,35450,22650,3529,5400,3988,2705,7880,2360,9070,1405,19800,3595
"2019-10-11",8920,32600,22650,3601,5440,4100,2700,7970,2315,9130,1415,19800,3550
"2019-10-14",8970,32800,22800,3653,5460,4788,2705,8020,2380,9110,1395,19950,3555
"2019-10-15",9580,35400,22650,3720,5540,4863,2700,8090,2530,9070,1405,19950,3585
"2019-10-16",11000,35050,22750,3715,5550,4763,2695,8170,2440,9140,1400,20000,3765
"2019-10-17",11500,35450,21200,3711,5280,4650,2760,8270,2395,9130,1475,19200,3650
"2019-10-18",12050,35550,21200,3730,5370,4550,2760,8250,2370,8940,1455,19350,3625
"2019-10-21",13400,36400,21800,3678,5360,4588,2715,8080,2325,8950,1405,19500,3580
"2019-10-22",12850,37200,21550,3678,5400,4838,2690,8080,2290,8800,1425,19500,3435
"2019-10-23",13400,37250,21800,3673,5340,4550,2715,8030,2295,8640,1305,19400,3500
"2019-10-24",13200,38000,21800,3591,5400,4388,2730,8000,2300,8630,1290,19000,3430
"2019-10-25",12450,39500,22000,3663,5420,4250,2730,8080,2300,8650,1240,18850,3325
"2019-10-28",12250,36950,22250,3701,5430,4600,2770,8280,2345,8910,1345,19100,3380
"2019-10-29",12750,37950,22450,3735,5420,4338,2760,8200,2325,8980,1315,19300,3385
"2019-10-30",12400,38200,22000,3768,5410,4400,2760,8050,2285,8980,1290,19050,3500
"2019-10-31",12650,35850,24850,3748,5730,4625,2775,8120,2315,9070,1285,19950,3535
"2019-11-01",12400,36800,25050,3830,5610,4550,2775,8120,2345,9040,1300,19800,3470
"2019-11-04",12150,35800,25050,3868,5660,4513,2780,8140,2345,9150,1340,20000,3525
"2019-11-05",12100,35800,25200,3992,5470,4600,2790,8190,2400,9050,1370,20100,3440
"2019-11-06",13950,35000,25500,3906,5560,4288,2795,8200,2345,9130,1375,20350,3410
"2019-11-07",13000,35300,25500,4073,5500,4163,2800,8220,2370,8930,1365,20300,3405
"2019-11-08",13000,34250,26100,4006,5550,4225,2790,8260,2375,9040,1290,20050,3365
"2019-11-11",12050,33500,25050,3945,5590,4000,2785,8100,2365,9040,1335,19950,3385
"2019-11-12",11950,34300,25500,3983,5620,4000,2720,8090,2350,9010,1340,20250,3510
"2019-11-13",11500,34850,24800,3935,5610,3950,2720,8090,2535,9070,1330,20100,3420
"2019-11-14",11550,34600,25700,4035,5560,4113,2705,7790,2465,8900,1350,19400,3455
"2019-11-15",11700,33400,26300,4045,5580,4000,2695,7810,2500,9040,1340,19300,3370
"2019-11-18",11750,32800,28000,4111,5640,4025,2700,7710,2460,8800,1330,19000,3375
"2019-11-19",11300,33000,28600,4050,5700,3863,2645,7770,2470,8710,1320,18900,3350
"2019-11-20",11300,32950,31850,3892,5980,3838,2595,7630,2350,8740,1290,19100,3320
"2019-11-21",11050,32950,29650,3815,5750,3813,2605,7410,2245,8740,1220,18750,3290
"2019-11-22",10700,33950,30250,3796,5970,3663,2595,7500,2250,8750,1230,18400,3315
"2019-11-25",11200,33750,29450,3930,6350,3688,2625,7610,2310,8690,1265,18550,3325
"2019-11-26",11700,32750,29100,3901,6290,3938,2680,7790,2370,8650,1270,18650,3280
"2019-11-27",11150,31550,30150,3949,6030,3800,2620,7880,2310,8730,1215,18900,3260
"2019-11-28",10550,31600,28950,3992,5940,3988,2585,7920,2260,8740,1250,18750,3210
"2019-11-29",10600,31600,29200,3953,5770,3800,2540,7700,2255,8690,1290,18350,3115
"2019-12-02",10650,32450,29750,3906,5960,3663,2620,7900,2260,8680,1450,18300,3170
"2019-12-03",10500,31600,29400,4058,5820,3550,2700,7940,2245,8720,1380,18350,3295
"2019-12-04",10500,31600,30600,4054,5690,3400,2715,7920,2180,8710,1550,18550,3230
"2019-12-05",10300,32200,30600,3958,5470,3300,2685,7840,2130,8370,1595,18450,3210
"2019-12-06",10750,32200,32850,4002,5720,3438,2760,7830,2090,8560,1480,18800,3200
"2019-12-09",11900,31400,32800,4006,5720,3513,2770,7810,2095,8540,1615,18800,3195
"2019-12-10",11500,29900,33050,4030,5750,3650,2775,7820,2110,8530,1495,18850,3190
"2019-12-11",11350,29550,31650,4359,5840,3613,2770,7830,2100,8500,1470,19150,3200
"2019-12-12",11300,30250,31800,4235,5900,3638,2770,7900,2150,8500,1495,19400,3155
"2019-12-13",11000,30300,33900,4369,5980,3700,2770,8000,2170,8450,1590,19750,3130
"2019-12-16",11000,31200,33300,4111,5980,3788,2785,8020,2215,8450,1635,19600,3210
"2019-12-17",11250,31150,34000,4083,5940,3700,2775,8020,2200,8390,1615,19600,3175
"2019-12-18",11000,32800,33850,4102,5950,3788,2775,7930,2225,8230,1705,19750,3135
"2019-12-19",10700,32250,32650,4087,5840,3738,2730,7980,2195,8220,1705,19550,3115
"2019-12-20",10650,32450,32900,4054,5790,3738,2750,8000,2160,8300,1735,19550,3135
"2019-12-23",10450,30450,31750,4020,5660,3600,2770,7950,2140,8290,1765,19550,3065
"2019-12-24",10100,22500,32600,3992,5610,3488,2765,8000,2045,8230,1750,19550,3080
"2019-12-26",10500,24000,32900,4068,5680,3588,2800,8110,2070,8220,1770,19600,3110
"2019-12-27",11100,25450,33600,4161,5800,3713,2795,8050,2140,8200,1610,19500,3165
"2019-12-30",11250,25550,33850,4166,5820,3725,2780,8020,2200,8200,1550,19650,3165
"2020-01-02",11850,25300,33750,4319,5920,3800,2770,8000,2310,8240,1590,19750,3335
"2020-01-03",11550,25450,33550,4284,5890,3788,2790,8000,2400,8240,1705,19700,3435
"2020-01-06",11900,23950,33400,4265,5710,3663,2805,7770,2340,8190,1700,19400,3445
"2020-01-07",11950,23950,33600,4407,5790,3713,2850,7840,2450,8130,1725,19500,3350
"2020-01-08",11200,23500,31900,4176,5530,3488,2780,7650,2275,8000,1700,19100,3335
"2020-01-09",12150,24800,34900,4304,5780,3813,2830,7720,2375,8050,1725,19250,3290
"2020-01-10",12100,24900,34600,4284,5810,3875,2850,7790,2360,8040,1690,19300,3320
"2020-01-13",12150,25600,34650,4260,5850,3888,2880,7780,2470,8140,1695,19500,3310
"2020-01-14",11900,25350,36000,4206,5930,3788,2885,7730,2495,8140,1740,19550,3210
"2020-01-15",12350,25650,35550,4235,6040,3813,2875,7680,2515,8180,1770,19700,3215
"2020-01-16",12250,25700,40200,4230,6170,3850,2900,7750,2520,8180,1550,19900,3195
"2020-01-17",12300,25700,40650,4215,6520,3913,2915,7760,2430,8210,1635,21150,3300
"2020-01-20",12050,25300,39500,4088,6730,3713,2935,7800,2390,8190,1540,20800,3180
"2020-01-21",11800,24900,40050,4103,6510,3800,2915,7760,2320,8180,1490,20450,3095
"2020-01-22",11700,25550,40150,4093,6670,3700,2920,7650,2350,8200,1505,20350,3080
"2020-01-23",11750,25450,41050,4108,6670,3688,2895,7640,2350,8200,1500,20200,3035
"2020-01-28",11200,24300,40050,3946,6350,3538,2850,7330,2210,8260,1410,19500,2985
"2020-01-29",10950,23800,41900,3990,6640,3563,2860,7400,2310,8320,1455,20000,3050
"2020-01-30",10900,23000,46950,3906,6650,3663,2835,7500,2285,8370,1355,20400,2960
"2020-01-31",10500,23100,45050,3818,6910,3688,2795,7510,2275,8330,1320,19800,2960
"2020-02-03",10600,23650,47000,3749,6780,3625,2770,7290,2370,8220,1360,18850,2900
"2020-02-04",10900,24750,47150,3833,6910,3850,2785,7340,2450,8420,1395,18950,2970
"2020-02-05",10800,25800,44800,3828,6610,4075,2775,7400,2415,8410,1385,18850,2940
"2020-02-06",10900,25800,44700,3867,6610,4175,2780,7470,2415,8630,1420,19050,2915
"2020-02-07",11250,25650,42800,3867,6450,4213,2840,7520,2365,8660,1455,18900,2930
"2020-02-10",11300,24800,43250,3911,6440,4075,2880,7620,2490,8560,1490,18800,2930
"2020-02-11",11400,24800,42400,3892,6180,4025,2895,7690,2945,8630,1470,18850,2930
"2020-02-12",11250,24700,39950,3926,6110,4150,2900,7540,3000,8540,1460,18850,2935
"2020-02-13",10900,25550,39000,3892,5970,3925,2930,7500,2725,8450,1425,18750,2935
"2020-02-14",11000,23300,41450,3901,5980,3863,2920,7590,2755,8480,1405,18750,2940
"2020-02-17",10750,22700,41450,3896,5950,3750,2875,7490,2920,8380,1450,18750,2965
"2020-02-18",10650,22500,42200,3828,5910,3688,2880,7430,2740,8330,1420,18550,2920
"2020-02-19",10550,22600,40500,3847,5690,3638,2870,7450,2690,8250,1505,18550,2860
"2020-02-20",10550,22700,40600,3823,5560,3788,2815,7280,2695,8380,1455,18500,2700
"2020-02-21",10650,21200,39950,3739,5420,3663,2790,7120,2575,8370,1340,18350,2660
"2020-02-24",10250,19750,38600,3573,5080,3450,2750,7020,2375,8290,1300,17200,2600
"2020-02-25",10550,21250,39450,3553,5090,3550,2800,7040,2425,8000,1405,17200,2600
"2020-02-26",10450,21150,38250,3509,5050,3450,2760,7020,2310,8080,1495,17200,2515
"2020-02-27",10500,20600,37000,3450,4895,3313,2755,7000,2235,8190,1460,17050,2455
"2020-02-28",10300,19400,34700,3224,4700,3063,2740,6780,2085,7710,1445,16400,2590
"2020-03-02",10300,20100,35500,3263,4765,3150,3370,6690,2145,7760,1485,16500,2590
"2020-03-03",10250,20650,35150,3313,4800,3263,3210,6860,2170,7850,1450,16700,2515
"2020-03-04",10300,21450,37100,3376,4880,3363,3150,7000,2365,7980,1465,16800,2595
"2020-03-05",11400,21750,37700,3455,5010,3375,3060,7070,2365,8170,1480,17100,2530
"2020-03-06",11450,21300,36000,3352,4810,3375,3020,7000,2320,8030,1450,16700,2505
"2020-03-09",10900,20100,33900,3209,4585,3113,2970,6630,2210,7880,1320,16000,2455
"2020-03-10",11000,20450,34200,3190,4610,3088,2850,6460,2330,7980,1255,16250,2430
"2020-03-11",11100,19550,32150,3126,4435,2888,2730,6400,2350,7580,1230,15900,2425
"2020-03-12",10800,17800,30400,2861,4240,2550,2445,5900,2155,7040,1240,15150,2520
"2020-03-13",10500,15550,27900,2503,3790,2318,2095,5220,2050,6720,1180,14050,2100
"2020-03-16",10450,14750,25050,2449,3685,2165,1970,5130,1945,6770,1185,13400,2275
"2020-03-17",10700,14750,24900,2336,3720,2135,1940,4950,1840,6680,1285,13150,2105
"2020-03-18",10400,14000,23000,2199,3610,2020,1855,4780,1660,6690,1410,12750,1970
"2020-03-19",9950,11200,20500,1938,3050,1525,1475,4190,1250,5500,1285,11300,1755
"2020-03-20",10300,12400,23900,2110,3130,1740,1570,4500,1365,5880,1385,11900,1750
"2020-03-23",10100,11450,22400,2100,2930,1703,1530,4215,1225,5750,1265,11200,1430
"2020-03-24",10200,12400,24500,2228,3170,1800,1615,4570,1290,5660,1365,11500,1690
"2020-03-25",10200,13400,25950,2316,3475,1978,1740,4700,1420,5960,1355,12250,1890
"2020-03-26",10600,13400,26000,2390,3550,2063,1765,4880,1480,6070,1345,12250,1885
"2020-03-27",10700,13850,25700,2454,3700,2210,1810,5090,1480,6090,1390,12000,1940
"2020-03-30",10500,14700,27600,2473,3860,2268,1920,5040,1500,6130,1595,11850,2020
"2020-03-31",10400,16900,27050,2606,3945,2360,2020,5330,1555,6310,1550,12150,2080
"2020-04-01",10200,17900,26250,2503,3895,2538,2150,5370,1610,6170,1525,12050,2700
"2020-04-02",10200,18000,26350,2606,4070,2638,2260,5500,1630,6260,1545,12100,2495
"2020-04-03",10200,17550,27850,2768,4120,2763,2240,5580,1640,6290,1540,12500,2780
"2020-04-06",10500,17500,28600,2827,4290,2763,2295,5700,1750,6600,1550,13400,2755
"2020-04-07",11000,18000,29050,2900,4365,2838,2320,5990,1810,6710,1670,13800,2700
"2020-04-08",11000,17900,29900,2954,4400,2863,2330,5980,1870,6940,1605,14050,2680
"2020-04-09",10900,18150,32350,3018,4450,2850,2455,6160,1935,6930,1605,14100,2565
"2020-04-10",11550,18950,31600,2964,4430,2775,2395,6150,2065,6860,1620,14250,2350
"2020-04-13",11050,19000,29700,2886,4165,2838,2320,5910,1920,6780,1640,13900,2390
"2020-04-14",11050,19150,30550,2994,4240,2838,2390,6040,1995,6840,1660,14000,2305
"2020-04-16",11050,19100,31100,3028,4330,2813,2435,6070,2050,7010,1775,14150,2360
"2020-04-17",10950,19100,33200,3116,4460,2875,2480,6130,2060,7060,1730,14600,2440
"2020-04-20",10800,19200,33000,3146,4490,3175,2540,6230,2095,7300,1745,14400,2495
"2020-04-21",10700,18500,34950,3038,4370,3038,2485,6020,2035,7090,1810,14150,2650
"2020-04-22",12400,18400,35400,3082,4340,3113,2400,6040,2055,7130,1765,14100,2735
"2020-04-23",13200,18550,35300,3151,4450,3075,2535,6170,2175,7200,1825,14200,2845
"2020-04-24",13400,18300,33950,3052,4350,2900,2480,6040,2110,7050,1845,13800,2805
"2020-04-27",14300,19050,34500,3263,4430,2900,2525,6200,2150,7150,1840,14050,2710
"2020-04-28",13650,20750,33650,3411,4430,2913,2500,6170,2150,7150,1820,13900,2590
"2020-04-29",13250,20700,34250,3416,4500,2938,2470,6250,2230,7230,1800,13850,2675
"2020-05-04",13650,21200,34850,3381,4480,2963,2475,6210,2345,7580,1725,13350,2580
"2020-05-06",13600,23300,35900,3386,4590,2938,2545,6230,2490,7390,1790,13550,2615
"2020-05-07",13450,23600,36700,3406,4690,2950,2615,6270,2475,8270,1775,13900,2690
"2020-05-08",13400,23800,36350,3474,4760,2950,2610,6690,2460,8130,1840,14250,2735
"2020-05-11",13600,23250,35000,3460,4790,2925,2640,7220,2415,8300,1845,14100,3255
"2020-05-12",13150,24500,34650,3386,4570,2850,2710,6920,2340,8350,2150,14050,2995
"2020-05-13",12450,24000,35100,3347,4650,2800,2670,6710,2300,8500,2285,14150,3055
"2020-05-14",15350,24450,34350,3293,4700,2738,2610,6470,2225,8350,2500,14000,3100
"2020-05-15",17000,25450,34350,3259,4650,2663,2625,6410,2285,8070,2480,13800,3045
"2020-05-18",16100,27150,36200,3254,4840,2613,2705,6540,2275,8300,2500,13700,2935
"2020-05-19",14300,27000,36750,3313,5500,2638,2730,6690,2300,8300,2430,14500,3030
"2020-05-20",14700,26700,38250,3352,5600,2738,2770,6890,2310,8480,2435,15000,3000
"2020-05-21",14400,25650,39050,3381,5490,2850,2805,6950,2375,8500,2420,16500,3005
"2020-05-22",14700,25000,37250,3484,5170,2725,2770,6850,2300,8590,2295,15850,3030
"2020-05-25",14750,25250,38050,3612,5420,2738,2915,6890,2390,8500,2310,16150,3020
"2020-05-26",15100,25250,37900,3607,5370,2950,2900,6890,2415,8290,2265,16400,2985
"2020-05-27",15000,25500,37150,3558,5270,2850,2855,6900,2340,8320,2350,17600,3090
"2020-05-28",14250,24500,35650,3435,5170,2725,2735,6750,2285,8430,2485,16950,2945
"2020-05-29",14500,27700,36400,3563,5250,2663,2750,6690,2250,8400,2280,16750,3000
"2020-06-01",14400,27950,37100,3946,5360,2663,2775,6850,2320,8330,2145,16600,2985
"2020-06-02",14200,29250,36900,3793,5380,2725,2850,6940,2340,8250,2120,16150,3100
"2020-06-03",14650,29050,41200,3735,5520,2763,2815,6950,2340,8280,2145,16450,3195
"2020-06-04",14450,29800,40100,3641,5360,2625,2895,6970,2450,8320,2095,16750,3195
"2020-06-05",14250,30100,39600,3612,5290,2638,2890,7000,2620,8330,2090,16850,3190
"2020-06-08",14750,30750,38450,3646,5340,2638,2855,7000,2620,8350,2085,16700,3115
"2020-06-09",15550,32100,39150,3582,5500,2638,2800,6960,2785,8200,2025,18200,3270
"2020-06-10",15500,31950,38400,3617,5370,2600,2845,6810,2805,8160,1980,17900,3125
"2020-06-11",15300,31300,38700,3681,5320,2525,2845,6830,2735,8110,1980,17100,2975
"2020-06-12",15250,30850,38350,3494,5130,2498,2745,6600,2670,7840,2000,16550,3060
"2020-06-15",14100,28700,34500,3200,4835,2538,2520,6260,2345,7410,1805,15250,3000
"2020-06-16",14300,29300,35800,3293,4945,2650,2770,6410,2520,7560,1905,15850,3055
"2020-06-17",14250,29750,35350,3283,5120,2550,2780,6440,2870,7690,1865,15900,2930
"2020-06-18",13650,27850,35400,3327,5120,2490,2695,6520,2685,7800,1830,15900,2970
"2020-06-19",13200,27600,34700,3342,4985,2428,2775,6590,2555,7720,1965,16450,3030
"2020-06-22",13100,28450,33300,3308,4905,2418,2725,6590,2515,7940,1850,16550,2970
"2020-06-23",12700,29150,33150,3342,4895,2328,2695,6570,2580,8030,1840,16200,2970
"2020-06-24",13300,29150,34400,3376,5060,2250,2765,6510,2555,7900,1895,16250,3015
"2020-06-25",14800,28550,33500,3308,4990,2213,2870,6320,2440,7990,2015,15850,2925
"2020-06-26",14000,28350,33300,3254,4930,2168,2870,6500,2435,8030,1990,16000,3035
"2020-06-29",13300,28000,31600,3170,4735,2053,2860,6370,2390,7930,1950,15600,2990
"2020-06-30",13100,28200,31950,3239,4820,2093,2860,6370,2370,8060,1935,15550,3040
"2020-07-01",12900,27750,31950,3209,4815,2073,2825,6260,2350,8040,1900,15650,2995
"2020-07-02",13050,27750,32900,3249,4820,2050,2825,6300,2445,7990,1880,15750,3005
"2020-07-03",13050,28400,33550,3298,4810,2115,2825,6400,2430,8050,1885,15650,3005
"2020-07-06",12850,30100,33700,3347,4805,2068,2910,6610,2590,8040,1905,15800,3000
"2020-07-07",12800,30050,33400,3337,4825,2160,2895,6630,2560,8130,1860,15700,2990
"2020-07-08",13050,30050,32900,3337,4825,2230,2960,6660,2635,8100,1900,15850,2985
"2020-07-09",12800,30000,33700,3538,4820,2713,2870,6670,2640,7990,1875,15850,3000
"2020-07-10",12650,31100,32700,3401,4780,2483,2870,6690,2750,7950,1875,15850,2970
"2020-07-13",12800,32350,33300,3425,4835,2513,2930,6700,2875,7970,1920,15850,2985
"2020-07-14",13100,35650,35250,3391,4845,2538,2945,6670,2970,7950,1880,16300,2975
"2020-07-15",13650,35600,35400,3465,4920,2500,2935,6700,3050,7950,1940,16150,2970
"2020-07-16",13200,36200,35000,3450,4995,2463,2955,6620,3065,8030,2050,16350,2970
"2020-07-17",12950,38350,35300,3479,5040,2538,2915,6700,3020,8090,1950,16200,2995
"2020-07-20",12750,38250,34650,4112,5000,2500,3195,6820,3270,7940,1950,16100,2980
"2020-07-21",12850,40950,34350,4211,5320,2450,3120,6780,3030,8000,1940,16200,2980
"2020-07-22",12650,41150,34600,4269,5740,2358,3100,6820,2935,8000,1885,16650,2970
"2020-07-23",12600,39450,34450,3990,5480,2248,2930,6780,2830,8010,1845,16350,2875
"2020-07-24",12650,39500,33250,3995,5500,2225,2935,6730,2750,8070,1830,16200,2880
"2020-07-27",12500,39450,33450,4510,5340,2230,2995,6780,2860,8090,1865,16450,2755
"2020-07-28",12900,38100,32900,4593,5340,2233,2975,7030,2890,8040,1825,16350,2870
"2020-07-29",12950,38000,33100,5545,5340,2175,2960,7060,3020,8070,1720,16400,3000
"2020-07-30",12650,38900,32700,5428,5270,2153,2950,7100,3020,8250,1745,16300,2960
"2020-07-31",12600,38600,32050,5369,5190,2208,2925,7040,3000,8230,1690,15600,3240
"2020-08-03",12450,41600,31800,5418,5250,2203,3000,6990,2940,8130,1685,15400,3045
"2020-08-04",15000,40550,31950,5015,5280,2178,3060,6970,3120,8100,1650,15700,3000
"2020-08-05",14300,40550,31700,5928,5390,2255,3040,6970,2980,8870,1750,15600,3040
"2020-08-06",14150,41000,31900,5516,5340,2260,3125,6890,2980,8780,1745,15800,3050
"2020-08-07",13750,39850,32050,6164,5690,2230,3075,6900,2890,8760,1760,16050,3030
"2020-08-10",13850,40000,31650,6134,5590,2180,3300,6790,2850,8690,1730,15950,2905
"2020-08-11",13700,39600,31850,6134,5440,2145,3380,6830,2900,8670,1695,15950,2880
"2020-08-12",13050,36500,31450,6281,5700,2108,3545,6790,2865,8580,1745,15850,2840
"2020-08-13",13300,39950,33250,6124,6000,2078,4605,6840,2985,8630,1745,15900,3020
"2020-08-14",13050,36100,32600,6281,5980,2073,5480,6810,2910,8700,1730,15700,3010
"2020-08-18",12850,32650,31200,5506,6220,2010,4370,6530,2660,7850,1660,15050,2870
"2020-08-19",13050,33450,31800,5820,7480,2005,4635,6640,2700,8130,1685,15450,2875
"2020-08-20",13800,32200,30000,5369,8050,1993,4405,6450,2515,7900,1650,15100,2690
"2020-08-21",13100,31700,30200,5349,7200,2010,4020,6630,2515,7720,1705,15150,2745
"2020-08-24",13400,31300,30850,5310,6660,2010,3995,6640,2490,7980,1705,15250,2960
"2020-08-25",13650,33700,31650,5418,6800,2080,4145,6740,2900,8080,1815,15250,2845
"2020-08-26",13950,33250,31000,5280,6920,2050,4520,6740,2915,8000,2005,15150,2845
"2020-08-27",13950,31700,30350,5133,6710,2010,4965,6710,2825,8060,1930,14900,2875
"2020-08-28",14600,32000,30450,5212,6600,1998,4760,6730,2850,7990,2140,15000,2755
"2020-08-31",14900,31950,30050,5418,6530,2105,4490,6750,3070,8090,2075,14750,2780
"2020-09-01",14650,31750,30300,5428,6580,2120,4450,6790,3120,8000,2070,14700,2735
"2020-09-02",15900,32550,31900,5496,6790,2190,4490,7110,3065,8150,2335,14700,2765
"2020-09-03",15900,32150,31600,5349,6720,2143,4430,7050,3215,8380,2590,14900,2720
"2020-09-04",17500,31550,31400,5261,6410,2175,4190,6980,3125,8360,2700,14600,2655
"2020-09-07",17550,31550,31250,5398,6610,2193,4200,6980,3200,8570,2690,14800,2640
"2020-09-08",17250,32100,31800,5241,6710,2315,4150,7000,3200,8620,2635,15000,2620
"2020-09-09",16350,33550,31450,5310,6830,2315,4065,6960,3325,8230,2230,14900,2525
"2020-09-10",16900,33800,33150,5428,6800,2315,4280,7400,4120,8330,2255,15100,2525
"2020-09-11",15550,33800,32600,5486,6900,2315,4260,7300,3830,8400,2320,15250,2580
"2020-09-14",16300,34150,34100,5526,6810,2315,4230,7440,4000,8520,2285,15300,2515
"2020-09-15",16200,34150,34450,5526,6850,2315,4255,7500,3980,8300,2220,15450,2470
"2020-09-16",15800,33800,33450,5565,6630,2315,4145,7500,4100,8400,2260,15250,2480
"2020-09-17",15800,32500,32950,5457,6400,2315,4165,7270,3865,8490,2290,15050,2580
"2020-09-18",15700,32800,32750,5565,6550,2315,4190,7270,3920,8230,2295,15250,2575
"2020-09-21",14850,31550,32300,5457,6590,2315,3970,7110,3900,8150,2450,15000,2510
"2020-09-22",15700,30350,31100,5064,6220,2315,3735,6970,4090,7950,2470,14550,2415
"2020-09-23",15050,30500,31100,5074,6370,2315,3760,6890,4200,8180,2495,14950,2415
"2020-09-24",14800,28200,30300,4809,6370,2315,3560,6700,4260,8000,2340,14050,2350
"2020-09-25",14700,28200,30750,4927,6250,2315,3610,6850,3950,8070,2145,13950,2290
"2020-09-28",15800,29600,31500,5163,6390,2315,3860,7020,4210,8060,2505,14250,2380
"2020-09-29",15550,30000,31300,5221,6590,2315,3900,7100,4335,8150,2475,14450,2340
"2020-10-05",15100,30000,31100,5172,6630,2285,3965,7130,4455,8190,2595,14900,2310
"2020-10-06",15150,29500,30600,5182,6520,2190,4005,7170,4395,7990,2520,14950,2385
"2020-10-07",15050,29550,30900,5320,6640,2140,3995,7210,4335,7940,2795,15000,2565
"2020-10-08",15550,29500,30800,5437,6950,2300,4160,7220,4510,8050,3035,14900,2495
"2020-10-12",16200,29000,30950,5496,6840,2670,4170,7300,4875,8070,3020,14900,2715
"2020-10-13",16500,28550,30700,5536,6910,2795,4250,7300,5310,8010,3375,14850,2630
"2020-10-14",15750,27750,30900,5575,6650,2690,4200,7230,5130,8070,3160,14800,2560
"2020-10-15",16450,26500,30750,5251,6390,2550,3940,7200,5110,8130,3130,14650,2510
"2020-10-16",15650,25400,30250,5055,6180,2420,3730,7150,5070,8000,3105,14250,2535
"2020-10-19",14850,25400,30100,4907,6070,2415,3575,7160,5140,8100,2885,14050,2555
"2020-10-20",15000,25450,30000,4937,6020,2435,3640,7150,4920,8000,2935,13900,2680
"2020-10-21",15000,26800,30000,4966,6190,2350,3685,7230,4685,8010,2970,14150,2610
"2020-10-22",14450,25100,29700,4844,6090,2370,3520,7160,4250,7990,2780,14050,2625
"2020-10-23",14350,25050,29200,4834,5970,2285,3565,7240,4330,7970,2730,13900,2535
"2020-10-26",13600,23700,27800,4647,5640,2185,3355,7130,3990,7870,2400,13700,2545
"2020-10-27",13300,23750,27600,4534,5650,2205,3310,7130,3950,7690,2485,13600,2560
"2020-10-28",13600,24800,28350,4642,5800,2315,3460,7130,4145,7740,2545,13150,2635
"2020-10-29",13500,24850,28450,4574,5690,2215,3415,7050,4145,7850,2490,13100,2585
"2020-10-30",13250,24050,27200,4422,5520,2120,3325,6930,4220,7660,2545,12750,2635
"2020-11-02",13200,24600,27250,4618,5830,2150,3530,7000,4335,7800,2645,13100,2860
"2020-11-03",13200,26300,28000,4750,6080,2280,3530,7150,4330,7930,2680,13200,2840
"2020-11-04",13150,26500,28200,4691,6060,2185,3520,7150,4390,8080,2695,13500,2805
"2020-11-05",13300,26700,28800,4795,6160,2205,3590,7110,4405,8060,2710,13950,2830
"2020-11-06",13850,26300,28600,4785,6110,2180,3485,7050,4335,8020,2660,13950,2690
"2020-11-09",13750,26300,28900,4898,6290,2200,3725,7140,4365,8020,2740,14000,2820
"2020-11-10",13300,26000,28750,4903,6200,2160,3685,7140,4370,8000,2700,13950,2825
"2020-11-11",12750,26000,28300,4858,6090,2130,3675,7170,4360,8000,2845,13950,2890
"2020-11-12",12750,27450,28050,4863,6130,2140,3540,7230,4225,8080,2975,13900,3030
"2020-11-13",13150,27400,28300,5094,6030,2100,3480,7240,4250,8000,2940,13700,3100
"2020-11-16",12900,26600,28400,5202,6080,2170,3555,7260,4240,7970,2900,13200,3290
"2020-11-17",12700,27800,28300,5369,6120,2220,3505,7250,4160,8000,2810,13400,3370
"2020-11-18",12850,28650,28200,5349,6170,2515,3550,7310,4110,7910,2950,13500,3535
"2020-11-19",12750,28850,27950,5329,6260,2920,3560,7270,4150,8010,2885,13550,3005
"2020-11-20",12850,28850,28400,5536,6350,2935,3630,7230,4225,7980,2605,13750,2930
"2020-11-23",12850,28800,28450,5673,6300,3240,3580,7230,4175,8000,2570,13950,3010
"2020-11-24",12750,29400,28850,5290,6350,3125,3630,7240,4420,8020,2590,15000,3235
"2020-11-25",12700,28650,28450,5123,6300,3100,3530,7260,4205,8000,2570,14200,3230
"2020-11-26",12500,27500,28300,5251,6230,2970,3590,7270,4370,7860,2580,14350,3150
"2020-11-27",12250,27750,28200,5143,6270,3860,3650,7290,4330,7870,2555,14450,3115
"2020-11-30",12750,27450,28700,5104,6370,3780,3640,7370,4235,7840,2440,14600,3025
"2020-12-01",12700,26700,28650,5025,6380,3995,3630,7450,4215,7900,2540,14500,3220
"2020-12-02",12600,27000,30700,5104,6440,3970,3740,7560,4280,7890,2465,14450,3155
"2020-12-03",12350,26700,29950,5006,6350,4030,3800,7650,4165,7880,2405,14450,3150
"2020-12-04",12350,26600,30000,5114,6430,4210,3860,7680,4050,7890,2380,14350,3150
"2020-12-07",12350,26550,29300,4976,6160,4265,3770,7650,4000,7860,2305,13800,3110
"2020-12-08",12450,26450,29250,4956,6330,3635,3920,7490,3980,7760,2485,13900,3000
"2020-12-09",12450,26000,29400,4996,6420,3440,3930,7450,4045,7870,2405,13900,3235
"2020-12-10",12850,25550,29450,5015,6390,3590,4085,7640,4060,8000,2465,14050,3325
"2020-12-11",13700,26000,29850,5045,6400,3590,3965,7690,4015,7970,2540,14150,3475
"2020-12-14",14100,25600,29500,4986,6290,3895,3885,7600,3975,8050,2545,14150,3740
"2020-12-15",13300,25950,29300,5006,6200,3935,3835,7620,4025,7800,2750,14050,3910
"2020-12-16",12900,26250,29850,5055,6220,3970,3930,7920,4000,8030,2770,14250,3870
"2020-12-17",13400,26500,30200,5015,6340,3965,4050,8000,4030,7890,2755,14700,3800
"2020-12-18",13300,26600,29950,5300,7270,4050,4190,7990,3980,7980,2715,15250,3820
"2020-12-21",12900,26300,29750,5516,7840,3995,4270,7950,3860,7960,2900,15600,4580
"2020-12-22",13550,24900,29500,5447,7800,3950,4070,7930,3960,7970,2600,15550,4350
"2020-12-23",13000,24550,29650,5339,7480,3460,4345,7960,4240,7980,2660,15950,4420
"2020-12-24",12700,25750,29500,5339,7400,3315,4235,8000,4125,8060,2645,15650,4575
"2020-12-28",12600,25200,28950,5300,7010,3140,4220,8200,4030,8050,2440,15300,4640
"2020-12-29",13000,26800,29700,5490,7390,3290,4225,8200,4135,8070,2450,15550,4935
"2020-12-30",13150,27250,29700,5550,7540,3325,4260,8120,4315,8230,2525,15600,4550
"2021-01-04",12900,27900,29750,5990,7770,3180,4280,8240,4485,8310,2455,16300,4755
"2021-01-05",12650,28300,30600,5920,7730,3145,4330,8270,4675,8300,2430,17000,4695
"2021-01-06",13950,27400,29900,6070,8420,3075,5100,8830,4440,8270,2485,17850,4850
"2021-01-07",14500,27600,30100,5990,8700,3050,5210,8980,4695,8350,2510,18400,4800
"2021-01-08",13950,27800,29900,5760,10200,3020,5640,9040,4720,8410,2410,18800,4630
"2021-01-11",13050,28100,29350,6060,10550,2880,5450,8860,4940,8300,2310,19000,4600
"2021-01-12",13100,28150,29550,5900,10700,2805,5500,8770,4540,8440,2300,19250,4900
"2021-01-13",13100,28600,30200,6300,10800,2820,5600,8720,4620,8390,2310,19550,4785
"2021-01-14",13700,28900,31850,6190,10700,2820,5800,9000,4515,8400,2310,20300,4690
"2021-01-15",13350,28400,31000,6250,11000,2720,5580,9000,4465,8250,2245,21000,4735
"2021-01-18",13050,28450,30100,6140,10400,2600,5090,8970,4250,8170,2225,19400,5330
"2021-01-19",13000,29450,30800,6450,9970,2760,5120,9060,4445,8200,2225,18850,5600
"2021-01-20",13100,31600,30900,6470,9760,2750,5070,9180,4760,8190,2220,19500,6030
"2021-01-21",12800,31800,30850,6810,9930,2730,4910,9010,4680,8350,2360,20600,6800
"2021-01-22",12600,33500,31300,6690,9750,2830,4830,8930,4620,8380,2310,20450,6600
