"","036460","015350","017390","004690","016710","015360","117580","034590","267290","003480","012320","053050"
"2016-01-25",33550,32550,89000,88700,9340,35350,5890,29500,NA,4110,82830,1885
"2016-01-26",32950,32500,89000,86200,9350,35050,5900,28550,NA,4090,79789,1870
"2016-01-27",34950,32500,87900,87900,9330,35450,5930,27800,NA,4200,79160,1855
"2016-01-28",36850,32300,88100,91300,9370,35400,6020,27900,NA,4400,80104,1865
"2016-01-29",37350,32250,88000,92600,9370,35350,6030,28200,NA,4440,80523,1895
"2016-02-01",37600,32350,88000,92600,9350,35800,6050,28450,NA,4400,81781,1885
"2016-02-02",36650,32300,88400,93900,9230,35700,6040,28550,NA,4475,81781,1905
"2016-02-03",35200,32300,87500,93800,9200,36000,6050,28550,NA,4365,82620,1910
"2016-02-04",36650,32250,87100,95800,9190,36250,6110,28600,NA,4550,83039,1910
"2016-02-05",36750,31700,86500,96300,9270,36650,6080,28400,NA,4670,83878,1935
"2016-02-11",36200,31250,83900,94500,9180,35450,5910,28200,NA,4455,81257,1910
"2016-02-12",36450,31000,83000,92000,9050,34700,5780,27750,NA,4525,81047,1900
"2016-02-15",37250,31050,81700,95800,9030,35200,5860,27750,NA,4710,81257,1925
"2016-02-16",37000,30900,80200,98500,9030,35850,5870,27950,NA,4730,81781,1920
"2016-02-17",37600,30950,80200,97000,9150,36100,5880,28250,NA,4770,82096,1945
"2016-02-18",38000,31250,80200,97000,9190,36450,5930,28500,NA,4950,80942,1980
"2016-02-19",37200,31000,75100,97400,9090,36150,5870,28250,NA,5000,77168,1970
"2016-02-22",36550,31000,75700,97400,9090,36150,5900,28450,NA,5030,77063,1970
"2016-02-23",37650,31100,76300,98200,9130,36200,5910,28250,NA,5090,77797,2000
"2016-02-24",37400,31600,76300,99100,9150,35900,5880,28300,NA,5100,79055,1960
"2016-02-25",38700,31800,75400,98700,9170,36200,5900,28600,NA,5220,79160,1970
"2016-02-26",39100,31650,75700,99300,9120,36000,6000,28400,NA,5140,82305,1975
"2016-02-29",38400,32300,77000,97100,9090,36400,6040,28700,NA,5200,81257,1975
"2016-03-02",39800,32700,77100,96600,9060,36650,6100,29100,NA,5340,81676,1985
"2016-03-03",39750,32950,79100,97700,9390,36750,6110,29150,NA,5420,82410,1990
"2016-03-04",40200,33000,79300,99400,9350,36950,6100,29200,NA,5570,82201,1990
"2016-03-07",41200,32750,79300,100000,9330,36700,6120,29500,NA,5970,82620,2010
"2016-03-08",41100,32400,78800,102000,9330,36450,6190,29150,NA,5970,83039,2000
"2016-03-09",41100,32200,79000,99900,9250,36300,6190,29150,NA,5990,83773,2005
"2016-03-10",41500,32700,80000,101000,9330,37100,6210,29550,NA,5820,84193,2005
"2016-03-11",40500,33450,80600,102000,9450,37350,6230,29550,NA,5840,84298,2005
"2016-03-14",40500,33750,82400,100500,9390,37100,6230,29350,NA,5780,84088,1995
"2016-03-15",39600,33500,82100,100500,9190,37350,6160,29100,NA,5710,83878,1985
"2016-03-16",38750,33650,80900,102000,9290,36950,6200,28750,NA,5750,83459,1990
"2016-03-17",39750,33500,79600,103000,9260,37000,6190,29100,NA,5800,83773,1995
"2016-03-18",39700,32850,80200,101000,9340,37050,6200,29150,NA,5800,84088,2010
"2016-03-21",39550,32600,80400,102500,9340,37050,6200,29150,NA,5900,83878,2000
"2016-03-22",39450,32400,79700,103500,9550,37000,6190,29000,NA,5980,83249,2005
"2016-03-23",39300,32200,80600,105500,9730,37100,6210,29500,NA,5920,82830,2010
"2016-03-24",38600,31850,80300,105500,9730,37100,6190,29300,NA,5800,81886,1985
"2016-03-25",38350,31750,80500,105000,9750,36900,6200,29400,NA,5840,81886,1990
"2016-03-28",37900,31700,80200,102500,9640,36600,6190,29350,NA,5730,82201,1985
"2016-03-29",38900,32000,80800,105000,9650,37000,6160,29450,NA,5740,82201,1985
"2016-03-30",38750,31650,81500,106000,9790,37000,6230,29250,NA,5730,82515,1990
"2016-03-31",38350,32300,81600,105000,9780,37000,6220,29300,NA,5680,82410,1995
"2016-04-01",38000,32650,82000,104500,9720,37250,6150,29300,NA,5680,82620,2005
"2016-04-04",37700,33050,82300,105000,9620,36900,6130,29200,NA,5500,82620,2025
"2016-04-05",37700,33200,82500,106000,9780,37000,6200,29300,NA,5470,82305,2035
"2016-04-06",37650,33000,81900,106500,9830,37100,6310,29350,NA,5410,82725,2055
"2016-04-07",37900,32850,83000,106500,9790,37100,6340,29750,NA,5570,83039,2030
"2016-04-08",38000,33300,82900,106500,9780,37200,6280,29700,NA,5570,83354,2040
"2016-04-11",38700,33100,83500,106000,9870,37350,6260,29800,NA,5520,83459,2015
"2016-04-12",39250,33000,85500,106500,9920,37600,6290,30150,NA,5680,84507,2025
"2016-04-14",39850,33000,87900,107500,9940,37650,6290,30300,NA,5960,84612,2030
"2016-04-15",39600,33000,91400,106500,9900,37650,6240,30300,NA,5930,84612,2030
"2016-04-18",39100,32850,93400,107000,9790,37800,6250,30350,NA,5880,84717,2035
"2016-04-19",40100,32900,92300,109500,9920,37450,6300,30200,NA,6020,84717,2050
"2016-04-20",41250,32950,93200,110500,9920,37600,6290,30200,NA,5940,84717,2065
"2016-04-21",41600,33350,93100,110500,10150,37700,6280,30200,NA,5980,83983,2055
"2016-04-22",41050,33000,93000,111500,10350,37800,6340,30150,NA,5810,83144,2070
"2016-04-25",41000,32950,91900,111000,10350,37400,6400,30100,NA,5800,82515,2060
"2016-04-26",40650,32900,90100,111500,10100,37400,6350,30000,NA,5790,81362,2070
"2016-04-27",40600,33050,89000,110500,10000,37400,6300,29850,NA,5660,80733,2055
"2016-04-28",41000,32800,87700,108000,9950,37350,6310,29900,NA,5510,82830,2030
"2016-04-29",41450,32900,87400,107500,9930,37350,6280,29950,NA,5480,83459,2030
"2016-05-02",42100,32900,87900,108000,9720,37100,6210,29800,NA,5330,83564,2050
"2016-05-03",42650,33000,88000,105500,9750,37200,6250,29900,NA,5400,84927,2045
"2016-05-04",41450,32800,88000,102500,9750,37400,6230,29850,NA,5240,84298,2045
"2016-05-09",41550,32150,88200,106000,9600,37400,6120,29950,NA,5240,84402,2035
"2016-05-10",40650,32500,88300,109000,9630,37050,6190,29950,NA,5300,84402,2050
"2016-05-11",41850,32900,88400,110500,9640,37350,6200,29950,NA,5550,84402,2045
"2016-05-12",42500,33200,88500,111000,9680,37100,6220,30600,NA,5480,84402,2045
"2016-05-13",42700,33000,89800,108500,9720,38000,6170,30100,NA,5400,84402,2060
"2016-05-16",43250,32900,90000,111000,9660,37550,6180,30400,NA,5330,84193,2110
"2016-05-17",42950,32600,90100,111500,9690,38800,6270,30250,NA,5150,84088,2100
"2016-05-18",42300,32850,89900,111000,9750,39000,6300,30000,NA,5080,83564,2115
"2016-05-19",41600,32900,89000,109000,9750,38800,6320,29950,NA,4900,83983,2075
"2016-05-20",39700,33050,88600,110000,9700,38650,6290,30300,NA,5100,84193,2075
"2016-05-23",39650,33100,88300,110500,9660,38200,6290,30300,NA,5060,85241,2095
"2016-05-24",39500,32650,88000,108000,9620,37700,6280,29900,NA,4950,84402,2105
"2016-05-25",39600,32900,88000,107500,9600,37850,6270,29900,NA,5120,84402,2105
"2016-05-26",39650,32950,88000,106500,9600,37450,6250,29850,NA,4890,84402,2110
"2016-05-27",39850,32850,88700,106000,9650,37500,6240,29850,NA,4880,84402,2115
"2016-05-30",39350,32950,88400,106000,9540,37200,6200,29950,NA,4860,84402,2105
"2016-05-31",39750,33100,87400,106000,9610,37350,6220,30000,NA,4755,83878,2110
"2016-06-01",39550,33100,87400,108500,9670,37350,6220,30000,NA,4900,84402,2115
"2016-06-02",39050,33500,87500,112000,9730,38000,6240,31150,NA,4900,84088,2105
"2016-06-03",39050,33800,86400,112000,9730,37950,6240,31000,NA,5030,84402,2090
"2016-06-07",40100,33950,87000,111500,9720,37900,6490,31250,NA,5060,84088,2100
"2016-06-08",40100,34150,87100,112500,9720,37950,6470,31000,NA,4980,84193,2125
"2016-06-09",40850,34150,86900,110500,9690,37550,6400,30700,NA,4980,83249,2190
"2016-06-10",41950,34250,87200,110500,9700,38200,6470,30300,NA,5100,84193,2190
"2016-06-13",40600,34300,86000,110000,9640,39050,6310,30600,NA,4950,83564,2180
"2016-06-14",41250,34300,85800,111000,9670,38950,6260,30450,NA,4975,83354,2170
"2016-06-15",41500,34450,85200,109000,9650,38400,6250,29950,NA,5040,81781,2180
"2016-06-16",40400,34450,85000,106000,9540,38000,6200,30000,NA,4860,83459,2160
"2016-06-17",40550,34150,86600,105000,9600,38650,6270,30100,NA,4855,81781,2160
"2016-06-20",41000,33750,85000,106500,9560,39300,6270,30500,NA,4990,83354,2175
"2016-06-21",39750,34000,85500,104500,9590,39300,6270,30600,NA,5060,83144,2185
"2016-06-22",39850,34300,85000,107000,9630,38500,6280,30600,NA,5180,84717,2190
"2016-06-23",39950,34200,85600,109000,9540,38750,6320,30200,NA,5110,83773,2190
"2016-06-24",38100,33750,85800,105000,9160,38100,6110,29950,NA,4995,82830,2115
"2016-06-27",38350,33800,85100,103500,9110,38200,6180,30450,NA,4845,83354,2160
"2016-06-28",39050,33800,85200,103500,9120,39150,6210,30250,NA,4850,83144,2175
"2016-06-29",39300,33650,85500,105000,9430,39300,6220,30700,NA,4850,83459,2135
"2016-06-30",39750,33800,86400,106000,9440,40250,6230,30600,NA,5230,83039,2110
"2016-07-01",39500,33950,84000,106000,9530,41950,6360,30800,NA,5100,83144,2150
"2016-07-04",39600,33800,81600,108500,9360,40350,6390,30850,NA,5150,83249,2185
"2016-07-05",39800,34200,80900,109000,9260,39850,6320,30800,NA,5170,82725,2185
"2016-07-06",39250,34150,80800,106500,9140,39900,6340,30600,NA,5030,81991,2175
"2016-07-07",39550,34100,79500,106000,9190,39800,6370,30600,NA,5040,82725,2155
"2016-07-08",39050,34100,79000,105500,9160,39900,6370,30650,NA,5010,82201,2240
"2016-07-11",39750,34200,78700,105000,9170,39900,6370,31050,NA,5070,82725,2300
"2016-07-12",39450,34000,78700,104000,9170,39900,6380,31050,NA,5100,81571,2215
"2016-07-13",39700,33950,77900,104500,9140,39850,6370,31200,NA,5100,81362,2180
"2016-07-14",39800,33800,80000,105000,9120,39850,6290,31050,NA,5090,82620,2135
"2016-07-15",40100,33700,80000,105500,9120,40700,6360,31550,NA,5100,82830,2155
"2016-07-18",39800,33700,81100,106500,9160,40600,6360,31600,NA,5150,83039,2125
"2016-07-19",40050,33800,80800,104500,9150,40850,6380,31650,NA,5150,82830,2125
"2016-07-20",40100,33800,80800,106000,9090,40600,6360,31700,NA,5060,83878,2160
"2016-07-21",40600,33900,80600,105500,9100,40250,6350,31750,NA,5130,83249,2145
"2016-07-22",40400,33900,80500,105500,9120,39500,6370,31150,NA,5260,82934,2110
"2016-07-25",40400,33750,80300,106000,9080,38850,6360,31500,NA,5400,82305,2115
"2016-07-26",41500,34050,81000,107500,9150,39350,6470,31600,NA,5420,82410,2130
"2016-07-27",41800,33850,80500,107500,9210,38850,6440,31400,NA,5560,82096,2145
"2016-07-28",41900,33800,79500,107000,9220,39300,6440,31150,NA,5680,83249,2160
"2016-07-29",42300,34000,80000,106500,9490,39050,6460,31200,NA,5670,83039,2155
"2016-08-01",42350,34250,80600,107500,9600,39450,6600,31400,NA,5680,83249,2145
"2016-08-02",42500,34000,81100,108500,9440,39850,6590,31400,NA,5630,83564,2130
"2016-08-03",41700,34100,80000,108000,9470,39400,6610,31400,NA,5690,83773,2140
"2016-08-04",41650,34250,82000,108500,9570,39650,6670,31700,NA,5720,82934,2130
"2016-08-05",42100,34350,82300,108000,9600,39500,6740,31750,NA,5760,82934,2100
"2016-08-08",42600,34450,82300,108500,9520,39100,6700,32000,NA,5870,82934,2090
"2016-08-09",43100,34250,82900,108000,9500,39450,6680,32000,NA,5910,82515,2110
"2016-08-10",44250,34500,85300,110000,9290,40400,6610,31950,NA,6000,83878,2185
"2016-08-11",45000,34500,83400,109000,9230,40300,6510,31750,NA,6020,82934,2190
"2016-08-12",44800,35000,85800,108000,9170,40000,6560,31550,NA,6000,83668,2200
"2016-08-16",43750,34750,84000,107500,9140,39950,6530,31550,NA,5830,83144,2190
"2016-08-17",44700,34850,86700,107500,9140,40000,6510,31250,NA,5670,82096,2150
"2016-08-18",44100,34750,86900,106500,9140,40300,6500,31350,NA,5680,82410,2160
"2016-08-19",43900,34750,86800,105000,9190,39800,6590,31350,NA,5760,82410,2135
"2016-08-22",42900,35950,86700,104500,9070,38850,6390,31100,NA,5600,82410,2095
"2016-08-23",42700,35800,86000,104000,9100,39350,6360,31050,NA,5600,81047,2060
"2016-08-24",42700,36100,84600,104000,9150,39000,6300,31150,NA,5640,81257,2060
"2016-08-25",43000,36200,86300,104000,9120,39100,6370,31100,NA,5620,81467,2100
"2016-08-26",43000,36150,86000,104000,9110,39500,6350,31150,NA,5570,82201,2070
"2016-08-29",42150,35800,85800,102000,9100,38750,6280,31250,NA,5400,80523,2040
"2016-08-30",42400,36000,85300,101500,9110,38600,6270,31300,NA,5350,81257,2055
"2016-08-31",42450,35750,85300,101500,9100,39450,6300,31400,NA,5440,80208,2050
"2016-09-01",42650,35250,86600,100000,9110,38700,6300,31350,NA,5400,78636,2100
"2016-09-02",41850,34800,86500,101500,9100,38400,6270,31400,NA,5400,78426,2085
"2016-09-05",42000,34800,86500,100500,9060,38300,6270,31400,NA,5320,78426,2080
"2016-09-06",42250,34750,86600,99800,9100,38350,6280,31000,NA,5260,77587,2050
"2016-09-07",43150,34650,85700,100000,9080,38300,6270,30950,NA,5280,78007,2080
"2016-09-08",43300,35200,85500,101500,9050,38100,6280,31700,NA,5200,76853,2070
"2016-09-09",44100,34600,85500,99300,9060,37900,6210,31450,NA,5050,78531,2050
"2016-09-12",43300,34550,84500,98800,9060,37550,6140,31200,NA,5010,79370,2060
"2016-09-13",43050,34350,84800,97700,9100,37600,6200,31450,NA,5160,79265,2075
"2016-09-19",43200,34900,84800,99400,9110,37600,6210,31850,NA,5220,79579,2090
"2016-09-20",43550,35200,85800,102000,9120,38400,6230,31450,NA,5570,78741,2095
"2016-09-21",43400,35000,85700,99600,9160,37950,6220,31400,NA,5690,78531,2100
"2016-09-22",43500,34250,86500,101000,9160,37900,6290,31300,NA,5750,79894,2115
"2016-09-23",43850,34500,86300,102500,9140,37900,6290,31500,NA,5790,79265,2135
"2016-09-26",43150,34200,86000,99700,9140,38100,6370,31600,NA,5810,79475,2135
"2016-09-27",43200,34300,86500,100500,9170,37850,6360,31500,NA,5790,80104,2135
"2016-09-28",43150,34250,87600,100500,9190,37750,6350,31500,NA,5650,79475,2160
"2016-09-29",44750,34550,87600,100500,9200,38000,6360,31450,NA,5700,79475,2150
"2016-09-30",44200,34350,86000,100500,9170,37600,6360,31800,NA,5620,79684,2155
"2016-10-04",44400,34700,86700,102000,9180,37600,6380,31650,NA,5620,79579,2160
"2016-10-05",44450,34400,84600,102500,9600,37800,6490,31150,NA,5660,79160,2165
"2016-10-06",44250,34500,83300,102000,10100,38200,6500,31050,NA,5750,79475,2160
"2016-10-07",44550,34550,83200,100000,9700,38700,6420,31000,NA,5670,78845,2130
"2016-10-10",45200,34650,83500,100500,9570,38450,6400,31100,NA,5780,78531,2125
"2016-10-11",45500,34650,83400,102000,9390,38250,6360,31200,NA,5890,78321,2115
"2016-10-12",44450,34650,83700,101500,9440,38150,6390,31250,NA,5980,78111,2155
"2016-10-13",43750,34550,83700,101000,9300,37650,6380,31000,NA,5940,77797,2225
"2016-10-14",43600,34350,82500,101000,9610,37700,6490,31050,NA,6020,77587,2160
"2016-10-17",44000,34350,84000,100000,9350,37700,6550,31100,NA,5960,76119,2270
"2016-10-18",44850,34200,83900,99900,9510,37950,6520,31100,NA,5890,76119,2235
"2016-10-19",44200,34250,84800,99900,9830,37750,6480,31150,NA,5720,76119,2270
"2016-10-20",44250,34500,82800,99900,9620,38400,6540,31300,NA,5710,75071,2205
"2016-10-21",45750,34400,83900,99400,9700,38200,6500,31300,NA,5860,72555,2235
"2016-10-24",46000,34250,82500,99900,9810,38600,6710,31500,NA,5730,71506,2385
"2016-10-25",47050,34200,82700,99800,9950,38600,6540,31100,NA,5600,70982,2450
"2016-10-26",46450,34000,82200,98500,9600,37850,6340,31050,NA,5400,70458,2305
"2016-10-27",45850,34150,82000,98800,9400,38000,6430,30900,NA,5420,70772,2300
"2016-10-28",45500,34250,80800,98100,9510,37700,6330,31250,NA,5370,70877,2245
"2016-10-31",46350,34300,79900,97600,9230,37700,6440,31300,NA,5200,70982,2160
"2016-11-01",46500,33950,79400,97900,9060,37750,6450,31100,NA,5210,68990,2185
"2016-11-02",47000,33850,78400,95600,8880,37500,6310,31100,NA,5280,65110,2110
"2016-11-03",46000,34000,78200,95300,8880,37150,6390,30950,NA,5360,63223,2130
"2016-11-04",46400,34100,79500,94900,9440,37000,6560,31200,NA,5330,62594,2150
"2016-11-07",46600,34100,79500,96500,9330,37500,6490,31200,NA,5300,67627,2200
"2016-11-08",46000,33950,78800,96500,9350,37150,6400,31450,NA,5230,69199,2155
"2016-11-09",45600,33900,78700,97000,9130,37050,6290,31250,NA,5120,68466,2100
"2016-11-10",45250,34100,78900,98900,9300,37550,6480,31300,NA,5240,73393,2180
"2016-11-11",43800,34050,78400,98500,9820,37200,6520,31200,NA,5310,71401,2165
"2016-11-14",43750,34150,79100,98500,9820,37300,6470,31350,NA,5380,71296,2140
"2016-11-15",43750,34400,79600,98300,9770,37000,6450,31000,NA,5440,73079,2090
"2016-11-16",43700,34700,79500,98800,9840,37000,6450,31000,NA,5440,73393,2115
"2016-11-17",43450,34700,80700,99000,9870,36900,6480,31000,NA,5490,73918,2090
"2016-11-18",43000,34750,81000,98200,9870,37000,6400,31050,NA,5460,74652,2090
"2016-11-21",42900,34750,80900,98000,9700,37000,6410,31050,NA,5340,73708,2085
"2016-11-22",44700,34700,79900,97400,9680,36750,6410,31000,NA,5410,73393,2125
"2016-11-23",44850,34250,80500,99800,9690,36950,6410,31000,NA,5440,72974,2110
"2016-11-24",44850,34500,80500,99700,9590,36950,6370,31000,NA,5410,73393,2085
"2016-11-25",44850,34650,79200,99000,9850,36800,6400,31100,NA,5370,73393,2085
"2016-11-28",44000,34850,80600,99500,9990,36600,6390,31000,NA,5230,72974,2060
"2016-11-29",43400,35000,80500,99800,10050,36600,6400,31000,NA,5100,72974,2090
"2016-11-30",42850,35100,80900,98100,9960,37100,6390,31050,NA,5040,72345,2095
"2016-12-01",44800,35050,80900,99000,9960,36850,6380,31150,NA,4960,72869,2085
"2016-12-02",44750,35250,79700,99700,9680,36850,6320,31200,NA,4880,72974,2050
"2016-12-05",45450,34850,80000,99700,9630,36600,6280,31350,NA,4820,73079,2105
"2016-12-06",45950,35150,80700,99200,9700,36550,6280,31200,NA,4940,72869,2110
"2016-12-07",45450,34800,80600,100500,9650,36900,6280,31500,NA,4865,73393,2085
"2016-12-08",47100,35300,80600,101500,9720,37200,6310,31300,NA,4890,73393,2105
"2016-12-09",47250,35300,79600,102500,9640,36650,6330,31400,NA,4810,73393,2130
"2016-12-12",48650,35500,79600,102000,9890,37000,6370,31400,NA,4685,74547,2140
"2016-12-13",48400,35600,80100,101000,10000,37300,6340,31300,NA,4785,74966,2155
"2016-12-14",48400,35800,80100,100500,9870,37150,6290,31750,NA,4730,74127,2160
"2016-12-15",48850,35750,80100,102500,9730,37650,6360,31400,NA,4775,74442,2145
"2016-12-16",48750,35550,79600,101000,9680,37800,6410,31600,NA,4815,74861,2160
"2016-12-19",48500,35250,80200,101500,9850,37350,6430,31750,NA,4705,75385,2165
"2016-12-20",47750,35250,80100,101000,9850,37350,6460,31900,NA,4715,76119,2165
"2016-12-21",47800,35300,80900,101000,10000,37450,6490,31950,NA,4680,76853,2170
"2016-12-22",47950,35350,81100,100500,10150,37150,6480,31900,NA,4735,76853,2195
"2016-12-23",48250,35350,81000,101000,9950,37500,6480,32050,NA,4765,77273,2180
"2016-12-26",49050,35350,81400,101500,9840,37500,6470,32050,NA,4760,77273,2160
"2016-12-27",49050,35550,82200,102000,9950,37350,6500,32050,NA,4740,79999,2165
"2016-12-28",49300,35450,82500,101000,10000,36650,6350,31200,NA,4960,78426,2140
"2016-12-29",48450,35650,82200,101500,10000,37100,6400,30950,NA,5050,80418,2145
"2017-01-02",48300,35750,81100,100000,9950,36550,6370,30400,NA,5110,79684,2130
"2017-01-03",47600,36300,81200,100500,10000,36500,6450,30250,NA,4990,79684,2140
"2017-01-04",47850,36000,81500,99200,9960,36450,6440,30400,NA,4935,77063,2150
"2017-01-05",47200,35400,82000,98700,9860,36600,6450,30300,NA,5030,78111,2305
"2017-01-06",47750,36100,82500,98400,9850,36900,6440,30500,NA,5020,77273,2255
"2017-01-09",47550,35950,82300,98700,9760,36700,6360,30500,NA,5070,76853,2300
"2017-01-10",47700,35900,81900,98600,9570,36500,6270,30150,NA,5000,77902,2260
"2017-01-11",48700,35400,81700,98100,9560,36700,6270,30500,NA,5000,78007,2260
"2017-01-12",48200,35000,81900,98200,9550,37200,6280,30400,NA,5160,78007,2220
"2017-01-13",47750,34150,81200,97500,9690,36700,6260,30250,NA,5110,77692,2265
"2017-01-16",48000,34500,81600,97200,9720,36500,6270,30400,NA,5000,77692,2255
"2017-01-17",47550,34450,81400,97300,9710,36500,6290,30250,NA,5110,78007,2260
"2017-01-18",47950,34450,80800,98000,9730,36600,6260,30350,NA,4965,78111,2270
"2017-01-19",47200,34350,80300,97300,9690,36550,6260,30200,NA,5050,78111,2225
"2017-01-20",47550,34700,80300,96800,9600,36900,6270,30350,NA,4960,77587,2220
"2017-01-23",46200,34500,80300,97400,9570,36950,6200,30300,NA,4960,78111,2190
"2017-01-24",45800,34450,80400,97700,9310,36800,6180,30000,NA,4880,80104,2140
"2017-01-25",45800,34200,80100,97000,9200,36650,6150,30400,NA,4520,79579,2130
"2017-01-26",45900,34400,80100,97800,9350,36600,6240,30200,NA,4650,79055,2175
"2017-01-31",46300,34300,80200,96900,9290,36350,6240,29950,NA,4520,79789,2155
"2017-02-01",46800,34450,79900,97500,9280,36800,6260,30000,NA,4600,79999,2200
"2017-02-02",46950,34400,80000,97700,9400,36850,6210,30450,NA,4540,78426,2180
"2017-02-03",46050,34500,79000,97800,9340,36650,6190,30350,NA,4445,78950,2150
"2017-02-06",46050,34200,79000,97400,9220,36500,6180,30100,NA,4390,78426,2160
"2017-02-07",46550,34400,79300,97500,9270,36450,6130,30050,NA,4300,77482,2150
"2017-02-08",46700,34250,78700,97500,9230,36700,6140,30000,NA,4360,77378,2150
"2017-02-09",47800,34500,79200,97200,9180,36650,6240,30100,NA,4415,78111,2160
"2017-02-10",47700,34650,79300,97200,9150,37150,6190,29900,NA,4480,78636,2155
"2017-02-13",48900,34900,81300,97400,9240,37300,6190,30100,NA,4515,77797,2165
"2017-02-14",48500,34900,81500,97300,9200,37350,6150,30000,NA,4475,78845,2200
"2017-02-15",49150,34550,81700,97800,9200,37550,6160,30100,NA,4515,79370,2200
"2017-02-16",48500,34850,80800,97700,9160,37550,6170,29950,NA,4500,78741,2190
"2017-02-17",48400,34900,80800,98500,9060,37400,6190,30000,NA,4505,78636,2055
"2017-02-20",48550,35000,80500,98000,9090,37200,6170,30050,NA,4475,78636,2020
"2017-02-21",48650,35200,80600,98300,9210,37500,6200,29900,NA,4490,77482,2040
"2017-02-22",48250,35250,80500,98500,9140,37400,6210,30000,NA,4725,77587,2025
"2017-02-23",48800,35300,80500,97400,9090,37250,6210,30050,NA,4775,77482,2010
"2017-02-24",49150,35300,80900,97900,9110,37350,6210,30050,NA,4790,77692,2015
"2017-02-27",48850,35250,79800,97000,9080,37150,6210,30050,NA,4800,77797,1990
"2017-02-28",48950,35200,79900,97200,9100,37250,6230,30000,NA,4830,77902,1975
"2017-03-02",48200,34950,79900,97300,9140,37100,6260,30100,NA,4965,77063,1950
"2017-03-03",47500,34950,79700,98300,9090,37100,6250,30150,NA,4790,76539,1895
"2017-03-06",47300,35000,80000,98500,8980,36900,6200,30000,NA,4900,76539,1925
"2017-03-07",47750,35400,80000,98800,8970,36900,6220,29950,NA,5280,75595,1910
"2017-03-08",48450,35300,78700,99700,9200,36850,6240,29950,NA,5320,74756,1915
"2017-03-09",46950,35300,79500,100000,9160,37050,6240,29950,NA,5370,74966,1925
"2017-03-10",47200,35200,79900,101000,9080,37150,6240,30000,NA,5430,73918,1945
"2017-03-13",47350,35100,79700,100500,9100,37100,6240,29900,NA,5390,74127,1970
"2017-03-14",47150,34900,78600,101000,9150,37100,6220,30050,NA,5400,74442,1965
"2017-03-15",46850,34950,78600,101000,8960,36800,6190,29950,NA,5500,74127,1935
"2017-03-16",47400,34650,79100,100500,8950,36850,6230,29900,NA,5580,74127,1960
"2017-03-17",46900,34400,79400,100500,8920,36750,6180,30100,NA,5670,74232,1960
"2017-03-20",46950,34850,79300,101500,8870,36600,6180,30050,NA,5570,73393,1975
"2017-03-21",45000,34450,78700,102500,8700,36650,6120,29900,NA,5640,74022,1975
"2017-03-22",45600,34350,77400,103500,8710,36400,6100,30100,NA,5640,75176,1960
"2017-03-23",45450,34550,77600,105000,8680,36650,6100,30150,NA,5680,76539,1970
"2017-03-24",44750,34300,80000,106500,8700,36600,6090,30200,NA,5680,76015,1965
"2017-03-27",44650,34150,79700,107500,8750,36750,6110,30150,NA,5500,76539,2255
"2017-03-28",44000,34200,79900,108000,8750,36650,6140,30200,NA,5570,77902,2185
"2017-03-29",44100,34550,80500,108000,8760,36800,6170,30100,NA,5500,75700,2280
"2017-03-30",45250,34200,80800,108500,8730,36700,6170,30100,NA,5390,75700,2445
"2017-03-31",44950,34200,81000,107000,8750,37050,6190,30200,NA,5690,75700,2445
"2017-04-03",44800,34150,81200,107000,8800,37050,6200,30100,NA,5680,75700,2285
"2017-04-04",44700,34200,80000,108000,8920,37050,6190,30000,NA,5380,75700,2095
"2017-04-05",46150,34350,79600,108500,8930,36850,6190,29900,NA,5450,75700,2170
"2017-04-06",45650,34400,79800,107000,8940,37000,6180,30100,NA,5400,75700,2035
"2017-04-07",46100,34400,79500,106000,8950,37150,6200,30100,NA,5400,75700,2005
"2017-04-10",45150,34350,79000,105500,8900,37150,6160,29900,NA,5370,75700,1915
"2017-04-11",45250,34450,79500,105500,9000,37250,6190,30000,NA,5170,75700,1920
"2017-04-12",45900,34150,79500,106000,9020,37150,6190,29950,NA,5130,75700,1860
"2017-04-13",45800,34300,79900,107000,9150,37200,6200,30000,NA,5160,75700,1895
"2017-04-14",45900,34200,79700,105500,9010,37250,6160,29950,NA,5070,75700,1900
"2017-04-17",46400,34500,80200,104500,9020,37100,6150,29950,NA,5150,75700,1940
"2017-04-18",45800,34550,80400,107000,9090,37100,6170,30150,NA,4980,75700,1930
"2017-04-19",45150,34500,79600,107000,9130,37200,6200,30150,NA,5000,75700,1915
"2017-04-20",45350,34650,80200,107500,9150,37100,6180,30050,NA,5060,75700,1920
"2017-04-21",45450,34600,80200,107500,9130,37050,6190,30100,NA,5080,75700,1915
"2017-04-24",45200,34400,80100,107500,9080,37050,6180,30150,NA,5100,75700,1855
"2017-04-25",45550,34800,80200,107500,9140,37150,6270,30200,NA,5150,75700,1910
"2017-04-26",45700,34800,80700,107000,9140,37050,6230,30300,NA,5210,75700,1925
"2017-04-27",46700,34700,79700,107000,9070,37000,6250,30350,NA,5220,75700,1930
"2017-04-28",46600,34800,79700,106000,9050,36850,6270,30300,NA,5150,75700,1925
"2017-05-02",46400,34800,80100,104500,9010,37050,6250,30250,NA,5150,75700,1895
"2017-05-04",45900,34850,80400,108500,8970,37300,6250,30350,NA,5270,75700,1895
"2017-05-08",45650,34850,82000,107500,9120,37500,6300,30200,NA,5340,75700,1900
"2017-05-10",45650,34950,82700,107000,8940,37150,6270,30300,NA,5350,75700,1920
"2017-05-11",46700,34800,82900,110000,8850,37500,6310,30450,NA,5380,75700,1915
"2017-05-12",48600,35050,82900,115000,8790,37250,6350,30400,23351,5370,59600,1920
"2017-05-15",48650,35050,81100,113500,8770,37300,6290,30450,25648,5480,56200,1915
"2017-05-16",51700,35150,82200,114500,8920,37700,6350,30450,29175,5490,55200,1975
"2017-05-17",51600,35050,82300,115000,8910,37750,6320,30500,29335,5460,53500,1925
"2017-05-18",51300,35000,80900,113500,8870,37400,6280,30400,28533,5470,53800,1915
"2017-05-19",50600,35150,82100,120000,8930,37600,6290,30450,26824,5570,54700,1910
"2017-05-22",50600,35150,81600,120500,9040,37600,6300,30500,26450,5490,53700,1900
"2017-05-23",51200,35500,82100,119500,9120,37850,6310,30400,27519,5530,54000,1900
"2017-05-24",51000,35500,82400,119500,9150,37950,6300,30400,26396,5600,54200,1890
"2017-05-25",51500,35950,82500,122000,9280,37950,6280,30400,25888,5790,53900,1905
"2017-05-26",51700,35750,82700,122000,9460,37900,6310,30600,26076,5750,55300,1910
"2017-05-29",51500,35300,84000,120500,9480,38150,6370,30700,26450,5690,55100,1910
"2017-05-30",51600,36100,84000,120500,9520,38550,6370,30600,26156,5570,54200,1910
"2017-05-31",50800,36000,84100,118500,9520,38550,6360,30750,25381,5600,54100,1895
"2017-06-01",51300,35950,83300,119500,9510,38750,6380,30750,24660,5600,53800,1905
"2017-06-02",51400,35950,83500,118500,9650,39000,6480,30750,25114,5550,54500,1930
"2017-06-05",50800,36250,83900,120000,9700,39100,6420,30850,26076,5500,54100,1980
"2017-06-07",50900,36600,84800,122000,9810,39450,6430,30850,26931,5520,53700,1960
"2017-06-08",50200,36750,84700,121500,9830,39350,6460,30750,27305,5420,53500,1965
"2017-06-09",49650,37900,86400,120000,9900,39600,6470,30950,27411,5550,53400,1940
"2017-06-12",49550,37450,86000,117500,9920,39450,6440,30950,27091,5740,53700,2010
"2017-06-13",49550,37450,85900,120500,9990,39000,6480,31000,27519,5750,55000,2000
"2017-06-14",49500,37450,85500,124000,9900,39100,6480,30900,27519,6390,55900,2030
"2017-06-15",50200,37500,84000,125000,9720,39050,6480,30900,27091,6150,55900,1960
"2017-06-16",50800,37500,84000,124500,9650,39150,6500,31000,26984,6200,55400,1985
"2017-06-19",51000,37750,83400,124000,11000,39250,6570,31100,27465,5980,56600,2020
"2017-06-20",51700,38250,84000,123500,9890,39100,6600,31100,26984,5940,57000,2000
"2017-06-21",51900,38200,84000,124000,9440,38750,6510,31000,27732,5840,56600,2020
"2017-06-22",52500,37800,83800,124500,9500,38450,6470,30750,26931,5660,56100,1995
"2017-06-23",51900,38150,83300,121500,9480,38500,6500,31000,26931,5570,55600,1980
"2017-06-26",52000,38450,83700,122000,9410,38600,6450,30900,26770,5520,55700,1980
"2017-06-27",51700,38350,83400,122000,9390,38600,6430,30900,26824,5460,55500,2000
"2017-06-28",52500,38550,83400,119500,9370,38550,6420,30850,26824,5350,55200,2050
"2017-06-29",53700,39000,84200,121000,9400,38350,6420,30900,26931,5460,55200,2005
"2017-06-30",53200,39200,84100,123500,9260,38600,6450,30900,26770,5480,54900,1960
"2017-07-03",51600,39150,84200,121000,9300,38400,6480,30900,27144,5710,55000,1935
"2017-07-04",51700,39000,83700,118500,9300,38100,6450,30850,27251,5530,54600,1895
"2017-07-05",51400,38950,83600,118000,9360,38300,6420,30700,27144,5650,54500,1920
"2017-07-06",50500,38700,83900,119000,9410,38300,6430,30900,27091,5580,54300,1915
"2017-07-07",50600,38950,83500,121500,9300,38150,6400,30800,26984,5530,54000,1930
"2017-07-10",50000,38150,83500,123000,9300,38150,6420,30750,26984,5510,53800,1905
"2017-07-11",50800,37900,83900,123500,9340,38100,6400,30900,26931,5360,53300,1900
"2017-07-12",50100,37150,83800,119000,9330,38250,6360,30800,26877,5670,53600,1895
"2017-07-13",50000,37150,83200,115000,9070,38100,6340,30850,26931,5800,53500,1895
"2017-07-14",49400,37500,84500,115000,9120,38150,6290,30800,27251,5780,53700,1885
"2017-07-17",49450,37750,84400,115500,9170,38150,6290,30850,27198,5700,53800,1910
"2017-07-18",48950,38200,84000,112500,9190,38150,6360,30850,27091,5700,53900,1895
"2017-07-19",49250,38250,84200,112000,9200,38400,6320,30850,27037,5810,53500,1910
"2017-07-20",49800,37700,86100,110500,9170,38550,6300,30850,27198,5780,53900,1920
"2017-07-21",49800,37900,86200,111000,9220,38500,6310,30850,27091,5700,53600,1900
"2017-07-24",49700,38150,87100,112000,9230,38400,6280,30900,27198,5830,53400,1895
"2017-07-25",49850,38250,87800,113500,9160,38350,6290,30850,27144,5700,53400,1890
"2017-07-26",49350,38100,88100,115000,9110,38250,6290,30800,26931,5720,53500,1890
"2017-07-27",50000,38000,88300,114500,9110,38350,6290,30850,27198,5810,53300,1905
"2017-07-28",50300,38000,86000,114500,9070,38250,6300,30900,27144,5730,52800,1880
"2017-07-31",50200,38250,87200,114500,9080,38300,6230,30800,27091,5680,53200,1865
"2017-08-01",51400,38100,88600,115500,9080,38300,6260,30800,27091,5720,53400,1870
"2017-08-02",50600,38200,89000,116000,9210,38600,6330,30700,26984,5670,53800,1875
"2017-08-03",49800,38200,88700,115000,9130,38650,6260,30650,26984,5550,53600,1865
"2017-08-04",50300,38100,88700,114000,9150,38450,6260,30500,28053,5530,54100,1855
"2017-08-07",49950,38450,89900,113500,9180,38300,6270,30550,27571,5770,53300,1865
"2017-08-08",50600,38450,91000,114500,9160,38250,6290,30600,27893,5590,54000,1865
"2017-08-09",50400,38450,90500,113000,9040,38300,6260,30400,27625,5500,53200,1855
"2017-08-10",51000,38300,90700,111000,8990,37900,6220,30400,27091,5410,53600,1825
"2017-08-11",48750,38200,92200,110000,8900,37650,6190,30350,27144,5360,53700,1775
"2017-08-14",47950,38200,93400,110500,9050,37700,6180,30500,27091,5360,53900,1770
"2017-08-16",47100,38850,91600,111500,9040,38050,6210,30600,27519,5260,53000,1790
"2017-08-17",47050,38850,92800,112500,8880,38250,6210,30550,27358,5410,52400,1815
"2017-08-18",46050,38300,94700,110500,8830,38150,6190,30600,27519,5450,52700,1800
"2017-08-21",46600,38300,98700,109000,8860,38050,6180,30600,27732,5430,52400,1795
"2017-08-22",46050,38400,96000,108000,8910,38150,6210,30500,28267,5410,52700,1805
"2017-08-23",45700,38750,93900,107500,8910,38250,6170,30600,28159,5330,54300,1790
"2017-08-24",45500,38550,94400,105500,8870,38200,6170,30500,28106,5360,54700,1790
"2017-08-25",45950,38500,95200,106500,8870,38450,6240,30350,28053,5470,54500,1810
"2017-08-28",45650,37900,95300,106500,8880,38500,6210,30500,28320,5540,54400,1810
"2017-08-29",45300,37850,95000,106000,8920,38300,6220,30350,28320,5480,54000,1790
"2017-08-30",45250,37750,96800,106500,8870,38650,6220,30500,28320,5490,53900,1815
"2017-08-31",45300,37750,95900,107500,8750,38600,6210,30500,28320,5420,53500,1815
"2017-09-01",45100,37550,94700,106500,8720,38200,6230,30550,28320,5350,53800,1810
"2017-09-04",44500,37900,94800,106000,8690,38250,6200,30450,28320,5190,53400,1800
"2017-09-05",44050,37300,95800,105000,8580,37600,6180,30400,28320,5130,53500,1790
"2017-09-06",43350,37200,95900,104500,8410,37450,6160,30300,28053,5300,53400,1810
"2017-09-07",44150,37400,95200,106500,8560,37500,6180,30550,28213,5300,53000,1830
"2017-09-08",43850,37050,95300,105500,8520,37450,6120,30550,28053,4975,52700,1815
"2017-09-11",43000,36650,95000,104000,8550,37850,6160,30500,27945,4985,51500,1795
"2017-09-12",43700,37000,95100,105500,8540,37600,6130,30700,27893,5000,51600,1800
"2017-09-13",43100,37250,95300,104000,8620,37650,6100,30650,27999,4820,51200,1795
"2017-09-14",43100,37300,95300,104500,8750,37500,6090,30700,27945,4965,50900,1795
"2017-09-15",43700,37450,94600,103500,8890,37600,6130,30650,27893,5000,50200,1790
"2017-09-18",43700,37100,93600,104000,8840,37600,6150,30600,27893,4995,50000,1800
"2017-09-19",43850,37200,93900,105000,8800,37500,6160,30650,27893,5020,49500,1795
"2017-09-20",43300,36800,93400,104500,8810,37350,6160,30650,28267,4965,49450,1790
"2017-09-21",43150,37150,93200,103500,8740,37400,6160,30650,28587,5040,50400,1780
"2017-09-22",43250,37100,93000,102000,8590,37000,6120,30450,29121,4980,50400,1745
"2017-09-25",41950,36750,91800,102500,8520,37000,6070,30250,28640,4810,48500,1690
"2017-09-26",43400,36750,92100,101500,8550,36900,6100,30550,28320,4870,49200,1710
"2017-09-27",42350,36600,92400,100000,8630,37000,6130,30600,28694,4680,49100,1710
"2017-09-28",42000,36550,93600,99800,8660,37450,6170,30700,28961,4740,48900,1720
"2017-09-29",42100,36700,94200,101000,8670,37600,6170,30700,28480,4885,48450,1725
"2017-10-10",41550,36600,93900,99500,8630,37800,6170,30650,28427,4895,47050,1780
"2017-10-11",41400,36650,93800,102000,8570,38200,6140,30800,28427,4885,47450,1765
"2017-10-12",42500,37000,93500,102000,8590,38000,6160,30750,28427,4920,47600,1810
"2017-10-13",43850,36750,93900,100500,8520,37650,6150,30650,28106,4890,47550,1785
"2017-10-16",43850,36950,93500,101000,8540,38000,6120,30650,28146,4885,48000,1750
"2017-10-17",42850,36900,93700,100000,8590,37950,6160,30600,28467,4860,47250,1770
"2017-10-18",41900,37050,93500,100000,8570,38050,6130,30450,28427,4800,46400,1765
"2017-10-19",42300,36800,94700,100000,8540,38050,6130,30500,28227,4800,46550,1775
"2017-10-20",42100,36750,94600,101000,8510,38050,6170,30700,28186,4865,46500,1780
"2017-10-23",41500,36800,95100,101000,8570,38000,6140,30600,27906,4735,46050,1780
"2017-10-24",42050,36950,95100,100500,8500,38000,6140,30550,27946,4730,45600,1810
"2017-10-25",43400,36800,95700,101000,8450,38150,6160,30600,27666,4720,45950,1805
"2017-10-26",42100,36900,95700,101000,8360,38100,6150,30650,27466,4670,46150,1795
"2017-10-27",41950,36650,96300,101000,8470,38150,6170,30700,27226,4770,46800,1800
"2017-10-30",41200,36900,96300,103500,8460,38100,6190,30600,26745,4745,46000,1785
"2017-10-31",40850,36750,96300,102500,8460,38000,6220,30600,27306,4745,46000,1810
"2017-11-01",40600,37200,94800,103500,8440,38100,6220,30650,27706,4650,46000,1820
"2017-11-02",41100,37100,96000,103500,8500,38000,6230,30650,27866,4690,45950,1810
"2017-11-03",41800,36900,94900,104500,8510,38100,6220,30650,27346,4560,46500,1800
"2017-11-06",41400,36750,97000,105500,8530,38100,6190,30650,26905,4425,46400,1800
"2017-11-07",42700,36800,95900,111000,8500,38100,6200,30500,26945,4500,46350,1800
"2017-11-08",42700,36750,96300,108000,8490,38200,6220,30600,26945,4470,46000,1800
"2017-11-09",42700,36700,97200,105500,8570,38200,6210,30600,27105,4555,46250,1805
"2017-11-10",42800,36700,96200,105500,8600,38200,6250,30500,27346,4565,46000,1800
"2017-11-13",41800,37100,94400,106500,8610,38050,6210,30550,27626,4515,45650,1785
"2017-11-14",45050,37100,94900,110500,8660,38300,6250,30450,28066,4580,46050,1790
"2017-11-15",43950,36600,95300,111000,8560,38250,6220,30600,27226,4490,46600,1755
"2017-11-16",44950,36250,96200,112000,8510,38250,6180,30650,27306,4465,46600,1740
"2017-11-17",44700,36150,95700,113500,8550,38250,6200,30450,26785,4435,46550,1740
"2017-11-20",44400,36350,95600,112500,8610,38700,6230,30600,27466,4470,46650,1750
"2017-11-21",44650,36850,95900,112000,8650,38150,6220,30600,27826,4280,45900,1730
"2017-11-22",44800,36800,96000,113500,8760,38300,6210,30600,28106,4340,45850,1720
"2017-11-23",45200,36750,96000,118500,8780,38400,6210,30550,28106,4340,44900,1715
"2017-11-24",44250,36800,95900,121000,8780,38050,6210,30600,28507,4400,44150,1730
"2017-11-27",43800,36650,95500,122000,8760,38000,6200,30550,29508,4340,43950,1740
"2017-11-28",44000,36600,94900,121000,8700,38050,6200,30600,30909,4345,43250,1730
"2017-11-29",43800,36650,95200,120000,8650,38100,6240,30650,30909,4265,43150,1715
"2017-11-30",44250,36800,96000,119500,8550,38200,6200,30650,30869,4260,43200,1705
"2017-12-01",43350,36550,95800,118500,8510,38250,6220,30300,30108,4200,43350,1700
"2017-12-04",43850,36500,95000,120000,8510,38550,6200,30550,29788,4250,43100,1710
"2017-12-05",44600,36450,95000,120000,8620,39100,6190,30550,29788,4260,43550,1695
"2017-12-06",43600,36700,95900,121500,8620,39150,6180,30500,29828,4200,43500,1700
"2017-12-07",42850,36450,95700,119500,8560,38400,6180,30500,29267,4065,43150,1705
"2017-12-08",41850,36100,95500,119000,8450,38500,6180,30550,29227,3950,42600,1680
"2017-12-11",41800,36100,95500,119000,8460,38600,6200,30500,28827,3995,42850,1685
"2017-12-12",42400,36200,95000,119000,8480,38700,6170,30550,29227,4070,42750,1680
"2017-12-13",42850,36150,95500,120500,8360,38250,6190,30450,29147,4115,42000,1700
"2017-12-14",41500,36000,94900,120000,8300,38300,6180,30450,29428,4175,42800,1695
"2017-12-15",43250,36150,94100,118000,8280,38250,6180,30600,29227,4140,42600,1690
"2017-12-18",43000,35950,95600,117500,8190,38900,6160,30600,28747,4070,42650,1675
"2017-12-19",43100,35550,95700,115000,7910,38750,6210,30500,28467,4070,42600,1670
"2017-12-20",43450,35550,95600,115000,8100,38450,6210,30650,28707,4015,42500,1675
"2017-12-21",42950,35500,95500,115000,8080,38550,6180,30500,28547,3875,42550,1640
"2017-12-22",42350,35500,95400,115000,7990,38800,6190,30650,28587,3895,42900,1660
"2017-12-26",42150,35550,95000,116500,8050,38900,6230,30600,29027,3880,43000,1665
"2017-12-27",41700,35500,94200,115000,7940,37900,6090,29750,28987,3880,43050,1655
"2017-12-28",42550,36050,94300,113000,7940,37900,6030,29750,29027,4030,42750,1660
"2018-01-02",44350,35700,93700,115000,7950,37800,6000,29800,28587,4135,42650,1670
"2018-01-03",43900,35300,93700,113500,7930,37900,5950,29800,28827,4040,42550,1675
"2018-01-04",44100,35450,93700,112500,8060,37800,5890,29750,28867,4080,41550,1670
"2018-01-05",43450,35850,93400,114000,8000,37800,5920,29850,28947,4090,41550,1650
"2018-01-08",43300,35750,93400,119000,8130,38050,5910,29950,28907,4055,41100,1645
"2018-01-09",43700,35750,93400,121000,8070,38300,5910,29750,28827,4035,41000,1625
"2018-01-10",45100,35550,93300,120000,8100,38400,5910,29800,28827,4040,40750,1615
"2018-01-11",44700,35500,93500,119500,8050,38400,5940,29900,28747,4040,41000,1630
"2018-01-12",47950,35450,93400,118500,8030,39100,5950,29900,28587,4055,40900,1615
"2018-01-15",49000,35450,92300,118500,8000,44550,5940,29950,29067,4105,40500,1620
"2018-01-16",48350,35450,93000,116500,7920,44600,5900,29900,29748,4110,40800,1600
"2018-01-17",48100,35400,92500,118000,7830,44600,5920,29900,31149,4050,41300,1610
"2018-01-18",47400,35950,92500,119000,7860,44600,5920,29900,32951,4075,42250,1605
"2018-01-19",47850,35950,92100,118500,7950,44600,5910,30000,33992,4005,42100,1615
"2018-01-22",48950,36350,91700,119500,7960,44600,5940,29900,33111,4000,42050,1600
"2018-01-23",49100,36400,91400,118000,8050,44600,5960,30050,33311,4050,42000,1610
"2018-01-24",51100,36450,90900,120000,8060,44600,6000,30050,33872,4070,42350,1605
"2018-01-25",51100,36600,91700,123500,8140,44600,6050,30000,32911,4180,42450,1650
"2018-01-26",51400,36900,92600,123500,8150,44600,6040,30200,32270,4175,43250,1660
"2018-01-29",51600,36900,91600,121500,8190,44600,6090,30250,33431,4210,43900,1670
"2018-01-30",50300,37400,92200,120500,8180,44700,6060,30350,34352,4235,43600,1680
"2018-01-31",49350,37500,92500,119500,8240,44700,6000,30300,34432,4155,43850,1675
"2018-02-01",50000,37200,92300,119000,8270,44700,6010,30250,34352,4200,44150,1680
"2018-02-02",49600,37150,92100,117500,8260,44100,5990,30150,33431,4135,44650,1685
"2018-02-05",48400,37050,92000,117000,8190,43400,5930,30200,32831,4050,44350,1650
"2018-02-06",47700,36950,92000,117000,8020,42750,5860,30050,32350,3920,44450,1615
"2018-02-07",46300,36500,91200,115000,7940,42950,5860,30150,32270,3990,45600,1620
"2018-02-08",46650,36700,92100,115500,7910,44250,5910,30150,32671,3945,45800,1635
"2018-02-09",46450,36650,92000,110000,7840,43950,5840,30000,32511,3955,46200,1615
"2018-02-12",45100,36500,91100,111000,7940,43600,5850,29950,32350,3955,46950,1615
"2018-02-13",44450,36500,91300,112500,7790,43300,5870,29850,32190,3950,47550,1610
"2018-02-14",44350,36500,88000,113500,7880,42400,5830,29800,32470,3950,48050,1620
"2018-02-19",47050,36550,90100,116000,8010,41950,5870,29900,32591,3965,47800,1625
"2018-02-20",47200,36850,89000,125500,7980,42000,5880,29800,32751,3980,48100,1650
"2018-02-21",47100,36650,89000,125000,7930,40600,5880,30000,32390,3945,48050,1720
"2018-02-22",46650,36600,88600,124000,7880,42600,5880,30050,32631,3935,46900,1740
"2018-02-23",47450,36750,88900,122000,7850,43700,5880,30000,33912,3955,46700,1725
"2018-02-26",47300,36950,88500,122500,7840,43600,5890,29900,34032,3980,46600,1680
"2018-02-27",46850,36550,88800,119000,7790,42350,5930,29800,34032,3970,44650,1680
"2018-02-28",45900,36500,88100,122000,7770,44000,5930,29900,34112,3915,44150,1665
"2018-03-02",48800,36500,87100,124000,7690,43750,5900,29850,34112,3900,46000,1685
"2018-03-05",49100,36650,87500,123500,7600,43000,5850,30000,34192,3875,45250,1665
"2018-03-06",49150,36000,87500,120500,7740,42950,5870,30150,34112,3940,44050,1690
"2018-03-07",48200,35950,88800,120500,7760,43100,5860,29950,34192,3995,44000,1680
"2018-03-08",47050,36100,88000,121500,7760,42400,5880,29950,34232,3985,44400,1690
"2018-03-09",47250,36200,87700,124000,7820,42500,5900,29950,34232,3970,44050,1690
"2018-03-12",49300,36400,90000,123000,7830,42250,5900,30000,34232,3955,43500,1690
"2018-03-13",48150,36100,89000,124500,7820,42300,5900,30000,33872,3950,42600,1680
"2018-03-14",46650,36000,88700,123500,7840,42650,5880,30000,33792,3890,42650,1680
"2018-03-15",47300,36150,88000,123000,7820,42150,5880,30000,32430,3890,42500,1665
"2018-03-16",47050,36000,87000,124000,7840,42500,5870,30000,31269,3940,43550,1680
"2018-03-19",46500,35800,87900,122500,7850,41850,5880,30000,31430,3925,43250,1665
"2018-03-20",46200,36000,86800,123000,7780,41500,5870,29900,31630,3840,42950,1640
"2018-03-21",46400,35750,85300,119000,7800,41850,5860,29900,31630,3870,42850,1630
"2018-03-22",47850,35800,85700,119000,7820,42150,5850,30000,31630,3790,43200,1625
"2018-03-23",46950,35250,84100,114000,7760,41500,5790,29950,31550,3660,42350,1595
"2018-03-26",49050,35150,84300,114500,7790,41350,5750,29950,31510,3680,43100,1600
"2018-03-27",48800,35200,84300,117000,7840,42050,5820,30000,31229,3695,42900,1620
"2018-03-28",49450,35500,84300,115000,7790,42450,5770,29950,30829,3590,42200,1610
"2018-03-29",48550,36000,84300,112500,7810,42250,5770,30000,30669,3550,41900,1625
"2018-03-30",48450,35850,85000,113500,7880,42400,5780,29900,30709,3650,42500,1630
"2018-04-02",48300,35700,86500,112500,7860,42300,5790,29900,31029,3585,42450,1625
"2018-04-03",48850,35850,88400,114000,7890,42200,5810,29750,31309,3490,42100,1620
"2018-04-04",49300,35950,88800,111500,7780,41050,5790,29800,31950,3510,42100,1600
"2018-04-05",50500,35950,89000,113000,7790,41000,5770,29800,32070,3540,42400,1590
"2018-04-06",49650,36000,89400,114500,7800,41050,5770,29800,31990,3585,42350,1610
"2018-04-09",49150,36100,89800,113500,7800,41500,5770,29800,31430,3565,42200,1595
"2018-04-10",49300,36350,90300,111500,7780,41450,5820,29800,31590,3495,41850,1585
"2018-04-11",50500,36400,87000,109000,7780,40950,5790,29850,31430,3440,41600,1590
"2018-04-12",50600,36250,87000,111500,7970,41250,5800,29700,31430,3505,41550,1600
"2018-04-13",49500,36000,86500,110000,7980,40400,5780,29750,31389,3470,42400,1600
"2018-04-16",48950,35850,87000,109500,7960,40250,5800,29700,31229,3495,42400,1595
"2018-04-17",48500,36150,85700,107000,7830,40350,5830,29800,31269,3495,42850,1615
"2018-04-18",49000,36000,85500,107500,7790,40700,5830,29800,31389,3525,42500,1620
"2018-04-19",50800,36150,85100,108000,7890,41200,5850,29850,31710,3530,43350,1625
"2018-04-20",50000,36100,85700,110000,7920,40800,5860,29850,31870,3795,43950,1675
"2018-04-23",52800,36200,85800,110500,7990,41100,5900,29950,31870,3775,42550,1665
"2018-04-24",53500,36200,85600,108000,7990,41300,5910,29950,31990,3740,43850,1665
"2018-04-25",54300,36450,87500,110000,7990,40950,5910,29800,32030,3780,43500,1670
"2018-04-26",53500,36050,86900,108500,7970,40900,5920,30000,32030,3785,43600,1665
"2018-04-27",53000,36000,86800,109000,7970,40900,5920,29900,32110,3860,43350,1660
"2018-04-30",54800,36050,86600,111500,8070,41000,5940,30000,32390,3945,43300,1670
"2018-05-02",58200,36150,90400,116500,8150,41050,6000,30000,32751,4080,46000,1705
"2018-05-03",54500,36150,89800,114000,8010,40900,6000,30000,32791,4180,47100,1695
"2018-05-04",55500,36150,91500,114000,8080,41100,6020,30100,32871,4185,47600,1695
"2018-05-08",55100,36100,90600,114000,8100,40950,5970,29900,32911,4080,46550,1705
"2018-05-09",53700,35900,90400,111500,8200,40650,5930,29950,32831,4080,48600,1705
"2018-05-10",55900,36500,91500,110000,8140,41000,5950,29950,32791,4125,52000,1715
"2018-05-11",56400,36500,90500,110000,8000,41000,5980,29850,32871,4150,51900,1740
"2018-05-14",59800,36450,90000,115500,8120,41000,5980,29850,33632,4190,54900,1730
"2018-05-15",60700,35700,89200,115000,8220,41100,6010,29950,33632,4310,53800,1835
"2018-05-16",59600,36350,90000,112500,8170,41050,5930,29850,33792,4500,54000,1785
"2018-05-17",59500,36150,89700,111500,8090,41050,5970,29900,33672,4545,56000,1800
"2018-05-18",61000,35950,88300,112500,8230,41100,5990,30000,33632,4590,61400,1860
"2018-05-21",60900,35850,88900,114500,8170,41250,6030,30000,33752,4585,61300,1820
"2018-05-23",61500,36000,89600,116000,8200,41450,5960,30050,34873,4500,57200,1780
"2018-05-24",62000,35800,91500,114000,8190,41350,5990,30000,37956,4450,54000,1780
"2018-05-25",58300,35800,90300,112500,8030,41450,5950,30000,37315,4335,55100,1730
"2018-05-28",60300,36050,90300,114500,8010,42200,5950,29900,37956,4350,70300,1750
"2018-05-29",60700,35800,90300,114000,8020,41800,5960,29950,38556,4400,71400,1740
"2018-05-30",60200,35650,90500,112500,8130,41400,5910,29950,38276,4370,70500,1705
"2018-05-31",60300,35800,90600,115000,8100,39800,5940,30000,39517,4350,67100,1750
"2018-06-01",62500,35700,91700,114000,8160,40100,5910,30050,38596,4250,69200,1755
"2018-06-04",60700,35850,92000,114000,8220,41300,5930,29950,37555,4150,65500,1815
"2018-06-05",61600,35400,92000,114500,8120,41800,5910,30000,38436,4090,67400,1820
"2018-06-07",64000,35400,91000,113500,8170,41900,5970,30050,38756,4165,66500,1810
"2018-06-08",63900,35400,91600,112000,8170,41500,5920,30000,37755,4245,65000,1775
"2018-06-11",64300,35900,92000,113500,8400,41050,5970,30050,38316,4230,64600,1790
"2018-06-12",64000,35850,91200,113500,8250,41050,5960,30050,39397,4310,64500,1765
"2018-06-14",60700,35550,90500,115500,8190,41000,5920,30000,39958,4300,60100,1735
"2018-06-15",64000,35850,91100,115500,8150,41150,5930,30050,39117,4295,61100,1715
"2018-06-18",62500,35750,91700,116000,8110,41150,5850,30000,37595,4165,59000,1720
"2018-06-19",61000,35850,90300,113000,8000,41500,5830,30050,37515,4185,58300,1750
"2018-06-20",63200,35900,91000,115000,8090,41350,5870,29950,37355,4205,59600,1770
"2018-06-21",60400,35900,91000,116500,8050,41200,5900,29950,37916,4200,58500,1755
"2018-06-22",61700,36500,91400,114000,7950,41200,5890,29950,36995,4230,56900,1750
"2018-06-25",64500,36750,91500,115500,8040,41000,5970,30100,37635,4255,59400,1760
"2018-06-26",63400,37050,91500,113500,7930,41000,5970,29850,36714,4160,57800,1725
"2018-06-27",62400,37200,91000,115500,7780,41100,5920,29950,35914,4160,54000,1705
"2018-06-28",62700,37550,91000,113500,7780,40800,5900,30000,37435,4150,51000,1630
"2018-06-29",64200,37400,91000,112000,7790,41050,5890,30000,36234,4240,52600,1625
"2018-07-02",60100,37500,87800,109000,7610,40800,5870,29900,36354,4240,49600,1605
"2018-07-03",59800,36750,87800,107000,7740,40300,5850,29950,36114,3965,50600,1620
"2018-07-04",57100,36650,88400,106000,7590,40000,5880,29950,37075,3650,52100,1635
"2018-07-05",57000,36900,89200,107000,7500,40000,6050,29900,38076,3765,50700,1600
"2018-07-06",59800,36050,87600,106000,7560,40000,6100,29900,37715,3795,52600,1620
"2018-07-09",57600,36000,87200,106000,7370,39900,6120,29950,37195,3715,49500,1605
"2018-07-10",59100,36750,88100,107500,7490,40350,6120,30000,38236,3640,50500,1615
"2018-07-11",60000,36400,88000,106500,7420,39950,6020,30000,37115,3690,50900,1610
"2018-07-12",60600,36250,87600,107000,7580,39950,6010,29950,36755,3635,50200,1605
"2018-07-13",61300,36300,87900,108500,7570,40200,6030,30050,36434,3695,50900,1625
"2018-07-16",59500,36150,86400,108500,7480,39950,6040,30000,36554,3700,49850,1625
"2018-07-17",59300,36000,87900,109500,7510,39950,6030,30050,36554,3720,49400,1660
"2018-07-18",58100,36100,87700,109500,7430,39500,6010,30050,35714,3710,47500,1655
"2018-07-19",57500,35900,86800,109000,7370,39500,5970,30000,35754,3695,47200,1650
"2018-07-20",58000,35950,86600,108500,7360,39800,5990,30000,35994,3650,46700,1640
"2018-07-23",57800,35800,86300,108000,7220,39650,5890,30000,34833,3645,45150,1605
"2018-07-24",58300,36000,86500,108500,7290,39400,5910,29950,35954,3675,46400,1600
"2018-07-25",58500,36200,86300,107500,7170,39450,5850,29900,34953,3650,45400,1590
"2018-07-26",58900,36200,87000,110000,7210,39450,5910,29950,35633,3705,48000,1600
"2018-07-27",57300,36150,86400,109500,7230,39250,5940,29900,35313,3745,49250,1600
"2018-07-30",57800,36400,86200,111000,7150,39200,5890,29900,35593,3945,49700,1605
"2018-07-31",58300,36450,86900,113500,7140,39300,5890,30000,35313,3965,48500,1615
"2018-08-01",59100,36300,87700,114500,7180,39500,5890,30000,35193,3895,49350,1630
"2018-08-02",57900,36050,87300,113000,7210,39300,5940,29900,35473,3900,48550,1615
"2018-08-03",57500,36200,87800,114000,7250,39450,5940,30000,35794,4000,50500,1625
"2018-08-06",54500,36600,88700,114500,7300,39500,5930,30050,36755,4170,50600,1610
"2018-08-07",54100,36250,90000,113000,7390,39300,5910,30000,37475,4010,50800,1655
"2018-08-08",55500,35800,90000,112000,7390,39250,5940,29950,37715,4110,50900,1680
"2018-08-09",54500,35900,88600,112000,7320,39400,5940,30050,37675,4140,50200,1670
"2018-08-10",55100,36300,90000,111500,7330,39500,5930,30050,36674,4140,49100,1660
"2018-08-13",55200,35750,90600,111000,7230,39400,5850,30050,36474,4115,48450,1625
"2018-08-14",54900,36000,90300,111500,7250,39800,5870,30200,37515,3960,48900,1640
"2018-08-16",54800,36100,90000,108000,7200,39950,5830,30250,35433,3960,49300,1670
"2018-08-17",54700,36000,88100,107500,7290,40200,5880,30200,35233,3840,50500,1665
"2018-08-20",55200,36000,87400,109000,7270,39650,5900,30000,35113,3840,50000,1675
"2018-08-21",55200,36250,88000,109500,7210,39600,5870,30100,34592,3825,50600,1660
"2018-08-22",53800,36200,88300,107500,7240,39700,5870,30100,34352,3775,49750,1670
"2018-08-23",53400,36200,88700,106000,7240,39700,5830,30000,34993,3675,49800,1665
"2018-08-24",53900,36050,88000,107500,7320,39700,5860,30000,35273,3670,49000,1660
"2018-08-27",52900,36000,87500,106000,7240,39400,5820,29900,35513,3575,48500,1665
"2018-08-28",52800,36050,87000,106000,7210,39500,5830,30000,35633,3520,48650,1670
"2018-08-29",53700,36100,86900,105500,7250,39400,5840,30000,34953,3505,48950,1670
"2018-08-30",52800,36600,88000,105500,7250,39300,5830,30100,35233,3500,48300,1665
"2018-08-31",52600,36000,87600,105500,7240,39550,5830,30300,35433,3400,48600,1700
"2018-09-03",52300,36300,87600,105500,7180,39350,5870,30250,35553,3370,48300,1700
"2018-09-04",53700,35950,87300,105000,7280,39500,5850,30150,36194,3290,48600,1720
"2018-09-05",53900,36200,86800,106000,7250,39400,5860,30250,36154,3285,48200,1700
"2018-09-06",54400,36050,86600,106000,7250,39550,5820,30200,35633,3285,48350,1695
"2018-09-07",54500,36100,86900,106500,7240,39600,5810,30250,34833,3290,48350,1685
"2018-09-10",56600,36050,87600,106500,7320,39550,5790,30300,34512,3300,51800,1715
"2018-09-11",56300,36350,87500,106500,7340,39450,5830,30400,34272,3260,51800,1710
"2018-09-12",57200,36400,87600,106500,7240,39550,5800,30350,34392,3270,51400,1725
"2018-09-13",58500,36600,88300,105000,7300,40000,5810,30100,34512,3590,51500,1725
"2018-09-14",58700,36650,88000,103500,7400,40300,5830,30450,34352,3465,51300,1725
"2018-09-17",58200,36700,88100,103000,7360,39950,5830,30250,33592,3375,49550,1700
"2018-09-18",56800,36650,88100,102500,7360,39900,5800,30200,33912,3385,51800,1700
"2018-09-19",56000,36450,88000,101500,7280,40200,5790,30150,33311,3415,50300,1685
"2018-09-20",56600,36250,87000,101000,7240,40350,5760,30150,33632,3420,50300,1670
"2018-09-21",58700,36400,88500,101500,7300,40300,5770,30300,33552,3450,50900,1675
"2018-09-27",61200,36350,87700,104000,7280,40400,5830,30350,33471,3450,51500,1690
"2018-09-28",60700,36450,88500,104000,7310,40600,5820,30450,33552,3495,51000,1685
"2018-10-01",60500,36500,89800,105000,7360,40650,5800,30550,33151,3465,50600,1680
"2018-10-02",62200,36550,89800,104500,7300,40700,5740,30550,33952,3300,49800,1665
"2018-10-04",61100,36400,88600,102500,7220,40500,5720,30150,33632,3200,50700,1645
"2018-10-05",62400,36450,89600,104000,7200,41800,5720,30550,33592,3240,50300,1630
"2018-10-08",62400,36550,89600,104000,7250,41600,5740,30500,33271,3295,49550,1615
"2018-10-10",60200,36450,90500,104000,7100,41550,5670,30450,32831,3225,47500,1590
"2018-10-11",58000,35750,88400,100500,6760,41000,5550,30150,32511,3150,44350,1520
"2018-10-12",57400,36000,89100,100500,6830,41000,5580,30150,32110,3095,43950,1530
"2018-10-15",57700,36100,88600,99000,6830,41000,5520,30300,31630,3150,43700,1560
"2018-10-16",57000,35850,89000,98800,6990,41000,5500,30250,31510,3135,43900,1560
"2018-10-17",57400,36300,88700,99900,7000,41300,5580,30250,32350,3255,44700,1580
"2018-10-18",55400,36100,88000,98300,6950,41200,5570,30200,32190,3185,43600,1570
"2018-10-19",55500,36150,88300,99300,6880,41500,5590,30150,32190,3220,43100,1560
"2018-10-22",55100,36100,87500,98800,6890,41300,5580,30150,32030,3075,42400,1580
"2018-10-23",53600,35950,87000,97900,6700,41300,5520,29900,31670,3000,41300,1565
"2018-10-24",52900,36050,87400,96600,6740,41000,5490,30100,30989,3030,40500,1540
"2018-10-25",54700,35450,87800,94700,6550,40750,5430,29900,30829,3020,39450,1485
"2018-10-26",51700,35650,87800,94000,6420,41000,5330,30050,30068,3050,37650,1490
"2018-10-29",51000,35750,88900,91000,6260,40250,5300,29850,29348,2945,36650,1415
"2018-10-30",51000,35500,87800,90600,6150,40350,5310,29850,28347,2890,36650,1470
"2018-10-31",52100,35600,87200,91500,6220,40800,5410,30000,28827,2890,37200,1525
"2018-11-01",51600,35700,87500,91900,6430,40950,5390,29950,29628,2830,38000,1540
"2018-11-02",53100,35850,87900,94300,6490,41000,5440,30100,30108,2935,39150,1570
"2018-11-05",53200,35650,87000,93500,6420,41200,5500,30000,28627,2980,39100,1540
"2018-11-06",52300,35700,86300,93500,6480,41450,5490,29950,28747,2960,39300,1545
"2018-11-07",52400,36050,86300,89600,6450,41050,5400,30000,28587,2965,39100,1580
"2018-11-08",52900,36100,87900,91300,6560,40950,5490,30050,28267,2980,39150,1580
"2018-11-09",53600,36350,88000,90800,6480,41050,5460,30100,28106,2855,39200,1555
"2018-11-12",52700,36200,86700,90300,6450,41100,5440,30000,27466,2925,39000,1550
"2018-11-13",52100,35700,87600,90400,6350,40950,5380,30050,27346,2945,38700,1520
"2018-11-14",49100,35950,87500,89900,6480,40750,5370,30000,28066,2845,38650,1540
"2018-11-15",48950,36350,87100,90800,6400,40950,5400,30050,28427,2940,38600,1530
"2018-11-16",49350,36750,87900,91800,6530,41600,5410,30200,28827,3025,38450,1530
"2018-11-19",50200,37000,88000,91600,6530,41800,5430,30050,27986,3245,39450,1550
"2018-11-20",50400,37050,87800,91900,6430,41200,5410,30000,28026,3090,39000,1550
"2018-11-21",50100,37450,88400,93000,6480,41000,5410,30000,27786,3120,38450,1540
"2018-11-22",50100,37500,87600,93100,6450,40950,5420,30050,27786,3115,38200,1535
"2018-11-23",50600,37350,87500,92900,6430,41100,5400,30000,27826,3145,38550,1525
"2018-11-26",48650,37400,88000,92100,6360,40900,5460,30050,28827,3140,38350,1525
"2018-11-27",48850,37250,87800,92500,6360,40500,5440,30050,28627,3140,38650,1525
"2018-11-28",50600,37500,87900,93200,6440,40400,5460,30000,27906,3200,38750,1525
"2018-11-29",49850,37650,88000,96300,6400,40650,5500,29950,27546,3210,39150,1530
"2018-11-30",51000,37850,89000,96300,6430,40700,5440,30050,27746,3200,39350,1530
"2018-12-03",52700,37850,89400,95200,6480,40950,5470,30100,27706,3265,39300,1540
"2018-12-04",52100,37850,89500,95700,6390,40950,5460,29900,27426,3265,39350,1510
"2018-12-05",51100,38000,88700,95200,6370,40800,5520,30100,27386,3260,39050,1520
"2018-12-06",50200,38000,87700,94700,6310,41050,5490,30000,27105,3165,38350,1525
"2018-12-07",50800,38100,84500,93600,6340,41100,5500,30050,27466,3185,39000,1530
"2018-12-10",53000,37700,84200,90600,6320,41200,5500,30050,27145,3145,38050,1520
"2018-12-11",52000,37750,83200,90700,6350,41200,5500,30050,26425,3145,37850,1505
"2018-12-12",52900,37750,85000,90100,6350,41250,5500,30000,27226,3170,38300,1520
"2018-12-13",52400,37800,85000,90400,6410,41600,5580,30100,27386,3185,38650,1525
"2018-12-14",52000,38450,88200,89100,6360,41650,5600,30100,26945,3330,38500,1530
"2018-12-17",52000,38350,88700,90200,6420,41650,5570,30100,27025,3275,38400,1575
"2018-12-18",51200,38200,88900,93400,6390,41650,5530,30050,27025,3255,38450,1565
"2018-12-19",48550,37950,88900,92000,6500,41600,5560,30050,27186,3235,38700,1575
"2018-12-20",49100,37500,87100,90500,6490,41650,5540,30150,27025,3245,38450,1545
"2018-12-21",48600,37500,87600,92300,6530,41400,5540,30100,26785,3190,38450,1555
"2018-12-24",48750,37400,85200,92300,6450,41050,5530,30050,26985,3100,38150,1550
"2018-12-26",46900,37400,84000,91800,6410,40700,5550,29950,26705,2930,37100,1525
"2018-12-27",48100,37000,85300,90100,6360,40000,5370,29650,26345,2960,37250,1530
"2018-12-28",48200,37300,85400,91000,6360,39950,5400,29500,26585,2930,37250,1530
"2019-01-02",46350,37300,85400,90000,6270,40300,5300,29400,26585,2915,37000,1520
"2019-01-03",47350,37400,85700,89000,6180,40700,5300,29400,26585,2745,36800,1515
"2019-01-04",48300,37600,84500,90300,6290,41150,5300,29250,26585,2640,36200,1530
"2019-01-07",49450,37750,85000,92200,6220,41350,5350,29350,26305,2650,36500,1530
"2019-01-08",48450,37800,84600,92200,6190,41200,5340,29200,26425,2150,37350,1535
"2019-01-09",49250,37650,84100,92200,6200,41250,5340,29100,26425,2515,37250,1535
"2019-01-10",50000,37750,84100,91200,6220,41200,5300,29200,26585,2395,38550,1540
"2019-01-11",52400,37950,85300,92300,6220,41300,5300,29200,26345,2450,40550,1555
"2019-01-14",52200,38000,84300,91000,6180,41150,5270,29100,26265,2400,42100,1550
"2019-01-15",52200,38100,84800,91400,6180,41050,5290,29200,26825,3120,45300,1535
"2019-01-16",53600,38150,84500,91500,6200,40900,5300,29000,26585,2895,45650,1540
"2019-01-17",53700,39050,83900,92500,6240,40700,5320,29000,27706,2645,45000,1540
"2019-01-18",53900,39450,84900,94500,6270,42050,5340,29100,29388,2680,44800,1550
"2019-01-21",53600,39200,84000,97700,6410,41850,5280,29150,30429,2865,46800,1570
"2019-01-22",53600,39550,83700,99100,6370,41500,5300,29050,30148,2965,46650,1570
"2019-01-23",53500,39300,84600,102000,6370,42000,5270,29100,30749,3350,46800,1555
"2019-01-24",52800,39700,84600,100000,6400,42800,5290,29050,31550,3370,46750,1555
"2019-01-25",52600,39800,84000,100500,6400,41850,5290,29100,30949,3260,45850,1555
"2019-01-28",53000,39700,84000,99400,6450,41600,5330,29050,31309,3275,45300,1565
"2019-01-29",53200,39800,83900,98300,6420,41700,5320,29100,30989,2820,44400,1545
"2019-01-30",54300,39400,83700,98600,6480,41150,5300,29000,30709,2890,44200,1550
"2019-01-31",54100,39400,83600,100500,6490,41300,5310,29050,31309,2935,44150,1550
"2019-02-01",53900,39700,83700,100000,6510,41800,5330,29100,31229,2885,44600,1550
"2019-02-07",53800,39750,83700,101000,6530,41300,5400,29100,30108,2965,44550,1565
"2019-02-08",54000,39650,83600,101000,6540,41000,5390,29050,30188,2965,45500,1560
"2019-02-11",53900,39650,83400,99700,6510,41950,5360,29000,29508,2935,44050,1575
"2019-02-12",53300,39550,82500,99600,6510,42100,5370,29100,30028,2890,44600,1560
"2019-02-13",54200,39950,83200,99600,6560,42350,5380,29150,29868,2720,46000,1585
"2019-02-14",54700,39550,83900,100500,6510,42550,5370,29150,30348,2770,48300,1595
"2019-02-15",54300,39750,83800,99200,6500,41600,5380,29150,30308,3350,48250,1620
"2019-02-18",53800,39650,83600,98700,6490,41500,5380,29150,30308,3370,48300,1615
"2019-02-19",53900,39650,83200,97900,6540,41500,5410,29150,30228,3310,47000,1595
"2019-02-20",54200,39750,83600,98400,6540,41600,5420,29200,30469,3305,47700,1605
"2019-02-21",54200,40000,83600,98200,6550,41700,5390,29150,30228,3295,46450,1610
"2019-02-22",53300,39950,83200,97000,6590,41500,5400,29200,30068,3200,45400,1615
"2019-02-25",52900,41000,83100,96700,6610,41500,5400,29250,30068,3270,46200,1610
"2019-02-26",52600,41200,83400,96100,6560,41000,5410,29450,29948,3300,46400,1580
"2019-02-27",52600,41450,84900,95600,6640,41100,5400,29200,29308,3350,45300,1585
"2019-02-28",50100,40500,83200,95500,6690,41150,5350,29200,28907,3380,42350,1570
"2019-03-04",50300,40250,82400,95100,6800,40900,5380,29350,28667,3640,41450,1570
"2019-03-05",51100,40250,84200,96600,6800,40900,5380,29400,28827,3650,41200,1560
"2019-03-06",51000,40200,86300,96500,6870,41000,5370,29300,29548,4105,42200,1545
"2019-03-07",50100,40400,84800,95700,6960,41000,5340,29300,29668,3970,42250,1555
"2019-03-08",50200,40400,85500,94400,6940,41050,5350,29300,29227,4245,41300,1535
"2019-03-11",49700,40550,85800,95500,6850,41050,5370,29250,28747,4490,40500,1540
"2019-03-12",49600,40950,85500,98000,6680,41000,5370,29250,29308,4810,40900,1550
"2019-03-13",50100,41650,86000,101000,6740,41050,5360,29300,28907,4900,41050,1565
"2019-03-14",50800,41750,85600,101500,6770,41100,5400,29250,28787,4700,41050,1595
"2019-03-15",50400,42000,84500,100000,6750,40850,5380,29250,29388,4700,40350,1565
"2019-03-18",50400,42600,84600,100500,6840,40750,5430,29400,29308,4695,41100,1565
"2019-03-19",50200,42300,84200,98300,6800,40850,5440,29400,28587,4860,40600,1625
"2019-03-20",49100,42500,83400,97400,6670,40900,5420,29400,28066,4795,40000,1555
"2019-03-21",48350,42700,83200,97200,6750,40950,5400,29300,28267,4530,40350,1595
"2019-03-22",47400,42700,83200,96200,6720,41200,5360,29300,28307,4525,40350,1620
"2019-03-25",46100,42150,83500,95400,6540,41250,5310,29200,27426,4310,39800,1605
"2019-03-26",46550,42200,83900,95300,6590,41150,5380,29300,27466,4360,39800,1620
"2019-03-27",45800,41150,84100,95200,6750,41200,5420,29300,27386,4185,39400,1635
"2019-03-28",44950,39550,84300,94200,6700,41200,5400,29200,26905,4345,39000,1610
"2019-03-29",45100,39700,84000,94300,6800,41100,5410,29250,26865,4305,39800,1605
"2019-04-01",47150,39800,83700,94900,6960,41000,5420,29200,27426,4220,39950,1625
"2019-04-02",46750,39800,82900,93300,7150,41100,5430,29300,27426,4080,40350,1645
"2019-04-03",48950,39800,83800,93600,7240,40750,5430,29250,27226,4145,40000,1620
"2019-04-04",48000,39850,82700,93100,7250,40650,5420,29300,27226,4125,39800,1645
"2019-04-05",47750,39800,82600,92500,7330,40800,5430,29250,27426,4190,39700,1635
"2019-04-08",48300,38700,82700,94000,7390,40800,5450,29300,28066,4120,40400,1635
"2019-04-09",47050,38600,82500,94400,7400,40800,5420,29250,27986,4055,40150,1620
"2019-04-10",46450,38800,82300,94300,7410,41500,5440,29300,28347,4055,40250,1620
"2019-04-11",46450,38600,82600,94500,7490,41250,5460,29300,28427,4025,40500,1625
"2019-04-12",46100,38600,82400,93900,7550,41300,5470,29300,28507,4075,41550,1620
"2019-04-15",46000,38350,82700,93600,7570,41450,5490,29400,28267,4400,42400,1615
"2019-04-16",46250,38450,83000,93800,7660,41450,5500,29450,28267,4035,42000,1680
"2019-04-17",45900,38400,82600,94700,7870,41500,5520,29400,28146,3940,42200,1680
"2019-04-18",45800,38200,82100,93700,7700,41400,5500,29350,27986,3780,41750,1660
"2019-04-19",47200,38350,82200,93500,7770,41250,5500,29400,27866,3820,42150,1685
"2019-04-22",46850,38300,83200,94100,7770,41300,5460,29400,28347,3780,42250,1690
"2019-04-23",48450,38650,83100,94200,8050,41650,5460,29400,29348,3840,42550,1705
"2019-04-24",47350,38550,83000,93500,7970,41400,5500,29500,30308,3745,43150,1710
"2019-04-25",46100,38950,83000,94100,7850,41900,5500,29450,30068,3630,42150,1715
"2019-04-26",46500,38600,82400,92500,7820,41800,5500,29450,28987,3575,41550,1680
"2019-04-29",46350,38900,81700,93100,7890,41700,5640,29450,29308,3655,41700,1685
"2019-04-30",46150,38800,82100,93100,8000,41700,5610,29450,29908,3660,41750,1690
"2019-05-02",42950,38850,83000,93000,7950,41800,5540,29450,29788,3635,41350,1680
"2019-05-03",41950,38800,82900,92400,7970,41850,5620,29500,29748,3810,41650,1675
"2019-05-07",42050,38450,82600,92400,7990,41600,5570,29400,28747,3865,40950,1725
"2019-05-08",41850,39000,83700,92600,8000,41650,5560,29400,28707,3860,41000,1710
"2019-05-09",40800,38850,84400,92600,7960,41150,5500,29250,28387,3885,40200,1635
"2019-05-10",41100,38700,84900,91000,7840,41300,5430,29200,27906,3920,40250,1630
"2019-05-13",39850,38350,82300,91100,7800,41000,5420,29200,27105,4005,39500,1620
"2019-05-14",41500,38300,86500,91100,7900,41650,5460,29400,27986,3895,39650,1635
"2019-05-15",41750,38300,86100,91900,7950,41750,5490,29400,28267,3905,39700,1625
"2019-05-16",41600,38200,86000,91100,7910,41800,5480,29500,27866,3900,38900,1600
"2019-05-17",41300,37900,85900,91400,7990,41800,5480,29550,27466,3865,39350,1600
"2019-05-20",41800,38000,84700,92200,7910,42150,5440,29450,26505,3850,39050,1575
"2019-05-21",42000,38050,84500,92400,7850,42000,5420,29400,25704,3790,38800,1565
"2019-05-22",42100,37950,83900,92000,7840,42100,5420,29400,25344,3710,38700,1570
"2019-05-23",41300,38000,84500,91900,7850,42000,5400,29400,24823,3660,38100,1550
"2019-05-24",40900,37850,84600,91800,7840,42100,5420,29350,24423,3590,38150,1555
"2019-05-27",41100,37400,82600,91700,7850,42050,5430,29300,24663,3580,38200,1540
"2019-05-28",40200,37400,82600,91600,7910,42150,5400,29400,24823,3550,38350,1540
"2019-05-29",40600,37500,79500,91300,7880,41800,5390,29300,24183,3550,38000,1530
"2019-05-30",40950,37700,76800,91300,7890,42050,5400,29400,24103,3560,37800,1535
"2019-05-31",41300,37000,75900,92000,7940,41500,5390,29400,24183,3535,38100,1530
"2019-06-03",41250,36750,76700,93000,7860,41400,5370,29400,24383,3540,38100,1525
"2019-06-04",41300,36900,77800,92800,7880,41600,5370,29450,24303,3490,38200,1530
"2019-06-05",40750,37000,78200,93100,8000,41050,5370,29400,24023,3460,38950,1545
"2019-06-07",41400,37700,78000,93100,7960,41050,5400,29400,24223,3460,40300,1555
"2019-06-10",41650,37300,78600,93300,7930,41850,5450,29400,24223,3420,40100,1560
"2019-06-11",42500,37650,78300,93300,7990,41650,5460,29450,24423,3460,41250,1565
"2019-06-12",42450,37650,79100,94400,8280,41800,5480,29500,24743,3500,42100,1585
"2019-06-13",42100,37300,77700,94900,8310,41800,5490,29400,24863,3485,41950,1575
"2019-06-14",42200,37350,77500,95200,8330,41700,5500,29450,24703,3450,41100,1590
"2019-06-17",41750,37300,77600,95500,8300,42500,5460,29500,24823,3420,39750,1595
"2019-06-18",42000,37650,78500,95700,8250,42300,5500,29400,24943,3385,39750,1590
"2019-06-19",42000,37650,78000,95300,8110,41850,5560,29450,25104,3380,40600,1600
"2019-06-20",42250,37700,78500,96100,8240,41900,5590,29550,24983,3350,41600,1610
"2019-06-21",41200,37700,78100,95400,8250,41800,5600,29550,24983,3450,41650,1610
"2019-06-24",42000,37700,77200,96200,8210,41400,5530,29550,24983,3490,41850,1605
"2019-06-25",41550,37550,77000,95000,8180,41400,5570,29500,24583,3455,40350,1590
"2019-06-26",42100,37500,76700,93500,7960,41200,5540,29550,24583,3400,40350,1600
"2019-06-27",42450,37800,77400,94000,8040,41850,5540,29500,24663,3365,40700,1580
"2019-06-28",42200,37800,77200,93500,8000,41900,5520,29500,24623,3235,40700,1585
"2019-07-01",42000,37500,77500,94200,7850,41500,5560,29500,24583,3285,40850,1590
"2019-07-02",43200,37600,77500,94400,7970,41450,5550,29550,24703,3325,40400,1580
"2019-07-03",42750,37550,76200,93800,8000,41750,5480,29550,24823,3360,40350,1575
"2019-07-04",44350,37550,75800,93900,7840,41750,5530,29400,24783,3355,40200,1560
"2019-07-05",44300,37550,75700,93700,7980,41950,5520,29450,25344,3360,40200,1585
"2019-07-08",44300,37150,75500,92900,7900,41750,5500,29500,24863,3335,39550,1560
"2019-07-09",43400,37300,75500,92600,7870,41900,5490,29500,24743,3355,38600,1540
"2019-07-10",43000,37550,75200,92000,7770,41700,5480,29500,25023,3370,38600,1555
"2019-07-11",43700,37550,75200,92800,7770,41750,5510,29400,25023,3370,39500,1555
"2019-07-12",43400,37500,75200,92100,7740,41700,5510,29500,25023,3360,39800,1560
"2019-07-15",44350,37300,76000,92000,7750,41600,5510,29400,24903,3360,38850,1570
"2019-07-16",44800,37350,75500,92100,7810,41400,5490,29450,24823,3310,38800,1555
"2019-07-17",43600,37250,76000,91800,7760,41800,5510,29400,24423,3330,38400,1545
"2019-07-18",43400,37150,74800,91900,7580,41600,5480,29400,24383,3305,38400,1540
"2019-07-19",43650,37150,74900,92300,7530,41450,5510,29400,24543,3280,38550,1530
"2019-07-22",43800,37200,75500,92000,7940,41350,5510,29400,24623,3300,37900,1540
"2019-07-23",44350,37050,75500,91900,7740,41200,5490,29400,24183,3290,37550,1535
"2019-07-24",44050,37000,75800,91200,7770,41400,5500,29350,24063,3250,37050,1530
"2019-07-25",43650,37100,75800,90800,7730,41400,5490,29350,24183,3225,36300,1505
"2019-07-26",42450,36500,75700,90200,7750,41200,5470,29350,23942,3165,35450,1500
"2019-07-29",41950,36450,75700,89100,7690,40650,5400,29300,23862,3100,34450,1400
"2019-07-30",42450,36600,74300,89200,7690,40450,5370,29200,23862,3070,35700,1450
"2019-07-31",42750,36500,74100,89400,7780,40550,5380,29200,23582,3050,35300,1440
"2019-08-01",42450,36600,74900,89300,7770,40650,5410,29200,23022,3050,35500,1440
"2019-08-02",41550,36550,75100,88500,7510,40650,5390,29200,22181,3050,34650,1425
"2019-08-05",40850,35950,69800,86100,7590,39750,5300,28900,20900,3090,32550,1375
"2019-08-06",40500,34450,70200,85300,7590,37800,5250,28700,20139,2975,31700,1355
"2019-08-07",39900,33950,70200,85200,7650,37000,5250,28750,20259,3030,31300,1425
"2019-08-08",38850,34200,72500,84900,7760,36200,5230,29100,20860,3030,32000,1415
"2019-08-09",39750,34200,72200,83900,7800,37050,5260,29100,21140,3000,32350,1410
"2019-08-12",39000,34900,75000,84200,7760,36900,5260,29100,21180,3005,33350,1430
"2019-08-13",38700,33950,70400,83100,8000,36100,5230,28900,21180,2935,32450,1415
"2019-08-14",38600,34350,71500,83100,7610,35900,5250,29000,21180,2900,32850,1415
"2019-08-16",37150,34100,70900,82300,7680,35350,5250,28900,20419,2850,31850,1380
"2019-08-19",38050,34150,70900,84100,7580,35300,5240,28750,20860,2945,32400,1390
"2019-08-20",38300,34400,71300,83600,7730,35500,5220,28850,20900,2970,32700,1395
"2019-08-21",38600,34600,72800,84000,7740,36100,5250,29100,20900,2970,32900,1415
"2019-08-22",38350,34650,72600,84000,7590,35950,5240,29100,20900,3000,32800,1410
"2019-08-23",38300,34700,71600,83800,7690,36000,5220,29050,20820,2940,33000,1405
"2019-08-26",38000,34850,70500,82000,7700,35750,5210,29000,20419,2880,31750,1370
"2019-08-27",38550,35050,70600,82400,7750,35750,5240,28950,20419,2905,32150,1380
"2019-08-28",38650,35300,70600,82800,7610,35950,5240,28950,20539,2920,32200,1385
"2019-08-29",38750,35300,70600,84400,7600,36300,5250,28900,20499,2855,32000,1380
"2019-08-30",39050,35400,70100,84300,7640,36150,5300,28900,20860,2855,32650,1395
"2019-09-02",39400,35150,70200,84700,7610,36200,5310,28950,21140,2840,32800,1420
"2019-09-03",39450,35150,70300,84500,7460,36250,5290,28900,21060,2825,32850,1420
"2019-09-04",39750,35350,69900,84400,7520,36400,5320,28950,20940,2830,33000,1420
"2019-09-05",39200,35100,69400,83500,7600,36500,5340,28950,21100,2830,33050,1415
"2019-09-06",39450,35200,68200,83300,7700,36100,5360,28950,20860,2830,33000,1400
"2019-09-09",39050,35250,68100,83600,7680,36150,5360,29000,20980,2845,32800,1430
"2019-09-10",39650,35100,67800,84400,7500,36250,5330,29050,21220,2890,33300,1435
"2019-09-11",40450,35500,67700,84400,7620,36300,5370,29000,21380,3010,33700,1440
"2019-09-16",41950,35600,69000,84700,7680,37550,5420,29050,21941,3065,35150,1450
"2019-09-17",42000,35900,69500,86000,7750,37100,5440,29150,22061,2995,36550,1500
"2019-09-18",41450,35900,69100,86900,7840,37300,5430,29250,22061,2975,36500,1500
"2019-09-19",41300,35850,68700,87000,7840,37500,5400,29250,21981,2915,36000,1530
"2019-09-20",41050,35850,68300,86800,7880,37450,5400,29200,21941,2945,36200,1585
"2019-09-23",41100,35850,68600,85800,8000,38700,5390,29150,21700,2895,36350,1545
"2019-09-24",41250,35850,68600,86200,7810,37450,5400,29150,21861,2890,35600,1525
"2019-09-25",40200,35600,68100,85200,7750,37500,5390,29150,21700,2800,34200,1515
"2019-09-26",40150,35600,68600,85600,7710,37600,5410,29300,21740,2820,34500,1485
"2019-09-27",39500,35500,68000,84300,7800,37400,5380,29100,21700,2820,34450,1480
"2019-09-30",39600,35500,67200,84400,7790,37800,5370,29150,21780,2825,34000,1610
"2019-10-01",40500,35600,68400,84100,7700,38200,5380,29200,21820,2820,33950,1515
"2019-10-02",39800,35450,68500,83600,7730,38300,5370,29150,21420,2820,34400,1540
"2019-10-04",39800,35700,68100,84100,7640,38300,5340,29200,21380,2820,36150,1535
"2019-10-07",39000,35600,67500,82900,7720,37900,5330,29150,21460,2815,34800,1440
"2019-10-08",39450,35500,67400,84100,7550,37800,5300,29150,21580,2815,34750,1445
"2019-10-10",39000,35400,68200,84200,7630,37900,5280,29250,21620,2795,34300,1445
"2019-10-11",39100,35550,68600,84100,7700,38050,5320,29200,21500,2785,34200,1425
"2019-10-14",40600,35600,68800,83900,7620,38600,5370,29250,21901,2750,35300,1440
"2019-10-15",40600,35600,69200,84300,7780,38100,5360,29300,21981,2785,35350,1445
"2019-10-16",40300,35900,69300,84200,7880,38550,5400,29200,22021,2760,35300,1445
"2019-10-17",40900,36000,68700,84200,7760,37950,5380,29200,21780,2740,34900,1445
"2019-10-18",40350,36100,68700,83800,7870,38600,5410,29350,21460,2735,34500,1465
"2019-10-21",40600,36250,68600,84100,7700,38000,5410,29250,21540,2700,34100,1460
"2019-10-22",40800,36100,69500,84000,7720,37800,5380,29400,21460,2725,33600,1475
"2019-10-23",40000,35950,68300,84100,7830,37000,5420,29250,21300,2700,33650,1440
"2019-10-24",40400,35850,67200,83800,7880,37300,5390,29250,21580,2715,33750,1440
"2019-10-25",40200,35900,68600,84200,7890,37100,5400,29350,21260,2735,33450,1475
"2019-10-28",39900,36100,67700,83900,7890,37200,5400,29350,21260,2745,33000,1480
"2019-10-29",39700,36050,67700,83600,7880,37900,5440,29300,20980,2750,32900,1465
"2019-10-30",39350,36100,67800,82800,7750,37600,5400,29250,20900,2715,32350,1455
"2019-10-31",39300,36300,67800,84400,7810,36850,5410,29250,20900,2695,32350,1460
"2019-11-01",39300,36250,68600,83200,7940,36750,5440,29300,20980,2700,32200,1470
"2019-11-04",39850,36150,68500,84100,7980,37100,5470,29250,21180,2710,32800,1480
"2019-11-05",39700,36300,69200,84200,7980,37200,5440,29300,21220,2720,33050,1470
"2019-11-06",40600,36600,69600,85600,7870,37150,5440,29300,21300,2730,33400,1485
"2019-11-07",40550,36600,70100,85400,7840,37150,5460,29350,21780,2705,33400,1485
"2019-11-08",40950,37200,70400,85700,7820,37150,5450,29350,21620,2760,33300,1510
"2019-11-11",40650,37300,70900,85900,7850,37350,5440,29450,21820,2765,33250,1520
"2019-11-12",40550,37300,70400,86100,7830,37350,5500,29500,21780,2750,33250,1515
"2019-11-13",40050,36850,71400,86300,7800,37700,5490,29550,21660,2700,33150,1505
"2019-11-14",40400,36800,70800,85600,7870,37600,5500,29550,21740,2745,33150,1515
"2019-11-15",40750,36750,70200,87000,7880,38800,5500,29700,21380,2740,34000,1485
"2019-11-18",40200,36750,71300,86600,7760,38600,5490,29800,21060,2715,34600,1485
"2019-11-19",40250,36700,72000,86600,7750,38300,5480,29750,20860,2715,35000,1485
"2019-11-20",39550,36500,73200,85700,7790,37800,5440,29750,20219,2700,34250,1445
"2019-11-21",39000,36300,72200,86400,7800,37800,5410,29750,20179,2670,33100,1445
"2019-11-22",38850,36100,70700,85800,7780,37750,5440,29750,20299,2700,33600,1460
"2019-11-25",38700,35950,70700,87100,7940,38050,5450,29700,21540,2670,33850,1455
"2019-11-26",38350,35900,69600,87100,7810,37900,5450,29700,21500,2650,33800,1465
"2019-11-27",38550,36100,69600,87100,7910,38500,5450,29700,21420,2655,35100,1470
"2019-11-28",38300,36000,70300,86100,7740,38450,5440,29700,21580,2635,35450,1465
"2019-11-29",37400,35800,71800,85800,7830,38000,5440,29700,21620,2630,35400,1455
"2019-12-02",37450,35700,71400,85500,7870,37600,5440,29600,21620,2635,35400,1435
"2019-12-03",38050,35650,71400,85100,7900,37700,5410,29600,21460,2610,35400,1420
"2019-12-04",38150,35500,69100,85000,7900,38300,5400,29600,21380,2600,35400,1420
"2019-12-05",37900,35400,71500,84500,7920,37950,5380,29550,21300,2600,35850,1420
"2019-12-06",38200,35900,72000,84500,7930,37600,5380,29600,21400,2595,36000,1435
"2019-12-09",37950,35950,72000,84300,7920,38150,5360,29600,21400,2705,36150,1430
"2019-12-10",37900,35400,70900,84300,7860,38300,5320,29550,21250,2680,35800,1440
"2019-12-11",37850,35500,70700,84300,7860,37950,5330,29400,21300,2645,35900,1430
"2019-12-12",37750,35900,72000,84700,7770,38950,5340,29350,21450,2630,36200,1430
"2019-12-13",38750,35700,73400,85200,7770,37900,5340,29300,21950,2685,36400,1435
"2019-12-16",38250,35750,72000,85600,8020,37550,5360,29400,21700,2650,36200,1450
"2019-12-17",38400,36050,71100,86000,8090,37500,5350,29450,21650,2650,36150,1455
"2019-12-18",38500,36100,71200,85600,8080,37800,5390,29450,21700,2620,36350,1450
"2019-12-19",38650,35800,72000,85900,8070,37750,5400,29400,21550,2625,36000,1430
"2019-12-20",38350,35800,72900,86100,8140,37850,5400,29400,21400,2620,35900,1460
"2019-12-23",38500,35800,72800,86000,8160,38400,5390,29500,21350,2605,35900,1460
"2019-12-24",38550,35900,71200,86300,8480,37950,5380,29850,21250,2590,36200,1480
"2019-12-26",38850,35850,71300,86500,8330,37950,5400,29600,21550,2585,36100,1475
"2019-12-27",37900,35700,71400,84600,8220,37300,5280,28700,21200,2600,36450,1465
"2019-12-30",37850,35700,70600,84500,8330,37400,5240,28700,21250,2590,36650,1455
"2020-01-02",37350,35750,72300,83900,8240,38350,5210,28650,21250,2595,36700,1590
"2020-01-03",37100,35800,71700,83900,8240,37750,5230,28650,21200,2610,36750,1575
"2020-01-06",36550,35550,73000,82700,8240,37450,5830,28650,20900,2585,36600,1860
"2020-01-07",36600,35500,72000,82600,8150,37250,5440,28600,20950,2580,36900,1765
"2020-01-08",35100,35250,71100,80800,8210,37050,6090,28600,20200,2530,35600,1900
"2020-01-09",35350,35100,69400,80400,8040,37050,5300,28500,20050,2540,36300,1665
"2020-01-10",34900,35000,69700,80600,7810,36650,5260,28400,20000,2525,36600,1700
"2020-01-13",35450,34900,70200,80800,7900,36600,5180,28350,20050,2500,37100,1690
"2020-01-14",35350,34950,69400,81200,8080,36700,5240,28400,20000,2500,37300,2195
"2020-01-15",35500,35000,71000,81100,8150,37600,5200,28500,20000,2490,37600,2205
"2020-01-16",35050,34650,69800,81000,8260,37050,5180,28400,20150,2510,37850,2140
"2020-01-17",35050,34900,70000,80600,8320,37000,5190,28500,20200,2505,37800,2150
"2020-01-20",35000,35200,69900,80500,8140,37300,5170,28350,20150,2510,38400,1960
"2020-01-21",34900,34950,69800,79800,8250,37050,5170,28200,20250,2500,38800,1850
"2020-01-22",34800,35000,69800,79800,8170,37000,5150,28150,20400,2495,39600,1865
"2020-01-23",34950,34950,69800,81700,8230,37000,5160,28150,20300,2480,38800,1830
"2020-01-28",33200,34600,70600,80400,8120,36600,5050,28050,19450,2460,37850,1770
"2020-01-29",33200,34700,70500,80500,8130,36400,5040,28050,19600,2440,38400,1805
"2020-01-30",32950,34550,69100,80000,8120,36400,5000,28000,19300,2395,38300,1735
"2020-01-31",32500,34600,72500,78500,8180,36300,4995,27650,18600,2365,38050,1680
"2020-02-03",31700,34200,71500,78400,8120,35500,4960,27400,18350,2330,37600,1725
"2020-02-04",31950,34250,70700,78900,8000,35250,4975,27550,18800,2345,38150,1775
"2020-02-05",32850,34000,70100,79400,8120,35300,4980,27600,18750,2355,38150,1795
"2020-02-06",33400,34200,70100,80400,8110,35150,5080,27850,19200,2385,38650,1795
"2020-02-07",33700,34200,70000,81600,8000,35050,5000,27700,19100,2415,38800,1825
"2020-02-10",33450,34150,70000,81600,8000,35150,5020,27550,18950,2495,38600,1820
"2020-02-11",33500,34100,70700,81900,8070,35850,5070,27550,19150,2600,37500,1795
"2020-02-12",33350,34300,70000,83300,8100,35100,5050,27400,19150,2620,37500,1780
"2020-02-13",33400,34300,69400,83200,8100,36100,5010,27400,19100,2705,37350,1780
"2020-02-14",32650,34300,70200,83400,8110,35550,5010,27350,19000,2715,37100,1800
"2020-02-17",33100,34300,69400,83200,8010,35100,5050,27350,19050,2685,37600,1795
"2020-02-18",33100,34100,70500,83300,8080,34850,5040,27300,19000,2645,37600,1755
"2020-02-19",32650,34100,69300,83000,8100,34800,5000,27400,18900,2620,37500,1785
"2020-02-20",32300,33800,69200,83300,8100,34800,4975,27400,18850,2715,37100,1830
"2020-02-21",31600,33850,70000,82000,8000,34500,4930,27150,18850,2595,35800,1765
"2020-02-24",30400,33550,68500,81200,7950,34900,4815,26750,18000,2485,35500,1660
"2020-02-25",30000,33000,70200,82200,8090,35200,4825,26550,18300,2470,35600,1690
"2020-02-26",29450,32950,70200,82000,8160,35300,4835,26400,18100,2390,35200,1685
"2020-02-27",28950,32850,69600,81200,8110,34850,4790,26200,17750,2330,34000,1635
"2020-02-28",28100,32850,69500,78400,7980,34250,4660,25950,17450,2290,33300,1610
"2020-03-02",27050,33150,70800,78400,8140,33200,4670,25900,17700,2280,32800,1615
"2020-03-03",27150,33400,70100,78200,8290,33400,4670,26100,17700,2315,32650,1670
"2020-03-04",27200,33200,70600,79200,8330,33900,4700,26100,18100,2330,32550,1675
"2020-03-05",27750,32800,71600,81500,8340,33900,4755,26000,18050,2415,32500,1660
"2020-03-06",27000,32900,72400,80300,8490,34600,4740,26300,17600,3015,32150,1615
"2020-03-09",25800,32450,72100,76200,8320,33850,4660,26000,16900,2460,31800,1535
"2020-03-10",25300,32350,71100,76700,8540,33300,4630,25850,16600,2825,31800,1530
"2020-03-11",25150,32200,71100,76200,8400,33050,4615,25600,16550,2620,31300,1460
"2020-03-12",23850,30700,69000,71800,8400,31250,4475,25100,15550,2720,29600,1365
"2020-03-13",21750,29800,68800,68200,8320,30000,4295,25100,14450,2875,27100,1265
"2020-03-16",21100,29800,68000,70200,8470,30900,4260,25000,13950,2940,24550,1170
"2020-03-17",19850,29800,68700,68800,8460,29250,4230,24000,13450,2835,23950,1150
"2020-03-18",18150,27650,66500,68400,8520,28800,4170,23900,13300,2720,22100,1105
"2020-03-19",16600,25800,66900,61400,8350,26500,3850,22950,12300,2505,18000,975
"2020-03-20",19350,29050,64500,58800,8580,27150,3960,22550,13150,2555,19150,1015
"2020-03-23",18300,25750,61700,56000,8550,26300,3735,20950,12600,2420,18400,987
"2020-03-24",19350,26150,60900,59400,8600,26500,3855,21300,13150,2430,19350,1035
"2020-03-25",20550,28000,60700,59600,8650,27050,4040,22250,14600,2565,20900,1090
"2020-03-26",20550,28700,61000,63500,8800,27500,4100,22300,14500,2525,20900,1120
"2020-03-27",21100,28900,61300,65500,8750,28200,4130,23300,14900,2570,21050,1110
"2020-03-30",21350,29950,60800,65500,8540,27850,4200,23150,15350,2740,22300,1195
"2020-03-31",21500,30600,61300,67200,8870,29300,4330,23500,15300,2750,23650,1240
"2020-04-01",21100,30500,62000,67200,9050,29500,4300,22800,15300,2690,22850,1210
"2020-04-02",21750,31100,63400,68700,9060,29750,4450,23200,15450,2705,23150,1290
"2020-04-03",22100,31650,67100,69600,9140,30300,4415,23200,15650,2795,22450,1325
"2020-04-06",23350,31600,68000,70000,9500,31800,4490,23450,15800,2975,23350,1335
"2020-04-07",24100,31900,69500,70400,9610,32550,4495,24000,16150,2965,23850,1330
"2020-04-08",24100,32100,70200,70500,9470,32000,4510,23950,16200,3165,24000,1300
"2020-04-09",24450,31800,70700,70600,9470,31500,4500,23900,16350,3080,24500,1330
"2020-04-10",25350,32050,72100,72300,9720,31400,4505,24100,16400,3155,25000,1320
"2020-04-13",26800,31750,71500,72400,10400,31250,4540,24300,16400,3130,24300,1300
"2020-04-14",26950,31750,72000,72300,9960,32550,4545,24250,16550,3190,24950,1325
"2020-04-16",26600,31850,70500,71200,9690,32750,4555,23650,16550,3095,25850,1330
"2020-04-17",26900,33000,69000,71700,9600,32550,4610,24000,17100,3200,27000,1370
"2020-04-20",27400,33400,69800,72100,9750,33700,4625,24800,17150,3205,27900,1370
"2020-04-21",26700,33450,68600,70500,9830,33600,4600,24250,17100,4155,27500,1335
"2020-04-22",25900,33650,68100,71400,9720,33300,4575,24350,17000,3560,27350,1345
"2020-04-23",26750,33850,68400,72000,9560,33750,4625,24550,17300,3315,27350,1370
"2020-04-24",26250,37350,70300,71500,9590,34000,4695,24150,17650,3110,27550,1365
"2020-04-27",26950,36200,69500,70300,9750,34550,4725,24300,17700,3180,27600,1395
"2020-04-28",26750,36000,69000,71300,9670,35100,4740,24200,17550,3095,27500,1410
"2020-04-29",26950,35950,69600,74200,9670,34300,4730,24300,17750,3120,28150,1395
"2020-05-04",26600,36000,72700,74900,9780,34800,4745,24450,18050,3090,29250,1405
"2020-05-06",26700,35900,70700,74100,9820,34300,4795,24500,18500,3255,29050,1420
"2020-05-07",27100,35850,71400,74000,9730,34450,4820,24400,18350,3275,28950,1425
"2020-05-08",27400,35900,71600,72700,9830,34100,4830,24250,18800,3345,28800,1435
"2020-05-11",27500,36200,77500,72500,9960,34200,4820,24300,18750,3400,28350,1420
"2020-05-12",26900,36400,77800,72600,9900,34200,4810,24150,18200,3425,27950,1375
"2020-05-13",27150,36600,79500,73000,9980,34500,4805,24200,17850,3550,27450,1365
"2020-05-14",27100,36150,78800,71600,9960,34850,4780,24150,17700,3640,26900,1340
"2020-05-15",26950,35700,77300,70700,10200,34200,4740,24350,17800,3790,26400,1340
"2020-05-18",27000,35700,79500,69500,10000,34450,4765,24450,17600,3660,26850,1370
"2020-05-19",27500,35950,78600,69700,10350,34250,4790,24450,17900,3540,26850,1385
"2020-05-20",27700,35950,78300,70100,10400,35000,4780,24300,17800,3570,26900,1405
"2020-05-21",27900,35750,79600,69300,10600,34800,4790,24500,17800,3600,27050,1405
"2020-05-22",27700,35800,78300,68800,10900,34550,4765,24300,17650,3505,26500,1360
"2020-05-25",27900,35750,77800,67700,11200,35050,4780,24450,17350,3450,26500,1415
"2020-05-26",28450,35850,77900,67300,10900,34900,4780,24550,17500,3440,26550,1415
"2020-05-27",29150,36200,77600,67900,11000,34900,4785,25100,17500,3495,26600,1415
"2020-05-28",29150,36150,75700,66900,11000,35000,4760,25050,17450,3510,26600,1380
"2020-05-29",29850,36350,74400,65100,11250,34550,4785,25250,17500,3500,26450,1400
"2020-06-01",29300,36150,75600,65700,10700,35100,4855,25500,17700,3475,26550,1430
"2020-06-02",29500,36150,76800,68000,11000,35200,4880,25850,17800,3480,27400,1420
"2020-06-03",30200,36150,71100,68200,10850,34300,4875,25500,17950,3340,27500,1450
"2020-06-04",30300,35900,71800,68100,11150,34550,4850,25300,18100,3350,27250,1450
"2020-06-05",31350,36100,71400,69000,11250,35000,4850,25600,18550,3440,27450,1465
"2020-06-08",31700,36100,71500,68300,11300,34750,4850,25500,18350,3330,27750,1455
"2020-06-09",30700,35950,71600,68400,12000,34750,4900,25500,18200,3340,28600,1430
"2020-06-10",30000,35950,71400,67800,12250,34550,4900,25400,17800,3270,28200,1475
"2020-06-11",29250,35650,70700,68000,12800,34400,4885,25400,17600,3210,27850,1440
"2020-06-12",27750,35700,69700,66400,14150,34000,4805,25150,17150,3120,26850,1400
"2020-06-15",25650,35450,68900,64400,13800,34350,4760,24500,16850,2965,26150,1335
"2020-06-16",28400,35850,68900,66400,13400,34050,4810,24750,17350,3050,26700,1375
"2020-06-17",27650,35850,69700,66600,13300,34100,4775,24600,17150,3040,26000,1365
"2020-06-18",27250,36350,71500,66300,12850,34200,4775,24500,17300,3300,26950,1365
"2020-06-19",27150,36650,70300,66800,13050,34100,4780,24600,17600,3430,30250,1380
"2020-06-22",26650,37000,68600,66800,13300,34050,4785,24500,17500,3375,30000,1390
"2020-06-23",26750,36500,68300,66700,13300,34150,4785,24250,17150,3385,28250,1380
"2020-06-24",27300,36400,69000,66700,13400,34150,4780,24300,17150,3315,28300,1390
"2020-06-25",26500,36200,68900,65400,13250,35300,4740,24000,17000,3230,28200,1375
"2020-06-26",26650,36450,68900,65800,13400,35050,4775,24150,17000,3205,28300,1370
"2020-06-29",25950,36200,68900,66300,12850,34450,4755,23900,16550,3100,27500,1335
"2020-06-30",26200,36000,68900,67400,13450,34100,4760,23950,16600,3150,27900,1340
"2020-07-01",26100,36250,68300,68000,13300,34200,4755,24100,16500,3185,27050,1330
"2020-07-02",26200,36300,68400,69600,13200,35200,4760,24000,16550,3180,27550,1325
"2020-07-03",26250,36700,69300,71500,13150,34500,4985,24150,16500,3240,27450,1355
"2020-07-06",26600,36500,68700,72300,13300,34250,4945,24000,16450,3335,27900,1360
"2020-07-07",26300,36550,68300,71200,13500,34200,4920,24150,16550,3310,28100,1355
"2020-07-08",26300,36700,68100,71400,13600,34100,4950,24300,16600,3255,28750,1365
"2020-07-09",26350,36000,68400,72500,13450,34500,4915,24100,16550,3315,28800,1360
"2020-07-10",25750,35800,67600,73100,13600,34350,4835,24050,16400,3240,27900,1380
"2020-07-13",26200,35800,67700,74500,13700,34100,4895,24150,16550,3450,27850,1375
"2020-07-14",26050,35700,68200,77300,13800,34600,4880,24200,16450,3590,27950,1375
"2020-07-15",26300,35600,68000,75100,14000,34300,4875,24200,16500,3555,27850,1380
"2020-07-16",26150,35750,68100,74800,13900,34600,4880,24050,16650,3550,28100,1405
"2020-07-17",26100,36000,68200,76600,13850,35000,4890,24200,16750,3600,28400,1430
"2020-07-20",25950,36200,68100,75600,13750,34600,4890,24200,16750,3530,28200,1410
"2020-07-21",25750,36450,67800,75200,13750,34500,4925,24250,16800,3535,28200,1430
"2020-07-22",25800,36450,68000,75500,13900,34100,4955,24100,17200,3620,28300,1525
"2020-07-23",25500,36600,67900,76100,13700,34000,4920,24050,16800,3500,27950,1495
"2020-07-24",25500,36300,67600,76500,13700,34200,4925,24050,16950,3495,27850,1475
"2020-07-27",25450,36550,68600,78000,13800,34100,4905,24150,16750,3600,28000,1455
"2020-07-28",25300,36450,68100,78200,14000,34500,4905,24050,16800,3590,27900,1465
"2020-07-29",25400,36250,67400,78300,14400,34050,4915,24500,16750,3610,27800,1440
"2020-07-30",25300,36450,67200,76900,14500,34100,4920,24200,16750,3670,27600,1450
"2020-07-31",25350,36450,66800,77600,14600,34100,4920,24200,16650,3740,27450,1450
"2020-08-03",25050,36200,65800,77900,14200,34150,4910,24350,16650,3725,27350,1445
"2020-08-04",25050,36350,66000,78000,14250,34150,4945,24350,16800,3620,27500,1450
"2020-08-05",24750,36400,65700,78200,14300,34400,4970,24400,16700,3575,27400,1455
"2020-08-06",24900,36500,65800,77900,14150,34250,5040,24350,16650,3510,27650,1450
"2020-08-07",24800,36500,66500,77500,14300,34300,5070,24400,16750,3540,27600,1435
"2020-08-10",24700,38250,66700,77100,14150,34600,5100,24500,17300,3455,27950,1425
"2020-08-11",25700,41900,66700,77100,14250,34650,5150,24650,17250,3560,27950,1450
"2020-08-12",26450,54100,67400,77700,14250,34800,5090,24750,17250,3485,28750,1430
"2020-08-13",26600,47900,68300,77500,14150,34700,5060,24850,17100,3360,28300,1445
"2020-08-14",26450,44700,68000,78100,14250,35350,5090,24900,17250,3455,28250,1430
"2020-08-18",24800,42500,67400,76700,14350,34450,4970,24550,16700,3255,27300,1355
"2020-08-19",24800,43350,67500,76700,14600,34400,5020,24600,16800,3250,27350,1345
"2020-08-20",23700,43350,68000,75200,14950,34400,4910,24500,16250,3200,25950,1300
"2020-08-21",23800,46200,68300,76900,15400,35050,4950,24550,16350,3215,25950,1310
"2020-08-24",24150,49650,68000,75800,15250,34550,4930,24600,16500,3225,25950,1320
"2020-08-25",24600,49300,67900,75500,15400,34450,5010,24650,16600,3245,26350,1325
"2020-08-26",24400,49250,66400,75300,15500,34800,4990,24550,16650,3200,26650,1325
"2020-08-27",23700,48450,66400,74000,15500,35200,4950,24600,16550,3180,26500,1315
"2020-08-28",23850,48500,66600,73300,15850,35100,4970,24600,16550,3190,26500,1335
"2020-08-31",23600,50900,67900,72400,15950,35100,5020,24600,16600,3195,26450,1345
"2020-09-01",23950,49900,68000,72700,16150,35000,5030,24450,16600,3155,26400,1350
"2020-09-02",24100,50300,69200,73200,16600,35000,5030,24800,16600,3170,26650,1360
"2020-09-03",24150,50700,70300,73400,16950,35100,5060,24800,16550,3525,26900,1370
"2020-09-04",23650,50500,69700,72700,16950,35100,4995,24650,16550,3585,26650,1345
"2020-09-07",23700,51000,70300,73500,16700,35100,5030,24550,16700,3710,27000,1365
"2020-09-08",23750,50600,70300,73400,16800,34600,5030,24650,17000,3815,27000,1380
"2020-09-09",23400,50100,69200,72700,16850,34450,5050,24550,16900,3790,26850,1365
"2020-09-10",23350,51500,70000,75200,17150,35500,5140,24800,17450,3940,27750,1375
"2020-09-11",23200,53200,70000,77400,16950,35400,5320,24750,17300,4055,27700,1395
"2020-09-14",23700,56300,71700,78300,16750,34900,5300,24750,18700,4010,28100,1415
"2020-09-15",23950,59000,93100,81400,16600,36350,5360,26300,19700,4870,28100,1510
"2020-09-16",25000,55100,79700,82400,17000,36000,5410,25500,21350,4450,29250,1960
"2020-09-17",25050,54800,79000,80600,17500,35500,5340,25300,20750,4735,29500,1700
"2020-09-18",24750,53800,77500,80000,18050,36050,5410,25350,20650,4510,30000,1740
"2020-09-21",25000,53000,77500,78800,18350,36000,5320,25300,20400,4300,29300,1610
"2020-09-22",24050,50600,77200,76400,17950,35100,5180,24700,18600,4140,27950,1655
"2020-09-23",24450,51900,78200,78700,18650,35400,5340,24850,18450,4230,27200,1625
"2020-09-24",23700,50500,77400,77500,18750,34650,5340,24550,17700,4025,26700,1495
"2020-09-25",23800,50000,77500,76500,19350,34600,5330,24650,17950,3990,26450,1500
"2020-09-28",24050,50400,76600,77900,19450,34800,5350,24950,18200,4035,26650,1570
"2020-09-29",24650,50400,77600,78300,19350,35300,5360,24950,18600,3990,26850,1585
"2020-10-05",25700,51200,77200,79100,19500,35200,5330,25050,19400,4130,26900,1630
"2020-10-06",25550,50100,73000,80200,19500,35150,5330,25300,19200,4190,26900,1640
"2020-10-07",25550,51200,73300,79500,19850,34900,5350,25650,20700,4300,27200,1710
"2020-10-08",25600,51200,73300,78200,21000,34950,5440,25600,20850,4300,27150,1705
"2020-10-12",25200,51500,73300,77400,20950,35050,5550,25800,20400,4325,27150,1685
"2020-10-13",25600,51400,74200,77100,22500,35450,5490,25550,20400,4285,27250,1695
"2020-10-14",25100,50100,74100,78500,22250,35150,5520,25500,20000,4190,27100,1705
"2020-10-15",27000,51200,77500,79000,22200,35150,5510,25500,20550,4150,27000,1715
"2020-10-16",29400,51400,77500,78800,22350,35550,5530,25800,20900,4050,27150,1820
"2020-10-19",31450,50700,76800,80500,22450,35650,5640,26000,20400,4130,27050,1695
"2020-10-20",30000,50400,76000,80500,22550,35900,5580,25900,19900,4065,27100,1675
"2020-10-21",32450,50400,77800,81100,22850,35900,5530,25950,20150,4075,27300,1675
"2020-10-22",32250,50400,79000,81100,22950,36300,5420,25850,19600,4125,27200,1650
"2020-10-23",31150,50300,81400,81000,23200,36450,5400,25850,19800,4170,28100,1640
"2020-10-26",29350,50000,80700,79200,22750,34850,5310,25750,18900,4080,27700,1560
"2020-10-27",29400,49850,81000,78400,22400,34950,5310,25650,19000,3960,27500,1660
"2020-10-28",28900,49850,82900,78800,22850,35150,5360,25650,19350,3825,27900,1665
"2020-10-29",28350,49700,83400,78200,22900,35200,5350,25700,18800,3765,27600,1725
"2020-10-30",27250,49550,84600,76300,22950,35300,5300,25550,18650,3700,27300,1635
"2020-11-02",27800,49900,85800,78700,22750,35300,5320,25600,18800,3675,27400,1660
"2020-11-03",27700,49900,89500,79100,22550,36050,5330,25650,18800,3695,27650,1670
"2020-11-04",27400,50400,90500,78400,23050,35800,5330,25900,18950,3675,28050,1675
"2020-11-05",29450,51100,94400,78800,22750,35600,5350,25900,19100,3700,28400,1695
"2020-11-06",28800,52700,92800,79400,23100,35800,5360,25650,18950,3710,28200,1695
"2020-11-09",29200,51500,94000,80200,22650,36050,5350,25700,19200,3905,28650,1740
"2020-11-10",30800,52200,92500,80000,23450,36100,5390,25800,19300,4000,28550,1740
"2020-11-11",30550,51600,91300,80300,23300,36100,5450,26000,19700,4485,28900,1735
"2020-11-12",30100,51600,91800,79800,23400,36200,5470,26050,19500,4250,29400,1725
"2020-11-13",29100,51900,91900,80400,22600,36200,5570,26150,19400,4220,28750,1715
"2020-11-16",29250,52300,92200,81700,23000,36200,5550,26100,19350,4350,28250,1765
"2020-11-17",29050,52000,91000,80900,23450,36000,5460,26100,18950,4275,28400,1705
"2020-11-18",28900,51700,93000,81400,24150,35400,5480,26000,18800,4190,28250,1680
"2020-11-19",28550,51500,93700,81400,24350,35050,5470,26150,18700,4075,28250,1710
"2020-11-20",29000,51000,93400,82400,24400,34600,5480,25950,18750,4080,27900,1720
"2020-11-23",29200,51000,93100,82600,24400,35150,5470,26100,19300,4295,28250,1680
"2020-11-24",29700,51300,93200,82900,24500,35000,5470,26100,19000,4285,29300,1700
"2020-11-25",29950,51000,93200,82000,24400,34950,5450,26000,18800,4200,29300,1675
"2020-11-26",29400,50800,93400,82300,24450,34650,5470,26000,18750,4220,29350,1675
"2020-11-27",29150,50600,94400,83300,24450,34600,5470,26000,18700,4155,29650,1680
"2020-11-30",28350,50300,95200,84000,24500,34300,5430,25900,18650,4105,29550,1695
"2020-12-01",28800,50500,94100,83500,24200,35400,5430,25900,18900,4175,29700,1690
"2020-12-02",28850,50000,94300,83200,24650,36450,5440,25950,18750,4100,29550,1690
"2020-12-03",28850,50000,94000,81900,24900,36200,5530,25800,18600,4110,29600,1685
"2020-12-04",29150,50400,92000,81400,24650,36400,5480,25900,18300,4065,29250,1665
"2020-12-07",28750,50200,90000,81500,25000,36550,5450,25900,18400,4075,28850,1645
"2020-12-08",28050,50100,90300,81000,25050,36300,5460,25850,18500,4045,28550,1630
"2020-12-09",28550,50100,95300,82000,25150,35950,5480,25800,18700,4070,28650,1635
"2020-12-10",29350,50600,98800,81400,25200,35400,5400,25600,18750,4100,28750,1630
"2020-12-11",30900,51100,100500,81700,25250,35450,5500,25650,19500,4085,29700,1665
"2020-12-14",30000,50700,99200,81500,24750,35100,5470,25800,19200,4050,29600,1630
"2020-12-15",29650,50700,99500,80500,24300,35100,5470,25900,19000,4065,29800,1620
"2020-12-16",29900,50300,99000,81300,24350,35000,5480,25850,19000,4210,29750,1635
"2020-12-17",31000,50900,98700,81000,24400,35900,5520,25850,19000,4155,30300,1620
"2020-12-18",32000,51000,98800,82600,24450,35950,5600,25900,19200,4230,30450,1610
"2020-12-21",31050,50800,97900,81900,24500,36500,5550,26100,19150,4195,30950,1665
"2020-12-22",30050,55800,96000,81800,24350,35950,5510,26000,18950,4070,31450,1610
"2020-12-23",30300,52200,93500,81700,24300,36150,5490,26000,19000,4075,30700,1600
"2020-12-24",30300,51000,94000,82300,24300,36750,5500,26150,19100,4090,31300,1615
"2020-12-28",30800,50800,94200,82000,24250,36800,5520,26100,19200,4070,31250,1610
"2020-12-29",30350,50800,90400,81000,24600,35400,5360,25050,18650,4105,30700,1605
"2020-12-30",30900,51000,90500,81400,24750,35000,5330,25000,18600,4225,31200,1630
"2021-01-04",30800,50000,89000,82400,25350,34400,5340,24800,18500,4225,31000,1650
"2021-01-05",31050,50900,89000,83000,26000,34200,5300,24750,18350,4400,30400,1665
"2021-01-06",31950,50900,89000,82900,27100,34550,5320,24900,20150,4480,30400,1715
"2021-01-07",31900,51400,89100,82900,27300,34550,5310,24900,20650,4640,31200,1720
"2021-01-08",31900,53000,90000,83500,27550,34800,5300,24900,19900,4645,30600,1690
"2021-01-11",30950,52100,90000,83400,27800,34400,5220,24900,19100,4525,30000,1655
"2021-01-12",32700,52400,90300,83600,28000,34900,5210,24750,19000,4465,29600,1700
"2021-01-13",32550,52900,89900,83300,27700,35800,5220,24750,19050,4565,30400,1700
"2021-01-14",34600,53300,89700,82600,27400,35000,5200,24900,19000,4570,30200,1705
"2021-01-15",33800,53300,90400,82900,27500,34700,5160,24800,18900,4815,29950,1705
"2021-01-18",34100,54200,89900,82300,27250,34200,5160,24700,18650,4625,29750,1705
"2021-01-19",35000,54400,89600,81700,27200,34500,5180,24700,18850,4575,30100,1735
"2021-01-20",34300,54200,89300,82400,27200,34150,5160,24750,18600,4420,30050,1710
"2021-01-21",33700,54500,88500,82400,27050,34300,5160,24750,18750,4490,29950,1710
"2021-01-22",34100,54500,88800,82500,27100,34400,5180,24750,18700,4430,30050,1705
