"","028260","003550","000880","004800","001740","000150","002020","004150","015890","016880"
"2016-01-25",150000,70100,32880,67760,5240,59238,76200,7236,5190,3130
"2016-01-26",142000,68800,32394,64505,5260,58608,74400,7162,5160,3090
"2016-01-27",141000,72400,33026,64505,5330,59789,72400,7141,5150,3015
"2016-01-28",144000,72900,34826,64209,5440,61050,72000,7309,5200,2990
"2016-01-29",149000,73700,35458,63913,5440,60341,73800,7739,5160,2990
"2016-02-01",151000,73700,35409,62730,5540,60104,73100,7876,5150,3035
"2016-02-02",150500,74000,35652,62434,5570,59080,71500,7750,5170,3025
"2016-02-03",146500,72500,34582,69240,5330,57032,70600,7771,5170,3075
"2016-02-04",153000,73800,35117,71903,5630,57899,68600,8022,5080,3335
"2016-02-05",152000,71800,35409,72494,5780,60813,68600,8075,5070,3295
"2016-02-11",146500,70500,33755,70127,5560,58214,62800,7896,5040,3180
"2016-02-12",143000,69000,33950,67168,5540,56717,57400,7561,5020,2990
"2016-02-15",148000,69700,35117,68944,5910,58765,59100,7823,5040,2995
"2016-02-16",148500,69900,34777,71607,5880,59868,62300,7802,5030,3050
"2016-02-17",146000,69500,35555,71015,5910,59395,58200,7739,5080,2980
"2016-02-18",154500,69600,35993,71311,5940,61365,58700,8043,5040,3015
"2016-02-19",153000,69600,34728,71903,5940,61365,61000,7865,5020,3015
"2016-02-22",152500,73800,35409,76341,5950,59553,62200,7739,5030,3045
"2016-02-23",152500,72500,34874,75453,5960,59947,60300,7917,5030,3150
"2016-02-24",152000,75300,35409,75453,6020,60183,60700,8064,5000,3145
"2016-02-25",153000,73500,33658,73382,5900,59395,60300,8085,4985,3145
"2016-02-26",157000,71900,33075,74270,5940,58923,60400,8599,4970,3285
"2016-02-29",154500,71800,32977,73974,5960,59395,62600,8945,4970,3260
"2016-03-02",154500,72800,34339,76637,5950,64043,64500,8756,4960,3280
"2016-03-03",154500,70300,35020,75453,6070,66012,65200,8568,5000,3255
"2016-03-04",154000,68100,34388,75749,6230,66721,64600,8652,5010,3215
"2016-03-07",152500,67800,35361,75749,6190,69163,64200,8410,5010,3385
"2016-03-08",150000,69400,35020,78116,6300,69084,62700,8526,5000,3405
"2016-03-09",151000,68500,34680,79300,6310,68533,65100,8494,5000,3480
"2016-03-10",147500,68500,36041,82259,6350,70108,65400,8494,5010,3315
"2016-03-11",150500,68400,36090,83147,6410,71133,66300,8431,5040,3360
"2016-03-14",149000,67700,36090,80779,6390,69793,67200,8264,5040,3345
"2016-03-15",149500,67100,37160,80484,6410,68218,66300,8138,5070,3255
"2016-03-16",148500,68100,35993,81371,6570,66642,66800,8295,5070,3255
"2016-03-17",149000,68300,36722,84034,6670,68060,66200,8452,5080,3250
"2016-03-18",147000,67200,36722,83738,6600,67982,64000,8494,5050,3250
"2016-03-21",145500,68800,35993,82259,6650,67667,64300,8222,5120,3245
"2016-03-22",146500,68500,35458,82851,6600,68612,65000,8190,5110,3165
"2016-03-23",145500,68700,35020,84330,6600,68297,65700,8211,5120,3125
"2016-03-24",144000,68200,35215,84626,6480,66170,64700,8190,5220,3125
"2016-03-25",143000,67600,35166,85218,6490,65618,64400,8190,5270,3110
"2016-03-28",145000,66500,34388,84922,6400,64988,63200,8054,5220,3090
"2016-03-29",145000,67900,35117,85514,6480,66879,63800,8180,5220,3090
"2016-03-30",144000,68600,35312,85810,6420,67745,63600,8190,5200,3095
"2016-03-31",143000,68500,34534,85218,6400,69636,61600,8379,5250,3025
"2016-04-01",140000,67100,34096,81667,6230,67509,62900,8410,5240,3060
"2016-04-04",139500,67900,34388,83738,6230,66170,64700,8264,5230,3065
"2016-04-05",139500,68600,33366,81075,6300,64673,65000,8326,5200,3060
"2016-04-06",137000,68400,33026,81371,6230,64279,65000,8368,5230,3060
"2016-04-07",137000,68500,33318,79300,6240,65855,64800,8347,5230,3045
"2016-04-08",138500,68000,33610,79300,6250,69242,63300,8169,5220,3060
"2016-04-11",137500,69100,33464,79892,6260,76568,63000,8159,5240,3050
"2016-04-12",140000,71700,34145,82555,6380,77041,62100,8305,5210,3035
"2016-04-14",140000,71600,36285,84330,6430,82318,60500,8431,5220,3100
"2016-04-15",142500,71400,36041,79892,6440,82318,60300,8494,5220,3125
"2016-04-18",140000,71900,36041,80779,6420,80349,59800,8494,5220,3050
"2016-04-19",140500,70000,37890,80188,6470,82712,59600,8589,5220,3070
"2016-04-20",139000,70100,37501,81075,6400,83894,59600,8442,5210,3070
"2016-04-21",138000,70900,39495,80779,6490,84682,59600,8683,5230,3095
"2016-04-22",139000,70000,39106,79004,6590,84682,58500,8704,5200,3145
"2016-04-25",137000,70300,39106,79892,6710,85075,59600,8693,5180,3125
"2016-04-26",138000,69800,37987,78708,6680,81531,59200,8704,5200,3100
"2016-04-27",134000,69500,37792,72494,6560,85469,58100,8693,5180,3055
"2016-04-28",132000,69000,37403,70719,6820,85075,60100,8746,5190,3045
"2016-04-29",131000,68100,36771,72494,6790,84682,58800,8547,5180,3065
"2016-05-02",128000,68000,37306,71311,6590,83500,56400,8557,5130,3010
"2016-05-03",128000,66900,37355,72199,6430,81925,56400,8568,5240,3010
"2016-05-04",128500,66600,36236,68944,6110,80743,56000,8222,5140,2990
"2016-05-09",126000,65800,35506,69831,5860,78380,56700,7980,5120,2980
"2016-05-10",126000,66400,37209,68056,6070,83894,56400,8064,5100,2975
"2016-05-11",127500,65400,38133,70423,6020,81137,58000,8064,5110,2985
"2016-05-12",125500,67200,37938,70127,6030,81925,56800,8106,5110,3040
"2016-05-13",126500,67100,37987,68648,6100,76568,56800,8284,5110,3005
"2016-05-16",125500,67000,38425,68352,6130,76253,58700,8337,5100,3010
"2016-05-17",125500,67900,38668,67760,6170,75308,59400,8442,5090,2935
"2016-05-18",122500,66700,38717,67760,6100,74362,56900,8326,5080,2880
"2016-05-19",117000,64700,37355,65689,5990,73732,54400,8253,5050,2825
"2016-05-20",120000,65000,36966,67168,6130,72866,54400,8148,5040,2810
"2016-05-23",120500,66200,37501,67464,6070,74835,54800,8284,5050,2895
"2016-05-24",117000,64500,36771,66281,6070,72157,54500,8075,5040,2810
"2016-05-25",118000,66100,37792,66872,6070,72787,53900,8138,5050,2800
"2016-05-26",117000,64600,37744,68648,6110,73968,52000,7855,5070,2800
"2016-05-27",120000,65000,37501,68648,6110,75229,54000,7802,5120,2790
"2016-05-30",120500,65200,36722,69831,6110,74441,56500,7886,5110,2775
"2016-05-31",120000,65900,37452,69535,6170,76410,58900,7823,5120,2795
"2016-06-01",119000,65000,37549,70127,6220,75071,58900,7781,5130,3075
"2016-06-02",114000,64700,37063,68944,6200,74047,58200,7781,5130,3090
"2016-06-03",122000,64700,37014,69831,6080,76253,58200,7802,5150,3055
"2016-06-07",125500,63200,38084,70719,6220,75386,59100,7834,5140,3100
"2016-06-08",124500,64900,39057,71607,6270,75701,66000,7844,5170,3100
"2016-06-09",123000,66100,38765,75453,6250,77356,65500,7917,5180,3015
"2016-06-10",124500,66600,38668,76637,6520,76410,65900,7823,5090,3080
"2016-06-13",121000,64500,37306,75157,6480,73811,63000,7750,5100,3015
"2016-06-14",118000,63800,37014,74270,6450,75465,62700,7571,5100,2980
"2016-06-15",116000,63000,35652,73086,6450,75308,62700,7519,5100,2930
"2016-06-16",115500,62700,35263,73086,6250,73496,61400,7414,5090,2850
"2016-06-17",119500,62400,35263,73086,6210,73575,61500,7477,5090,2845
"2016-06-20",122000,63600,35944,73974,6220,74599,61900,7645,5100,2990
"2016-06-21",121500,62700,36139,71903,6190,73968,61600,7561,5060,3045
"2016-06-22",122000,64400,36139,73678,6180,73811,61500,7571,5080,3065
"2016-06-23",122000,64700,35409,73382,6120,72078,60300,7529,5070,3040
"2016-06-24",116000,61600,33950,70423,5850,70817,55200,7152,4990,2850
"2016-06-27",114500,61900,34047,70127,5830,70817,54400,7236,5060,2955
"2016-06-28",116000,62900,33999,72199,5820,71290,55600,7498,5060,2945
"2016-06-29",117500,62900,34242,72790,5870,72708,56000,7624,5040,2960
"2016-06-30",123000,63700,34436,73678,5940,73417,55500,7582,5020,2965
"2016-07-01",123000,65200,33901,72790,5930,74362,55500,7592,5020,3020
"2016-07-04",123500,65400,33804,72790,5990,74756,57500,7645,5000,3040
"2016-07-05",127000,65200,34339,73974,5960,74126,58900,7613,5030,3020
"2016-07-06",124000,63400,33755,71311,5830,73023,57800,7404,5020,2995
"2016-07-07",128000,65000,34193,70719,5910,74126,59600,7624,5060,3000
"2016-07-08",126000,64900,34047,71015,5880,73968,60000,7467,5050,2960
"2016-07-11",129500,64800,35117,73678,5940,77198,60100,7477,5030,2970
"2016-07-12",132000,64600,34777,76637,6060,78537,67000,7487,5020,3070
"2016-07-13",131500,64800,34826,75453,6080,78774,68700,7529,5040,3000
"2016-07-14",131500,66200,36090,76933,6120,77828,68700,7529,5020,3035
"2016-07-15",133000,66100,35409,76933,6170,81137,68600,7529,5020,3000
"2016-07-18",133000,66500,35798,77821,6200,82712,69900,7519,5030,2990
"2016-07-19",135000,65300,35944,79596,6190,81925,72500,7582,5020,2965
"2016-07-20",134500,65000,35555,79300,6230,83894,70300,7645,5030,2930
"2016-07-21",133000,65600,35604,78708,6250,83500,69200,7771,5030,2955
"2016-07-22",133500,64200,34777,80484,6160,82712,70000,7655,5010,2940
"2016-07-25",133500,65200,35263,79892,6290,83500,68500,7582,5010,2910
"2016-07-26",135500,65900,35020,79892,6260,89014,67500,7540,5030,2945
"2016-07-27",137500,64400,35117,80484,6230,89408,68600,7529,5020,2965
"2016-07-28",138000,63800,35215,79596,6290,89408,67300,7529,5020,2970
"2016-07-29",135500,63500,34631,82259,6210,88620,65900,7467,4995,2950
"2016-08-01",135500,62800,34339,82851,6120,88620,66600,7404,4990,2960
"2016-08-02",135500,62700,33755,81075,6080,86257,68500,7362,5030,3000
"2016-08-03",134500,62400,33318,79892,6060,84288,68300,7246,5050,2955
"2016-08-04",136500,63100,33464,79596,6110,84288,67000,7278,5020,2955
"2016-08-05",139500,63100,34436,79892,6140,89014,66400,7309,5010,2935
"2016-08-08",143000,64400,33853,78708,6100,87045,64900,7383,5000,2920
"2016-08-09",142500,64200,33950,82851,6250,89802,65400,7383,5020,2955
"2016-08-10",142000,63800,35450,82259,6330,89014,65100,7341,5010,2935
"2016-08-11",143500,64600,35850,82555,6350,89408,64400,7425,5010,2930
"2016-08-12",143000,64700,36000,83443,6320,90590,65300,7372,5030,2950
"2016-08-16",144000,63800,36100,81963,6300,87833,64000,7372,5030,2955
"2016-08-17",142000,65400,36450,82555,6330,89802,63300,7309,5030,2930
"2016-08-18",148500,64700,36550,80484,6280,92165,61600,7236,5030,2930
"2016-08-19",152500,65200,37200,79004,6240,93347,59300,7173,5020,2925
"2016-08-22",152500,64700,36800,78708,6150,89014,57000,7058,5010,2860
"2016-08-23",151500,66200,36750,81075,6130,92165,58200,7152,5000,2860
"2016-08-24",148000,66400,36500,79892,6150,93741,59400,7120,5000,2835
"2016-08-25",151000,66400,36300,78116,6210,94134,58000,7120,4995,2830
"2016-08-26",149500,65900,36850,79004,6180,92953,58500,7089,5010,2795
"2016-08-29",148500,66000,37100,76933,6120,89408,56500,6963,4990,2845
"2016-08-30",152500,65300,37350,77525,6140,92165,56700,6963,4990,2820
"2016-08-31",151500,65900,36650,78116,6330,93347,55400,7016,5000,2800
"2016-09-01",150500,66600,36550,77229,6230,92165,55300,6932,4985,2795
"2016-09-02",151000,65500,36800,77525,6200,92559,55700,6932,4990,2790
"2016-09-05",152500,66800,37250,76933,6300,94134,57400,7005,4980,2785
"2016-09-06",152000,67900,36650,75157,6290,90983,56600,7037,4990,2820
"2016-09-07",150500,68200,36350,77229,6260,89802,56900,6995,5000,2840
"2016-09-08",148500,68500,37200,76637,6320,89802,55300,6984,4985,2815
"2016-09-09",146000,67500,36400,77525,6270,89014,55300,6879,4940,2820
"2016-09-12",141500,65900,35950,75453,6150,87439,53800,6806,4930,2805
"2016-09-13",146000,64000,35950,74862,6030,86257,52800,6795,4940,2800
"2016-09-19",144500,65100,35300,75453,5990,85863,53000,6911,4955,2995
"2016-09-20",146000,65300,35900,74270,6050,85469,56200,6890,4955,3050
"2016-09-21",146500,65400,35700,74270,6050,84288,54000,7194,4960,3010
"2016-09-22",147000,63800,35350,73678,6070,83500,54800,7267,4955,3005
"2016-09-23",146000,65000,35550,74270,6120,82712,55400,7225,4955,3075
"2016-09-26",144000,64500,35850,74862,6100,83500,55500,7215,4980,3100
"2016-09-27",145500,65400,35600,76933,6130,83500,56800,7425,4980,3100
"2016-09-28",145500,65000,34900,77229,6360,80349,56800,7372,5000,3130
"2016-09-29",148500,64300,35000,78116,6790,81137,57100,7362,4995,3180
"2016-09-30",149000,64700,35050,76933,6690,79561,55100,7162,4980,3180
"2016-10-04",150500,64300,35700,80779,6790,81531,55200,7236,4980,3200
"2016-10-05",152000,63900,35650,79892,6830,80743,55500,7236,4960,3200
"2016-10-06",164000,62000,36050,79892,6780,83500,54900,7215,4960,3195
"2016-10-07",165500,61100,35700,80779,6790,79167,52700,7131,4965,3085
"2016-10-10",162000,61500,35750,82555,6980,76568,52500,7089,4995,3085
"2016-10-11",155500,62800,36400,82851,6900,75780,52200,7058,4985,3070
"2016-10-12",161500,62700,36700,80188,7020,78458,52400,7047,4980,3070
"2016-10-13",161500,62500,35900,80779,6820,78143,51500,7047,4965,3000
"2016-10-14",163500,61000,36650,79300,6800,78774,50200,6984,4965,3015
"2016-10-17",163000,62200,36950,79300,6720,79561,49900,6953,4965,3010
"2016-10-18",163500,62900,37000,81667,6830,79955,50300,6890,4975,3010
"2016-10-19",164500,62100,38850,81075,6750,78774,52500,6974,4975,2990
"2016-10-20",161500,62300,38700,82259,6800,79167,52800,6900,4990,2980
"2016-10-21",160500,62200,39400,81667,6800,80349,52300,6900,4980,2975
"2016-10-24",167500,62700,39500,79004,6850,81925,52900,6890,4900,2930
"2016-10-25",169000,62000,39050,79596,6790,80349,51000,6806,4875,2930
"2016-10-26",166000,62100,38000,79892,6690,80743,50500,6670,4845,2780
"2016-10-27",164000,62200,38550,79596,6670,81925,51400,6753,4880,2860
"2016-10-28",165000,61200,37450,78708,6620,81137,50500,6764,4855,2745
"2016-10-31",161500,61300,37350,79300,6520,80743,50900,6743,4845,2680
"2016-11-01",157000,61700,35650,78412,6660,81137,55800,6670,4825,2680
"2016-11-02",154000,60700,34650,76341,6530,80349,56500,6271,4800,2605
"2016-11-03",152000,61700,35250,79300,6670,79955,58400,6271,4760,2680
"2016-11-04",147500,62000,34700,80188,6750,79955,59000,6397,4810,2660
"2016-11-07",150500,61800,35150,79892,6860,81925,59000,6397,4820,2750
"2016-11-08",150500,61700,35250,79892,6820,81531,57700,6470,4815,2715
"2016-11-09",144500,61900,33950,77525,6500,78380,55600,6271,4730,2545
"2016-11-10",150000,61400,34850,80484,6700,84288,58200,6449,4770,2680
"2016-11-11",146500,59200,35400,82555,6870,89802,56900,6439,4785,2680
"2016-11-14",145000,59000,36450,81963,6870,90196,55800,6418,4800,2715
"2016-11-15",143500,58100,36400,83147,6920,87833,55800,6449,4820,2685
"2016-11-16",144000,59100,36800,84626,6990,89802,58600,6502,4800,2700
"2016-11-17",141500,59000,37400,82555,6980,89014,58100,6449,4805,2655
"2016-11-18",138500,58400,35900,82259,6910,86257,55700,6397,4790,2620
"2016-11-21",141500,58200,35600,81075,6900,87439,54000,6292,4745,2630
"2016-11-22",140500,58200,35750,81667,6830,88226,53500,6240,4745,2610
"2016-11-23",136500,58500,36150,84330,6900,85863,52200,6240,4740,2575
"2016-11-24",131500,57300,35600,83443,6660,85469,51400,6051,4765,2500
"2016-11-25",134000,57200,35100,82851,6740,85863,51900,6082,4715,2520
"2016-11-28",139000,57000,35100,83147,6740,85863,50500,6103,4715,2515
"2016-11-29",127000,57300,35350,83443,6920,86257,51300,6103,4710,2480
"2016-11-30",128000,56500,35300,82259,6800,87045,51400,5998,4710,2445
"2016-12-01",128000,56400,35150,83443,6940,86651,51100,5946,4700,2480
"2016-12-02",125500,57100,35250,84034,7040,85075,51000,5935,4690,2505
"2016-12-05",126000,56600,35050,86401,7090,87045,50300,5904,4680,2390
"2016-12-06",129000,57200,35550,88473,7160,86651,50800,6009,4675,2450
"2016-12-07",129500,56900,35400,88769,7240,85863,49750,6166,4665,2440
"2016-12-08",127500,57900,36250,90840,7500,85075,49800,6334,4650,2480
"2016-12-09",126500,58800,35400,89360,7300,85075,50000,6355,4725,2525
"2016-12-12",127000,58500,35950,89360,7310,87045,52400,6407,4710,2520
"2016-12-13",129500,60000,36650,90544,7230,84682,53900,6397,4750,2525
"2016-12-14",129000,59300,36300,89656,7170,86257,53800,6355,4790,2540
"2016-12-15",129500,58300,36600,89952,7110,87045,56000,6481,4780,2535
"2016-12-16",126500,57800,36050,89065,7010,88620,57800,6596,4770,2490
"2016-12-19",128000,57800,35400,88473,7070,87045,57600,6502,4765,2490
"2016-12-20",127500,57900,35350,87881,7070,87833,57400,6701,4810,2520
"2016-12-21",132500,57800,35550,88473,6990,87045,57000,6795,4840,2495
"2016-12-22",130500,58400,35300,87881,6940,87045,55500,6858,4860,2445
"2016-12-23",128500,59000,35100,87881,6830,87439,55900,6932,4815,2490
"2016-12-26",126500,61500,35350,86697,6880,90196,56400,6921,4830,2680
"2016-12-27",124500,61000,35150,88769,6820,90590,56300,6963,4875,2575
"2016-12-28",125500,59700,35050,86106,6990,85863,58800,7005,4800,2835
"2016-12-29",125500,60000,35050,86106,6920,82712,58600,7026,4810,2825
"2017-01-02",125500,59600,35450,86697,6930,83894,59400,6953,4780,2775
"2017-01-03",129000,60900,36600,88177,6760,84288,58700,6911,4790,2710
"2017-01-04",129000,59900,37150,85810,6780,81925,59100,6837,4730,2720
"2017-01-05",128000,59800,36750,84034,6860,83106,60400,6837,4730,2780
"2017-01-06",129000,60200,36700,83443,6900,83894,60000,6837,4725,2780
"2017-01-09",128000,59200,36700,82555,6880,83894,61300,6764,4710,2735
"2017-01-10",126500,59100,37600,81963,6790,83500,60400,6848,4640,2735
"2017-01-11",126000,59700,37400,84034,6800,85469,59200,6816,4680,2675
"2017-01-12",128000,60200,37950,85218,6840,85075,58900,6806,4715,2560
"2017-01-13",128500,60300,37250,84922,6760,84682,59900,6806,4720,2610
"2017-01-16",127500,59200,36800,84034,6690,84288,59500,6764,4720,2560
"2017-01-17",125000,60100,37200,84330,6650,84682,58900,6764,4725,2580
"2017-01-18",123000,60100,36900,85218,6720,84682,59400,6701,4770,2595
"2017-01-19",124000,59600,36650,85810,6630,84288,58500,6596,4750,2625
"2017-01-20",122000,59400,36750,82555,6630,83894,57600,6481,4670,2630
"2017-01-23",120500,59200,36700,81963,6740,83894,56300,6470,4700,2570
"2017-01-24",123500,59700,35550,82555,6620,83500,55400,6460,4700,2555
"2017-01-25",125000,59000,35200,80188,6490,80349,54400,6365,4680,2505
"2017-01-26",126500,59200,35500,81667,6680,81531,54700,6470,4620,2540
"2017-01-31",126000,59200,35200,80188,6610,82712,55600,6470,4680,2495
"2017-02-01",127000,62300,35750,79596,6650,83894,56000,6523,4740,2510
"2017-02-02",128500,63300,35100,81667,6600,85075,56100,6575,4745,2455
"2017-02-03",128500,63900,35300,78708,6600,83894,54700,6533,4730,2410
"2017-02-06",128000,62800,35050,78708,6960,85075,53000,6481,4700,2385
"2017-02-07",128500,63000,35600,75749,7410,82318,53200,6428,4715,2395
"2017-02-08",127500,62900,35250,74566,7480,82712,52500,6418,4820,2410
"2017-02-09",126000,63400,35250,76045,7590,85075,53500,6439,4800,2440
"2017-02-10",127500,64600,35900,75749,7620,85863,55700,6502,4775,2445
"2017-02-13",125500,64300,36100,77229,7670,85863,56200,6544,4735,2500
"2017-02-14",126000,63900,35950,75749,7620,86257,55500,6533,4735,2500
"2017-02-15",126000,64100,36350,77229,7650,85863,58300,6617,4805,2475
"2017-02-16",126500,64300,35650,76637,7620,82712,58200,6565,4875,2445
"2017-02-17",124000,63500,35500,77525,7540,82712,57400,6649,4880,2460
"2017-02-20",123000,63300,35500,77821,7450,81925,57300,6911,4880,2505
"2017-02-21",126000,64200,35800,79300,7550,82318,58900,6911,4840,2510
"2017-02-22",124000,63600,35900,78116,7410,81137,59000,6858,4860,2495
"2017-02-23",124000,64100,35450,78412,7480,80349,58400,6743,4840,2475
"2017-02-24",125000,63800,36900,77229,7430,78774,58900,6732,4875,2480
"2017-02-27",125000,62700,36500,76341,7550,79561,57300,6837,4875,2475
"2017-02-28",123000,62800,36400,77821,7410,75386,56300,6879,4875,2515
"2017-03-02",121500,63000,35800,77525,7490,76962,54900,6900,4880,2490
"2017-03-03",121500,63000,35950,76341,7700,76647,54000,6732,4880,2440
"2017-03-06",119500,61000,35550,77229,7570,76017,54000,6638,4830,2375
"2017-03-07",121500,62600,36050,78116,7710,78380,54500,6649,4850,2390
"2017-03-08",120500,62100,35700,77525,7700,75859,53700,6649,4820,2295
"2017-03-09",119500,61200,35200,77229,7620,74835,54000,6596,4815,2290
"2017-03-10",120500,62600,35200,76341,7840,74047,54300,6544,4825,2330
"2017-03-13",121000,63600,35350,76341,7770,74205,54500,6544,4825,2310
"2017-03-14",132000,65100,35050,75749,7630,73811,53900,6502,4845,2320
"2017-03-15",131000,64700,34650,74566,7540,73575,53300,6449,4840,2310
"2017-03-16",130500,65000,34600,76341,7590,76410,54600,6575,4820,2310
"2017-03-17",132500,66600,35400,74566,7600,75859,56000,6533,4820,2300
"2017-03-20",133000,66500,35150,74566,7390,76017,57300,6428,4760,2265
"2017-03-21",133500,66800,35100,73974,7400,75701,57700,6428,4760,2280
"2017-03-22",134000,67500,35100,72790,7400,74914,56700,6439,4760,2260
"2017-03-23",137500,70000,35550,73678,7410,76568,57400,6439,4750,2230
"2017-03-24",127500,70700,35650,75157,7400,76095,57800,6575,4780,2240
"2017-03-27",125500,69200,35600,74270,7330,74047,57800,6554,4685,2225
"2017-03-28",126500,68800,36000,77229,7440,74047,56300,6481,4725,2235
"2017-03-29",128500,69500,36150,79004,7360,74126,56800,6491,4750,2215
"2017-03-30",128000,69300,35750,80188,7330,74362,57800,6491,4755,2225
"2017-03-31",127500,70200,35900,80188,7470,74599,62500,6596,4775,2250
"2017-04-03",127500,69100,35750,82259,7600,74362,63000,6774,4770,2305
"2017-04-04",129000,68400,35700,80779,7690,74126,63300,6806,4785,2255
"2017-04-05",127500,68200,35900,79300,7900,75071,64700,6848,4780,2250
"2017-04-06",126000,70200,35900,81075,7850,76253,66200,6785,4805,2235
"2017-04-07",127000,69300,35800,79300,7960,77277,64900,6827,4820,2235
"2017-04-10",124500,68400,35150,78116,7800,75780,64900,6764,4800,2195
"2017-04-11",123500,68500,35200,79596,7770,75229,65200,6743,4825,2185
"2017-04-12",125000,68900,35050,78412,7720,75229,64800,6701,4775,2185
"2017-04-13",125500,69400,35100,78412,7760,75544,64800,6701,4800,2200
"2017-04-14",125000,68800,35350,79596,7720,74520,64900,6617,4815,2170
"2017-04-17",126000,69200,35450,79892,7850,74756,64800,6680,4820,2200
"2017-04-18",127500,69200,36500,79300,7820,75071,67100,6837,4795,2195
"2017-04-19",127000,69000,36450,78116,7810,74677,66600,6806,4820,2195
"2017-04-20",128500,69000,37350,78412,7920,75308,65600,6827,4815,2190
"2017-04-21",130500,69500,38050,78708,7770,75544,65700,6680,4805,2210
"2017-04-24",130500,69800,39200,78708,7830,75544,63900,6680,4785,2190
"2017-04-25",130500,69400,39250,79892,7810,76253,64300,6732,4795,2195
"2017-04-26",131500,70900,39700,86106,7800,77828,65300,6764,4800,2240
"2017-04-27",122500,69500,40150,86401,8120,77198,64000,6711,4805,2220
"2017-04-28",123500,67600,39950,85218,8010,76647,62500,6649,4825,2220
"2017-05-02",122500,68400,40050,85810,8070,76568,62500,6711,4810,2190
"2017-05-04",124000,68500,40050,85218,8080,77828,63300,6711,4830,2170
"2017-05-08",126500,71900,41050,86697,7750,78380,67500,6764,4795,2250
"2017-05-10",124500,70700,41150,86106,7440,78143,65700,6753,4815,2235
"2017-05-11",126500,71000,42350,88473,7510,80349,66500,6795,4820,2235
"2017-05-12",125500,70800,42550,87289,7440,79561,65600,6774,4830,2235
"2017-05-15",125500,70700,42650,86993,7430,80743,66200,7058,4830,2220
"2017-05-16",126500,72300,43950,88177,7320,80743,63200,7079,4800,2210
"2017-05-17",125500,73800,44350,86697,7330,82318,63200,7152,4850,2200
"2017-05-18",125000,73800,44150,86993,7300,82712,63500,7131,4820,2180
"2017-05-19",129500,74000,45450,89656,7310,84682,65800,7110,4830,2200
"2017-05-22",130500,75800,45800,94095,7320,84288,66400,7099,4815,2210
"2017-05-23",131000,76200,46400,93503,7320,88226,69500,7120,4795,2235
"2017-05-24",131000,80000,46400,96166,7260,89802,70700,7183,4900,2380
"2017-05-25",133000,80800,47450,98237,7320,90590,71200,7194,4895,2380
"2017-05-26",134000,79700,46200,96166,7250,91377,69900,7141,4885,2410
"2017-05-29",137500,82100,48000,98237,7310,92953,68700,7037,4850,2410
"2017-05-30",137500,82200,47850,97646,7400,92559,69300,7068,4880,2435
"2017-05-31",137500,81000,47850,99421,7400,92559,70800,6984,4920,2425
"2017-06-01",138000,80900,48750,98533,7260,90590,76100,7037,4935,2410
"2017-06-02",141500,83100,49000,98237,7180,90196,76400,7120,4920,2435
"2017-06-05",143000,82700,47500,98829,7220,89408,77300,7204,4940,2410
"2017-06-07",142500,82300,48100,102676,7370,88620,77900,7383,5030,2430
"2017-06-08",142500,81700,47850,101492,7330,88620,79500,7383,5040,2400
"2017-06-09",137500,85400,48300,101788,7250,98073,79900,7477,5060,2440
"2017-06-12",138000,81900,47150,101196,7170,96104,77800,7362,5070,2410
"2017-06-13",138500,83900,48000,104155,7220,98861,78600,7435,5050,2400
"2017-06-14",136500,81400,47600,103859,7220,99255,81400,7446,5050,2395
"2017-06-15",135500,81100,46350,101196,7090,95710,79600,7362,5070,2380
"2017-06-16",135500,80700,46550,100309,7010,95316,77200,7225,5080,2405
"2017-06-19",136000,81000,45150,100604,6870,92165,75900,7257,5070,2390
"2017-06-20",134000,79800,45750,100309,6930,91771,78000,7194,5070,2405
"2017-06-21",132000,79900,45700,100309,6730,89014,75900,7152,5090,2335
"2017-06-22",137500,77600,46250,101492,6710,89408,78300,6984,5130,2340
"2017-06-23",139000,79800,46400,101788,6570,89014,79100,7058,5160,2350
"2017-06-26",141500,79200,45300,99421,6340,89802,78300,7016,5180,2300
"2017-06-27",146000,78300,47000,97054,6260,90196,81700,6974,5260,2260
"2017-06-28",144500,78000,47300,98237,6140,90983,80500,6869,5320,2250
"2017-06-29",148500,77700,47050,99421,6240,91771,81400,6858,5310,2320
"2017-06-30",148000,77300,47400,99125,6250,93741,82000,6911,5310,2300
"2017-07-03",144500,78200,47650,102380,6230,94528,79600,6879,5250,2265
"2017-07-04",144000,78200,46050,95870,6180,95710,81000,6764,5280,2260
"2017-07-05",145500,77200,46100,97054,6210,93741,80000,6848,5300,2280
"2017-07-06",145000,76400,46450,95574,6180,94922,78500,6795,5120,2320
"2017-07-07",145000,74000,46550,96166,6210,94134,78100,6827,5140,2320
"2017-07-10",145500,72600,48500,96758,6180,95316,75100,6774,5100,2315
"2017-07-11",145500,72800,48300,96758,6290,95316,74500,6764,5120,2290
"2017-07-12",142500,73400,46700,95278,6250,94922,67200,6732,5140,2280
"2017-07-13",144500,75400,47000,96462,6330,95710,66600,6764,5000,2275
"2017-07-14",140000,74900,48800,99717,6300,92953,68400,6701,4895,2260
"2017-07-17",142000,75000,48650,99125,6230,93347,66600,6764,4930,2250
"2017-07-18",142500,76900,47650,100604,6230,90983,67000,6879,4960,2280
"2017-07-19",141500,76500,48100,99125,6320,92165,65600,6900,4895,2310
"2017-07-20",141500,75600,48600,96166,6320,92559,64900,6858,4915,2325
"2017-07-21",143500,75800,48800,93503,6480,94528,64000,6691,4930,2320
"2017-07-24",143500,74800,48400,93799,6370,93741,64600,6680,4940,2305
"2017-07-25",142000,73900,48750,92615,6370,92559,63500,6628,4910,2305
"2017-07-26",139000,75500,47850,93799,6410,94528,62700,6617,4965,2300
"2017-07-27",141000,75500,48750,97646,6390,95316,64200,6617,4995,2290
"2017-07-28",138500,76000,47850,97054,6310,94134,61400,6565,4985,2275
"2017-07-31",139000,75400,48950,99125,6330,92953,62000,6533,5000,2250
"2017-08-01",139500,76300,49600,98533,6410,102012,63600,6596,5050,2250
"2017-08-02",140500,75700,49600,98533,6390,100042,63300,6649,5070,2245
"2017-08-03",138000,74900,48800,96462,6300,101618,61300,6596,5040,2210
"2017-08-04",140000,76600,48850,99421,6260,102012,63000,6575,5040,2210
"2017-08-07",140000,76100,50000,101492,6250,101224,62800,6586,5030,2225
"2017-08-08",138500,76900,50600,103268,6580,102012,64700,6628,4985,2220
"2017-08-09",134500,77500,50700,102972,6560,104375,63400,6523,4990,2220
"2017-08-10",133000,77900,50800,103268,6750,105163,63700,6533,4980,2210
"2017-08-11",132000,77600,51200,102084,7040,103587,62000,6418,4910,2180
"2017-08-14",132500,76800,50700,101196,6970,102800,63900,6439,4970,2225
"2017-08-16",134500,79300,51600,95870,7030,100436,64200,6407,5030,2225
"2017-08-17",134500,80400,51400,96758,7050,104769,65600,6512,5090,2210
"2017-08-18",133500,80100,51700,94687,6900,101224,65500,6439,5160,2190
"2017-08-21",133000,80500,50600,94687,6830,100436,65500,6376,5220,2190
"2017-08-22",131500,81500,51800,93503,6850,98861,64800,6313,5200,2175
"2017-08-23",134500,80800,52000,92615,6930,100042,62500,6303,5140,2145
"2017-08-24",135500,81800,51400,92911,6950,98861,64300,6282,5160,2145
"2017-08-25",133500,80900,49200,94391,6920,100042,66700,6250,5110,2140
"2017-08-28",129000,80600,49300,93799,7030,99255,67500,6323,5150,2210
"2017-08-29",130000,80700,49350,93503,6990,102406,67600,6376,5100,2215
"2017-08-30",130000,85700,49200,95278,7000,101618,66800,6449,5150,2330
"2017-08-31",129000,84000,49150,93799,7010,100830,66400,6607,5200,2360
"2017-09-01",129500,83700,48650,90248,7130,100830,69900,6596,5240,2370
"2017-09-04",127000,81700,47500,91136,6930,100436,68300,6428,5250,2320
"2017-09-05",125500,82200,46450,95278,6910,100042,67500,6376,5260,2320
"2017-09-06",126000,80400,47250,94982,6760,96498,68600,6334,5280,2355
"2017-09-07",126500,81700,47300,94095,6810,98861,68500,6365,5200,2355
"2017-09-08",128000,80500,47300,94095,6800,99255,68200,6355,5240,2325
"2017-09-11",129000,82200,47350,91432,6860,101224,68500,6334,5230,2290
"2017-09-12",129000,81700,48200,91136,7070,102800,68900,6334,5190,2275
"2017-09-13",127000,83400,48050,89360,7130,107132,70900,6219,5180,2290
"2017-09-14",127500,83600,47050,89065,7140,106344,69600,6156,5160,2305
"2017-09-15",127500,85000,47050,89952,7350,110677,68500,6229,5160,2315
"2017-09-18",136500,84200,46950,90544,7310,109495,67300,6313,5210,2285
"2017-09-19",135000,83300,46300,89656,7100,108708,65900,6313,5150,2310
"2017-09-20",134000,81400,46900,88177,7060,107920,64800,6303,5140,2310
"2017-09-21",132500,80800,46700,89656,6930,108708,66100,6386,5150,2300
"2017-09-22",132000,80600,46300,87881,6820,105163,65300,6240,5160,2280
"2017-09-25",134000,80200,43600,84922,6880,107526,62800,6103,5090,2175
"2017-09-26",135500,78500,44550,85514,7160,108314,62700,6103,5150,2175
"2017-09-27",135500,77700,43650,82555,7190,110677,63600,6198,5100,2245
"2017-09-28",134000,78600,44100,84330,7160,111858,63000,6208,5170,2245
"2017-09-29",135000,80600,44000,86106,7210,111858,65400,6261,5170,2255
"2017-10-10",138000,81800,46100,84922,7240,112252,65400,6261,5130,2245
"2017-10-11",142000,82600,46050,83738,7250,110283,68200,6344,5120,2230
"2017-10-12",143000,81200,46000,83738,7240,111465,68900,6271,5170,2220
"2017-10-13",147000,82300,45800,82259,7030,113040,68000,6271,5170,2185
"2017-10-16",148500,82200,46850,82555,7000,114222,68800,6271,5150,2195
"2017-10-17",148500,80500,46250,82259,6860,112252,74900,6271,5150,2170
"2017-10-18",146500,83200,45100,82259,6890,112252,79500,6240,5140,2155
"2017-10-19",145500,85600,45000,83443,6880,113828,78600,6229,5140,2130
"2017-10-20",146000,86300,45500,85514,6860,113828,78900,6303,5130,2130
"2017-10-23",143500,87000,46600,84330,6820,109889,76700,6303,5140,2130
"2017-10-24",144500,86500,47000,82851,6740,109495,77700,6250,5120,2130
"2017-10-25",146500,85800,46400,81963,6680,111465,77600,6261,5130,2120
"2017-10-26",146000,86800,45300,80484,6720,112252,77900,6439,5150,2095
"2017-10-27",144500,87000,45400,80484,6740,110283,81000,6470,5180,2175
"2017-10-30",143500,85900,44400,79300,6560,106738,79900,6491,5160,2220
"2017-10-31",148000,86000,44650,79596,6650,105557,76900,6491,5180,2315
"2017-11-01",149500,87100,44750,81667,6580,106738,76900,6491,5200,2300
"2017-11-02",147500,87800,46050,80484,6600,106738,78400,6502,5200,2215
"2017-11-03",148000,87700,45900,81667,6540,107132,78000,6334,5210,2220
"2017-11-06",145000,87100,44750,81075,6480,104769,71000,6334,5220,2240
"2017-11-07",145000,86400,45450,80188,6430,106738,76100,6334,5230,2275
"2017-11-08",144500,87300,44250,79300,6570,110283,71300,6323,5220,2290
"2017-11-09",146000,87700,44100,79596,6510,107132,68700,6365,5230,2310
"2017-11-10",145000,88900,44000,76637,6410,108708,66300,6271,5210,2300
"2017-11-13",140500,84600,41400,75157,6400,104769,68900,6208,5230,2305
"2017-11-14",140000,84200,41150,76341,6560,105557,67700,6156,5250,2280
"2017-11-15",138500,85800,41050,74566,6400,100436,67400,6019,5230,2300
"2017-11-16",140500,88900,41450,79004,6400,100436,68700,5998,5210,2275
"2017-11-17",140500,87300,41800,76637,6300,100042,68500,5862,5230,2370
"2017-11-20",138500,88100,41300,76933,6270,98861,67400,5810,5380,2435
"2017-11-21",139000,87800,40800,76341,6240,98861,71300,5694,5420,2435
"2017-11-22",139500,89600,41150,76637,6250,98467,73600,5443,5410,2415
"2017-11-23",138500,88600,40750,76341,6350,100830,76000,5348,5440,2410
"2017-11-24",138500,89100,40500,78412,6400,101618,73800,5348,5440,2440
"2017-11-27",134500,88900,40300,78412,6420,99255,71800,5243,5470,2435
"2017-11-28",134500,87700,40300,80188,6490,100436,69400,5123,5500,2410
"2017-11-29",134500,88700,41400,81667,6430,100042,70000,4929,5500,2370
"2017-11-30",132000,91000,41500,79892,6450,99255,68300,4934,5470,2350
"2017-12-01",133000,88400,40750,79892,6320,98073,68800,5076,5410,2330
"2017-12-04",135500,89800,41350,78412,6360,96892,66700,5028,5450,2300
"2017-12-05",135000,88300,42050,79892,6520,104375,64300,4992,5480,2295
"2017-12-06",133500,88100,41550,78708,6520,102406,65100,5013,5430,2255
"2017-12-07",133000,86800,40750,79300,6400,99649,63600,4903,5430,2210
"2017-12-08",132000,87500,39750,79300,6420,98073,63400,4761,5400,2190
"2017-12-11",132000,87100,40000,79892,6430,99255,64000,4824,5350,2220
"2017-12-12",131500,86200,39500,78412,6440,98467,66000,4824,5380,2210
"2017-12-13",132000,87100,41500,78708,6650,100436,66200,4829,5500,2185
"2017-12-14",131000,86700,40700,82259,6550,96892,66100,4798,5510,2180
"2017-12-15",130500,89600,41550,81667,6730,96498,66200,4787,5500,2220
"2017-12-18",130000,90000,42000,80188,6670,94922,65200,4808,5470,2205
"2017-12-19",130500,90400,41900,81371,6610,92559,64400,4703,5430,2275
"2017-12-20",130500,89900,41450,80484,6510,97285,57200,4656,5350,2240
"2017-12-21",127000,88900,40500,80484,6530,98073,56500,4457,5380,2235
"2017-12-22",123000,88000,40700,80779,6590,96498,57500,4703,5300,2245
"2017-12-26",122000,89500,41000,82851,6530,98073,58500,4861,5370,2235
"2017-12-27",125000,90200,41050,80779,6580,90983,59800,4724,5220,2195
"2017-12-28",126000,91000,41500,82555,6650,89014,61400,4787,5200,2240
"2018-01-02",127500,90800,43250,82259,6770,89408,61500,4787,5210,2320
"2018-01-03",126500,90000,43000,87289,6620,90590,60900,4845,5150,2380
"2018-01-04",128000,89100,43600,84034,6680,93741,60300,4798,5160,2400
"2018-01-05",130000,88800,46400,84626,6540,92559,61800,4766,5190,2625
"2018-01-08",131000,89600,45700,81075,6360,90590,61100,4761,5220,2635
"2018-01-09",136000,93600,45850,82259,6420,93741,62900,4688,5240,2605
"2018-01-10",133500,92300,46000,81371,6530,98467,62700,4693,5160,2535
"2018-01-11",132500,93300,44850,79596,6420,99255,62100,4876,5150,2475
"2018-01-12",134000,94300,44650,77229,6460,100042,61100,4803,5160,2470
"2018-01-15",134500,94200,45850,74270,6450,98861,61400,4934,5120,2500
"2018-01-16",135500,94500,45000,74862,6340,95316,61400,4871,5170,2615
"2018-01-17",135000,93800,45000,75749,6350,96104,60800,4845,5060,2685
"2018-01-18",136500,92800,45000,74566,6290,91771,60600,4824,5040,2620
"2018-01-19",135500,93500,46600,75453,6340,92559,60400,4876,5100,2715
"2018-01-22",134000,93900,47000,76341,6310,91377,60800,4824,5070,2680
"2018-01-23",135000,94500,48050,76045,6310,90983,62000,4861,5110,2680
"2018-01-24",135500,93300,46700,75453,6390,89408,63800,5118,5120,2705
"2018-01-25",136500,94900,46950,76637,6450,91771,63600,5275,5210,2815
"2018-01-26",136500,94200,46950,77229,6540,90590,63300,5317,5400,2900
"2018-01-29",142000,93700,48200,80484,6580,93347,63600,5296,5310,2885
"2018-01-30",138500,90800,47150,79892,6550,93347,62400,5233,5320,2890
"2018-01-31",142000,89100,47050,79892,6500,93347,61400,5170,5480,2860
"2018-02-01",141500,92000,47000,81667,6460,91771,61100,5201,5480,2850
"2018-02-02",140000,90400,46400,79004,6420,89802,59100,5138,5420,2820
"2018-02-05",143000,88200,45500,77525,6320,87045,57400,5060,5460,2795
"2018-02-06",138500,86000,44400,75453,6210,84682,56700,4929,5270,2700
"2018-02-07",133000,84200,43700,73974,6140,83106,55800,4965,5300,2650
"2018-02-08",132500,86100,43500,73678,6170,85075,56200,4971,5350,2700
"2018-02-09",127500,84500,43650,70719,6160,89408,54900,4903,5240,2665
"2018-02-12",128000,84600,42900,71311,6040,85863,55100,4918,5250,2600
"2018-02-13",132000,85600,41850,69831,5970,82712,55000,5102,5140,2615
"2018-02-14",133000,85800,41750,70719,5890,82318,55300,5039,5190,2625
"2018-02-19",132000,86600,42800,73382,5990,83500,55800,5390,5190,2650
"2018-02-20",131000,84100,42500,72790,5920,83894,56200,5233,5200,2650
"2018-02-21",131000,86000,42800,76045,5960,83500,56000,5212,5390,2635
"2018-02-22",130000,84500,42300,75749,6030,81531,55200,5233,5330,2625
"2018-02-23",134000,85900,43050,77821,6020,82712,56000,5222,5330,2650
"2018-02-26",131500,86500,43600,76637,6090,81531,55600,5233,5300,2740
"2018-02-27",129000,85900,44900,74862,6010,80349,55200,5207,5280,3015
"2018-02-28",128500,86200,44150,73974,5980,78774,55600,5196,5280,2995
"2018-03-02",128000,83500,42950,71607,5880,77750,56300,5165,5300,3000
"2018-03-05",127000,84400,42450,71015,5830,75780,54800,5144,5310,3065
"2018-03-06",129000,85800,42200,71903,5870,76647,53500,5159,5310,3095
"2018-03-07",128500,85800,41700,71015,5890,75150,50800,5154,5350,3070
"2018-03-08",129500,87400,41600,71607,5910,77041,51100,5165,5400,3060
"2018-03-09",131500,88400,42450,73086,5910,79955,52300,5296,5420,3010
"2018-03-12",133000,89000,42450,74270,5940,83106,52600,5317,5440,3125
"2018-03-13",133500,90400,41500,74270,5960,81925,53900,5275,5680,3135
"2018-03-14",133000,89300,41000,72199,5910,82318,52500,5222,5700,3130
"2018-03-15",131500,89100,41100,74862,5950,80349,52800,5186,5760,3125
"2018-03-16",134000,90400,41350,75157,5980,81531,52500,5175,5800,3065
"2018-03-19",133000,89600,41250,73974,5880,84288,52200,5165,5740,3045
"2018-03-20",134000,89300,40450,73382,5840,83894,52100,5144,5660,3025
"2018-03-21",133500,88600,39300,72790,5850,82712,51700,5107,5640,2945
"2018-03-22",132000,89000,39700,73974,5910,85863,50900,5070,5660,2860
"2018-03-23",129000,86000,38500,71015,5730,82712,48900,4924,5580,2850
"2018-03-26",129000,86700,38500,70719,5710,83106,48500,4808,5620,2950
"2018-03-27",131500,87800,39850,70719,5900,84288,49950,4782,5650,2940
"2018-03-28",131500,85600,39600,70719,5800,83500,48850,4588,5720,2895
"2018-03-29",137000,86900,39350,70719,5790,84288,49500,4688,5690,2885
"2018-03-30",140000,86100,39150,72494,5780,83894,50200,4918,5800,2880
"2018-04-02",140500,87100,38750,71015,5690,80743,49300,5118,5770,2935
"2018-04-03",139500,86100,39400,71311,5690,80743,49800,5144,5790,3105
"2018-04-04",136000,83700,38200,70719,5610,79561,48900,5086,5750,3060
"2018-04-05",137500,83800,38650,72790,5690,80743,49200,5086,5770,2990
"2018-04-06",139500,84900,38650,71607,5690,80743,49000,5097,5710,2945
"2018-04-09",138500,85300,38900,71311,5620,78774,49600,5055,5750,2940
"2018-04-10",144000,86100,39100,71015,5660,79167,48900,5044,5690,3050
"2018-04-11",139500,84800,39850,71311,5570,81137,51700,5086,5690,3135
"2018-04-12",138500,85600,38950,74566,5520,83894,51300,5144,5650,3100
"2018-04-13",138500,84500,39650,73974,5420,83106,51400,5175,5660,3255
"2018-04-16",140000,83600,38850,72790,5430,83500,51000,5207,5750,3325
"2018-04-17",139000,84300,38650,72790,5400,84682,51200,5222,5740,3600
"2018-04-18",140500,84700,40100,72790,5440,85469,51400,5170,5710,3945
"2018-04-19",139000,85000,40100,74270,5470,87833,51000,5170,5680,3910
"2018-04-20",136500,84600,41250,75453,5510,85863,51400,5154,5720,4170
"2018-04-23",136000,84000,41050,76637,5530,89014,51100,5317,5610,4290
"2018-04-24",136000,83200,41100,76341,5520,88620,51000,5631,5660,4695
"2018-04-25",135000,82100,40300,73974,5480,87833,51000,5621,5570,4595
"2018-04-26",139500,80700,40450,75453,5540,89014,51400,5474,5580,4450
"2018-04-27",140500,80400,40050,74566,5530,90590,51600,5526,5600,4300
"2018-04-30",140000,81100,39950,77821,5620,95316,51900,5537,5660,4520
"2018-05-02",132000,81600,39400,81075,5750,95316,52400,5506,5700,4895
"2018-05-03",132500,81200,39200,80188,5290,94528,53000,5506,5730,4620
"2018-05-04",128500,78400,38500,78116,5080,94922,51700,5537,5760,4710
"2018-05-08",127500,76500,39200,78116,5090,92953,51100,5359,5750,4545
"2018-05-09",129000,77600,39350,78412,5060,92559,50100,5317,5810,4540
"2018-05-10",127000,81100,39400,80779,5200,94134,50200,5306,6150,4650
"2018-05-11",129500,81100,41050,81371,5190,92165,50700,5359,6350,4565
"2018-05-14",127500,80000,41950,81075,5360,94528,50100,5401,7080,4460
"2018-05-15",128500,79700,41300,80484,5240,94528,50300,5411,7350,4460
"2018-05-16",130500,79400,39700,78116,5210,92953,49600,5238,6750,4300
"2018-05-17",129000,78800,38750,78708,5180,92165,49500,5306,7190,4390
"2018-05-18",129500,79800,39000,80779,5230,92559,49450,5327,7480,4345
"2018-05-21",130000,78900,38300,80188,5220,90590,49250,5275,7320,4320
"2018-05-23",130000,77400,37100,78708,5180,89408,49550,5243,7400,4170
"2018-05-24",129000,76500,36550,78412,5090,86651,48700,5222,7170,4170
"2018-05-25",129500,76000,36400,76933,4960,85863,47450,5154,6400,4160
"2018-05-28",130500,76100,36750,81963,5010,87045,47950,5217,7130,4265
"2018-05-29",128500,76100,36850,79300,4940,85075,47700,5112,6970,4170
"2018-05-30",125000,73900,35800,79300,4855,83106,46300,5086,6900,4200
"2018-05-31",125500,73400,36000,79300,4965,82318,47000,5112,7100,4210
"2018-06-01",125000,74100,35950,79300,5210,83500,48700,5254,6900,4310
"2018-06-04",124000,76200,35550,79300,5160,83894,47350,5243,6870,4285
"2018-06-05",123500,77000,35550,79300,5150,84682,47350,5243,6810,4270
"2018-06-07",123500,77000,36650,79300,5040,85469,48300,5196,7070,4190
"2018-06-08",124000,77100,36350,79300,5050,83894,48000,5170,6960,4175
"2018-06-11",125500,78600,36650,79300,5070,85863,47750,5175,7130,4130
"2018-06-12",126500,79000,36100,79300,5130,84682,47900,5238,7020,4075
"2018-06-14",122500,77000,35250,79300,4985,83106,46700,5165,6950,3950
"2018-06-15",122000,75000,35350,79300,4960,85075,47800,5128,6960,4115
"2018-06-18",119500,75300,34300,79300,4855,82318,46250,4955,6830,4000
"2018-06-19",116500,72800,33650,79300,4735,82318,44500,4750,7170,3860
"2018-06-20",118000,73600,33250,79300,4690,81925,44400,4840,7130,3820
"2018-06-21",115500,70600,31850,79300,4545,79561,43500,4824,7130,3650
"2018-06-22",118000,71900,32100,79300,4555,79167,44300,4866,7030,3245
"2018-06-25",117000,71700,32800,79300,4605,80743,43650,4887,7050,3165
"2018-06-26",117000,71200,32900,79300,4490,81925,43300,4803,6910,2860
"2018-06-27",118000,71200,31550,79300,4435,80349,43450,4771,6790,2875
"2018-06-28",116500,70800,31500,79300,4455,82318,42300,4693,6780,2730
"2018-06-29",116500,72100,31550,79300,4500,81925,42100,4693,6870,2835
"2018-07-02",115000,70600,30700,79300,4370,78695,40300,4619,6530,2670
"2018-07-03",112500,69500,30800,79300,4355,78616,38450,4604,6800,2750
"2018-07-04",113500,70100,30600,79300,4350,77986,38750,4614,6610,2775
"2018-07-05",113500,69900,30350,79300,4310,78380,38650,4504,6490,2735
"2018-07-06",116000,69000,31350,79300,4480,80743,40500,4583,6720,2860
"2018-07-09",119000,70400,31350,79300,4435,79955,40500,4651,7260,2810
"2018-07-10",118000,72300,31600,79300,4550,78774,41200,4740,7790,2875
"2018-07-11",117000,72500,31300,79300,4520,79561,40600,4787,7720,2825
"2018-07-12",120500,71800,30900,79300,4750,79167,40600,4798,7950,2835
"2018-07-13",116000,72700,31050,56500,4710,78774,40800,4986,7890,2915
"2018-07-16",117500,72200,30600,51200,4640,78774,40750,5034,7890,2865
"2018-07-17",119500,74200,30550,51900,4650,78222,40950,5138,8990,2920
"2018-07-18",119500,73300,30350,48200,4580,77434,41900,5091,8600,2815
"2018-07-19",120500,73600,30050,45350,4515,76647,40600,5138,8480,2765
"2018-07-20",121000,75300,31600,44950,4525,76095,40950,5170,7930,2700
"2018-07-23",121500,75500,31800,42950,4515,76095,40200,5049,7760,2690
"2018-07-24",121500,75600,31550,43500,4575,77198,40000,5107,7840,2695
"2018-07-25",119000,75400,31800,43000,4515,78616,39500,5065,7800,2590
"2018-07-26",120500,76300,31950,42300,4535,78774,39850,5112,7820,2630
"2018-07-27",123000,74800,32200,42850,4535,79955,40600,5070,7750,2640
"2018-07-30",124000,76100,32150,44600,4720,79955,40650,5070,7410,2725
"2018-07-31",123500,75400,32150,44500,4705,81925,40950,4981,7470,2730
"2018-08-01",123000,75100,32250,45750,4680,82318,41650,5044,7450,2790
"2018-08-02",121000,74000,31900,45000,4500,81925,40800,5007,7330,2830
"2018-08-03",122000,74600,34000,45000,4590,85863,41300,5112,7590,2880
"2018-08-06",121500,74600,33400,45600,4630,85469,41500,5285,7340,2945
"2018-08-07",125000,75200,32900,44800,4640,84682,41600,5296,7130,2910
"2018-08-08",126000,73300,32950,44550,4670,86257,40800,5285,7140,2810
"2018-08-09",125500,73800,32800,43650,4630,85863,40900,5306,7240,2855
"2018-08-10",125500,73400,33450,43550,4605,87439,40650,5264,7130,2835
"2018-08-13",124000,73000,32300,42700,4565,84288,38650,5191,7020,2775
"2018-08-14",123500,73000,32800,42800,4635,85863,39000,5243,7000,2735
"2018-08-16",121500,72200,31450,41750,4540,86651,38100,5217,6930,2715
"2018-08-17",122000,71300,31400,41550,4575,86257,37900,5264,6990,2750
"2018-08-20",122000,70900,32200,41500,4600,86257,37700,5212,7040,2800
"2018-08-21",122000,70300,32000,42450,4580,84288,38100,5217,6990,2815
"2018-08-22",123500,69900,31450,41550,4585,83894,38000,5306,6860,2800
"2018-08-23",123500,70500,30500,40450,4540,85863,37000,5369,6500,2755
"2018-08-24",123500,70600,30750,41400,4480,85075,37250,5506,6500,2725
"2018-08-27",122000,70800,31200,41250,4440,84682,38300,5526,6300,2690
"2018-08-28",122000,72100,31350,42600,4535,88620,38850,5537,6590,2670
"2018-08-29",121500,72700,32100,42650,4495,91377,39200,5474,6670,3055
"2018-08-30",120500,70800,31750,45100,4525,92559,38750,5390,6550,2995
"2018-08-31",123000,71500,31850,45900,4480,92165,39950,5411,6400,3070
"2018-09-03",123500,71100,31600,45500,4475,94922,39400,5422,6380,3005
"2018-09-04",125000,71600,31600,44600,4620,94922,40200,5432,6370,2900
"2018-09-05",125000,71100,31500,44300,4880,95710,41100,5390,6470,2880
"2018-09-06",126500,71300,31400,45300,4805,98467,40650,5422,6400,2855
"2018-09-07",125000,71500,31350,44100,4925,100436,40200,5537,6520,2800
"2018-09-10",125500,70900,31700,44750,4945,99255,40700,5694,6740,2760
"2018-09-11",126000,70900,31200,46700,4955,107132,40300,5631,7340,2755
"2018-09-12",125000,71600,31400,47200,5100,107526,40450,5610,7310,2730
"2018-09-13",124000,71400,30950,47150,5200,109495,40550,5715,7300,2770
"2018-09-14",125500,72200,32200,47200,5180,110677,40250,6019,7330,2760
"2018-09-17",125500,71700,31950,46100,5190,109495,40050,5810,7180,2710
"2018-09-18",126000,71600,31950,47800,5200,112646,40000,5862,7130,2665
"2018-09-19",123500,71500,31850,48300,4900,112252,38900,5537,6890,2620
"2018-09-20",128500,71600,31350,48250,4950,108314,38950,5327,6770,2610
"2018-09-21",131000,72400,31650,48350,5210,107132,39100,5306,6700,2625
"2018-09-27",131000,72400,33250,47750,5480,108708,39400,5254,6680,2630
"2018-09-28",129500,72600,32800,48000,5500,107526,39550,5275,6680,2665
"2018-10-01",128000,73300,33000,46700,5630,111071,39000,5243,6660,2665
"2018-10-02",126000,72600,33450,47650,5440,107526,38850,5065,6650,2630
"2018-10-04",124500,72400,33400,47500,5460,107920,38000,5028,6540,2550
"2018-10-05",125000,71900,33200,47050,5420,103981,37600,5028,6410,2520
"2018-10-08",124000,69700,32400,48000,5330,105557,37550,5007,6290,2510
"2018-10-10",123000,67200,31350,47500,5180,102406,37350,4887,6000,2425
"2018-10-11",115000,62900,28900,43800,4935,100436,34250,4619,5750,2245
"2018-10-12",117000,64300,29100,44800,5080,102406,34650,4729,5890,2285
"2018-10-15",115500,65600,29150,45000,5080,101618,34450,4688,5760,2290
"2018-10-16",116000,65200,29200,45900,5040,102800,34650,4745,5760,2310
"2018-10-17",116500,65800,30100,46500,4985,102800,35000,4960,5800,2285
"2018-10-18",116500,65400,29450,46200,4805,100830,34550,4782,5700,2160
"2018-10-19",117000,64800,29250,47100,4770,100042,34700,4803,5710,2255
"2018-10-22",116500,64800,29800,46700,4720,102800,35200,4792,5610,2270
"2018-10-23",112500,63400,29000,44750,4580,99649,32900,4771,5360,2230
"2018-10-24",113000,64400,29500,47800,4730,97285,32700,4782,5280,2085
"2018-10-25",109500,64400,28950,45300,4595,97285,31650,4572,5130,2175
"2018-10-26",106500,62000,27450,42250,4520,95710,30600,4404,5130,2385
"2018-10-29",105500,62800,26550,45200,4305,96498,29800,4158,4985,2570
"2018-10-30",108500,63400,27350,49000,4305,94922,30150,4226,5170,2455
"2018-10-31",108500,66300,28100,51300,4255,94134,30600,4352,5200,2610
"2018-11-01",107000,65200,27750,50300,4295,93347,30650,4425,5370,2510
"2018-11-02",111000,67000,28450,50200,4420,97679,31900,4556,5540,2580
"2018-11-05",108000,66200,28350,48850,4360,95316,32150,4551,5310,2480
"2018-11-06",109500,66800,28550,48450,4490,95710,32000,4541,5280,2510
"2018-11-07",108500,66900,28950,47700,4415,95316,31250,4420,5410,2510
"2018-11-08",106500,67300,29500,49600,4435,97679,32000,4425,5540,2485
"2018-11-09",105000,67900,29300,49150,4370,98073,32950,4415,5710,2420
"2018-11-12",102000,69000,29400,48950,4420,99255,31950,4415,5620,2270
"2018-11-13",106000,68100,29750,49300,4435,101618,31200,4436,5510,2220
"2018-11-14",105500,68900,30500,49000,4380,100042,31350,4499,5550,2185
"2018-11-15",103000,68900,29650,48600,4540,98861,31000,4577,5450,2170
"2018-11-16",103500,70900,30100,48700,4530,102012,31900,5049,5450,2225
"2018-11-19",104000,72800,30200,49000,4560,103193,36700,5091,5620,2220
"2018-11-20",104000,72100,30200,48650,4700,101224,36450,5380,5650,2170
"2018-11-21",102500,71100,30450,48700,4945,100042,36300,5338,5560,2205
"2018-11-22",96400,70700,29750,48300,4870,100830,36400,5453,5560,2205
"2018-11-23",99200,69900,29500,48400,4830,99255,36100,5464,5560,2145
"2018-11-26",101500,70900,29950,49450,4995,101224,35700,5422,5610,2145
"2018-11-27",104000,72400,30150,49050,4930,98073,36350,5579,5640,2165
"2018-11-28",105000,71500,30000,49100,4985,94134,36300,5485,5690,2210
"2018-11-29",104500,73000,30300,52500,4930,95316,36150,5390,5670,2250
"2018-11-30",102500,72200,30000,51900,4950,95710,35650,5453,5680,2250
"2018-12-03",105500,72400,30850,51800,5050,97679,35700,5526,5770,2270
"2018-12-04",106000,71700,30250,51200,4955,96892,35500,5558,5740,2245
"2018-12-05",105000,71700,30400,51500,4935,97679,34100,5485,5730,2290
"2018-12-06",103500,70800,30350,51000,4875,95316,33750,5327,5630,2240
"2018-12-07",105500,70500,30300,50900,4960,94528,33350,5327,5690,2225
"2018-12-10",104500,68200,30100,50600,4920,93347,31000,5086,5670,2180
"2018-12-11",108000,67500,30150,50900,4790,94528,30800,5180,5700,2080
"2018-12-12",108000,71300,30550,53300,4960,95316,31300,5180,5670,2080
"2018-12-13",110000,73700,31150,54500,4990,94528,31200,5201,5750,2150
"2018-12-14",108000,73800,31350,55100,5030,97285,31300,5144,5740,2150
"2018-12-17",108500,74500,30850,56900,5030,92953,31350,5149,5720,2100
"2018-12-18",109500,72300,31600,56100,4965,90196,31350,5049,5710,2025
"2018-12-19",108500,71300,32350,60600,4830,91377,31100,5222,5710,2055
"2018-12-20",107500,71400,32850,60000,4865,93741,30850,5285,5700,2065
"2018-12-21",107500,71600,32400,59000,4910,94528,30700,5306,5710,2055
"2018-12-24",107000,71500,31950,59700,5000,90983,30300,5222,5680,2040
"2018-12-26",103500,69400,31200,59500,4990,87439,29850,5128,5650,1980
"2018-12-27",104500,68700,31850,53700,5270,86257,30100,5138,5590,2000
"2018-12-28",105500,69900,31350,50000,5200,87833,30900,5243,5580,2115
"2019-01-02",104000,68100,31000,47950,5180,82318,30450,5238,5480,2120
"2019-01-03",104500,68400,29950,48450,5490,79561,30900,5107,5480,2105
"2019-01-04",107000,69500,29900,47300,5650,78774,30900,4908,5500,2105
"2019-01-07",108000,70000,30900,47650,5710,81137,31350,4965,5640,2170
"2019-01-08",107000,68800,30050,48600,5720,81925,30850,4955,5610,2145
"2019-01-09",109000,70300,31150,48600,5740,82712,31150,4965,5600,2185
"2019-01-10",108500,70400,30300,49350,5800,83894,31150,5023,5590,2215
"2019-01-11",109000,70800,31100,50200,5780,83500,31750,5018,5790,2215
"2019-01-14",109500,70000,31600,49300,5800,84682,32100,4761,6250,2285
"2019-01-15",110500,73200,32300,51800,5820,85469,32100,4845,6580,2340
"2019-01-16",111000,74300,32550,51700,5860,87045,31950,4845,6810,2330
"2019-01-17",111500,74400,33550,50400,5880,86651,32100,4892,6640,2280
"2019-01-18",116500,75500,33600,54500,5890,92953,32500,4944,6370,2330
"2019-01-21",115000,75200,33300,54000,5870,91771,32250,4965,6240,2310
"2019-01-22",116500,74900,33250,55300,5860,89802,31650,4960,6130,2300
"2019-01-23",117500,74900,34250,59000,5910,89802,32450,4960,5850,2305
"2019-01-24",117500,75300,34300,59500,6020,89408,33300,4981,5940,2315
"2019-01-25",117500,77100,33850,60000,5940,91771,33500,4971,5850,2335
"2019-01-28",118000,77100,34100,60000,5920,92165,32900,5002,5820,2320
"2019-01-29",119500,75900,34000,62800,6030,89408,32950,5002,5680,2300
"2019-01-30",119500,77200,34150,68600,5820,90196,33100,5212,5600,2315
"2019-01-31",120000,77700,35150,70000,5930,92559,33300,5254,5620,2350
"2019-02-01",117500,77500,34000,67000,6190,90590,33350,5081,5720,2345
"2019-02-07",117500,77300,34050,70000,6230,89014,33950,5191,5900,2340
"2019-02-08",115500,75900,33200,69500,6230,89408,33900,5191,5910,2340
"2019-02-11",116500,75400,33350,68800,6140,88620,33650,5222,5880,2330
"2019-02-12",117000,76500,33450,69000,6080,89014,33700,5228,5880,2315
"2019-02-13",117500,76100,33750,68000,6040,82318,33650,5191,5960,2310
"2019-02-14",117500,77500,33700,69500,6070,76174,33800,5086,5870,2325
"2019-02-15",116000,75700,33050,69300,6120,76568,33850,5133,5840,2410
"2019-02-18",116500,78400,33550,70800,6060,77198,34100,5180,5900,2490
"2019-02-19",116000,76300,33150,70500,6130,77277,33600,5201,5940,2435
"2019-02-20",117500,76200,33700,70700,6070,77198,33400,5180,5990,2425
"2019-02-21",116000,75500,34100,70600,6250,78143,33300,5149,5890,2385
"2019-02-22",115500,75300,33800,73300,6150,77592,33550,5107,5850,2350
"2019-02-25",115500,74900,33550,73600,6140,77119,33600,5086,5980,2340
"2019-02-26",116500,74200,33850,72900,5970,77277,34350,5076,5970,2340
"2019-02-27",116500,75400,32950,75200,6020,76883,35650,4892,5980,2390
"2019-02-28",115500,75000,32150,75000,5900,76568,34850,4803,5700,2320
"2019-03-04",113000,74600,31850,76900,5940,77041,35450,4908,5760,2315
"2019-03-05",112500,74300,32000,78600,5970,77041,34900,4861,5700,2250
"2019-03-06",110500,74800,31900,78000,5980,76804,34850,4876,5880,2260
"2019-03-07",110000,74300,31500,76200,5880,76174,34550,4981,5740,2510
"2019-03-08",109500,73200,30950,75900,5830,75701,33450,4992,5550,2540
"2019-03-11",108500,74900,30850,76500,5840,75229,33300,4992,5600,2710
"2019-03-12",110000,75500,31250,77000,5920,74835,33400,5076,5620,2670
"2019-03-13",108000,76400,31600,75800,6000,73968,33350,5076,5650,2690
"2019-03-14",108000,75700,31750,77800,5960,74992,34700,5165,5920,2690
"2019-03-15",110500,78500,31850,77400,6100,76962,35900,4997,5830,2555
"2019-03-18",110000,79300,32200,77100,6200,76095,35050,4986,5830,2595
"2019-03-19",110000,78200,32100,78900,6210,75780,34900,4944,5890,2575
"2019-03-20",110000,77700,31450,78300,6360,75780,34800,4965,5810,2600
"2019-03-21",109000,77500,31000,75900,6170,76174,34950,4929,5840,2510
"2019-03-22",107500,78300,30950,75400,6100,75386,35200,4929,5750,2435
"2019-03-25",106000,74700,30650,74400,6040,74520,34600,4803,5600,2305
"2019-03-26",106000,76800,30800,75100,6080,75071,34950,4887,5700,2380
"2019-03-27",108000,78200,30800,76400,6000,75465,34900,4719,5800,2370
"2019-03-28",106500,77500,30200,76300,6030,71920,34250,4604,5770,2320
"2019-03-29",107000,77500,30400,75500,6050,72944,33600,4593,5840,2345
"2019-04-01",108000,77400,30950,75500,6060,75701,27050,4646,5880,2365
"2019-04-02",109000,77900,30600,75200,5980,75938,27450,4677,5800,2360
"2019-04-03",112500,78800,31550,75500,6160,75071,28000,4897,5800,2390
"2019-04-04",111500,77900,31100,75900,6140,74914,27400,4871,5790,2385
"2019-04-05",111000,77400,31050,76800,6210,76017,27450,4845,5880,2355
"2019-04-08",110500,76900,31000,76400,6150,76647,27750,4855,5780,2345
"2019-04-09",111500,78300,30900,75300,6130,76568,27000,4813,5730,2330
"2019-04-10",111000,78700,31350,74600,5870,78301,27250,4861,5860,2300
"2019-04-11",111500,78900,31050,74700,5740,77356,27800,4913,6090,2300
"2019-04-12",111500,75900,31250,76500,5870,77434,27700,4939,6300,2300
"2019-04-15",111000,75700,32350,75500,5980,77592,28000,4971,6200,2320
"2019-04-16",113000,76200,31850,75200,6430,83894,27350,4918,6200,2335
"2019-04-17",113000,74900,31650,78700,6160,82318,27450,4897,6180,2345
"2019-04-18",111000,74100,30900,78600,6060,82318,27250,4845,6100,2310
"2019-04-19",111500,73700,31150,79100,5960,82712,27250,4871,6120,2300
"2019-04-22",111500,74600,31350,78600,5910,83500,27250,4834,6200,2280
"2019-04-23",112500,75000,30950,78300,5880,83500,27100,5086,6220,2255
"2019-04-24",110500,74700,30250,77300,5860,82712,27000,4976,6140,2245
"2019-04-25",105000,74500,30100,77000,5800,81531,26800,4887,5970,2230
"2019-04-26",103000,74500,29950,76400,5800,82712,26700,4897,5850,2220
"2019-04-29",103500,74400,30250,77300,5780,82318,26600,4882,5900,2235
"2019-04-30",102500,73000,29600,75100,5860,80743,27300,4887,5850,2235
"2019-05-02",103000,75900,29300,79900,5790,82712,26950,5055,5890,2280
"2019-05-03",101500,74100,29100,80700,5830,81925,26600,4997,5920,2295
"2019-05-07",101000,73800,28600,79300,5570,79955,22300,4929,5860,2280
"2019-05-08",100500,73300,28750,79200,5580,80349,22150,4845,5850,2260
"2019-05-09",97500,71900,28100,78100,5350,78458,21950,4709,5750,2145
"2019-05-10",98900,72000,28150,79100,5380,79955,22050,4745,5730,2170
"2019-05-13",99300,71700,27400,79600,5260,79561,21350,4661,5680,2150
"2019-05-14",98900,71200,27850,80300,5250,79167,21700,4683,5830,2125
"2019-05-15",99900,71900,28200,80700,5300,80743,21100,4784,5910,2135
"2019-05-16",98000,71500,27450,79300,5230,79561,20650,4795,5790,2135
"2019-05-17",97400,71400,26750,78600,5080,79167,20700,4907,5770,2125
"2019-05-20",96600,71500,26450,75700,5080,76883,20050,4821,5640,2120
"2019-05-21",95900,72000,26550,75800,5010,77356,20050,4779,5750,2110
"2019-05-22",95700,71700,26600,76300,5040,77986,19650,4731,5810,2090
"2019-05-23",94500,70900,26150,74300,4975,78143,18600,4693,5850,2055
"2019-05-24",93500,70700,25850,75500,4920,77592,18800,4656,5690,2040
"2019-05-27",93500,71500,25850,75800,4890,78774,19050,4688,5720,2055
"2019-05-28",93600,72200,25800,78500,4915,74756,17200,4688,5920,2135
"2019-05-29",91500,71100,25350,75000,4780,73653,16400,4635,5810,2070
"2019-05-30",91400,73000,25400,75300,4930,73575,17550,4715,5860,2055
"2019-05-31",92300,73300,25550,74700,4825,73890,17750,4800,6100,2085
"2019-06-03",92800,74800,26200,74400,4720,72866,18350,4736,6160,2035
"2019-06-04",92600,73700,26150,75000,4930,73181,18400,4789,6270,2055
"2019-06-05",93000,72900,26050,76700,4845,72944,18250,4853,6040,2100
"2019-06-07",92800,74300,25800,75100,4970,73023,18800,4949,6440,2110
"2019-06-10",93100,75300,26250,75400,4960,73417,18550,4971,6310,2100
"2019-06-11",93700,78300,26750,76100,5030,74441,19250,5099,6220,2145
"2019-06-12",93800,76800,26750,75700,5000,75308,19550,5109,6400,2210
"2019-06-13",92400,76900,27050,76300,5000,75071,19250,5195,6320,2350
"2019-06-14",92800,76500,26750,76200,4985,79167,18950,5072,6160,2315
"2019-06-17",91900,75500,26950,75600,4965,79167,18100,5051,6060,2260
"2019-06-18",92200,75300,26900,74000,5010,80349,18350,4901,6040,2255
"2019-06-19",94000,76500,27250,74500,5050,80743,18700,4901,5980,2250
"2019-06-20",96400,76700,27100,74800,5090,81137,19050,4917,5950,2290
"2019-06-21",95400,76400,26700,74700,5150,79955,18850,5045,5990,2295
"2019-06-24",95900,77000,26800,74200,5030,80743,18600,5211,6010,2265
"2019-06-25",96100,77200,26400,73700,4995,81137,18550,5248,6000,2400
"2019-06-26",95900,77000,26800,72700,5020,79955,18400,5200,6000,2380
"2019-06-27",96400,77300,26950,73300,5080,79955,18450,5312,5900,2025
"2019-06-28",95700,76900,26700,72600,5060,79167,18050,5328,5850,1915
"2019-07-01",96000,76700,27000,72500,5220,78380,18450,5419,5920,1590
"2019-07-02",95200,76600,27100,72500,5150,77592,18150,5440,6000,1615
"2019-07-03",94000,76200,26650,73100,5100,75308,18300,5397,5940,1560
"2019-07-04",95000,76800,27100,72700,5170,75386,17950,5568,6010,1480
"2019-07-05",96000,76800,27400,75500,5390,76568,19800,5643,6040,1510
"2019-07-08",93000,75400,26700,73800,5410,74914,18150,5365,5830,1460
"2019-07-09",92300,74800,26150,72200,5350,74756,17250,5365,5690,1395
"2019-07-10",91300,75100,25900,72400,5420,73338,17650,5397,5760,1455
"2019-07-11",93300,73400,25950,72800,5470,74362,17800,5387,5840,1505
"2019-07-12",93600,73900,26050,73100,5470,74599,17750,5419,5900,1535
"2019-07-15",93100,74100,26000,72400,5480,73259,17250,5301,6000,1540
"2019-07-16",94400,74700,25850,72600,5470,74362,17500,5269,6010,1510
"2019-07-17",93700,74600,25650,73800,5500,74283,17350,5184,5950,1485
"2019-07-18",92100,74200,25200,78400,5460,73811,17300,5088,5880,1490
"2019-07-19",93400,73900,25850,77900,5330,74914,17400,5120,5910,1510
"2019-07-22",93300,73800,25700,77800,5310,74835,17550,5003,5870,1525
"2019-07-23",95300,76200,25950,81200,5300,74441,17300,4981,6000,1515
"2019-07-24",94800,75800,25500,80600,5330,76804,17150,4912,5860,1515
"2019-07-25",92700,74600,24900,79600,5280,77198,16800,4837,5730,1465
"2019-07-26",94500,74100,23950,79700,5080,81137,16750,4768,5710,1440
"2019-07-29",92300,73300,23300,79300,5000,81137,15850,4549,5610,1385
"2019-07-30",91800,73300,23650,80200,5000,82712,16100,4565,5620,1420
"2019-07-31",91700,70700,23850,81700,4990,82712,16400,4549,5650,1450
"2019-08-01",91800,71300,23600,81800,5320,79955,16050,4517,5610,1445
"2019-08-02",90100,71400,23150,81700,5280,79955,15750,4432,5630,1390
"2019-08-05",87600,71000,22300,82800,5290,75780,14700,4160,5410,1275
"2019-08-06",85800,69200,21950,86700,5150,74441,14450,4037,5240,1275
"2019-08-07",84500,68100,21450,84100,5100,72314,14150,4117,5370,1285
"2019-08-08",84400,68600,21850,84200,5020,73575,14750,4357,5430,1310
"2019-08-09",85400,69100,21900,83900,5140,72550,14850,4336,5610,1295
"2019-08-12",89000,69100,21700,83100,5130,72157,14850,4341,5610,1345
"2019-08-13",88500,69300,21900,84400,5130,74047,14700,4400,5570,1345
"2019-08-14",87700,70000,22100,83400,5100,75859,14650,4437,5540,1325
"2019-08-16",87100,68800,21550,82700,4900,75071,14400,4320,5420,1280
"2019-08-19",89500,68900,22600,85000,5290,77434,14600,4347,5500,1265
"2019-08-20",89500,69400,22800,86200,5410,78774,15350,4475,5530,1275
"2019-08-21",90500,70300,23050,87900,5350,80349,15650,4597,5570,1275
"2019-08-22",88900,70100,23550,86400,5370,79955,17550,4784,5590,1295
"2019-08-23",91200,70200,23650,87100,5290,79167,16050,4757,5570,1275
"2019-08-26",90100,69800,23400,85400,5210,77750,15700,4560,5450,1250
"2019-08-27",90500,69700,23100,85000,5180,77750,14850,4597,5500,1235
"2019-08-28",91300,69700,23800,85700,5260,79561,14950,4667,5530,1240
"2019-08-29",87600,69800,24200,86600,5320,79167,15050,4645,5570,1250
"2019-08-30",86400,71200,24500,86400,5330,79167,15150,4683,5570,1330
"2019-09-02",86600,71200,24450,87100,5370,79167,15250,4629,5600,1330
"2019-09-03",86200,70900,24500,86600,5450,79167,15450,4619,5610,1310
"2019-09-04",87100,71700,24500,87100,5460,79955,15600,4576,5590,1310
"2019-09-05",87200,71100,24300,87800,5410,79955,15400,4571,5630,1310
"2019-09-06",87300,71900,24300,87700,5310,80349,15900,4624,5660,1320
"2019-09-09",87300,71900,24850,86300,5290,81531,15800,4592,5610,1300
"2019-09-10",88800,72200,25000,88600,5400,85075,16100,4629,5650,1285
"2019-09-11",88800,70300,25250,86500,5420,85075,16400,4699,5690,1345
"2019-09-16",90600,70800,25850,87200,5450,85075,16900,4779,5700,1345
"2019-09-17",91500,71400,25950,87300,5450,85469,16900,4779,6030,1335
"2019-09-18",90500,71700,26000,87300,5420,85469,16900,4731,6100,1335
"2019-09-19",91200,71000,25700,86800,5320,85863,16700,4720,5940,1300
"2019-09-20",92200,71100,25950,87700,5330,83894,17100,4672,6020,1300
"2019-09-23",91300,71600,25650,88100,5470,83106,16750,4619,5990,1310
"2019-09-24",92000,71500,25750,87500,5740,84288,16800,4555,6100,1310
"2019-09-25",90900,70700,25100,84500,5640,79955,17100,4453,6050,1295
"2019-09-26",90700,70000,25050,84800,5620,83500,16650,4443,5960,1285
"2019-09-27",88900,68900,24650,83800,5470,83500,16300,4427,5840,1295
"2019-09-30",89700,70000,25250,83800,5560,83500,16100,4427,5700,1270
"2019-10-01",90100,69500,25050,85700,5530,83500,16450,4432,5680,1290
"2019-10-02",87900,68100,24200,84500,5400,83500,16250,4373,5660,1275
"2019-10-04",87900,67100,24200,83900,5380,83500,15900,4320,5600,1285
"2019-10-07",89000,67400,24100,84100,5240,83500,15750,4288,5460,1220
"2019-10-08",89800,67500,24050,82900,5050,83500,16000,4320,5630,1175
"2019-10-10",88500,67300,23300,82000,4920,83500,16800,4299,5550,1045
"2019-10-11",90800,68600,23800,83400,4995,83500,16800,4245,5550,1355
"2019-10-14",91700,69200,25100,84700,5010,83500,19750,4341,5580,1760
"2019-10-15",92100,69700,25000,84400,5110,83500,18050,4459,5630,1750
"2019-10-16",92300,69700,25050,85900,5110,83500,17850,4448,5680,1740
"2019-10-17",93200,69700,24750,84800,5070,83500,17500,4395,5670,1685
"2019-10-18",92300,69500,24850,84400,5080,79700,17550,4384,5620,1615
"2019-10-21",93000,70100,24900,84400,5040,81500,17200,4368,5600,1605
"2019-10-22",92800,69600,25100,85500,5260,82300,17350,4368,5620,1610
"2019-10-23",95000,68100,24300,84600,5300,82700,17700,4368,5530,1525
"2019-10-24",94600,68100,24400,86700,5370,80400,17700,4368,5550,1550
"2019-10-25",95500,68800,24050,85200,5600,79900,17650,4341,5520,1520
"2019-10-28",97400,69200,24100,84300,5820,79200,17900,4341,5610,1525
"2019-10-29",98500,69500,23800,84500,5810,79500,17650,4325,5570,1490
"2019-10-30",97300,69100,23550,83700,5810,78700,17500,4277,5550,1510
"2019-10-31",100000,69400,23750,82700,5810,77800,17350,4229,5520,1560
"2019-11-01",101000,70100,23900,80700,5980,75900,17350,4229,5530,1510
"2019-11-04",104000,70900,24550,80700,5990,76300,17250,4283,5570,1505
"2019-11-05",103500,72200,24600,80600,6020,76000,17450,4325,5600,1505
"2019-11-06",104000,72100,24600,80100,5930,76300,17700,4320,5610,1515
"2019-11-07",103000,71800,24900,79900,5970,75900,18200,4341,5590,1540
"2019-11-08",102500,72400,24850,80900,5970,76500,18200,4363,5640,1640
"2019-11-11",102000,71800,24550,81300,5920,76100,18150,4363,5680,1600
"2019-11-12",102000,72900,24950,81100,5960,74500,18200,4373,5710,1560
"2019-11-13",100500,72200,25150,81800,5980,73000,18200,4309,5710,1475
"2019-11-14",102500,72900,25350,81500,6100,72300,18100,4320,5660,1540
"2019-11-15",104000,72800,26150,81600,5830,72600,18200,4347,5680,1510
"2019-11-18",104000,73200,26300,81000,5890,72700,18300,4357,5620,1505
"2019-11-19",103000,73900,25950,81500,5900,74400,18050,4352,5590,1540
"2019-11-20",102500,73500,25400,80400,5840,74400,17900,4277,5570,1470
"2019-11-21",101000,72700,25150,79000,5650,72500,17400,4213,5550,1435
"2019-11-22",101500,73100,24850,78400,5900,73200,17300,4219,5570,1400
"2019-11-25",104000,73200,25400,79600,5920,72200,17450,4261,5620,1420
"2019-11-26",102000,72000,25400,80000,5820,71200,18500,4293,5630,1455
"2019-11-27",101500,72200,25100,79500,5910,70700,18100,4309,5650,1425
"2019-11-28",101500,72300,25050,79500,5710,69700,18150,4325,5590,1400
"2019-11-29",98900,71000,24550,79400,5720,68200,18000,4320,5550,1375
"2019-12-02",100500,72100,24800,80000,5720,68300,18100,4299,5550,1360
"2019-12-03",101500,71800,24550,79500,5770,67800,17750,4288,5540,1380
"2019-12-04",102500,72200,23900,79400,5740,66700,17550,4261,5530,1345
"2019-12-05",100500,70800,24050,79700,5730,66400,17250,4240,5510,1340
"2019-12-06",101000,72500,24200,79300,5830,64500,17400,4267,5510,1345
"2019-12-09",99800,72600,23950,78500,5760,65300,16800,4267,5530,1340
"2019-12-10",100500,74000,23900,79700,5830,68400,17050,4256,5570,1320
"2019-12-11",101000,74800,24100,81700,5890,69400,17100,4256,5630,1365
"2019-12-12",102500,75400,24400,81600,5870,69400,17050,4267,5630,1385
"2019-12-13",104000,75100,25100,81700,5870,69700,17300,4293,6050,1390
"2019-12-16",104000,74700,25100,81900,5860,71500,17250,4288,5880,1370
"2019-12-17",103000,74800,25200,81900,5930,71700,17300,4299,5760,1360
"2019-12-18",103000,74500,25050,81300,5890,70200,17250,4315,5800,1365
"2019-12-19",107500,74700,25300,81900,5940,70600,17150,4283,5850,1375
"2019-12-20",108500,74400,25250,81600,6010,70500,17300,4261,5900,1370
"2019-12-23",109000,74800,25250,82600,6030,71000,17250,4229,5890,1310
"2019-12-24",108000,74900,25350,83800,6040,71000,17350,4192,5840,1305
"2019-12-26",106500,74900,25600,84300,6040,72000,17550,4213,5890,1300
"2019-12-27",109000,74400,25250,79600,5970,70300,17550,4197,5690,1295
"2019-12-30",108500,73800,25000,79100,5940,70300,17550,4187,5710,1550
"2020-01-02",107500,71100,24350,76300,5900,68900,17850,4133,5790,1390
"2020-01-03",107500,71600,24550,76200,5850,68300,18000,4155,5740,1350
"2020-01-06",106000,71500,23500,75700,5620,66600,17300,4107,5740,1270
"2020-01-07",108000,72500,23650,76400,5630,66300,17650,4085,5750,1270
"2020-01-08",105000,71300,22500,74000,5430,64800,16650,3968,5680,1190
"2020-01-09",106500,71200,22550,74300,5550,65600,16700,3968,5670,1250
"2020-01-10",107000,70100,22650,74400,5520,66100,16800,3968,5680,1240
"2020-01-13",109000,71800,22900,74200,5430,67600,16800,3947,5670,1250
"2020-01-14",107000,73100,23550,73800,5330,68200,17100,3915,5650,1240
"2020-01-15",107000,73300,23800,73300,5350,69100,17200,3973,5670,1235
"2020-01-16",108000,73400,23700,73600,5290,68400,17200,4059,5680,1235
"2020-01-17",107500,72800,23600,73700,5300,67800,16850,4048,5640,1225
"2020-01-20",112000,73700,23600,73300,5340,67500,16800,4048,5730,1215
"2020-01-21",110000,73900,23800,73700,5260,66600,16700,3968,5700,1205
"2020-01-22",112000,74200,23750,73500,5220,67300,16800,3957,5700,1205
"2020-01-23",117000,73500,23500,72800,5240,67600,16750,3936,5690,1225
"2020-01-28",112000,71900,22300,71100,5070,64900,16000,3819,5560,1435
"2020-01-29",113500,71900,22600,71800,5090,66000,15900,3845,5560,1340
"2020-01-30",110500,72900,22400,71800,5020,65000,15700,3760,5480,1280
"2020-01-31",108500,70300,21750,71200,4975,62700,15350,3733,5360,1250
"2020-02-03",107500,69800,21400,70100,4895,62200,15050,3685,5400,1200
"2020-02-04",111000,71500,22000,70200,4930,61500,15300,3739,5450,1210
"2020-02-05",110500,72200,22000,69900,5050,62400,15500,3776,5390,1220
"2020-02-06",115500,74200,23100,74300,4990,64100,15900,3819,5400,1250
"2020-02-07",115000,74100,23050,74800,4845,64000,15900,3808,5380,1265
"2020-02-10",116000,74200,23000,75200,4780,64000,15900,3840,5380,1345
"2020-02-11",119000,75600,23000,75400,4850,63800,16000,3883,5370,1280
"2020-02-12",119500,80100,23400,75300,4915,64300,16150,3883,5510,1250
"2020-02-13",118500,79000,23150,75400,4890,63600,16000,3899,5570,1240
"2020-02-14",119500,76900,22900,74900,4800,63700,16000,3920,5460,1250
"2020-02-17",119500,76800,22900,75400,4855,63000,16050,3867,5470,1235
"2020-02-18",117000,77700,22600,75100,4825,62300,15750,3776,5370,1220
"2020-02-19",117500,77100,22250,74100,4785,61100,15950,3723,5400,1215
"2020-02-20",115500,76000,21950,72600,4705,60300,15700,3685,5340,1270
"2020-02-21",113500,74300,21350,71200,4620,59000,15050,3653,5370,1215
"2020-02-24",109500,71700,20350,69100,4415,57400,14500,3557,5220,1120
"2020-02-25",112000,71700,20700,70300,4525,59100,14700,3557,5280,1160
"2020-02-26",110500,70800,20300,70400,4480,58800,14800,3520,5320,1120
"2020-02-27",109000,70000,20400,70600,4450,58800,14500,3349,5220,1120
"2020-02-28",105500,67500,20050,69300,4330,55800,14150,3232,5090,1065
"2020-03-02",106500,67800,19950,68900,4370,56700,13800,3317,5170,1090
"2020-03-03",106500,68300,20400,68900,4510,57300,14050,3312,5080,1115
"2020-03-04",109000,68100,20500,70500,4770,59500,14300,3403,5110,1120
"2020-03-05",111000,70300,21150,71700,5460,60200,14500,3557,5140,1135
"2020-03-06",108000,68400,20450,70800,5460,59300,14150,3525,5050,1115
"2020-03-09",103500,66200,19700,70000,5180,57500,13550,3413,4980,1065
"2020-03-10",104000,66900,19750,69400,5240,55700,13250,3440,4920,1070
"2020-03-11",101500,65300,19300,67800,5090,46350,13050,3392,4725,1065
"2020-03-12",97300,62400,18050,65800,4910,42050,12350,3248,4450,1025
"2020-03-13",93700,60800,17000,65900,4635,36500,11550,3253,4165,989
"2020-03-16",89700,58300,16850,65300,4630,37550,11350,3035,3930,989
"2020-03-17",88200,54600,16300,64900,4620,35900,11000,2859,3840,1005
"2020-03-18",83100,50800,14750,59600,4595,32400,10350,2667,3700,996
"2020-03-19",76400,48000,12500,49750,4015,26050,8920,2293,3300,958
"2020-03-20",80500,48500,13750,57100,4645,27950,9790,2480,3455,982
"2020-03-23",74500,46250,12050,51200,4625,27050,9150,2384,3330,935
"2020-03-24",83700,51700,12800,55000,4885,32600,9550,2443,3455,934
"2020-03-25",90000,59100,14150,60400,4860,35250,10650,2517,3650,958
"2020-03-26",87300,56300,14100,59800,4680,36600,10650,2661,3770,998
"2020-03-27",89800,58800,14750,60200,4655,38950,10750,2693,3875,986
"2020-03-30",88300,58900,14800,61300,4600,35500,11250,2720,3880,1005
"2020-03-31",89600,59000,15300,61100,4550,33400,12300,2875,4000,1030
"2020-04-01",84900,55500,15200,60000,4550,35000,12000,2784,3965,985
"2020-04-02",85600,54600,15750,62300,4580,35050,12300,2779,3995,989
"2020-04-03",84800,56000,15800,62900,4580,35450,12200,2779,4075,1000
"2020-04-06",87600,61100,17050,64300,4705,36050,12700,2848,4190,1020
"2020-04-07",89000,61700,17300,65700,4940,36850,13500,3061,4225,1035
"2020-04-08",87700,59700,17550,65200,4950,38200,13900,3211,4235,1050
"2020-04-09",88900,61700,18100,65500,4975,41500,14000,3179,4280,1060
"2020-04-10",94200,60300,18300,67000,4940,40500,13950,3136,4260,1055
"2020-04-13",92200,58700,17850,66000,4835,39300,18100,3083,4110,1050
"2020-04-14",94000,60200,18200,66800,4915,39150,23500,3141,4220,1060
"2020-04-16",94000,62700,18000,66700,4900,37500,25500,3147,4290,1050
"2020-04-17",95900,62100,18350,66800,5000,38100,21050,3200,4445,1070
"2020-04-20",95200,60600,17950,66100,5060,38650,20700,3237,4575,1070
"2020-04-21",93900,62300,17900,65300,5120,37850,19500,3168,4605,1030
"2020-04-22",97000,62100,17800,66500,5340,37000,19150,3168,4520,1040
"2020-04-23",98700,63300,18450,68600,5590,38150,19200,3179,4530,1185
"2020-04-24",98700,62000,18450,68400,5540,36850,18200,3168,4430,1140
"2020-04-27",99700,62300,18950,70700,5680,37600,18400,3179,4510,1150
"2020-04-28",102500,62500,19400,71900,5520,40650,17800,3200,4480,1130
"2020-04-29",106000,62000,20700,69800,5400,40350,17400,3200,4600,1135
"2020-05-04",99900,59600,19100,68000,5260,38500,17400,3200,4725,1135
"2020-05-06",106500,61400,18950,68400,5320,38700,18500,3200,4800,1160
"2020-05-07",103500,61000,18950,69100,5170,38800,18550,3200,4795,1165
"2020-05-08",105500,61600,19200,70200,5170,40100,18650,3200,4850,1225
"2020-05-11",102500,62000,19200,69400,5180,40300,18750,3200,4845,1170
"2020-05-12",100000,61300,18800,69200,5010,38950,18150,3200,4825,1160
"2020-05-13",100000,60700,19150,68300,5060,39500,18250,3200,4820,1150
"2020-05-14",98500,61400,18900,66500,4875,38250,17700,3200,4705,1125
"2020-05-15",98900,62500,18900,66400,4880,35750,17550,3200,4700,1110
"2020-05-18",98200,61400,19250,66000,4985,35250,17900,3200,4830,1140
"2020-05-19",102000,64500,19400,66700,5120,36800,18050,3200,4845,1160
"2020-05-20",101500,63500,19300,67600,5080,36900,18500,3200,4870,1200
"2020-05-21",100500,64000,19650,67700,5150,37300,18050,3200,4940,1285
"2020-05-22",98800,62700,19550,66900,5030,36500,18050,3230,4935,1340
"2020-05-25",99500,63300,19600,67500,5110,36950,18000,3125,5000,1275
"2020-05-26",102500,64800,19650,68600,5340,37950,18700,3110,5030,1240
"2020-05-27",101000,64800,20200,69000,5340,39200,18300,3135,5030,1230
"2020-05-28",99200,64600,20050,68400,5220,37700,17900,3030,4935,1235
"2020-05-29",99100,63100,20100,67300,5190,37600,17400,3055,4920,1220
"2020-06-01",102000,64600,20400,68900,5290,37800,17700,3085,4970,1255
"2020-06-02",103000,66300,20400,70100,5330,38550,18200,3165,5020,1245
"2020-06-03",107000,67900,21050,71000,5470,39550,18300,3175,5040,1235
"2020-06-04",107000,71400,20900,70100,5500,39450,18450,3215,5020,1235
"2020-06-05",112000,73600,21200,69800,5510,44550,18400,3225,5020,1235
"2020-06-08",113500,72500,22850,69700,5410,49250,18400,3280,5030,1235
"2020-06-09",112500,72500,28950,69200,5410,47250,18250,3285,4985,1220
"2020-06-10",111000,73400,27050,69000,5400,47000,18450,3300,4985,1210
"2020-06-11",109500,74100,25350,68500,5270,43700,20000,3125,4950,1175
"2020-06-12",108500,72000,24650,66900,5070,42600,19150,3050,4895,1155
"2020-06-15",112000,68900,22450,63100,4830,40000,18900,2915,4790,1060
"2020-06-16",124000,72800,24000,65200,5160,46350,20550,3030,4860,1115
"2020-06-17",122000,79100,24200,66000,5070,42550,19850,3020,4880,1095
"2020-06-18",121500,76100,23250,65300,4990,41900,20150,3040,4845,1110
"2020-06-19",120000,75300,23150,65300,4950,40500,19050,3065,4880,1125
"2020-06-22",116500,73100,22700,66400,4920,40150,18200,3130,4855,1105
"2020-06-23",116500,73300,23450,65800,4895,40400,18150,3125,4855,1105
"2020-06-24",118000,74400,23000,65200,4870,40450,18250,3135,4860,1115
"2020-06-25",116000,71700,22350,63100,4780,38650,17550,3070,4860,1100
"2020-06-26",116500,73600,22000,63700,4840,38700,17400,3020,4855,1100
"2020-06-29",116500,71400,21450,62700,4780,37550,17550,3000,4820,1085
"2020-06-30",116000,71200,22150,62800,4745,38000,17800,3000,4835,1105
"2020-07-01",113000,71400,22400,62900,4930,37550,18050,3030,4850,1085
"2020-07-02",115000,72200,22550,63200,4875,37750,18450,3025,4835,1080
"2020-07-03",112000,71800,22500,63300,4995,38350,18450,3030,4815,1080
"2020-07-06",113000,72000,23000,63400,5000,38950,18800,3040,4835,1090
"2020-07-07",110500,71300,22800,62900,4945,37750,19000,3035,4830,1085
"2020-07-08",108500,69300,22500,63300,4900,37300,19300,3035,4840,1090
"2020-07-09",107000,70100,23350,63100,4885,37100,19050,3005,4860,1100
"2020-07-10",104500,67900,22650,61500,4900,36300,19050,2960,4845,1100
"2020-07-13",108000,70200,23350,62500,4945,37100,19000,3035,4840,1100
"2020-07-14",109000,72800,23550,62100,4890,38250,18900,3030,4840,1095
"2020-07-15",111000,73600,24150,65300,5060,38850,18950,3050,4840,1105
"2020-07-16",109500,73400,23550,66000,5090,38850,19000,3065,4830,1110
"2020-07-17",110000,72200,23650,66100,5130,38450,18700,3065,4810,1115
"2020-07-20",107500,71800,23550,65600,5090,41550,18350,3060,4805,1120
"2020-07-21",110000,72200,24000,66100,5130,48700,19200,3120,4795,1125
"2020-07-22",111000,73200,23850,67100,5190,47250,19400,3200,4800,1125
"2020-07-23",108000,72600,23250,66000,5140,44650,19300,3160,4760,1120
"2020-07-24",106000,72100,22850,68700,5060,42850,18900,3140,4775,1115
"2020-07-27",106500,74300,23850,72700,5170,44000,19250,3240,4770,1125
"2020-07-28",108500,75800,23800,71700,5190,42350,18900,3420,4855,1105
"2020-07-29",110500,74200,25750,69200,5150,45600,19150,3280,4920,1120
"2020-07-30",108000,73400,26200,69400,5050,48500,19200,3285,4905,1105
"2020-07-31",106000,74000,25400,68300,5090,47500,18800,3260,4905,1105
"2020-08-03",104000,74800,24550,66300,5050,45950,18550,3200,4855,1085
"2020-08-04",105000,78200,25100,67300,5020,45700,19000,3295,4865,1085
"2020-08-05",106000,82300,25050,67100,4995,45200,19300,3375,4885,1080
"2020-08-06",108500,82600,25200,67700,5340,44400,19850,3350,4895,1085
"2020-08-07",106500,86000,24800,68600,5180,44400,20000,3375,4920,1085
"2020-08-10",109500,90000,25500,69900,5230,44300,21200,3380,4940,1075
"2020-08-11",110500,87300,25550,72500,5280,45100,21300,3410,4960,1080
"2020-08-12",119500,88600,26150,72300,5370,45300,20800,3525,4920,1120
"2020-08-13",126500,90000,25850,72500,5430,44300,20500,3570,4950,1085
"2020-08-14",124000,86000,26450,71600,5450,45900,20300,3635,4940,1100
"2020-08-18",116500,82500,25650,68000,5230,43950,19900,3410,4865,1050
"2020-08-19",120500,82700,25950,67800,5280,44450,20100,3470,4900,1060
"2020-08-20",114500,79100,24700,64900,5040,41750,19150,3225,4765,1020
"2020-08-21",115500,85800,25250,65600,5130,43250,19350,3305,4810,1025
"2020-08-24",117000,85400,25350,65700,5140,42000,20600,3380,4800,1015
"2020-08-25",118000,87800,26650,67700,5170,43100,20900,3540,4895,1040
"2020-08-26",115000,88100,26500,67100,5140,42200,20350,3530,4900,1050
"2020-08-27",111000,85300,26000,66600,5080,42100,21400,3495,4895,1030
"2020-08-28",112500,84800,26100,67200,5080,43400,23000,3525,4925,1045
"2020-08-31",108000,82700,27500,67000,5190,46450,21450,3480,4935,1040
"2020-09-01",110500,82700,27400,67400,5110,45800,22400,3490,5070,1040
"2020-09-02",108500,83300,27850,67700,5130,45500,22850,3490,5090,1050
"2020-09-03",109500,83000,29500,68000,5100,46250,22300,3590,5050,1055
"2020-09-04",107500,80100,32200,81100,5020,45250,22000,3580,5000,1075
"2020-09-07",109000,80000,32100,82500,5020,57400,22650,3600,5150,1090
"2020-09-08",111000,79500,30950,77300,5070,53300,22000,3530,5000,1090
"2020-09-09",108000,79500,30200,79000,5020,50700,21850,3560,4975,1100
"2020-09-10",108500,79700,30150,79500,4975,50800,22650,3660,5060,1125
"2020-09-11",113000,78900,28750,77800,4945,52300,23150,3620,5040,1115
"2020-09-14",114000,78200,28000,78000,5020,51400,24000,3670,5200,1130
"2020-09-15",113500,78000,27050,78900,5010,51000,24100,3630,5130,1155
"2020-09-16",111000,78200,27200,77200,5000,50000,23450,3570,5140,1165
"2020-09-17",109000,80800,26900,75000,5000,48700,23300,3510,5050,1140
"2020-09-18",109500,78900,26750,74400,5040,48800,22850,3510,5050,1135
"2020-09-21",108500,77200,26300,74500,4980,48700,22450,3405,4995,1140
"2020-09-22",105500,74600,25100,72000,4860,47000,21450,3345,4880,1100
"2020-09-23",105500,74700,24700,72000,4835,46300,21700,3340,4980,1110
"2020-09-24",102000,72200,24050,69400,4720,44450,20500,3220,4890,1060
"2020-09-25",102500,72100,23900,70500,4725,44400,20100,3230,4940,1060
"2020-09-28",104500,73000,24650,72100,4805,46700,20900,3290,5020,1075
"2020-09-29",105000,74100,25150,73000,4755,46850,21000,3360,5040,1085
"2020-10-05",105000,75600,26500,75700,4820,47050,22000,3425,5080,1095
"2020-10-06",104000,76800,26250,76000,4660,46250,21800,3405,5080,1100
"2020-10-07",105000,76400,26050,76100,4650,45650,21950,3405,5080,1110
"2020-10-08",104500,77200,26550,75300,4700,46200,22000,3425,5120,1105
"2020-10-12",105000,75600,27200,76000,4685,48100,21750,3385,5130,1100
"2020-10-13",105500,75500,26850,77600,4685,47500,21800,3365,5120,1100
"2020-10-14",104000,74200,26650,77300,4625,47700,21700,3555,5130,1095
"2020-10-15",102500,73400,26050,77400,4575,46350,21400,3470,5100,1075
"2020-10-16",102000,72000,25600,77600,4520,45250,21150,3420,5040,1075
"2020-10-19",103000,71500,25150,77000,4620,45450,21000,3390,5030,1065
"2020-10-20",102500,72200,25150,77300,4600,46300,21000,3400,5060,1055
"2020-10-21",104000,72400,26400,77700,4680,47600,20750,3515,5050,1065
"2020-10-22",104500,72500,26450,77800,4640,47200,20300,3535,5040,1050
"2020-10-23",104000,72200,26150,77700,4655,48150,20400,3500,5080,1050
"2020-10-26",118000,71600,25550,76300,4640,46100,19900,3435,4995,1030
"2020-10-27",115500,70700,25450,74900,4585,46050,20050,3420,4995,1030
"2020-10-28",113000,72000,25500,76100,4545,46800,20250,3435,5030,1025
"2020-10-29",111000,70300,25100,75100,4510,46850,20250,3390,5000,1020
"2020-10-30",110500,67800,24050,74000,4535,46600,20250,3325,4990,1020
"2020-11-02",112000,68500,24600,74500,4535,47350,20250,3280,5030,1020
"2020-11-03",112500,70600,25250,76100,4590,47100,21000,3305,5040,1035
"2020-11-04",114000,70800,24600,76200,4605,46450,21000,3310,5040,1025
"2020-11-05",116500,71100,25600,77200,4680,46950,20100,3345,5080,1045
"2020-11-06",115000,73300,25450,77000,4600,46750,19950,3330,5060,1040
"2020-11-09",115000,72900,26200,79100,4645,48300,20400,3355,5110,1040
"2020-11-10",116500,74000,26400,79100,4730,49600,20550,3390,5200,1045
"2020-11-11",123000,76900,26750,79800,4865,50300,20800,3445,5320,1040
"2020-11-12",120500,75500,26150,79600,4855,48850,20600,3455,6180,1030
"2020-11-13",120500,74500,26650,78900,4790,48550,20700,3445,5580,1040
"2020-11-16",124000,74500,27050,79100,4805,49200,20800,3445,5720,1045
"2020-11-17",124000,74000,26800,79000,4755,49250,21300,3415,5550,1030
"2020-11-18",123000,75200,26950,78400,4755,49100,21550,3420,5580,1050
"2020-11-19",122500,75400,26150,77800,4705,48900,21250,3430,5610,1045
"2020-11-20",121000,75900,26150,78000,4755,49000,21400,3450,5640,1050
"2020-11-23",122500,75900,26550,78000,4795,49650,21600,3460,5660,1070
"2020-11-24",125500,77200,26800,81300,4825,53300,21950,3535,5680,1065
"2020-11-25",123500,78200,26650,79600,4895,53200,21500,3450,5560,1060
"2020-11-26",122500,77200,26450,79800,4820,53600,21400,3400,5600,1045
"2020-11-27",122500,75200,26350,80000,4800,54600,21550,3440,5680,1075
"2020-11-30",120500,70600,25800,80300,4815,55300,21250,3610,5690,1065
"2020-12-01",121500,72600,26100,80200,4800,54100,21550,3530,5660,1075
"2020-12-02",122000,73300,26700,81500,4860,53300,21600,3505,5930,1100
"2020-12-03",122000,73300,26600,81900,4880,54200,22250,3570,5840,1100
"2020-12-04",123500,74100,26250,81100,4835,53600,21800,3510,5790,1105
"2020-12-07",123000,74700,25900,80800,4765,51600,21800,3560,5740,1120
"2020-12-08",124000,75000,25650,79700,4735,51300,21500,3490,5820,1120
"2020-12-09",124500,77000,26100,80300,4780,51200,21700,3565,5870,1115
"2020-12-10",125000,75800,25800,80200,4810,52900,21800,3535,5830,1115
"2020-12-11",131500,77900,26550,80500,4900,56300,22300,3640,6380,1115
"2020-12-14",130000,77100,26200,81300,4810,54300,21950,3660,6250,1125
"2020-12-15",128500,78000,26250,81600,4725,52500,21950,3620,6400,1130
"2020-12-16",128500,78900,26700,82000,4770,53200,22200,3625,6370,1135
"2020-12-17",127500,78300,26550,82000,4765,53700,22300,3600,6270,1140
"2020-12-18",129000,78500,26400,81600,4735,53300,22300,3625,6240,1135
"2020-12-21",127500,78600,26550,82000,4790,53500,21950,3600,6100,1125
"2020-12-22",132500,78300,26200,79600,4715,52400,21500,3555,5980,1100
"2020-12-23",137000,86400,26800,80500,4715,53600,21500,3655,5950,1090
"2020-12-24",139000,85000,27950,81400,4785,55400,21800,3710,6010,1095
"2020-12-28",140000,87600,27900,80900,4855,55900,21900,3715,6100,1080
"2020-12-29",136500,86000,27850,76900,4770,52600,21700,3680,5950,1085
"2020-12-30",138000,87500,28300,76400,4855,52400,21800,3685,5890,1085
"2021-01-04",144000,96900,29350,75400,5040,52000,21650,3665,5930,1105
"2021-01-05",144500,98300,29500,76400,5230,52400,21650,3840,5890,1120
"2021-01-06",139500,97300,29100,76300,5050,51700,22400,3865,5880,1120
"2021-01-07",145000,107500,31000,77100,5110,53400,22800,3900,5900,1120
"2021-01-08",151000,105500,31300,79500,5100,53800,24000,3790,5830,1100
"2021-01-11",150500,103000,30300,77600,5000,50700,22950,3750,5690,1060
"2021-01-12",145500,102000,29450,75900,4965,50200,22800,3700,5670,1060
"2021-01-13",146000,103500,30350,76000,4995,50200,22800,3760,5660,1070
"2021-01-14",152500,108500,30700,77200,5070,56500,22800,3850,5690,1075
"2021-01-15",153500,106000,31200,77000,5040,59000,22250,3745,5660,1065
"2021-01-18",143000,102000,30500,74500,4900,55600,21150,3655,5570,1055
"2021-01-19",144000,103000,31250,74600,4970,55600,21550,3750,5560,1055
"2021-01-20",142000,108500,31400,74700,5950,55000,22000,3750,5590,1055
"2021-01-21",151000,115500,36150,75900,5490,55000,23100,3750,5680,1055
"2021-01-22",146000,107000,34500,77000,5560,58500,22600,3710,5810,1050
