"","180640","003490","020560","089590","272450","298690","091810","005430","004870","036000"
"2016-01-25",15553,19104,19219,28951,NA,NA,NA,29900,1617,4155
"2016-01-26",15113,18868,19219,29361,NA,NA,NA,30000,1612,4120
"2016-01-27",14819,19065,19261,29909,NA,NA,NA,30600,1569,4130
"2016-01-28",15064,19576,19432,28951,NA,NA,NA,31100,1602,4150
"2016-01-29",15259,19458,19518,27994,NA,NA,NA,31500,1582,4080
"2016-02-01",15455,20166,19026,28130,NA,NA,NA,32150,1532,4075
"2016-02-02",15113,20245,19154,28951,NA,NA,NA,32150,1529,4045
"2016-02-03",14819,20402,18962,28450,NA,NA,NA,32000,1454,4000
"2016-02-04",14868,20402,18898,27811,NA,NA,NA,31850,1497,4105
"2016-02-05",15113,20048,18983,28814,NA,NA,NA,32300,1457,4100
"2016-02-11",14281,19418,18470,29361,NA,NA,NA,31700,1397,3900
"2016-02-12",13792,19143,18470,28495,NA,NA,NA,30800,1309,3710
"2016-02-15",14037,19891,19240,29088,NA,NA,NA,31150,1319,3795
"2016-02-16",13939,19812,19197,29726,NA,NA,NA,31900,1326,3820
"2016-02-17",13841,19891,19048,30547,NA,NA,NA,30750,1296,3820
"2016-02-18",14134,20009,19112,31231,NA,NA,NA,31150,1361,3920
"2016-02-19",14134,20127,19112,31094,NA,NA,NA,31600,1412,3940
"2016-02-22",14623,20520,19304,31276,NA,NA,NA,31550,1467,3940
"2016-02-23",14379,20952,19325,30091,NA,NA,NA,31750,1529,3920
"2016-02-24",14330,20756,19646,29863,NA,NA,NA,31900,1529,4065
"2016-02-25",14281,20245,19240,29635,NA,NA,NA,31800,1484,4045
"2016-02-26",14232,20087,18876,29772,NA,NA,NA,31450,1542,4045
"2016-02-29",14379,20205,19026,30364,NA,NA,NA,31200,1582,4100
"2016-03-02",14526,20598,19539,30182,NA,NA,NA,31500,1557,4130
"2016-03-03",15748,21581,20608,31869,NA,NA,NA,31300,1554,4180
"2016-03-04",17069,22053,20758,32462,NA,NA,NA,31350,1582,4175
"2016-03-07",17754,23035,22019,32644,NA,NA,NA,31600,1619,4160
"2016-03-08",18389,22917,22105,32188,NA,NA,NA,31500,1589,4140
"2016-03-09",18585,23743,21976,33875,NA,NA,NA,31500,1614,4135
"2016-03-10",18732,24057,22062,34650,NA,NA,NA,31100,1702,4170
"2016-03-11",19465,24293,22276,35699,NA,NA,NA,30850,2065,4250
"2016-03-14",19563,23782,21591,34650,NA,NA,NA,30450,2055,4320
"2016-03-15",18976,23389,21591,33875,NA,NA,NA,30350,2125,4255
"2016-03-16",19514,23900,21591,34012,NA,NA,NA,30650,2152,4175
"2016-03-17",20492,23821,21720,33647,NA,NA,NA,31300,2378,4340
"2016-03-18",20737,24175,21805,34377,NA,NA,NA,32200,2370,4350
"2016-03-21",20933,23978,21591,33738,NA,NA,NA,32300,2277,4390
"2016-03-22",21324,23900,21014,33602,NA,NA,NA,32600,2328,4320
"2016-03-23",21128,23546,20993,34650,NA,NA,NA,32900,2267,4285
"2016-03-24",20639,23507,20779,34650,NA,NA,NA,32750,2262,4290
"2016-03-25",20003,23114,20394,34194,NA,NA,NA,33000,2225,4310
"2016-03-28",20003,23232,20181,33738,NA,NA,NA,32500,2220,4265
"2016-03-29",21226,23978,20736,33100,NA,NA,NA,32800,2450,4430
"2016-03-30",22008,24136,20800,32826,NA,NA,NA,33000,2841,4675
"2016-03-31",21911,24372,20565,32416,NA,NA,NA,32500,2916,4600
"2016-04-01",20835,24450,20309,31823,NA,NA,NA,32650,2853,4500
"2016-04-04",20395,24136,20202,32371,NA,NA,NA,32850,2828,4525
"2016-04-05",18829,23271,20822,31960,NA,NA,NA,33000,2803,4710
"2016-04-06",19954,23507,20822,31459,NA,NA,NA,32750,2891,4700
"2016-04-07",20248,24293,21036,31960,NA,NA,NA,32500,2941,4705
"2016-04-08",20101,24450,21805,31915,NA,NA,NA,32150,2891,4725
"2016-04-11",19905,25158,22147,33282,NA,NA,NA,31700,2878,4725
"2016-04-12",19661,25276,22019,33374,NA,NA,NA,32250,2841,4965
"2016-04-14",20492,25866,22147,33647,NA,NA,NA,32250,2828,4995
"2016-04-15",19857,25276,21634,32735,NA,NA,NA,32100,2791,4895
"2016-04-18",19221,24765,21292,32279,NA,NA,NA,31900,2678,4800
"2016-04-19",19172,25237,21506,32143,NA,NA,NA,32350,2603,4840
"2016-04-20",18976,24647,21185,31687,NA,NA,NA,32200,2615,4780
"2016-04-21",19416,24411,20993,30866,NA,NA,NA,32850,2528,4680
"2016-04-22",18585,23939,20843,31504,NA,NA,NA,32450,2453,4565
"2016-04-25",20150,23389,20779,31778,NA,NA,NA,32000,2515,4660
"2016-04-26",20150,22799,20523,31732,NA,NA,NA,31700,2410,4685
"2016-04-27",19900,22839,20544,31276,NA,NA,NA,31200,2470,4660
"2016-04-28",19950,22839,20437,31550,NA,NA,NA,30800,2378,4620
"2016-04-29",19750,22957,20437,31003,NA,NA,NA,31200,2313,4540
"2016-05-02",19050,22721,20245,29635,NA,NA,NA,31100,2252,4495
"2016-05-03",18950,23192,20245,29361,NA,NA,NA,31650,2425,4495
"2016-05-04",18600,22957,20287,28860,NA,NA,NA,30600,2423,4400
"2016-05-09",18100,22485,20031,27994,NA,NA,NA,30600,2290,4465
"2016-05-10",18650,22839,20309,29361,NA,NA,NA,31550,2408,4620
"2016-05-11",18350,22642,20416,29133,NA,NA,NA,32100,2515,4650
"2016-05-12",18550,22406,20352,29179,NA,NA,NA,32150,2690,4700
"2016-05-13",19000,23153,20266,31003,NA,NA,NA,34700,2578,4680
"2016-05-16",19000,22957,20031,31504,NA,NA,NA,35650,2615,4610
"2016-05-17",18450,22524,19539,31778,NA,NA,NA,35300,2528,4810
"2016-05-18",18150,22328,19197,31413,NA,NA,NA,35650,2408,4945
"2016-05-19",17900,21660,18812,29954,NA,NA,NA,35700,2350,4740
"2016-05-20",17750,21620,18941,30273,NA,NA,NA,36100,2310,4695
"2016-05-23",17700,21581,18299,29635,NA,NA,NA,37300,2318,4790
"2016-05-24",17200,21109,18107,29179,NA,NA,NA,36200,2170,4610
"2016-05-25",18200,21031,18128,29498,NA,NA,NA,36800,2262,4845
"2016-05-26",17500,20991,18107,29270,NA,NA,NA,36600,2210,4760
"2016-05-27",17700,21502,18449,30000,NA,NA,NA,36700,2277,4990
"2016-05-30",17400,21306,18492,29453,NA,NA,NA,36850,2202,5290
"2016-05-31",17850,21777,19090,29726,NA,NA,NA,37000,2220,5420
"2016-06-01",17800,21463,19005,29270,NA,NA,NA,36500,2217,5370
"2016-06-02",17750,21345,19090,28860,NA,NA,NA,37200,2348,5360
"2016-06-03",17150,21306,18791,28586,NA,NA,NA,36450,2315,5580
"2016-06-07",16550,21463,18748,28723,NA,NA,NA,36100,2252,5540
"2016-06-08",16800,21895,18834,28450,NA,NA,NA,35150,2242,5390
"2016-06-09",16450,21502,18898,29179,NA,NA,NA,35100,2170,5430
"2016-06-10",17050,21738,19197,29361,NA,NA,NA,35800,2257,5500
"2016-06-13",15900,21031,18834,28769,NA,NA,NA,35650,2252,5350
"2016-06-14",15900,20756,18556,28632,NA,NA,NA,35900,2265,5320
"2016-06-15",16050,20520,18556,28130,NA,NA,NA,35900,2270,5400
"2016-06-16",15700,20127,18214,28632,NA,NA,NA,35600,2157,5260
"2016-06-17",15900,20598,18748,30228,NA,NA,NA,36350,2172,5110
"2016-06-20",16750,21620,18983,30501,NA,NA,NA,36750,2200,5400
"2016-06-21",16800,21267,18962,30410,NA,NA,NA,37350,2222,5340
"2016-06-22",17000,21031,18876,30684,NA,NA,NA,36500,2202,5310
"2016-06-23",16550,20913,18876,30456,NA,NA,NA,35900,2157,5340
"2016-06-24",15800,20284,18363,29681,NA,NA,NA,34350,1992,4775
"2016-06-27",15100,20127,18107,29042,NA,NA,NA,34700,1942,4785
"2016-06-28",15500,20009,18235,28632,NA,NA,NA,34800,1942,4905
"2016-06-29",16100,20441,18705,28723,NA,NA,NA,35900,1950,4940
"2016-06-30",16500,20402,18684,28814,NA,NA,NA,35950,2017,4960
"2016-07-01",16400,20441,18727,28769,NA,NA,NA,35850,2040,5100
"2016-07-04",16300,20402,18855,28723,NA,NA,NA,35250,2152,5090
"2016-07-05",16350,20166,18898,28586,NA,NA,NA,35250,2082,5100
"2016-07-06",15800,19930,18748,28039,NA,NA,NA,34400,2002,5000
"2016-07-07",15900,20087,18770,28313,NA,NA,NA,35250,2035,5090
"2016-07-08",15700,19930,18791,28085,NA,NA,NA,34500,2102,5000
"2016-07-11",15850,20205,19112,27720,NA,NA,NA,34400,2080,5130
"2016-07-12",15700,20205,19261,27082,NA,NA,NA,34250,2067,5120
"2016-07-13",16050,20323,19390,27629,NA,NA,NA,34600,2062,5230
"2016-07-14",15650,20284,19432,27355,NA,NA,NA,34050,2120,5420
"2016-07-15",17300,21070,19646,27720,NA,NA,NA,34900,2145,5440
"2016-07-18",17300,21345,19881,27675,NA,NA,NA,34500,2175,5760
"2016-07-19",17050,21424,19689,27447,NA,NA,NA,34800,2192,5590
"2016-07-20",16700,21149,19646,27492,NA,NA,NA,34800,2127,5410
"2016-07-21",16800,21620,19689,27355,NA,NA,NA,35000,2117,5410
"2016-07-22",16600,21424,19945,26991,NA,NA,NA,35050,2050,5560
"2016-07-25",16850,21502,19774,26808,NA,NA,NA,35800,2017,5450
"2016-07-26",16850,21188,19518,26626,NA,NA,NA,36600,2040,5620
"2016-07-27",17050,21502,19689,27219,NA,NA,NA,36650,2037,5560
"2016-07-28",17400,22367,20523,28404,NA,NA,NA,36900,2040,5670
"2016-07-29",17650,22406,20651,28450,NA,NA,NA,37300,2007,5620
"2016-08-01",18250,22760,20950,29817,NA,NA,NA,37300,2255,5780
"2016-08-02",18550,23035,22019,32371,NA,NA,NA,37300,2380,5730
"2016-08-03",18000,22524,22276,32416,NA,NA,NA,37250,2348,5570
"2016-08-04",17250,22131,22105,32097,NA,NA,NA,37300,2380,5610
"2016-08-05",17250,22053,22404,31003,NA,NA,NA,37350,2320,5530
"2016-08-08",17450,22131,23387,31367,NA,NA,NA,37300,2207,5360
"2016-08-09",17750,22328,23515,32006,NA,NA,NA,37450,2182,5400
"2016-08-10",18100,23271,25226,33647,NA,NA,NA,37800,2323,5480
"2016-08-11",19250,23900,24456,33921,NA,NA,NA,39200,2325,5520
"2016-08-12",20150,24607,24499,33602,NA,NA,NA,43400,2405,5530
"2016-08-16",20050,24293,24242,33829,NA,NA,NA,42200,2310,5170
"2016-08-17",18150,23546,23729,31413,NA,NA,NA,41300,2215,4975
"2016-08-18",18350,23546,24371,30866,NA,NA,NA,41650,2227,5020
"2016-08-19",18300,23900,23986,31094,NA,NA,NA,43800,2100,5010
"2016-08-22",18500,23821,23131,28130,NA,NA,NA,45000,1987,4805
"2016-08-23",16900,22053,23473,28130,NA,NA,NA,49250,1987,4940
"2016-08-24",17650,22485,23943,28267,NA,NA,NA,48600,2007,4915
"2016-08-25",17300,22171,23302,27994,NA,NA,NA,48300,1977,4905
"2016-08-26",17900,22957,23558,28176,NA,NA,NA,48000,1955,4850
"2016-08-29",17950,22878,23131,27355,NA,NA,NA,45300,1877,4705
"2016-08-30",19000,24450,23686,27538,NA,NA,NA,44800,1877,4695
"2016-08-31",19000,24804,22960,27355,NA,NA,NA,44250,1862,4645
"2016-09-01",20000,27163,23686,27219,NA,NA,NA,44250,1927,4800
"2016-09-02",20600,27517,23772,29544,NA,NA,NA,47800,1990,4785
"2016-09-05",20050,26966,24114,28906,NA,NA,NA,46100,1982,4840
"2016-09-06",19650,26613,23815,27994,NA,NA,NA,44800,1905,4850
"2016-09-07",19200,26534,23601,27720,NA,NA,NA,45100,1920,4790
"2016-09-08",19200,27045,23002,28450,NA,NA,NA,45600,1897,4720
"2016-09-09",18400,25944,22233,27948,NA,NA,NA,46200,1824,4625
"2016-09-12",17900,25276,19667,27492,NA,NA,NA,44200,1794,4585
"2016-09-13",17800,25198,19176,27447,NA,NA,NA,44500,1817,4585
"2016-09-19",17900,25316,19582,28130,NA,NA,NA,46500,1832,4695
"2016-09-20",17800,25434,19454,27902,NA,NA,NA,47300,1819,4725
"2016-09-21",18100,25316,19518,28267,NA,NA,NA,44800,1862,4755
"2016-09-22",19100,26691,19496,28358,NA,NA,NA,45250,1895,4765
"2016-09-23",19050,26613,19667,30364,NA,NA,NA,46200,1967,4800
"2016-09-26",19100,26141,19582,29863,NA,NA,NA,46300,1955,4800
"2016-09-27",19600,27281,20330,30319,NA,NA,NA,46350,2020,4790
"2016-09-28",19600,28028,20950,30547,NA,NA,NA,46100,2047,4780
"2016-09-29",19450,27870,21014,29909,NA,NA,NA,44600,2047,4775
"2016-09-30",18700,27477,20651,29544,NA,NA,NA,44700,2040,4760
"2016-10-04",18050,26416,20287,28723,NA,NA,NA,43250,1962,4780
"2016-10-05",18050,25905,20330,28450,NA,NA,NA,44000,1960,4770
"2016-10-06",17500,25158,19903,27811,NA,NA,NA,43850,1977,4805
"2016-10-07",17650,25551,20138,27902,NA,NA,NA,42400,1962,4830
"2016-10-10",17600,25355,20116,28404,NA,NA,NA,42650,1970,4950
"2016-10-11",17200,25473,20010,27994,NA,NA,NA,41800,1915,4965
"2016-10-12",17500,25984,19924,28495,NA,NA,NA,41900,1882,4940
"2016-10-13",17250,25669,20031,28632,NA,NA,NA,43000,1844,4900
"2016-10-14",17150,25158,19561,28267,NA,NA,NA,44500,1844,4720
"2016-10-17",17100,25040,19838,28267,NA,NA,NA,44850,1784,4655
"2016-10-18",16800,24450,19625,28267,NA,NA,NA,45450,1769,4585
"2016-10-19",16500,24568,19732,27994,NA,NA,NA,45150,1799,4580
"2016-10-20",16600,24607,19903,28039,NA,NA,NA,44500,1794,4525
"2016-10-21",16400,24765,20373,29133,NA,NA,NA,44650,1814,4530
"2016-10-24",16900,25276,20266,28723,NA,NA,NA,44150,1777,4515
"2016-10-25",16700,24922,19689,28860,NA,NA,NA,44900,1792,4410
"2016-10-26",16500,24332,19625,28176,NA,NA,NA,45000,1779,4295
"2016-10-27",16900,25000,19667,28450,NA,NA,NA,45050,1782,4405
"2016-10-28",17000,25119,19646,28358,NA,NA,NA,45100,1782,4360
"2016-10-31",16900,25158,19753,27811,NA,NA,NA,44800,1734,4250
"2016-11-01",17350,25079,19475,28176,NA,NA,NA,44600,1727,4250
"2016-11-02",16750,24568,19176,27720,NA,NA,NA,43800,1652,4070
"2016-11-03",16700,24686,19283,27720,NA,NA,NA,44650,1664,4035
"2016-11-04",16750,24607,19475,28039,NA,NA,NA,44200,1657,4100
"2016-11-07",16650,24568,19732,27902,NA,NA,NA,44300,1764,4275
"2016-11-08",17300,25000,19732,27720,NA,NA,NA,45100,1852,4305
"2016-11-09",17100,24214,19368,27082,NA,NA,NA,43900,1834,4180
"2016-11-10",16800,24136,19603,27310,NA,NA,NA,44050,1940,4300
"2016-11-11",15850,22760,19325,26626,NA,NA,NA,43000,2127,4735
"2016-11-14",16100,23192,19667,27082,NA,NA,NA,42800,2030,4800
"2016-11-15",17400,23664,19924,26717,NA,NA,NA,43350,2025,4695
"2016-11-16",17800,23703,20052,26854,NA,NA,NA,45100,2027,4800
"2016-11-17",18300,23703,19796,26444,NA,NA,NA,45700,1972,4845
"2016-11-18",18200,23978,19582,26444,NA,NA,NA,44600,1940,4740
"2016-11-21",18200,23978,19603,25942,NA,NA,NA,44550,1902,4730
"2016-11-22",17800,23978,19518,25532,NA,NA,NA,44050,1865,4760
"2016-11-23",18050,24568,19817,25349,NA,NA,NA,44100,1824,4700
"2016-11-24",17900,24254,19539,25258,NA,NA,NA,43000,1802,4700
"2016-11-25",17600,24254,19945,25349,NA,NA,NA,42900,1839,4700
"2016-11-28",17400,24096,19710,25076,NA,NA,NA,40900,1862,4690
"2016-11-29",17400,24136,19753,25213,NA,NA,NA,40700,1857,4665
"2016-11-30",17800,24568,20159,25349,NA,NA,NA,41000,1852,4720
"2016-12-01",16850,23821,19432,24164,NA,NA,NA,40950,1702,4490
"2016-12-02",17100,23900,19625,24301,NA,NA,NA,40750,1714,4350
"2016-12-05",16350,23585,19048,23389,NA,NA,NA,40200,1664,4400
"2016-12-06",16700,23585,19133,23434,NA,NA,NA,40700,1672,4575
"2016-12-07",16200,22839,18620,22933,NA,NA,NA,40450,1672,4520
"2016-12-08",16800,23035,18641,23024,NA,NA,NA,40400,1689,4535
"2016-12-09",16650,23192,18812,23070,NA,NA,NA,40000,1767,4580
"2016-12-12",16400,22839,18962,23708,NA,NA,NA,40500,1722,4570
"2016-12-13",16350,23192,19069,23617,NA,NA,NA,41850,1702,4560
"2016-12-14",16550,23507,19026,23936,NA,NA,NA,41400,1709,4620
"2016-12-15",16400,23468,19005,24346,NA,NA,NA,42000,1759,4655
"2016-12-16",15950,23192,18556,24301,NA,NA,NA,42100,1752,4630
"2016-12-19",16100,22721,18406,24301,NA,NA,NA,42150,1704,4620
"2016-12-20",16000,22878,18385,24437,NA,NA,NA,41550,1704,4535
"2016-12-21",15800,22603,18342,24437,NA,NA,NA,41650,1722,4550
"2016-12-22",15700,22839,18342,23845,NA,NA,NA,41800,1712,4510
"2016-12-23",15250,22603,18257,23662,NA,NA,NA,41800,1694,4455
"2016-12-26",15250,22642,18128,23480,NA,NA,NA,42200,1689,4475
"2016-12-27",15300,22564,18235,23708,NA,NA,NA,43000,1707,4540
"2016-12-28",15650,22328,18235,23434,NA,NA,NA,42150,1739,4530
"2016-12-29",15350,21502,18043,22887,NA,NA,NA,42700,1714,4595
"2017-01-02",14700,21031,17850,22203,NA,NA,NA,42650,1722,4575
"2017-01-03",14550,21306,17979,22158,NA,NA,NA,42600,1704,4645
"2017-01-04",14750,21267,17979,22295,NA,NA,NA,42300,1682,4635
"2017-01-05",15200,21542,18278,22659,NA,NA,NA,43350,1702,4785
"2017-01-06",15500,21070,18278,22340,NA,NA,NA,42850,1687,4750
"2017-01-09",15300,20480,18000,22158,NA,NA,NA,42250,1682,4755
"2017-01-10",15300,20480,18000,22249,NA,NA,NA,41500,1704,4790
"2017-01-11",15350,20716,17979,22249,NA,NA,NA,41600,1814,4845
"2017-01-12",15850,21384,18513,22614,NA,NA,NA,41800,1852,4830
"2017-01-13",15700,21306,18363,22751,NA,NA,NA,41600,1827,4810
"2017-01-16",15600,21345,18214,23161,NA,NA,NA,41600,1832,4735
"2017-01-17",15700,21188,18150,24118,NA,NA,NA,42000,1829,4790
"2017-01-18",15700,21542,18150,24255,NA,NA,NA,41150,1834,4825
"2017-01-19",15450,21935,18128,24301,NA,NA,NA,41400,1915,4850
"2017-01-20",15700,22013,18086,24301,NA,NA,NA,41100,1997,4800
"2017-01-23",15700,22328,17850,24164,NA,NA,NA,40700,1947,4805
"2017-01-24",15450,22119,18064,23434,NA,NA,NA,41100,1980,4810
"2017-01-25",14800,21659,17808,23298,NA,NA,NA,41200,1915,4770
"2017-01-26",15100,22119,18000,23434,NA,NA,NA,41500,1917,4895
"2017-01-31",15250,22035,17914,23206,NA,NA,NA,41500,1875,4860
"2017-02-01",15450,22579,18192,23480,NA,NA,NA,41700,1995,5060
"2017-02-02",15300,22704,18556,23845,NA,NA,NA,41600,1970,4970
"2017-02-03",15450,22453,18705,23617,NA,NA,NA,42050,1957,4755
"2017-02-06",15900,22119,18321,23708,NA,NA,NA,42500,1967,4735
"2017-02-07",15850,22495,18428,24346,NA,NA,NA,42500,2122,4780
"2017-02-08",15700,22244,18150,24301,NA,NA,NA,42550,2127,4775
"2017-02-09",16000,22411,18257,24620,NA,NA,NA,42000,2115,4915
"2017-02-10",16050,22997,18449,24483,NA,NA,NA,40300,2202,5000
"2017-02-13",15950,22955,18492,24346,NA,NA,NA,39950,2328,5110
"2017-02-14",15700,23248,18470,25030,NA,NA,NA,39800,2328,5120
"2017-02-15",16200,22829,18470,25076,NA,NA,NA,39800,2087,4920
"2017-02-16",15950,22202,18428,24483,NA,NA,NA,40500,2172,4965
"2017-02-17",15900,22077,18363,24437,NA,NA,NA,40750,2137,4975
"2017-02-20",15950,22370,18385,24118,NA,NA,NA,40550,2070,5110
"2017-02-21",16500,23289,18855,24437,NA,NA,NA,40500,2145,5150
"2017-02-22",16700,23749,18620,24392,NA,NA,NA,40200,2185,5250
"2017-02-23",16900,24335,19518,24939,NA,NA,NA,40700,2250,5350
"2017-02-24",16650,24084,19710,24620,NA,NA,NA,40300,2328,5290
"2017-02-27",16650,23791,19475,24529,NA,NA,NA,40000,2295,5290
"2017-02-28",16900,24167,19732,24757,NA,NA,NA,41400,2310,5360
"2017-03-02",16550,23666,19689,24483,NA,NA,NA,41900,2295,5230
"2017-03-03",15750,22537,18428,23252,NA,NA,NA,40600,2310,5270
"2017-03-06",15750,22495,18363,23343,NA,NA,NA,39950,2265,5300
"2017-03-07",15750,22662,18385,23252,NA,NA,NA,39650,2340,5510
"2017-03-08",15850,22411,18257,23024,NA,NA,NA,38850,2380,5510
"2017-03-09",16100,23540,18599,23389,NA,NA,NA,39550,2500,5690
"2017-03-10",16550,23248,18470,23890,NA,NA,NA,39000,2650,5830
"2017-03-13",16550,23457,18556,24665,NA,NA,NA,39500,2910,6350
"2017-03-14",16900,24377,18791,24392,NA,NA,NA,39050,2890,6300
"2017-03-15",17000,24418,18556,23662,NA,NA,NA,38450,2910,6200
"2017-03-16",16750,24627,18791,24073,NA,NA,NA,38250,3005,6280
"2017-03-17",17800,24878,18748,25623,NA,NA,NA,38700,2910,6330
"2017-03-20",17800,24795,18876,26170,NA,NA,NA,38200,2905,6330
"2017-03-21",18550,25840,19133,25942,NA,NA,NA,38350,2690,6690
"2017-03-22",18600,25171,19005,26033,NA,NA,NA,38300,2645,6580
"2017-03-23",19150,25673,19774,27082,NA,NA,NA,38800,2550,6720
"2017-03-24",19150,25882,20052,27219,NA,NA,NA,39550,2540,6390
"2017-03-27",19200,26342,20138,27127,NA,NA,NA,39200,2450,6460
"2017-03-28",19250,26384,19924,27082,NA,NA,NA,39700,2350,6410
"2017-03-29",18900,26551,19625,27173,NA,NA,NA,39950,2335,6490
"2017-03-30",18750,25756,19154,27401,NA,NA,NA,40200,2320,6410
"2017-03-31",19600,26384,19304,27173,NA,NA,NA,40000,2340,6390
"2017-04-03",19200,26007,19197,27355,NA,NA,NA,40100,2340,6470
"2017-04-04",19800,26007,19432,27857,NA,NA,NA,39850,2500,6460
"2017-04-05",19400,25882,19454,27857,NA,NA,NA,39250,2405,6020
"2017-04-06",19550,25547,18962,28358,NA,NA,NA,39700,2390,6200
"2017-04-07",19450,25505,18876,28860,NA,NA,NA,39300,2365,6010
"2017-04-10",19150,24962,18663,28267,NA,NA,NA,38400,2290,6060
"2017-04-11",19900,25589,18983,29179,NA,NA,NA,39150,2365,6160
"2017-04-12",20100,25213,19133,29681,NA,NA,NA,39200,2395,6090
"2017-04-13",20150,25673,19069,28541,NA,NA,NA,40000,2390,6240
"2017-04-14",19750,25087,18919,28632,NA,NA,NA,39700,2310,6040
"2017-04-17",19750,25380,19368,28814,NA,NA,NA,39850,2325,6090
"2017-04-18",19800,25129,19325,28404,NA,NA,NA,39950,2475,6080
"2017-04-19",19500,24795,19112,28222,NA,NA,NA,42100,2605,6110
"2017-04-20",19700,25087,19112,28860,NA,NA,NA,42950,2635,6040
"2017-04-21",19650,25715,19176,28769,NA,NA,NA,42750,2575,5870
"2017-04-24",19500,25798,19304,29453,NA,NA,NA,42750,2680,6000
"2017-04-25",20400,25924,19390,29498,NA,NA,NA,43200,2650,5890
"2017-04-26",20550,25882,19454,29270,NA,NA,NA,43300,2635,6050
"2017-04-27",20600,26174,19454,29316,NA,NA,NA,43200,2635,5910
"2017-04-28",20250,25631,19261,29544,NA,NA,NA,41300,2650,5970
"2017-05-02",20550,25798,19368,29681,NA,NA,NA,41350,2660,6040
"2017-05-04",21400,27429,19774,30319,NA,NA,NA,43400,2770,6280
"2017-05-08",21300,27220,19667,30228,NA,NA,NA,43000,2760,6210
"2017-05-10",21300,26676,19625,30091,NA,NA,NA,42500,2650,6100
"2017-05-11",21350,26425,19838,30091,NA,NA,NA,41950,2650,6180
"2017-05-12",21750,26969,19646,30364,NA,NA,NA,41700,2860,6420
"2017-05-15",21700,26927,19967,29772,NA,NA,NA,41400,2780,6350
"2017-05-16",21800,26969,19967,29817,NA,NA,NA,41300,2810,6350
"2017-05-17",22100,27387,20736,29726,NA,NA,NA,40950,2800,6830
"2017-05-18",21850,27345,20800,30000,NA,NA,NA,41350,2870,7090
"2017-05-19",21550,27847,20843,29772,NA,NA,NA,41950,2845,7140
"2017-05-22",21800,27554,20822,30364,NA,NA,NA,41350,2815,7040
"2017-05-23",22000,27889,20843,30547,NA,NA,NA,41550,2885,7390
"2017-05-24",22450,28809,21207,31869,NA,NA,NA,41550,3000,7750
"2017-05-25",23400,29478,21549,31915,NA,NA,NA,41450,3035,7800
"2017-05-26",23450,29687,21805,33146,NA,NA,NA,42450,3155,7980
"2017-05-29",23600,29310,21100,32735,NA,NA,NA,42000,3190,7830
"2017-05-30",23700,29478,21891,33374,NA,NA,NA,42000,3340,8150
"2017-05-31",23350,29687,21805,33374,NA,NA,NA,41600,3395,8300
"2017-06-01",23250,29352,21805,32598,NA,NA,NA,42000,3540,8320
"2017-06-02",24600,30397,22789,33237,NA,NA,NA,44400,3530,8400
"2017-06-05",24650,30188,22703,33282,NA,NA,NA,44200,3805,8430
"2017-06-07",25200,31276,23430,34194,NA,NA,NA,44900,4010,8370
"2017-06-08",25850,31359,23900,34741,NA,NA,NA,44200,4045,8760
"2017-06-09",25700,31735,24798,34696,NA,NA,NA,43600,4050,8500
"2017-06-12",25300,31108,24884,33282,NA,NA,NA,43350,3985,8440
"2017-06-13",25800,31192,24713,34057,NA,NA,NA,43500,4200,8900
"2017-06-14",25850,31526,25183,34741,NA,NA,NA,44450,4190,8870
"2017-06-15",25950,31108,24841,35562,NA,NA,NA,43850,4260,9590
"2017-06-16",25750,30816,24627,35790,NA,NA,NA,43900,4105,9850
"2017-06-19",26750,32404,25226,35927,NA,NA,NA,45800,4170,10400
"2017-06-20",26250,31735,25781,36018,NA,NA,NA,45050,4030,10400
"2017-06-21",25700,31777,25952,36246,NA,NA,NA,44500,4120,11300
"2017-06-22",26450,32195,26679,36383,NA,NA,NA,43700,4010,11450
"2017-06-23",26800,32195,26166,36109,NA,NA,NA,43350,4135,11850
"2017-06-26",26150,31694,26466,35334,NA,NA,NA,43750,4040,11700
"2017-06-27",27100,31986,26594,36383,NA,NA,NA,43650,4180,12850
"2017-06-28",26700,31777,26209,35744,NA,NA,NA,43350,4130,12750
"2017-06-29",26750,32363,26380,35562,NA,NA,NA,43050,4000,11500
"2017-06-30",26500,32363,26209,35425,NA,NA,NA,43450,4490,11850
"2017-07-03",25300,31359,26081,35425,NA,NA,NA,44250,4480,10900
"2017-07-04",25000,30230,24456,33556,NA,NA,NA,44400,4100,11050
"2017-07-05",25600,30774,24841,33647,NA,NA,NA,44000,3980,11800
"2017-07-06",25050,30690,24670,34194,NA,NA,NA,43600,4010,11550
"2017-07-07",24500,30021,24670,34969,NA,NA,NA,43550,3900,11100
"2017-07-10",24350,30607,25311,34605,NA,NA,NA,43300,3855,10300
"2017-07-11",24350,30899,24670,34969,NA,NA,NA,43400,3830,10400
"2017-07-12",24450,30356,24755,35243,NA,NA,NA,43250,3955,10400
"2017-07-13",24750,30481,24755,34650,NA,NA,NA,42800,3905,10000
"2017-07-14",23650,29645,23686,34194,NA,NA,NA,42700,3885,10600
"2017-07-17",24450,30523,24114,34240,NA,NA,NA,42700,3850,10000
"2017-07-18",25400,30774,24285,34741,NA,NA,NA,42750,3790,9910
"2017-07-19",25200,31276,24542,34924,NA,NA,NA,43400,4080,10500
"2017-07-20",25450,31234,24071,34696,NA,NA,NA,43350,3975,10050
"2017-07-21",24850,30941,23558,34696,NA,NA,NA,43300,3950,10250
"2017-07-24",25250,31192,23558,34878,NA,NA,NA,43450,3880,10450
"2017-07-25",24400,30272,22575,34650,NA,NA,NA,43900,3675,10150
"2017-07-26",23400,29018,21549,33374,NA,NA,NA,44800,3575,10050
"2017-07-27",24250,30105,22105,33829,NA,NA,NA,45600,3730,9980
"2017-07-28",23900,30105,22447,33282,NA,NA,NA,45100,3570,9760
"2017-07-31",23550,29770,22147,32644,NA,NA,NA,44400,3580,9680
"2017-08-01",23600,30230,22276,33647,NA,NA,NA,44950,3650,10100
"2017-08-02",24950,31150,22361,34513,NA,NA,NA,44550,3780,10150
"2017-08-03",23750,30063,21506,33510,NA,NA,NA,43000,3665,10000
"2017-08-04",24600,30188,22190,34513,NA,NA,NA,48000,3770,10450
"2017-08-07",24600,29896,22447,34513,NA,NA,NA,48550,3840,10350
"2017-08-08",26150,30774,22660,36018,NA,NA,NA,52500,4020,10650
"2017-08-09",25900,30648,22019,35744,NA,NA,NA,50400,3945,10250
"2017-08-10",25600,30607,22447,35653,NA,NA,NA,47550,3900,9970
"2017-08-11",25000,29603,20907,34878,NA,NA,NA,46400,3765,9870
"2017-08-14",24400,29812,20843,34696,NA,NA,NA,46600,3620,9000
"2017-08-16",24400,29812,20629,34878,NA,NA,NA,47500,3690,9470
"2017-08-17",24450,29603,20330,35425,NA,NA,NA,48850,3845,9200
"2017-08-18",23600,28558,19860,35152,NA,NA,NA,47900,3820,9750
"2017-08-21",23200,27596,19603,35334,NA,NA,NA,48550,3670,9780
"2017-08-22",23000,27429,19774,34878,NA,NA,NA,48050,3680,10350
"2017-08-23",23150,27303,19475,35562,NA,NA,NA,48950,3575,10100
"2017-08-24",23300,27972,19496,35288,NA,NA,NA,48950,3650,10450
"2017-08-25",23150,27722,19454,35060,NA,NA,NA,49100,3585,9860
"2017-08-28",22950,27638,19454,34650,NA,NA,NA,50500,3570,9300
"2017-08-29",22700,27303,19240,34605,NA,NA,NA,50400,3560,9270
"2017-08-30",23200,27722,19347,34696,NA,NA,NA,51200,3515,9070
"2017-08-31",22950,27763,19176,34012,NA,NA,NA,50800,3585,9310
"2017-09-01",22600,27638,19304,34377,NA,NA,NA,50500,3570,9160
"2017-09-04",21900,26718,18770,33465,NA,NA,NA,49200,3430,8790
"2017-09-05",22250,26885,18834,34331,NA,NA,NA,48000,3470,8900
"2017-09-06",21700,26634,18321,35015,NA,NA,NA,48100,3405,8850
"2017-09-07",21600,26551,18428,35015,NA,NA,NA,49400,3465,8660
"2017-09-08",21000,26551,18385,35288,NA,NA,NA,49300,3470,8930
"2017-09-11",22500,27387,18663,35243,NA,NA,NA,50000,3560,8950
"2017-09-12",22600,27471,18812,34741,NA,NA,NA,50000,3690,9020
"2017-09-13",22250,27429,18556,35197,NA,NA,NA,49400,3670,8940
"2017-09-14",21950,27512,18363,34513,NA,NA,NA,49350,3625,9000
"2017-09-15",22050,27136,18534,34787,NA,NA,NA,48150,3545,9260
"2017-09-18",22000,27136,18385,34559,NA,NA,NA,47700,3515,9000
"2017-09-19",22800,27931,18577,34240,NA,NA,NA,47800,3485,8740
"2017-09-20",22650,27512,18321,33875,NA,NA,NA,47100,3345,8530
"2017-09-21",21650,26593,18192,33146,NA,NA,NA,46250,3165,8260
"2017-09-22",21200,26342,17957,32325,NA,NA,NA,46500,3170,8240
"2017-09-25",20750,25840,17487,32143,NA,NA,NA,45750,3050,8170
"2017-09-26",19950,25547,17936,33191,NA,NA,NA,46150,3115,7950
"2017-09-27",20300,25464,18021,32781,NA,NA,NA,45900,3100,8270
"2017-09-28",20400,24920,17829,31915,NA,NA,NA,46500,3095,8240
"2017-09-29",21050,25756,18064,32826,NA,NA,NA,47250,3450,8800
"2017-10-10",20450,25255,18086,32598,NA,NA,NA,47000,3400,8950
"2017-10-11",19800,24878,17829,32143,NA,NA,NA,46650,3500,8820
"2017-10-12",19600,25004,18064,31960,NA,NA,NA,47150,3410,8600
"2017-10-13",19300,25171,17936,31778,NA,NA,NA,46750,3370,8700
"2017-10-16",19600,25338,17914,31550,NA,NA,NA,47100,3525,9110
"2017-10-17",19050,24878,17893,31185,NA,NA,NA,48000,3625,8990
"2017-10-18",20100,24586,17743,31140,NA,NA,NA,47900,3580,8640
"2017-10-19",21200,25965,18000,31550,NA,NA,NA,48150,3740,9120
"2017-10-20",21100,26049,17872,30729,NA,NA,NA,48100,3680,9000
"2017-10-23",20500,25296,17572,30684,NA,NA,NA,47900,3700,9250
"2017-10-24",20200,25255,17594,30638,NA,NA,NA,49000,3825,10050
"2017-10-25",20900,25505,17615,30638,NA,NA,NA,48600,3820,9960
"2017-10-26",22100,27011,19368,31732,NA,NA,NA,49000,3815,10100
"2017-10-27",21450,26634,19411,31915,NA,NA,NA,48750,3760,9750
"2017-10-30",21600,26258,19090,31960,NA,NA,NA,47600,3845,10250
"2017-10-31",21600,26467,19774,32143,NA,NA,NA,47350,3730,9930
"2017-11-01",21400,25882,19732,31048,NA,NA,NA,47850,3655,9750
"2017-11-02",20150,25924,19390,29498,NA,NA,NA,49100,3645,9550
"2017-11-03",19950,26007,19325,30000,NA,NA,NA,48800,3700,9790
"2017-11-06",20500,26676,19603,30045,NA,NA,NA,47800,3700,10050
"2017-11-07",20050,26174,19219,31094,NA,NA,NA,49350,3580,9920
"2017-11-08",20100,25589,18791,30866,NA,NA,NA,49600,3535,9690
"2017-11-09",19850,25422,18983,30866,NA,NA,NA,50100,3580,9800
"2017-11-10",19050,25505,18727,30866,NA,NA,NA,50300,3625,9910
"2017-11-13",19100,25589,18834,30866,NA,NA,NA,49400,3625,9950
"2017-11-14",19250,25673,18513,30775,NA,NA,NA,49850,3640,9870
"2017-11-15",18200,25087,18128,30456,NA,NA,NA,48900,3635,9900
"2017-11-16",18700,25965,18599,30820,NA,NA,NA,48550,3860,11300
"2017-11-17",19600,27387,20694,32371,NA,NA,NA,49000,3945,11450
"2017-11-20",19550,27554,20266,33191,NA,NA,NA,54100,3920,11250
"2017-11-21",19650,26885,19646,32143,NA,NA,NA,54500,4040,11350
"2017-11-22",20050,26927,19197,31823,NA,NA,NA,55000,4025,11300
"2017-11-23",19650,27262,19496,33009,NA,NA,NA,55000,4100,11600
"2017-11-24",20000,27178,19283,32644,NA,NA,NA,56000,4155,11550
"2017-11-27",20000,26634,19154,32416,NA,NA,NA,56500,3970,10850
"2017-11-28",20000,26425,19753,34194,NA,NA,NA,55700,4035,10900
"2017-11-29",19450,26174,20095,34833,NA,NA,NA,54800,3950,10700
"2017-11-30",19400,26216,19838,33556,NA,NA,NA,53700,3950,10350
"2017-12-01",19100,25715,19710,33237,NA,NA,NA,53000,3885,10500
"2017-12-04",19300,25965,20416,32826,NA,NA,NA,55200,3685,10150
"2017-12-05",19450,26802,20779,32826,NA,NA,NA,56400,3780,10100
"2017-12-06",19300,26551,20010,32416,NA,NA,NA,56000,3660,9990
"2017-12-07",18900,26593,19518,32051,NA,NA,NA,56500,3570,9760
"2017-12-08",18050,26384,19176,31960,25951,NA,NA,58000,3520,10000
"2017-12-11",17500,26342,19817,31231,23927,NA,NA,57100,3560,10200
"2017-12-12",17550,25924,19539,31003,23567,NA,NA,55400,3495,9850
"2017-12-13",18450,27680,19967,32051,24421,NA,NA,55900,3500,9830
"2017-12-14",18650,28056,20223,32644,24736,NA,NA,56900,3545,9820
"2017-12-15",18800,28349,20223,32644,24421,NA,NA,56800,3490,9320
"2017-12-18",18700,28181,20052,31960,24152,NA,NA,55700,3430,9530
"2017-12-19",18450,28725,19860,32051,23657,NA,NA,54000,3320,9110
"2017-12-20",18250,28307,19838,32826,23747,NA,NA,51900,3380,9200
"2017-12-21",18150,27471,19090,32416,23612,NA,NA,53000,3320,8940
"2017-12-22",18000,27722,18941,32371,24062,NA,NA,51600,3325,8980
"2017-12-26",17800,28014,19112,32371,24107,NA,NA,53300,3450,8990
"2017-12-27",18150,27972,19411,32234,23792,NA,NA,52300,3470,9260
"2017-12-28",18300,28307,19390,32234,23837,NA,NA,52800,3495,9250
"2018-01-02",19200,30021,19967,33556,24871,NA,NA,58900,3600,9150
"2018-01-03",19450,29896,19774,32826,24961,NA,NA,57900,3640,9330
"2018-01-04",18900,29185,19368,31823,24826,NA,NA,56400,3640,9250
"2018-01-05",19050,29185,19454,31367,24961,NA,NA,56400,3650,9240
"2018-01-08",19600,30188,19796,31915,24466,NA,NA,55200,3500,8910
"2018-01-09",19400,30356,19689,31367,24242,NA,NA,55000,3520,8780
"2018-01-10",19200,29896,19796,31276,24646,NA,NA,54000,3540,8910
"2018-01-11",19950,30063,20010,31869,24826,NA,NA,53100,3485,8600
"2018-01-12",20150,30732,21356,31322,24466,NA,NA,52900,3490,8610
"2018-01-15",20850,31443,23002,31823,24377,NA,NA,54800,3715,8810
"2018-01-16",20850,31234,22831,32462,25636,NA,NA,55000,3710,8980
"2018-01-17",21100,31317,22190,32279,25861,NA,NA,52700,3705,8860
"2018-01-18",20700,30648,21976,31687,25546,NA,NA,50700,3660,9140
"2018-01-19",20700,30941,21976,32006,25996,NA,NA,50900,3745,9200
"2018-01-22",20450,30397,21762,31778,25726,NA,NA,51300,3775,9300
"2018-01-23",20400,30439,22105,31869,25366,NA,NA,52400,3795,9480
"2018-01-24",21550,31652,22404,34833,26041,NA,NA,52200,3850,9690
"2018-01-25",22100,31777,22789,34969,27075,NA,NA,52000,4100,9750
"2018-01-26",22800,32237,23088,35836,27840,NA,NA,52300,4980,10300
"2018-01-29",22850,32070,23344,35881,27795,NA,NA,53500,5280,10200
"2018-01-30",22650,31610,23131,35106,27255,NA,NA,53100,5130,10400
"2018-01-31",23200,32237,23131,35197,27075,NA,NA,53400,5140,10250
"2018-02-01",23350,32070,23088,35562,27795,NA,NA,52500,5450,10300
"2018-02-02",22650,31317,22874,35653,28244,NA,NA,52100,4925,9950
"2018-02-05",22550,30147,21976,34787,28064,NA,NA,50800,4675,9490
"2018-02-06",22050,29854,22233,35425,28020,NA,NA,50500,4800,9520
"2018-02-07",21250,29478,21249,35927,27930,NA,NA,49450,4660,9200
"2018-02-08",21950,29687,21677,37067,28199,NA,NA,49200,4830,9360
"2018-02-09",22100,30105,21506,39893,28604,NA,NA,49250,5090,9410
"2018-02-12",21800,30272,22019,39893,28064,NA,NA,49750,5230,9220
"2018-02-13",21350,29603,22147,39209,27705,NA,NA,48750,5030,9100
"2018-02-14",21350,29603,21805,38981,28469,NA,NA,47000,5190,9220
"2018-02-19",22200,30439,22831,39301,28874,NA,NA,48400,5260,9300
"2018-02-20",21600,29603,22404,38753,28784,NA,NA,49850,5200,9360
"2018-02-21",21500,29561,22660,38753,28739,NA,NA,49850,5220,9540
"2018-02-22",20950,29269,22105,38480,28244,NA,NA,49300,5250,9520
"2018-02-23",21200,29394,22105,39665,28064,NA,NA,48950,5240,9470
"2018-02-26",20700,28349,21634,39255,26760,NA,NA,47300,5180,9310
"2018-02-27",20700,28349,21591,38981,27345,NA,NA,47450,5420,9420
"2018-02-28",20300,27303,21549,39939,27255,NA,NA,47750,5210,9070
"2018-03-02",19800,27220,20266,38525,28064,NA,NA,46200,5090,9250
"2018-03-05",19400,26885,19539,37659,27975,NA,NA,44650,4870,9120
"2018-03-06",20000,27094,19988,37614,28604,NA,NA,45300,4975,9260
"2018-03-07",19800,27136,20159,36428,28334,NA,NA,44450,4705,9080
"2018-03-08",20000,27345,19732,36064,28334,NA,NA,44600,4800,9150
"2018-03-09",20550,28349,20694,39164,28514,NA,NA,45250,5030,9300
"2018-03-12",20800,28307,20865,38525,27840,NA,NA,46150,5010,9330
"2018-03-13",20250,27805,20266,37933,27615,NA,NA,45800,5010,9290
"2018-03-14",20800,27889,20159,37842,27345,NA,NA,46100,5240,9570
"2018-03-15",20950,27722,20116,38571,27615,NA,NA,46100,5290,9560
"2018-03-16",20500,27554,20608,39209,27705,NA,NA,46000,5310,9560
"2018-03-19",20350,27387,20523,39483,27615,NA,NA,45250,5650,9460
"2018-03-20",20350,27512,20309,38434,27345,NA,NA,45550,5580,9890
"2018-03-21",20350,27178,20181,39529,26670,NA,NA,45600,5310,9790
"2018-03-22",20450,27053,20031,39301,26985,NA,NA,45850,5240,9510
"2018-03-23",19450,25756,19283,37750,26400,NA,NA,44200,4970,9040
"2018-03-26",19150,26091,19304,38024,26176,NA,NA,44450,5160,9190
"2018-03-27",19350,26634,20095,37842,26086,NA,NA,44650,5210,9320
"2018-03-28",19200,26174,19817,38115,26310,NA,NA,45300,5120,9260
"2018-03-29",19700,27345,20352,40805,27255,NA,NA,45650,5640,9900
"2018-03-30",20900,28265,20373,42948,28020,NA,NA,47350,5800,9820
"2018-04-02",21500,28725,21036,43586,28559,NA,NA,47400,5730,9820
"2018-04-03",22750,30063,21506,44407,30133,NA,NA,47200,6070,10400
"2018-04-04",22400,29603,21207,44680,30043,NA,NA,46600,5750,10000
"2018-04-05",22950,29728,21121,43997,29369,NA,NA,45550,5790,10050
"2018-04-06",22900,29728,21848,43997,29144,NA,NA,45550,5910,10200
"2018-04-09",23200,29645,21463,43221,30133,NA,NA,46000,5840,10050
"2018-04-10",23500,30063,21420,44088,30403,NA,NA,45350,5990,10250
"2018-04-11",23350,30021,21805,43723,29279,NA,NA,45550,5830,9970
"2018-04-12",21850,28056,21207,41763,28109,NA,NA,44700,5750,9880
"2018-04-13",22050,28391,21356,42994,27930,NA,NA,44950,5900,9990
"2018-04-16",22200,27680,22233,44270,27300,NA,NA,44650,6100,10200
"2018-04-17",22500,28181,22447,43677,27615,NA,NA,44500,6020,10450
"2018-04-18",23100,28767,22618,43541,28784,NA,NA,44350,5970,10650
"2018-04-19",22550,27931,22447,42310,27525,NA,NA,43100,5850,10450
"2018-04-20",22950,27889,22404,43814,27480,NA,NA,43450,6280,11400
"2018-04-23",24500,28641,21805,42857,27660,NA,NA,44550,6020,11500
"2018-04-24",25550,28641,22147,43221,27300,NA,NA,44450,5960,11700
"2018-04-25",24700,28809,21720,43905,28334,NA,NA,44450,5850,11800
"2018-04-26",24700,28223,21762,43313,28289,NA,NA,44900,6030,11650
"2018-04-27",24900,28349,21933,43586,28559,NA,NA,44900,6030,11700
"2018-04-30",24500,28558,22660,44635,28649,NA,NA,45350,5960,11500
"2018-05-02",24150,28391,22575,44498,28559,NA,NA,46800,6090,12000
"2018-05-03",23650,27972,22489,43586,28784,NA,NA,48200,6350,11650
"2018-05-04",24250,28558,22618,45319,28919,NA,NA,47250,6410,11650
"2018-05-08",23900,27889,21976,44589,28874,NA,NA,46500,6320,11800
"2018-05-09",22700,27972,22789,45957,27705,NA,NA,45950,6420,12100
"2018-05-10",22150,27554,22147,44316,27615,NA,NA,46150,6400,11700
"2018-05-11",23050,28516,22233,44908,29639,NA,NA,44900,6690,11950
"2018-05-14",23600,28850,22019,44133,29414,NA,NA,44950,6710,12050
"2018-05-15",22500,28558,22618,44589,28514,NA,NA,44900,6900,12550
"2018-05-16",22650,28181,22062,44589,29459,NA,NA,43050,6640,12300
"2018-05-17",22200,27387,21762,43404,29234,NA,NA,43000,6680,12850
"2018-05-18",22200,27053,21848,43221,28964,NA,NA,43250,6740,13100
"2018-05-21",22000,26969,21677,43039,28514,NA,NA,43750,6480,12600
"2018-05-23",20850,26509,21420,43039,28020,NA,NA,43450,6410,12950
"2018-05-24",21050,26843,21420,44772,28109,NA,NA,42800,6170,12950
"2018-05-25",21700,26593,21100,44680,27840,NA,NA,42600,6220,13400
"2018-05-28",22400,27554,21677,46504,28559,NA,NA,43200,6530,14000
"2018-05-29",22350,27387,21335,45592,28469,NA,NA,43200,6460,13900
"2018-05-30",21700,26760,21228,45775,27705,NA,NA,42000,6370,14250
"2018-05-31",23200,26718,21185,46504,27165,NA,NA,41800,6540,14550
"2018-06-01",23550,26760,20993,45592,27840,NA,NA,42700,6410,14400
"2018-06-04",22750,26969,21228,45683,28064,NA,NA,43250,6530,14600
"2018-06-05",22400,26802,21014,46322,27795,NA,NA,42450,6440,14350
"2018-06-07",21100,26676,20843,46139,26535,NA,NA,43300,6480,14500
"2018-06-08",21000,26551,20800,46048,26490,NA,NA,45000,6360,14650
"2018-06-11",21600,27220,20929,45136,27075,NA,NA,45000,6170,14650
"2018-06-12",22200,27847,21762,46322,28514,NA,NA,44800,6490,14700
"2018-06-14",21650,27596,21549,46231,28604,NA,NA,44950,6400,15250
"2018-06-15",20450,26760,20138,44817,26985,NA,NA,45000,6460,15300
"2018-06-18",19750,25631,19561,42446,26670,NA,NA,42800,6110,15150
"2018-06-19",19100,24627,18791,39711,25771,NA,NA,41150,5570,13800
"2018-06-20",19200,24878,19197,40851,26805,NA,NA,41900,5410,14150
"2018-06-21",17650,23498,18812,39073,25366,NA,NA,40450,5400,13900
"2018-06-22",17150,23540,18599,38662,24017,NA,NA,39200,5670,13250
"2018-06-25",17650,23875,18727,39939,23477,NA,NA,39200,5640,13450
"2018-06-26",17800,23958,17979,39392,23522,NA,NA,39450,4995,12500
"2018-06-27",16850,23457,17701,38252,22128,NA,NA,38950,4625,11900
"2018-06-28",16800,22620,17273,36839,22847,NA,NA,39050,4475,11950
"2018-06-29",16900,23624,17701,38343,22757,NA,NA,39400,4600,14000
"2018-07-02",16050,22662,17209,36747,21318,NA,NA,38950,4245,12000
"2018-07-03",16050,22913,17188,37614,20464,NA,NA,39500,4385,11400
"2018-07-04",16150,22955,17166,38708,20374,NA,NA,39350,4510,11350
"2018-07-05",16450,23206,17508,37659,21588,NA,NA,38800,4465,10900
"2018-07-06",16500,23373,17615,37386,21633,NA,NA,39200,4595,11000
"2018-07-09",16900,23289,17615,38480,22353,NA,NA,39200,4490,11350
"2018-07-10",17600,23875,18086,40121,23432,NA,NA,40450,4800,11700
"2018-07-11",17550,24126,18064,41854,23162,NA,NA,40950,4795,11700
"2018-07-12",17150,23457,17637,42310,23297,NA,NA,40900,4830,11650
"2018-07-13",18000,24335,17914,41808,22982,NA,NA,41400,4795,11300
"2018-07-16",17350,24167,17850,40395,22083,NA,NA,41200,4680,11050
"2018-07-17",17350,24335,18385,42127,22218,NA,NA,40100,4795,11600
"2018-07-18",17400,23917,18150,39984,22353,NA,NA,41500,4560,10850
"2018-07-19",17100,23457,17765,39620,21903,NA,NA,41500,4525,10650
"2018-07-20",17000,23373,17637,39802,21318,NA,NA,40650,4620,10400
"2018-07-23",16850,23289,17316,38525,20958,NA,NA,40700,4060,9530
"2018-07-24",16500,22997,17466,39164,20689,NA,NA,40650,4095,9490
"2018-07-25",16800,23415,17487,39027,20734,NA,NA,40600,4225,9900
"2018-07-26",17550,23749,17572,39756,21723,NA,NA,41000,4240,9960
"2018-07-27",17600,23666,17936,39802,21903,NA,NA,40800,4340,9960
"2018-07-30",17350,23582,17829,38662,21678,NA,NA,40950,4250,9940
"2018-07-31",18400,24418,18235,38708,21498,NA,NA,40600,4320,9840
"2018-08-01",18700,24753,18064,39118,21228,NA,6768,41150,4025,10350
"2018-08-02",18450,24167,17765,38617,21453,NA,6798,40950,4025,9990
"2018-08-03",18150,24293,17872,38525,21498,NA,6857,41000,3945,10150
"2018-08-06",18050,24042,17829,37933,21273,NA,6944,41100,3950,10050
"2018-08-07",17950,24167,17637,37933,21138,NA,6827,41100,3840,10000
"2018-08-08",17850,23833,17914,37750,20734,NA,6827,40950,3805,9930
"2018-08-09",18100,24293,18385,37340,20734,NA,6680,41000,3765,9710
"2018-08-10",17900,23958,18086,36656,20734,NA,6593,40450,3840,9610
"2018-08-13",17300,23289,17872,35288,20014,NA,5948,39800,3580,8940
"2018-08-14",17400,23039,17893,35060,19429,NA,6094,39050,3700,9500
"2018-08-16",17000,22662,17743,35972,19519,NA,6211,38200,3675,9230
"2018-08-17",17950,23206,17914,37021,20734,NA,6417,38400,3755,9380
"2018-08-20",17600,22829,17957,36337,19474,NA,6504,38550,3700,9400
"2018-08-21",17800,22871,17936,36018,19474,NA,6504,38750,3775,9320
"2018-08-22",17700,23289,17936,35197,19474,NA,6475,38850,3745,9340
"2018-08-23",17850,23289,17872,35881,18845,NA,6446,38450,3655,9080
"2018-08-24",18550,23331,17936,36291,19159,NA,6446,37700,3645,9020
"2018-08-27",18650,23457,17957,36565,18980,NA,6446,38150,3575,8950
"2018-08-28",19100,23917,18214,36565,19654,NA,6417,38250,3565,8980
"2018-08-29",18750,23666,18171,36474,19654,NA,6388,38450,3550,9010
"2018-08-30",18600,23331,17936,35243,19204,NA,6358,38350,3565,8910
"2018-08-31",18100,23457,18043,35653,19204,NA,6329,38350,3540,8830
"2018-09-03",17800,23540,18043,35972,18980,NA,6182,37900,3470,8750
"2018-09-04",17900,23206,17979,36064,18890,NA,6065,37800,3545,8590
"2018-09-05",17650,23164,17893,35881,18575,NA,6094,37550,3540,8490
"2018-09-06",17500,22955,17829,35197,18485,NA,6007,37450,3425,8190
"2018-09-07",18500,23164,17914,35425,18440,NA,5889,37500,3425,8130
"2018-09-10",18200,22955,17615,33829,18035,NA,5638,37500,3465,8100
"2018-09-11",19300,22871,17637,34878,18260,NA,5643,37400,3445,8050
"2018-09-12",19950,23289,17850,34969,18170,NA,5638,37500,3390,8030
"2018-09-13",21050,24167,18000,34878,18485,NA,5719,37750,3430,8090
"2018-09-14",21700,24460,18150,34833,19609,NA,5808,38400,3460,8290
"2018-09-17",22500,24126,18021,34285,19384,NA,5795,37700,3380,8010
"2018-09-18",22500,24167,18235,33921,19204,NA,5860,37600,3385,7930
"2018-09-19",22300,23624,18000,34559,19249,NA,5749,37650,3300,7720
"2018-09-20",22200,23791,18150,34057,18935,NA,5625,37600,3145,7420
"2018-09-21",22050,23917,18470,34194,19069,NA,5719,37550,3270,7430
"2018-09-27",22100,23498,18385,33647,18710,NA,5690,38200,3240,7140
"2018-09-28",22500,23498,18663,34194,19474,NA,5625,38150,3210,7100
"2018-10-01",23000,23498,19048,33465,19384,NA,5532,38050,3160,7050
"2018-10-02",22200,22788,18385,32371,18755,NA,5327,38000,3045,6720
"2018-10-04",22050,22746,18021,32416,18125,NA,5292,38400,2970,6390
"2018-10-05",21950,23164,17936,32416,18260,NA,5286,38150,2970,6400
"2018-10-08",21350,23080,17850,31732,18215,NA,5215,37850,2865,6100
"2018-10-10",20450,22704,17359,30228,17495,NA,4940,37800,2685,5860
"2018-10-11",20650,21282,16333,28814,16686,NA,4635,37050,2570,5500
"2018-10-12",19950,21533,16696,28906,16776,NA,4577,37300,2635,5670
"2018-10-15",19700,21366,16333,28039,16596,NA,4442,37300,2600,5460
"2018-10-16",19000,21491,16418,28586,16686,NA,4606,37500,2800,6310
"2018-10-17",19800,21701,16482,28450,16731,NA,4694,37500,2790,6070
"2018-10-18",20550,22370,16461,28541,17001,NA,4571,37650,2670,6320
"2018-10-19",20950,22579,16696,29863,17720,NA,4682,37850,2685,6270
"2018-10-22",20350,22537,16632,29635,17675,NA,4711,37950,2660,6310
"2018-10-23",19800,21993,16055,28814,17180,NA,4571,37650,2510,5740
"2018-10-24",19900,22788,16076,30045,17046,NA,4536,38050,2440,5580
"2018-10-25",19800,22788,15520,29316,16371,NA,4418,37900,2345,5310
"2018-10-26",19050,22035,15029,28222,15966,NA,4026,36850,2200,5040
"2018-10-29",18500,21491,14323,26261,15292,NA,3879,36750,2100,4825
"2018-10-30",18600,21575,14537,26808,15606,NA,3879,37450,2240,4995
"2018-10-31",19300,22955,15606,28039,16101,NA,4032,38400,2270,5070
"2018-11-01",19500,23457,15670,28860,16371,NA,4090,38400,2330,5150
"2018-11-02",21300,24544,16418,30547,17495,NA,4330,39100,2480,5530
"2018-11-05",21450,24251,16568,30228,17495,NA,4231,39400,2480,5510
"2018-11-06",21600,24544,16760,31778,17990,NA,4289,39250,2505,5600
"2018-11-07",22350,25255,16867,32644,18215,NA,4442,39300,2590,6050
"2018-11-08",22400,25087,17102,32188,18080,NA,4513,40000,2580,6150
"2018-11-09",22850,25087,16824,32781,18305,NA,4518,39900,2580,6000
"2018-11-12",22450,24627,16910,32918,17990,NA,4518,39700,2505,5780
"2018-11-13",22650,24836,16974,32097,18305,NA,4623,39000,2425,5770
"2018-11-14",25500,27178,17551,33738,18845,NA,4904,39500,2610,5940
"2018-11-15",24750,27220,17829,35015,19294,NA,4828,40500,2565,5780
"2018-11-16",28400,27931,17914,34057,19609,NA,4793,42800,2670,5780
"2018-11-19",26500,27262,17850,32918,18755,NA,4735,42650,2685,5820
"2018-11-20",28900,27512,18342,32188,18935,NA,4735,42700,2625,5680
"2018-11-21",30200,27972,18492,33009,18935,NA,4758,42950,2600,5750
"2018-11-22",29950,27178,18299,33465,18350,NA,4870,42700,2540,5700
"2018-11-23",29000,27220,18235,34787,18800,NA,4952,42600,2510,5650
"2018-11-26",28500,27387,19005,35653,19069,NA,5233,42450,3115,6150
"2018-11-27",30350,27303,19197,35243,19114,NA,5251,42100,3115,6100
"2018-11-28",30300,27094,19261,34331,18980,NA,5163,41750,3080,5970
"2018-11-29",32450,27931,19283,35653,18980,NA,5228,42000,2975,5960
"2018-11-30",31900,26676,19283,35288,18710,NA,5074,42050,3015,5960
"2018-12-03",31500,26509,19090,34513,18710,NA,4934,42300,2910,5960
"2018-12-04",30900,26133,19411,34103,18125,NA,4770,42100,2855,5830
"2018-12-05",30950,26425,18876,33419,17765,NA,4758,41650,2870,5770
"2018-12-06",30700,25924,18599,32644,17315,NA,4706,41200,2875,5530
"2018-12-07",30200,26509,18684,33100,17495,NA,4706,41500,2790,5670
"2018-12-10",29000,26007,18534,31595,16866,NA,4372,40900,2485,5310
"2018-12-11",29850,26509,18278,31094,16641,NA,4395,40950,2485,5200
"2018-12-12",29400,26174,18299,31504,16866,NA,4442,41500,2480,5380
"2018-12-13",31000,26760,18834,31960,17360,NA,4513,41500,2530,5470
"2018-12-14",30550,27303,18278,31185,17091,NA,4483,41700,2480,5400
"2018-12-17",31400,27429,18342,30091,17136,NA,4478,41500,2415,5300
"2018-12-18",30850,27638,17850,30091,17091,NA,4436,41350,2330,5190
"2018-12-19",30450,28307,18086,31550,17585,NA,4518,41100,2400,5210
"2018-12-20",32400,28432,18278,32462,17405,NA,4536,40750,2380,5100
"2018-12-21",31900,28432,18214,32051,17450,NA,4594,40800,2335,5190
"2018-12-24",31500,27931,17722,31094,17046,NA,4536,40800,2280,5230
"2018-12-26",31250,27554,17423,31094,16641,NA,4453,41200,2225,5080
"2018-12-27",31800,27972,17936,31185,16866,4682,4430,42100,2280,5220
"2018-12-28",29800,27638,17679,30592,17315,5463,4383,42700,2380,5400
"2019-01-02",29350,27094,17487,30866,17091,5436,4313,42250,2350,5390
"2019-01-03",29250,26593,17401,29361,16686,5068,4260,41000,2310,5410
"2019-01-04",29450,27053,17594,28586,16371,5158,4237,41400,2360,5350
"2019-01-07",29350,28014,17914,30638,16416,5068,4366,41250,2470,5590
"2019-01-08",28500,28349,18043,30592,16371,4781,4395,41250,2450,5730
"2019-01-09",29400,28432,18128,31003,16776,4808,4383,41200,2540,5820
"2019-01-10",28950,28098,17893,30228,16956,4628,4343,41500,2525,5940
"2019-01-11",29550,27763,18043,30820,16866,4476,4366,41750,2535,6000
"2019-01-14",29550,28349,18192,30684,16866,4364,4383,40800,2540,5910
"2019-01-15",30600,28600,18214,30410,16956,4323,4395,41750,2580,6000
"2019-01-16",30250,29436,18321,30000,16731,4530,4389,41900,2575,5990
"2019-01-17",30050,30523,18235,29726,16686,4364,4383,43150,2565,5920
"2019-01-18",31300,30565,18406,29316,16596,4382,4442,43500,2650,6220
"2019-01-21",30250,30439,18043,29179,16461,4301,4442,42700,2620,6120
"2019-01-22",30050,30105,18000,29179,16281,4198,4353,43100,2570,5850
"2019-01-23",29600,30481,18192,29498,16596,4153,4330,43200,2570,5890
"2019-01-24",29350,30397,18342,30182,17136,4050,4324,44800,2600,6220
"2019-01-25",28150,29101,18470,30091,17001,4131,4348,45250,2610,6180
"2019-01-28",28300,29394,18470,29863,16911,4126,4343,44850,2580,6140
"2019-01-29",28250,29519,18534,29407,17225,4157,4295,45000,2600,6040
"2019-01-30",28000,30899,18620,29726,18755,4149,4353,47200,2620,6120
"2019-01-31",27700,30439,18663,29863,18800,4104,4378,46800,2605,6200
"2019-02-01",28300,29896,18727,29954,18440,4068,4488,46300,2600,6100
"2019-02-07",27300,29812,18684,30228,18530,3978,4418,45900,2640,6260
"2019-02-08",27250,29687,18406,29954,18440,4045,4348,46000,2635,6180
"2019-02-11",26600,29561,18684,29863,18485,4054,4266,46100,2605,6070
"2019-02-12",26850,29728,18492,30000,18755,4108,4248,46150,2585,5960
"2019-02-13",26750,29896,18492,30957,18755,4162,4278,46100,2625,6150
"2019-02-14",26750,30857,18577,31003,18890,4135,4284,48000,2850,6770
"2019-02-15",26900,30272,18855,30547,18575,4126,4337,47250,2745,6580
"2019-02-18",25750,29478,18214,30820,18440,4086,4330,47550,2810,6590
"2019-02-19",25800,29310,18000,32462,18800,4086,4360,47450,2815,6710
"2019-02-20",25900,30105,17936,32644,18620,4077,4413,48500,2780,6600
"2019-02-21",25950,30188,17957,33602,19339,4256,4858,48100,2810,6850
"2019-02-22",25500,30439,17914,33738,19339,4364,4782,46900,2820,7090
"2019-02-25",25650,30565,18000,33921,19519,4328,4904,45350,2810,7020
"2019-02-26",26350,30732,18299,35243,19699,4207,4940,45000,2820,6880
"2019-02-27",26150,30899,18363,35152,19609,4225,4993,45200,2830,6850
"2019-02-28",25500,30774,18043,34422,19159,4050,4852,44400,2710,6430
"2019-03-04",27900,30565,17979,35744,19429,4131,5215,44800,2800,6660
"2019-03-05",28200,29896,17914,34741,18665,4131,5016,45000,2745,6660
"2019-03-06",28300,29938,17765,33738,18620,4063,4799,44900,2620,6410
"2019-03-07",28250,29603,17786,34833,19654,4001,4864,44450,2545,6110
"2019-03-08",27500,29018,17722,34650,20059,3920,5016,43900,2525,6190
"2019-03-11",26850,28391,17316,35015,19969,3911,4846,42950,2470,6110
"2019-03-12",27050,28223,17572,34650,20239,3938,4875,42500,2560,6220
"2019-03-13",27050,27512,17594,33465,20284,3983,4664,43250,2545,6150
"2019-03-14",27250,27554,17530,34468,20823,4063,4817,43150,2680,6300
"2019-03-15",26750,28056,17701,34924,20284,4162,4870,43750,2635,6200
"2019-03-18",27300,28725,17572,35927,20958,4175,4870,43800,2685,6400
"2019-03-19",27000,27972,17380,35471,21228,4090,4758,43800,2645,6390
"2019-03-20",26300,27972,17316,36656,21093,4036,4694,43600,2600,6370
"2019-03-21",24700,27136,17273,35972,20374,3974,4688,42950,2535,6320
"2019-03-22",25900,27262,17273,36747,20554,3866,4664,44100,2535,6230
"2019-03-25",25600,26760,17273,35881,19969,3709,4478,43200,2450,6030
"2019-03-26",25600,27094,14686,35425,19879,3803,4594,43300,2435,6000
"2019-03-27",25700,27763,14622,35653,19969,3830,4606,43000,2360,5920
"2019-03-28",25200,26300,15050,35060,20239,3911,4501,43500,2335,5720
"2019-03-29",25700,26634,15007,36064,20779,3821,4542,45800,2385,5800
"2019-04-01",25550,27220,15007,36519,21453,3996,4594,45300,2375,5900
"2019-04-02",25550,26718,15242,35608,20913,3983,4530,44900,2330,5900
"2019-04-03",25400,26843,15178,35608,20734,4054,4513,44850,2335,5950
"2019-04-04",25050,26718,15606,35288,21003,4189,4594,44150,2420,6020
"2019-04-05",25200,26676,15392,35197,21183,4144,4606,44100,2400,6200
"2019-04-08",30400,27178,15542,35288,21903,4126,4612,46200,2400,6380
"2019-04-09",30150,26802,15798,35152,21228,4086,4559,45200,2390,6380
"2019-04-10",32900,27554,16375,35881,22263,4135,4583,45300,2415,6300
"2019-04-11",33950,27680,18513,35699,22443,5373,4635,50000,2470,6340
"2019-04-12",44100,29770,23943,37568,23612,6261,4799,53500,2530,6500
"2019-04-15",43750,31568,31126,38571,26086,8136,4923,52900,2595,6690
"2019-04-16",41600,29979,36128,36428,23387,7185,4688,54300,2515,6490
"2019-04-17",38900,30021,30442,36839,23117,6727,4618,53200,2510,6430
"2019-04-18",38150,29687,31340,37112,23387,6961,4501,51700,2460,6310
"2019-04-19",38000,29436,34846,37750,22757,7481,4547,51800,2480,6330
"2019-04-22",39550,29394,35102,36383,22802,6970,4559,51700,2470,6270
"2019-04-23",36700,28976,33007,35653,21768,6440,4453,52800,2480,6220
"2019-04-24",36750,29101,28518,35608,21948,6458,4383,51500,2445,6100
"2019-04-25",36000,28223,27620,35744,22038,6055,4471,50000,2450,5980
"2019-04-26",36250,27847,27962,35653,22218,6126,4442,48550,2440,5840
"2019-04-29",35800,27722,26551,36383,22038,5992,4571,49600,2455,5930
"2019-04-30",37000,27722,28261,37249,22218,6082,4682,50100,2530,6030
"2019-05-02",38400,27722,27534,37112,23027,6234,4828,51800,2535,6000
"2019-05-03",38000,28181,27534,37112,22622,5947,4717,51500,2535,6000
"2019-05-07",37650,28056,26936,36747,22802,5848,4864,51400,2555,5910
"2019-05-08",37700,27554,26081,35288,22398,5561,4864,51400,2525,5860
"2019-05-09",38600,27262,26038,33829,22173,5696,4559,50800,2410,5580
"2019-05-10",37200,26885,25140,33966,21858,5373,4518,50500,2340,5500
"2019-05-13",36600,27136,25397,34377,21498,5373,4389,49700,2225,5310
"2019-05-14",41200,27722,25482,34559,22128,5373,4401,50100,2260,5310
"2019-05-15",41750,27931,25268,34057,21723,5400,4360,49750,2275,5440
"2019-05-16",41200,27429,25610,33921,20149,5400,4330,49900,2290,5350
"2019-05-17",41150,26802,25012,33100,19924,5490,4260,48300,2250,5280
"2019-05-20",41500,26676,24841,32188,18485,5507,4219,47500,2190,5050
"2019-05-21",42600,26342,23772,31413,18305,5319,4254,46700,2150,5060
"2019-05-22",42600,25673,24371,31732,17990,5400,4178,46550,2145,5090
"2019-05-23",44250,25673,23857,31322,17945,5292,4096,46350,2080,4970
"2019-05-24",46400,26634,24798,31641,18080,5481,4108,47250,2045,4905
"2019-05-27",41850,26593,24328,31367,18260,5337,4114,46450,2030,4910
"2019-05-28",43150,26718,25482,33282,18395,5561,4154,47450,2075,4970
"2019-05-29",42600,26509,25268,31687,18035,5660,4073,47200,2015,4810
"2019-05-30",42650,26384,28689,31094,18035,6727,4008,47900,2015,4665
"2019-05-31",42650,26384,25653,30957,18035,6099,4055,47950,2000,4730
"2019-06-03",41550,26509,25268,32097,18125,6306,4038,46900,2030,4670
"2019-06-04",41350,26718,25653,33556,18440,6324,4096,47300,2040,4775
"2019-06-05",43600,26843,25696,33647,18440,6153,4108,47350,2100,4850
"2019-06-07",45000,27178,25696,33556,18440,6207,4120,47950,2115,4915
"2019-06-10",43400,27178,25781,32644,18260,6189,4102,48350,2130,4955
"2019-06-11",42250,27136,25739,32462,20059,6288,4084,48600,2150,4965
"2019-06-12",40950,26885,25995,32051,20149,6369,4120,48000,2180,5050
"2019-06-13",40450,26843,25824,31504,20913,6378,4125,48500,2170,5000
"2019-06-14",38500,27094,25653,30775,19879,6279,4073,48100,2145,4955
"2019-06-17",38200,26342,25055,30820,19339,6019,3979,46950,2130,4905
"2019-06-18",40000,26216,24798,31185,19699,5965,3908,47650,2090,4865
"2019-06-19",40200,26258,24798,31276,19879,5920,3943,47300,2100,4970
"2019-06-20",40400,26174,24884,31094,20059,6010,3921,45350,2145,5020
"2019-06-21",34300,25505,24884,30866,20104,5983,3903,45150,2125,4980
"2019-06-24",31100,25338,24926,30592,20194,5848,3885,45150,2095,4920
"2019-06-25",30350,25004,24926,30045,19384,5651,3850,44700,2070,4865
"2019-06-26",30350,24669,23430,29909,18845,5516,3838,44450,2030,4805
"2019-06-27",29750,24586,23601,30182,19159,5606,3862,44350,2045,4780
"2019-06-28",30000,24209,23473,30228,18980,5543,3885,44950,2060,4760
"2019-07-01",29900,24251,23515,30045,19159,5552,3891,44600,2060,4940
"2019-07-02",30450,24502,23857,29270,18620,5723,3903,44550,2065,4940
"2019-07-03",30800,24251,24371,28267,18530,5974,3838,45150,2050,4945
"2019-07-04",29600,24084,24798,27264,17945,6871,3744,45650,2010,4905
"2019-07-05",30200,24167,26252,27264,17855,6925,3728,46500,2005,4970
"2019-07-08",28150,24126,25568,26489,16956,6521,3528,44800,1865,4720
"2019-07-09",28500,23875,25739,26444,16596,6324,3563,44500,1835,4515
"2019-07-10",28450,23749,26081,26717,16911,6333,3715,44100,1860,4550
"2019-07-11",28200,23791,26765,26535,17001,6996,3680,44250,1900,4675
"2019-07-12",29100,23917,26252,26170,16371,6656,3622,44200,1890,4670
"2019-07-15",28300,23708,25995,25532,15651,6925,3539,44000,1855,4530
"2019-07-16",28350,24042,26722,25395,15741,7086,3539,44750,1845,4525
"2019-07-17",28100,23875,26295,25577,15696,7113,3446,44400,1795,4385
"2019-07-18",28000,23498,25781,25349,15337,6853,3370,45150,1785,4380
"2019-07-19",28950,23875,26508,25668,15516,7131,3428,45300,1800,4475
"2019-07-22",28800,23540,26594,25076,15516,7050,3328,45000,1760,4450
"2019-07-23",28750,23540,26295,25213,15516,6817,3334,45250,1745,4455
"2019-07-24",29100,23540,27876,25121,15292,7050,3270,44700,1690,4375
"2019-07-25",28750,22913,26209,24893,15247,6378,3235,44450,1640,4305
"2019-07-26",27650,22453,26337,24392,15112,6279,3170,43550,1640,4200
"2019-07-29",26200,21784,25653,23480,13852,6064,3071,42400,1590,3960
"2019-07-30",26050,21784,25482,25121,14212,5974,3135,43000,1600,4000
"2019-07-31",25900,21366,24713,24665,14122,5875,3135,42450,1605,4070
"2019-08-01",26800,21450,24371,24255,14167,5606,3094,42700,1565,4055
"2019-08-02",27800,21533,23900,23845,13987,5543,3135,41100,1530,4015
"2019-08-05",27550,20655,22233,22568,12998,5176,2936,39050,1325,3670
"2019-08-06",28550,20153,21463,21884,12503,4978,2710,38300,1295,3560
"2019-08-07",29550,19359,22019,21292,12053,5050,2708,38600,1270,3520
"2019-08-08",30650,19735,22489,21884,12863,5274,2895,40000,1345,3630
"2019-08-09",30600,20028,22404,22158,12998,5292,2921,39800,1380,3685
"2019-08-12",29950,19777,22062,21975,13133,5167,2918,39900,1390,3725
"2019-08-13",29300,19401,21463,21748,13223,5014,2924,41400,1405,3665
"2019-08-14",29350,19150,21591,21337,13088,5005,2924,41250,1390,3705
"2019-08-16",29350,19108,21207,21018,12548,4924,2803,40350,1320,3590
"2019-08-19",28300,19108,23515,21428,12728,6225,2824,40350,1315,3590
"2019-08-20",28800,19275,23558,21656,12953,6225,2874,40950,1370,3650
"2019-08-21",29500,19443,23815,22158,13403,6333,3200,41550,1780,4095
"2019-08-22",29550,19275,23772,21884,13358,6117,3007,42550,2090,4100
"2019-08-23",29500,19108,23558,21656,13043,6243,2901,42600,1935,3970
"2019-08-26",29050,18481,23045,21018,12323,5956,2743,41900,1855,3755
"2019-08-27",29050,18314,23686,20972,12413,6064,2754,42400,1765,3705
"2019-08-28",30100,18397,23644,20836,12638,6144,2818,42450,1815,3700
"2019-08-29",29350,18230,23601,20836,12548,6234,2793,43350,1725,3730
"2019-08-30",29500,18565,24627,21839,12728,6431,2895,43050,1745,3785
"2019-09-02",29050,18648,24114,21748,12728,6369,2859,42800,1795,3870
"2019-09-03",29100,18565,23686,22158,12728,5983,2901,43050,1780,3960
"2019-09-04",28900,18690,22618,21975,12818,5830,2928,42950,1870,4070
"2019-09-05",28900,18816,23131,21793,12818,5875,2907,41200,1780,3980
"2019-09-06",29050,18941,23302,21656,12593,5830,2895,41300,1725,3915
"2019-09-09",27900,18857,23131,21337,12638,5696,2903,41350,1760,3925
"2019-09-10",28200,19150,23088,21793,12773,5624,2886,41800,1820,4010
"2019-09-11",28800,19986,23601,22431,13493,5741,2942,41500,1850,3985
"2019-09-16",29200,20153,23344,22158,13493,5651,2948,41150,1840,3985
"2019-09-17",29550,20028,22917,22659,13538,5561,2983,40600,1825,4020
"2019-09-18",30100,20321,22960,22705,14212,5561,3018,40450,1850,4070
"2019-09-19",29850,19986,22831,22431,14122,5534,3018,40550,1855,4200
"2019-09-20",29300,19861,23088,22295,14077,5687,2983,40650,1825,4165
"2019-09-23",28550,19694,22917,22067,14077,5696,2988,40650,1850,4180
"2019-09-24",28150,19986,22831,22112,14302,5723,2965,40600,1810,4130
"2019-09-25",27400,19443,22575,21884,13807,5624,2863,40300,1810,3990
"2019-09-26",26850,19150,22190,21884,13538,5561,2836,40200,1745,3910
"2019-09-27",27350,19275,22147,22203,13672,5651,2845,40600,1670,3880
"2019-09-30",27100,19150,21976,22295,13582,5597,2824,40600,1655,3840
"2019-10-01",28350,19610,21805,22523,13897,5516,2868,40800,1700,3890
"2019-10-02",28550,19192,21720,21884,13493,5481,2833,39950,1665,3875
"2019-10-04",28200,19066,21549,21428,13178,5543,2839,39600,1650,3845
"2019-10-07",28650,19150,21228,21428,13223,5445,2828,39400,1635,3810
"2019-10-08",29650,19526,21634,21018,13133,5507,2833,39100,1645,3850
"2019-10-10",28900,19192,21634,20790,13133,5516,2830,38850,1655,3905
"2019-10-11",30000,19401,22318,20972,13133,5633,2833,38250,1665,3930
"2019-10-14",31100,20488,22618,22705,13987,5759,2977,38750,1730,4005
"2019-10-15",30950,20363,22489,22523,13942,5777,2965,39000,1740,4020
"2019-10-16",30900,20864,22618,23252,14122,5839,3029,39250,1785,4020
"2019-10-17",31450,21241,22789,23298,14392,5857,3047,39300,1790,4020
"2019-10-18",31200,20822,22660,23571,14032,5812,3013,39500,1765,4035
"2019-10-21",31150,21282,22361,23708,14122,5705,3018,39750,1805,4035
"2019-10-22",31150,21366,22532,22979,13717,5552,3029,39500,1805,4020
"2019-10-23",31150,20613,22233,22021,13538,5525,2924,38300,1825,3950
"2019-10-24",30500,20864,21976,22249,13672,5481,2983,38550,1805,3950
"2019-10-25",30000,20655,21720,21748,13223,5436,2959,39050,1765,3975
"2019-10-28",30100,20990,22404,21884,13268,5561,2936,39050,1785,3940
"2019-10-29",29900,20739,22233,22203,13313,5561,2936,39150,1770,3935
"2019-10-30",31250,20446,22019,22021,13448,5579,2888,39100,1760,3935
"2019-10-31",30300,20822,22789,21884,13672,5768,2930,39000,1715,3905
"2019-11-01",29950,20906,23515,21748,13582,5839,2874,39100,1720,3940
"2019-11-04",32150,21659,24755,22203,13942,5902,2959,40400,1800,4055
"2019-11-05",32150,21951,24755,22933,14347,6010,2977,40150,1770,4035
"2019-11-06",33800,21910,23943,22887,14257,5768,3023,40150,1850,4100
"2019-11-07",33200,22537,22703,23206,14167,5750,3023,40300,1870,4005
"2019-11-08",33450,22537,24884,22933,14212,6413,3018,41150,1825,4005
"2019-11-11",32200,22077,24926,22340,14077,6431,3023,41250,1765,4020
"2019-11-12",31850,22119,28133,23343,14077,8360,3258,41200,1795,4135
"2019-11-13",33000,21910,26850,22933,13717,7176,3193,41300,1800,4070
"2019-11-14",32650,21491,25183,22796,13672,6656,3053,41000,1810,4010
"2019-11-15",33300,22579,24627,23024,13897,6557,3065,41000,1815,4005
"2019-11-18",33150,21993,24499,22796,13762,6360,3088,41100,1815,4000
"2019-11-19",34000,21993,24328,22431,13493,6162,3059,41450,1800,3970
"2019-11-20",33050,21199,24584,21793,13313,6207,3053,40700,1710,3850
"2019-11-21",32850,20822,24285,21292,12863,6144,2930,40700,1635,3675
"2019-11-22",32850,20822,23515,21292,12818,5786,2977,41450,1615,3630
"2019-11-25",32900,21324,23558,22751,13088,5848,3071,41550,1685,3720
"2019-11-26",33500,21366,23900,23115,13268,6064,3077,41600,1690,3750
"2019-11-27",33550,21199,23515,23161,13133,6010,3088,41750,1670,3715
"2019-11-28",36150,21241,23344,23070,13043,6019,3164,41750,1650,3680
"2019-11-29",35850,20697,22746,22751,12953,5839,3177,41350,1645,3675
"2019-12-02",36950,20697,22190,21930,12863,5615,3135,41200,1620,3680
"2019-12-03",37200,20446,22233,22112,12728,5507,3253,42000,1665,3660
"2019-12-04",38700,20279,21891,22523,12908,5552,3200,42000,1620,3570
"2019-12-05",40050,20530,21720,22523,12773,5534,3423,41550,1645,3535
"2019-12-06",39450,21659,21933,23024,12908,5570,3405,43850,1665,3535
"2019-12-09",38800,21868,22147,23115,13223,5615,3282,44100,1675,3530
"2019-12-10",40050,22286,22660,22887,13043,5723,3340,43400,1665,3525
"2019-12-11",40650,22286,23430,22842,13133,5866,3305,43200,1650,3540
"2019-12-12",40750,22495,23045,23024,13268,5696,3299,42500,1665,3530
"2019-12-13",40700,22871,23430,23206,13313,5741,3340,42500,1680,3610
"2019-12-16",40150,22997,23173,23206,13448,5803,3328,42500,1720,3665
"2019-12-17",40500,23289,22874,23480,13538,5714,3282,42000,1740,3670
"2019-12-18",39650,23206,22874,25258,13852,5687,3363,42450,1745,3740
"2019-12-19",38150,23206,22618,24301,13897,5660,3580,43000,1755,3770
"2019-12-20",38500,23248,22618,24620,14212,5678,3545,42800,1785,3770
"2019-12-23",46200,24335,23173,24529,14797,5669,3516,43850,1750,3680
"2019-12-24",42900,23415,23387,24757,14032,5507,3498,43800,1750,3640
"2019-12-26",38700,23331,24029,24574,13762,5516,3393,44400,1730,3650
"2019-12-27",39800,23666,23216,24620,13717,5418,3363,44750,1750,3715
"2019-12-30",40000,23833,23088,24437,13762,5283,3311,45200,1735,3750
"2020-01-02",39950,23289,23473,24665,13762,5158,3288,44750,1730,3775
"2020-01-03",39050,22829,23473,24210,13717,5220,3299,44450,1735,3770
"2020-01-06",39050,22160,23045,23115,13313,4987,3106,43650,1640,3675
"2020-01-07",40500,22453,22575,23434,13448,4915,3118,44100,1625,3700
"2020-01-08",39700,21993,21677,22431,13672,4646,2936,43350,1510,3540
"2020-01-09",41700,22955,22147,23070,14257,4763,3023,43600,1555,3610
"2020-01-10",41700,22829,22233,23206,14572,4826,3118,43250,1570,3635
"2020-01-13",41900,22829,22318,23571,14347,4826,3217,42800,1625,3720
"2020-01-14",41000,22704,22276,23343,14122,4817,3235,42400,1645,3760
"2020-01-15",41500,22662,22190,23434,14122,4799,3334,42600,1655,3825
"2020-01-16",41850,22997,22019,23662,14392,4799,3264,42500,1700,3855
"2020-01-17",42650,22913,22062,23389,14347,4871,3258,42500,1685,3830
"2020-01-20",41800,22453,21933,22659,14212,5122,3217,42500,1680,3805
"2020-01-21",40250,21868,21591,22203,13897,4906,3123,41100,1635,3755
"2020-01-22",40550,22160,21463,21930,13852,4880,3141,40950,1645,3750
"2020-01-23",40100,21241,21228,21383,13672,4853,3147,40250,1620,3720
"2020-01-28",39750,19819,20116,19741,12413,4691,2872,39000,1510,3500
"2020-01-29",40000,19944,20352,20380,12908,4772,2863,39200,1510,3530
"2020-01-30",40000,19903,19881,20015,12773,4736,2795,38200,1450,3420
"2020-01-31",41000,19777,19496,20015,12908,4628,2719,37950,1420,3300
"2020-02-03",40400,20195,19603,20152,13403,4539,2778,40000,1385,3235
"2020-02-04",41900,21533,20416,20881,13493,4664,2816,40200,1465,3375
"2020-02-05",41800,21742,20523,20972,13448,4754,2816,40500,1450,3435
"2020-02-06",41500,22579,20907,21383,13582,4799,2810,40450,1465,3445
"2020-02-07",41300,22495,20865,21064,13582,4763,2813,40900,1460,3460
"2020-02-10",40250,21993,20822,21155,13448,4673,2836,40800,1450,3475
"2020-02-11",39600,21826,21121,21155,13223,4664,2783,40000,1455,3430
"2020-02-12",43500,21826,21549,21383,13268,4593,2907,40050,1655,3585
"2020-02-13",48000,21784,21356,21155,13313,4566,2830,40400,1650,3590
"2020-02-14",48050,21450,21249,20836,13223,4480,2836,40250,1590,3535
"2020-02-17",48550,21157,21292,20243,13178,4395,2818,39800,1515,3480
"2020-02-18",49800,20446,20800,20061,13178,4243,2824,39500,1505,3440
"2020-02-19",49600,20237,20138,19787,12908,4162,2766,39550,1470,3390
"2020-02-20",49450,19777,19603,19377,12683,4027,2748,39450,1425,3310
"2020-02-21",50800,19694,19304,18830,12413,3924,2608,39300,1380,3275
"2020-02-24",51300,18481,18128,17599,11379,3785,2318,38100,1250,3080
"2020-02-25",51500,18774,18855,18328,11514,3929,2344,38350,1295,3110
"2020-02-26",60000,19192,18556,18693,11514,3902,2327,38000,1305,3065
"2020-02-27",65000,19192,18171,18830,11469,3870,2279,38000,1260,2970
"2020-02-28",67200,18648,17380,18328,10929,3678,2192,36200,1195,2790
"2020-03-02",67300,18648,17273,18191,10974,3736,2227,35450,1180,2835
"2020-03-03",80800,18732,17637,19468,11019,3857,2300,35850,1205,2850
"2020-03-04",84700,20070,17701,19787,11559,3915,2312,36850,1250,2875
"2020-03-05",82700,20990,18770,20243,12143,4149,2499,38150,1330,3050
"2020-03-06",70700,19903,18214,19741,11694,4054,2368,37600,1270,2980
"2020-03-09",63400,19568,17295,19468,11289,3682,2242,36500,1190,2775
"2020-03-10",64000,19694,17124,19103,11064,3637,2227,35450,1200,2725
"2020-03-11",59100,19025,16952,18328,10884,3579,2171,33900,1120,2660
"2020-03-12",60300,18147,15841,17416,9895,3319,1928,31250,1045,2350
"2020-03-13",57500,17227,14964,16915,8995,2875,1726,29200,980,2135
"2020-03-16",58700,16809,15050,17143,8752,2781,1749,27700,950,2100
"2020-03-17",52300,16558,14622,17279,8239,2794,1699,25750,931,1995
"2020-03-18",42650,15136,13853,15729,6917,2682,1571,25950,850,1855
"2020-03-19",41050,11373,9705,11398,4875,1879,1208,23000,640,1500
"2020-03-20",53300,12753,11694,11535,5199,2193,1269,23000,697,1590
"2020-03-23",58300,11958,11416,10942,4992,2108,1213,20750,646,1485
"2020-03-24",42600,12544,12036,11216,5235,2180,1245,21600,682,1540
"2020-03-25",45300,14509,13511,13495,6800,2435,1486,24300,763,1750
"2020-03-26",44050,15345,14323,15273,8176,2561,1627,25000,810,1920
"2020-03-27",57200,15847,14430,15410,8788,2570,1662,24850,811,1910
"2020-03-30",74300,15638,14131,15501,8698,2633,1656,24800,826,2110
"2020-03-31",74300,15638,14409,15365,9984,2691,1708,25600,889,2130
"2020-04-01",81000,15763,14515,15273,9895,2781,1717,25150,875,2045
"2020-04-02",72400,15889,14622,14954,9400,2812,1732,25200,896,2025
"2020-04-03",68400,15596,14601,15000,9130,2808,1693,25000,900,2030
"2020-04-06",69900,15638,14772,15273,8995,2830,1720,26200,910,2075
"2020-04-07",86100,16014,15050,16048,9400,2933,1767,26800,961,2255
"2020-04-08",79700,15972,14986,16550,9355,2929,1840,27900,995,2300
"2020-04-09",83700,16683,15691,17234,9715,3113,2001,31050,1030,2355
"2020-04-10",85500,17018,16610,17918,9850,3319,2188,31250,1160,2495
"2020-04-13",84500,16349,16183,16869,9220,3184,2039,30300,1080,2375
"2020-04-14",84300,16390,16290,17006,9355,3229,2024,30900,1105,2385
"2020-04-16",85000,16390,16204,17188,9535,3198,2063,30850,1140,2370
"2020-04-17",109500,17478,16888,17872,9895,3323,2188,34000,1165,2445
"2020-04-20",81000,16349,17230,18374,9984,3476,2292,41250,1250,2460
"2020-04-21",81500,16014,17401,18055,9625,3480,2233,44350,1185,2350
"2020-04-22",83000,16098,18192,18328,9580,3588,2303,43400,1210,2380
"2020-04-23",85200,16516,18363,18602,9670,3624,2303,45200,1215,2420
"2020-04-24",93000,16558,17786,18283,9400,3552,2250,42750,1160,2355
"2020-04-27",90500,16641,18000,18374,9400,3543,2244,42900,1180,2395
"2020-04-28",88200,16474,18000,18419,9580,3548,2297,41800,1375,2500
"2020-04-29",87000,16558,17829,18647,9760,3570,2277,41300,1390,2500
"2020-05-04",82700,15972,17059,18100,9400,3453,2230,40600,1340,2440
"2020-05-06",82900,15680,16589,17553,9175,3364,2207,40650,1320,2435
"2020-05-07",86500,16014,16888,17507,9310,3431,2227,47300,1335,2430
"2020-05-08",86800,16056,16910,17553,9355,3449,2230,51500,1365,2555
"2020-05-11",92500,15763,16439,17097,9085,3301,2180,51000,1320,2515
"2020-05-12",91500,15303,15884,16140,8977,3184,2080,50500,1280,2405
"2020-05-13",79700,15220,15884,16140,8815,3184,2069,47800,1305,2390
"2020-05-14",79100,15805,15691,15593,8284,3144,1998,45350,1260,2355
"2020-05-15",76500,15220,16204,15045,8338,3081,1998,44800,1260,2345
"2020-05-18",75000,15094,15990,16140,8689,3095,2010,43500,1295,2315
"2020-05-19",77000,16307,16803,17644,9535,3229,2192,43300,1340,2400
"2020-05-20",79000,16390,16675,17507,9445,3256,2165,43850,1335,2405
"2020-05-21",79000,16809,16610,17872,9445,3373,2183,45200,1335,2410
"2020-05-22",80400,16390,16354,17690,9220,3287,2128,44000,1310,2370
"2020-05-25",78800,16181,16333,17052,9175,3373,2153,45700,1300,2345
"2020-05-26",90000,16934,16589,17234,9670,3391,2180,44700,1310,2375
"2020-05-27",89200,17519,16867,17872,9760,3507,2238,43750,1325,2410
"2020-05-28",93300,17896,17124,17507,9535,3431,2192,41900,1305,2435
"2020-05-29",86300,17310,17295,17325,9625,3458,2221,41600,1370,2900
"2020-06-01",91100,17436,17124,17371,9670,3404,2209,41400,1360,3025
"2020-06-02",89000,17645,17316,17507,9625,3422,2227,40900,1400,3050
"2020-06-03",89500,18690,17743,17827,10704,3521,2268,40200,1410,2935
"2020-06-04",90900,19150,17572,17918,10974,3521,2294,40200,1400,2840
"2020-06-05",90700,20600,18428,18237,11334,3583,2427,40550,1415,2870
"2020-06-08",94300,20700,18449,18055,11334,3565,2332,40600,1360,2835
"2020-06-09",93000,21100,18983,18100,11109,3920,2321,40300,1360,2840
"2020-06-10",93700,20700,18599,17599,10794,3696,2259,39950,1330,2735
"2020-06-11",99000,20450,18962,17188,10569,3848,2198,38450,1290,2675
"2020-06-12",91700,19800,18021,16596,10164,3763,2168,37200,1250,2660
"2020-06-15",85100,19000,16653,15866,9400,3557,2057,34300,1170,2400
"2020-06-16",88700,19750,17209,16504,9895,3637,2118,35550,1210,2475
"2020-06-17",86300,19250,16760,16276,9715,3525,2095,34800,1195,2425
"2020-06-18",86000,19300,16803,16185,9580,3628,2057,35350,1180,2390
"2020-06-19",85400,19450,17059,16231,9580,3583,2028,35950,1175,2365
"2020-06-22",84700,19000,16696,16550,9445,3557,2037,35200,1145,2365
"2020-06-23",85100,18500,17059,16750,9265,3539,2040,34550,1135,2280
"2020-06-24",84800,18050,16803,16100,9265,3503,2040,34700,1095,2265
"2020-06-25",81700,17600,16418,15850,9085,3444,2017,34150,1060,2170
"2020-06-26",83000,17850,16546,16250,9355,3534,2076,34200,1070,2185
"2020-06-29",80600,17450,16204,16100,9085,3458,2017,33000,1040,2120
"2020-06-30",80200,17350,16418,16100,9265,3476,2056,33950,1080,2155
"2020-07-01",86500,17650,16268,15850,9220,3422,2047,33750,1085,2170
"2020-07-02",86500,17750,16333,16950,9265,3462,2069,33900,1120,2340
"2020-07-03",85500,17800,16888,16650,9310,3489,2069,34800,1145,2410
"2020-07-06",86900,17750,16675,16400,9130,3471,2030,35100,1140,2410
"2020-07-07",85400,17200,16610,16450,9085,3413,2013,34200,1120,2365
"2020-07-08",89700,16800,16610,16350,9040,3350,1987,34300,1120,2365
"2020-07-09",90200,17150,16525,16250,8995,3359,1953,33950,1125,2365
"2020-07-10",90600,16650,16097,16000,8860,3364,1853,33150,1110,2290
"2020-07-13",95300,16850,16226,16100,8968,3426,1847,33150,1120,2280
"2020-07-14",97100,17000,16290,16350,8941,3368,1778,33000,1115,2275
"2020-07-15",99000,17500,16568,16950,9130,3400,1860,33800,1130,2290
"2020-07-16",97400,18200,16418,16800,9445,3449,1867,34100,1150,2330
"2020-07-17",97000,18100,16375,16450,9310,3404,1820,34400,1130,2360
"2020-07-20",93900,18050,16290,16300,9130,3386,1774,33800,1135,2300
"2020-07-21",98400,19450,16397,16550,9445,3386,1823,34000,1130,2345
"2020-07-22",93500,19100,16290,16250,9310,3364,1774,34300,1135,2350
"2020-07-23",89100,18600,16097,16450,9130,3274,1708,33450,1095,2290
"2020-07-24",87700,18400,15670,16050,9085,3207,1621,33400,1025,2220
"2020-07-27",86500,17600,15221,15700,9040,3068,1571,33400,1030,2240
"2020-07-28",87200,17900,18363,15900,9130,3543,1614,33450,1050,2280
"2020-07-29",85700,17500,18385,16000,9130,3494,1614,33600,1050,2260
"2020-07-30",84900,17400,17466,15850,9040,3409,1584,33500,1025,2235
"2020-07-31",84000,17400,17444,15600,8995,3337,1658,33300,1015,2245
"2020-08-03",81700,17150,16974,15300,8986,3305,1664,32700,1015,2265
"2020-08-04",82600,17350,17487,15350,8995,3382,1724,32750,1010,2240
"2020-08-05",81800,17250,17337,15450,8977,3426,1711,32900,1015,2245
"2020-08-06",83500,18100,17487,15500,8689,3440,1774,33200,1020,2240
"2020-08-07",83900,19100,18363,15450,8743,3498,1827,35000,1040,2245
"2020-08-10",82300,18750,18428,15100,8680,3583,1804,35250,1015,2240
"2020-08-11",82500,18900,19090,15150,8716,3727,1940,35000,1040,2295
"2020-08-12",83000,19550,19240,15650,9040,3866,1997,35150,1075,2540
"2020-08-13",83800,19700,18577,15550,8950,3731,1967,34950,1075,2600
"2020-08-14",82700,19500,18257,15500,9040,3651,1993,34650,1115,2860
"2020-08-18",80400,18250,17166,14650,8473,3314,1794,32400,1010,2500
"2020-08-19",80400,18400,17423,14450,8518,3278,1798,32800,1010,2535
"2020-08-20",75400,17550,16888,14100,8114,3099,1721,30400,961,2445
"2020-08-21",75000,17900,17508,14400,8087,3162,1754,30750,969,2385
"2020-08-24",74700,17750,17594,14150,7970,3153,1724,30750,952,2365
"2020-08-25",76300,18200,17594,14150,8167,3148,1781,30800,1000,2465
"2020-08-26",75000,18000,18834,14150,8194,3404,1804,30700,990,2525
"2020-08-27",72100,17750,18192,13900,8015,3319,1738,30100,962,2440
"2020-08-28",72800,17800,18449,13900,7988,3274,1741,30100,958,2450
"2020-08-31",75900,17650,18449,13900,8033,3287,1748,30400,967,2530
"2020-09-01",75600,17950,18385,12900,7979,3350,1744,30250,967,2525
"2020-09-02",77300,18350,19090,12950,8114,3382,1748,30750,964,2600
"2020-09-03",76700,18500,18812,12950,8203,3391,1784,31100,974,2570
"2020-09-04",75300,18600,17808,12800,8158,3471,1781,30800,972,2490
"2020-09-07",74000,18700,17081,12750,8185,3498,1768,31250,973,2595
"2020-09-08",74500,18750,16760,12850,8446,3435,1771,31650,977,2660
"2020-09-09",73300,18400,17038,12750,8428,3422,1744,31150,961,2670
"2020-09-10",73400,18550,17658,12900,8869,3462,1781,31150,966,2590
"2020-09-11",72800,18300,17380,12800,8869,3498,1661,31250,954,2545
"2020-09-14",74600,18650,16952,13150,9040,3557,1674,31550,975,2580
"2020-09-15",77400,19150,17081,13850,9730,3503,1761,32050,984,2655
"2020-09-16",77600,19200,16910,13800,9570,3422,1778,31550,998,2630
"2020-09-17",77000,18900,16696,13800,9530,3395,1764,31550,966,2590
"2020-09-18",80100,18800,16867,14000,9500,3355,1768,31600,969,2585
"2020-09-21",76100,18850,16696,13700,9350,3301,1721,30950,952,2535
"2020-09-22",72800,18400,16675,13350,9210,3211,1694,30450,923,2430
"2020-09-23",71700,18550,16311,13050,9100,3211,1661,30500,922,2395
"2020-09-24",68000,18000,15884,12650,8900,3095,1631,29650,900,2340
"2020-09-25",67500,18350,16012,12900,9180,3229,1688,29900,897,2360
"2020-09-28",67600,18800,16375,13150,9240,3449,2054,30200,934,2445
"2020-09-29",68600,18850,16760,13100,9300,3373,2083,30200,937,2525
"2020-10-05",68600,19300,17295,13150,9360,3391,2033,30550,918,2550
"2020-10-06",68700,19800,18299,13300,9310,3476,2071,30900,919,2670
"2020-10-07",68300,19750,18299,13200,9210,3449,2088,31000,919,2645
"2020-10-08",72600,19750,18299,13300,9020,3417,2083,30750,929,2635
"2020-10-12",75700,20650,18705,14000,9190,3462,2183,31500,952,2700
"2020-10-13",75700,20450,18235,13850,9060,3435,2188,31800,950,2660
"2020-10-14",74800,20500,18192,14150,9000,3350,2138,31300,941,2615
"2020-10-15",74900,20700,18299,13800,8940,3332,2083,31050,941,2540
"2020-10-16",76100,20350,17808,13550,8940,3234,2071,31050,933,2495
"2020-10-19",78100,20550,17957,13800,9100,3265,2154,30750,927,2560
"2020-10-20",78200,20450,17914,13550,8910,3405,2100,30700,918,2490
"2020-10-21",78700,21000,18171,13800,8990,3445,2071,30900,921,2550
"2020-10-22",78500,21000,17722,13600,8890,3455,2029,30400,910,2525
"2020-10-23",80100,21150,16183,13800,8880,3435,2008,30750,911,2630
"2020-10-26",79100,21400,16268,13450,8740,3355,1925,30350,896,2550
"2020-10-27",78700,20750,16055,13300,8590,3280,1867,30000,890,2520
"2020-10-28",78800,20800,15819,13450,8650,3345,1867,30250,896,2690
"2020-10-29",76900,20300,15392,13150,8510,3315,1817,30000,898,2760
"2020-10-30",74700,19950,15285,12950,8380,3305,1713,29650,890,2600
"2020-11-02",79000,20100,15456,13100,8580,3300,1742,30000,890,2630
"2020-11-03",79800,20650,15413,13050,8790,3270,1788,30100,892,2635
"2020-11-04",81700,20250,13382,13050,8770,3180,1783,30050,884,2605
"2020-11-05",84800,20500,13767,13250,8840,3210,1842,30400,892,2650
"2020-11-06",84000,20800,13853,13050,8780,3160,1983,30400,896,2685
"2020-11-09",88500,21800,14857,13500,9010,3210,2000,31150,913,2725
"2020-11-10",90000,24250,14986,15000,10050,3265,2200,32900,952,2750
"2020-11-11",88200,25700,16504,16200,10950,3685,2858,36000,1170,3075
"2020-11-12",84800,24600,17017,16250,10150,3600,2750,34450,1135,3090
"2020-11-13",77800,23950,18342,16100,10100,3845,2920,36450,1100,2945
"2020-11-16",82200,26950,23815,17350,11450,4995,3125,42350,1130,3050
"2020-11-17",74900,24550,24798,17000,11000,4680,2940,39650,1075,2915
"2020-11-18",74600,23900,22318,16450,10800,4350,3000,37700,1080,2885
"2020-11-19",73700,23200,20993,16200,10600,4150,2935,37450,1065,2915
"2020-11-20",73700,23750,21249,16350,10550,4155,2960,37800,1075,2935
"2020-11-23",76100,24200,21271,16350,10850,4095,2975,38100,1080,2965
"2020-11-24",76100,25150,22147,16700,11050,4330,2980,38400,1085,3070
"2020-11-25",74400,25500,21762,16800,10950,4270,2635,38350,1055,2940
"2020-11-26",74300,25300,21420,16850,10900,4135,2570,37600,1050,2890
"2020-11-27",74700,25350,22105,17000,10950,4315,2595,38350,1060,2970
"2020-11-30",75000,25500,22019,16250,10850,4310,2595,38400,1070,2965
"2020-12-01",72800,26350,24456,16900,11200,4550,2650,39100,1085,2985
"2020-12-02",68000,25850,23216,17500,11450,4295,2635,38750,1110,2915
"2020-12-03",68000,26050,23216,18500,12250,4200,2725,41500,1145,3025
"2020-12-04",68200,26150,22746,18850,12400,4055,2640,40400,1145,2970
"2020-12-07",66900,25800,21720,18200,12000,3940,2580,39300,1095,2870
"2020-12-08",66700,26700,21933,18300,12550,3985,2610,40050,1110,2850
"2020-12-09",66800,27750,21762,19250,13450,4000,2615,40500,1120,2900
"2020-12-10",65900,28300,21506,19650,13900,4000,2620,40700,1095,2920
"2020-12-11",65800,28400,21463,19450,14200,4005,2615,39900,1105,2975
"2020-12-14",63100,27400,19112,18400,13750,3905,2550,39200,1085,3080
"2020-12-15",60300,27400,19432,18550,13150,3915,2545,38800,1070,3025
"2020-12-16",60800,27450,19325,18200,12800,3865,2540,38350,1065,3060
"2020-12-17",60900,27000,19154,17700,12800,3790,2510,37700,1070,3190
"2020-12-18",60800,27000,18983,18300,13350,3760,2540,38100,1085,3235
"2020-12-21",60600,26700,18770,17900,13350,3605,2500,38250,1060,3095
"2020-12-22",60000,26000,18257,17550,13600,3465,2415,37500,1025,2990
"2020-12-23",60200,26300,18000,17250,13350,3440,2390,37600,1010,2900
"2020-12-24",60500,26900,18000,17950,13600,3500,2400,37450,1040,2905
"2020-12-28",60000,26350,18000,17550,13400,3200,2330,36800,1005,2795
"2020-12-29",60800,26900,18000,18050,13500,3240,2435,37300,1020,2900
"2020-12-30",63100,27200,18000,18350,13500,3275,2500,37650,1030,2985
"2021-01-04",62300,27650,18000,18250,13800,3225,2475,38700,1035,2950
"2021-01-05",64400,28350,18000,18300,14450,3340,2555,39000,1045,2965
"2021-01-06",63500,28250,18000,18200,15250,3365,2545,38350,1055,2920
"2021-01-07",63600,28200,18000,18350,16650,3390,2575,38350,1105,2960
"2021-01-08",65400,27900,18000,18350,16250,3340,2580,38500,1075,2915
"2021-01-11",67700,29100,18000,18650,16000,3350,2590,38550,1040,2835
"2021-01-12",68100,29450,18000,18750,15900,3465,2605,38700,1055,2900
"2021-01-13",67600,30450,18000,19200,16500,3760,2690,41050,1110,2995
"2021-01-14",67500,32750,18000,21500,17700,4040,2900,41800,1180,3155
"2021-01-15",66400,32150,18000,20850,17250,3900,2850,40750,1160,3160
"2021-01-18",64400,30450,15900,19900,16200,3685,2670,40100,1110,3070
"2021-01-19",65200,31700,16100,20400,16850,3685,2720,40500,1140,3140
"2021-01-20",65800,32050,15700,20300,16900,3730,2730,40400,1175,3150
"2021-01-21",65000,33050,15800,20100,16750,3755,2715,40850,1180,3235
"2021-01-22",64000,34950,16050,20400,16950,3785,2780,41150,1195,3255
